{"text": [{"speaker": "FRAN", "phrase": " Well"}, {"speaker": "FRAN", "phrase": " with..."}, {"speaker": "MELI", "phrase": " Not before I graduate."}, {"speaker": "FRAN", "phrase": " Well"}, {"speaker": "FRAN", "phrase": " they're really concerned about these proposals on the ballot"}, {"speaker": "FRAN", "phrase": " for next week."}, {"speaker": "FRAN", "phrase": " or two weeks from now"}, {"speaker": "FRAN", "phrase": " or whenever it is"}, {"speaker": "FRAN", "phrase": " next week I guess."}, {"speaker": "MELI", "phrase": " Mom ?"}, {"speaker": "MELI", "phrase": " do I really have to go through and read this."}, {"speaker": "FRAN", "phrase": "PAUSE"}, {"speaker": "MELI", "phrase": " to make sure that I didn't leave out any of my sentences or anything."}, {"speaker": "JAN", "phrase": " You need to make progress."}, {"speaker": "JAN", "phrase": " not go back over what you've already done."}, {"speaker": "MELI", "phrase": " Okay"}, {"speaker": "MELI", "phrase": " because out of the eight that I've done"}, {"speaker": "MELI", "phrase": " I notice on one of them I skipped two sentences ?"}, {"speaker": "MELI", "phrase": " They weren't really important"}, {"speaker": "MELI", "phrase": " but I did skip two ofthem?"}, {"speaker": "MELI", "phrase": " and so now I'm paranoid that I'm gonna skip bunch more so I have to go back and proofread."}, {"speaker": "MELI", "phrase": " does it matter ?"}, {"speaker": "JAN", "phrase": " Not at this point"}, {"speaker": "JAN", "phrase": " You should be making progress."}, {"speaker": "MELI", "phrase": "PAUSE"}, {"speaker": "MELI", "phrase": " Okay."}, {"speaker": "FRAN", "phrase": "PAUSE"}, {"speaker": "JAN", "phrase": " Your ten minutes are up."}, {"speaker": "MELI", "phrase": " And I've proofread the whole thing."}, {"speaker": "MELI", "phrase": " \u0294uh."}, {"speaker": "JAN", "phrase": " How many pages do you have to copy ?"}, {"speaker": "MELI", "phrase": " Excuse me."}, {"speaker": "MELI", "phrase": " Just two more."}, {"speaker": "MELI", "phrase": " actually"}, {"speaker": "MELI", "phrase": "PAUSE"}, {"speaker": "MELI", "phrase": " that."}, {"speaker": "JAN", "phrase": " okay"}, {"speaker": "JAN", "phrase": " I'm gonna check on you in ten minutes"}, {"speaker": "JAN", "phrase": " if you haven't gotten one page done"}, {"speaker": "JAN", "phrase": " in ten minutes you'll..."}, {"speaker": "MELI", "phrase": " One side of page ?"}, {"speaker": "MELI", "phrase": " It takes me long time"}, {"speaker": "MELI", "phrase": " because I've got to go over the sentences"}, {"speaker": "MELI", "phrase": " figure out"}, {"speaker": "MELI", "phrase": " if I'm gonna rewrite them or leave them the same"}, {"speaker": "MELI", "phrase": " and just write them out."}, {"speaker": "JAN", "phrase": " Well..."}, {"speaker": "MELI", "phrase": " I can't write them exactly the way they are"}, {"speaker": "MELI", "phrase": " because they stink."}, {"speaker": "JAN", "phrase": " Then you need to go downstairs and finish it."}, {"speaker": "MELI", "phrase": " I'm fine."}, {"speaker": "FRAN", "phrase": " Melissa"}, {"speaker": "FRAN", "phrase": " it's nine o'clock."}, {"speaker": "MELI", "phrase": " I'm not gonna do any better downstairs."}, {"speaker": "FRAN", "phrase": " It's nine o'clock in the evening."}, {"speaker": "JAN", "phrase": " You also have algebra to do."}, {"speaker": "MELI", "phrase": " I can skip algebra."}, {"speaker": "FRAN", "phrase": " No you can't."}, {"speaker": "JAN", "phrase": " No."}, {"speaker": "JAN", "phrase": "..."}, {"speaker": "MELI", "phrase": " Alright fine."}, {"speaker": "MELI", "phrase": " I'll do my algebra then."}, {"speaker": "JAN", "phrase": " No"}, {"speaker": "JAN", "phrase": " you take that downstairs."}, {"speaker": "JAN", "phrase": " right now."}, {"speaker": "FRAN", "phrase": " honey"}, {"speaker": "FRAN", "phrase": " You need to be able to concentrate and get it done."}, {"speaker": "JAN", "phrase": " and don't argue."}, {"speaker": "FRAN", "phrase": " You've visited with Ron"}, {"speaker": "FRAN", "phrase": " and you'll also see him on the weekend."}, {"speaker": "MELI", "phrase": " So what."}, {"speaker": "JAN", "phrase": " well."}, {"speaker": "MELI", "phrase": "PAUSE"}, {"speaker": "MELI", "phrase": " That was rude."}, {"speaker": "MELI", "phrase": "PAUSE"}, {"speaker": "RON", "phrase": "PAUSE"}, {"speaker": "RON", "phrase": "PAUSE"}, {"speaker": "FRAN", "phrase": " You know..."}, {"speaker": "MELI", "phrase": "PAUSE"}, {"speaker": "BRET", "phrase": " She knows it too"}, {"speaker": "BRET", "phrase": " she did it on purpose."}, {"speaker": "JAN", "phrase": " Take it downstairs."}, {"speaker": "JAN", "phrase": " Or"}, {"speaker": "JAN", "phrase": " are you listening ?"}, {"speaker": "MELI", "phrase": " Are you gonna add like the little lines that jut out of these ?"}, {"speaker": "FRAN", "phrase": " Get your pen back from that."}, {"speaker": "BRET", "phrase": " Yeah."}, {"speaker": "BRET", "phrase": " \u0294uh..."}, {"speaker": "MELI", "phrase": " It's erasable"}, {"speaker": "MELI", "phrase": " and I am not marking on it."}, {"speaker": "BRET", "phrase": " I don't care if it's erasable."}, {"speaker": "BRET", "phrase": " Don't touch it."}, {"speaker": "MELI", "phrase": " I didn't."}, {"speaker": "BRET", "phrase": " I know."}, {"speaker": "BRET", "phrase": " don't."}, {"speaker": "MELI", "phrase": " That's actually very good lettering sir."}, {"speaker": "BRET", "phrase": " I know."}, {"speaker": "JAN", "phrase": " This is your final..."}, {"speaker": "MELI", "phrase": " Mom"}, {"speaker": "MELI", "phrase": " you gave me another ten minutes."}, {"speaker": "JAN", "phrase": " warning."}, {"speaker": "JAN", "phrase": " No I didn't."}, {"speaker": "FRAN", "phrase": " No"}, {"speaker": "FRAN", "phrase": " no longer."}, {"speaker": "JAN", "phrase": " I have retracted it."}, {"speaker": "MELI", "phrase": "PAUSE"}, {"speaker": "JAN", "phrase": " You argued with me long enough"}, {"speaker": "JAN", "phrase": " I changed my mind."}, {"speaker": "MELI", "phrase": " Okay"}, {"speaker": "MELI", "phrase": " I retract all my arguing."}, {"speaker": "MELI", "phrase": " I totally agree."}, {"speaker": "MELI", "phrase": " I should go downstairs."}, {"speaker": "MELI", "phrase": " Now can I stay up here ?"}, {"speaker": "JAN", "phrase": " No."}, {"speaker": "RON", "phrase": "PAUSE"}, {"speaker": "BRET", "phrase": " Doesn't work in this household."}, {"speaker": "FRAN", "phrase": " You may use my desk."}, {"speaker": "FRAN", "phrase": " Well wait minute"}, {"speaker": "FRAN", "phrase": " it's royal mess"}, {"speaker": "FRAN", "phrase": " isn't it."}, {"speaker": "MELI", "phrase": " Yes it is."}, {"speaker": "FRAN", "phrase": " You'll just have to carefully set things aside."}, {"speaker": "BRET", "phrase": " Symphony."}, {"speaker": "FRAN", "phrase": " And I'll go through the piles."}, {"speaker": "RON", "phrase": "PAUSE"}, {"speaker": "JAN", "phrase": " we can go down there and sit."}, {"speaker": "BRET", "phrase": " dun dadadum."}, {"speaker": "FRAN", "phrase": " at my earliest convenience."}, {"speaker": "BRET", "phrase": " dadadadun dun dadada."}, {"speaker": "JAN", "phrase": " You wanna go down there and sit ?"}, {"speaker": "BRET", "phrase": " Dundundundun dun da..."}, {"speaker": "MELI", "phrase": " No."}, {"speaker": "JAN", "phrase": "PAUSE"}, {"speaker": "MELI", "phrase": " you guys"}, {"speaker": "MELI", "phrase": " I wanna be able to be with you."}, {"speaker": "FRAN", "phrase": " Did dad watch Perot ?"}, {"speaker": "BRET", "phrase": " So do\u0294..."}, {"speaker": "FRAN", "phrase": " last night ?"}, {"speaker": "BRET", "phrase": " \u0294Unh."}, {"speaker": "BRET", "phrase": "PAUSE"}, {"speaker": "RON", "phrase": " I don't think so."}, {"speaker": "FRAN", "phrase": " and"}, {"speaker": "FRAN", "phrase": " recorded the game."}, {"speaker": "FRAN", "phrase": " I figured he'd be interested in hearing him at least."}, {"speaker": "BRET", "phrase": " Excuse me."}, {"speaker": "JAN", "phrase": " Well his mind's made up."}, {"speaker": "BRET", "phrase": " \u0294uh."}, {"speaker": "FRAN", "phrase": " Well I know that."}, {"speaker": "FRAN", "phrase": " but it might just be fun"}, {"speaker": "FRAN", "phrase": " to listen to him."}, {"speaker": "BRET", "phrase": "PAUSE"}, {"speaker": "MELI", "phrase": " One thing is"}, {"speaker": "MELI", "phrase": " never bring up politics with my grandpa Hutch."}, {"speaker": "MELI", "phrase": " because"}, {"speaker": "MELI", "phrase": " you'll get in big family..."}, {"speaker": "BRET", "phrase": "PAUSE"}, {"speaker": "MELI", "phrase": " argument."}, {"speaker": "JAN", "phrase": " Excuse me."}, {"speaker": "MELI", "phrase": " and Mom."}, {"speaker": "MELI", "phrase": " Or no."}, {"speaker": "MELI", "phrase": " was it Grandpa Flynn ?"}, {"speaker": "MELI", "phrase": " Well anyway"}, {"speaker": "MELI", "phrase": " either way..."}, {"speaker": "FRAN", "phrase": " It is not pleasant to talk about it with either one of em."}, {"speaker": "RON", "phrase": "PAUSE"}, {"speaker": "MELI", "phrase": " \u0294uh Either way."}, {"speaker": "FRAN", "phrase": " believe me."}, {"speaker": "FRAN", "phrase": "PAUSE"}, {"speaker": "MELI", "phrase": " I made some comment"}, {"speaker": "MELI", "phrase": " I made some stupid comment"}, {"speaker": "MELI", "phrase": " like why are you voting for them."}, {"speaker": "MELI", "phrase": " or something like that."}, {"speaker": "MELI", "phrase": " And then \u0294uh"}, {"speaker": "MELI", "phrase": " they went on"}, {"speaker": "MELI", "phrase": " for like"}, {"speaker": "MELI", "phrase": " an hour."}, {"speaker": "MELI", "phrase": " or the whole dinner time."}, {"speaker": "MELI", "phrase": " which was probably fortyfive minutes."}, {"speaker": "MELI", "phrase": " about."}, {"speaker": "BRET", "phrase": "PAUSE"}, {"speaker": "MELI", "phrase": " the\u0294 political views"}, {"speaker": "MELI", "phrase": " and \u0294all this other stuff."}, {"speaker": "MELI", "phrase": " And they just talked about it"}, {"speaker": "MELI", "phrase": " on and on and on and on and on."}, {"speaker": "MELI", "phrase": " And so Mom told me never ever to ask."}, {"speaker": "FRAN", "phrase": " Maybe I'll have tea."}, {"speaker": "MELI", "phrase": " anything about that again."}, {"speaker": "FRAN", "phrase": " Could you grab me box of tea."}, {"speaker": "MELI", "phrase": " That was Grandpa Flynn."}, {"speaker": "MELI", "phrase": " I asked him something about the Democratic Platform."}, {"speaker": "X", "phrase": "PAUSE"}, {"speaker": "MELI", "phrase": " Like what \u0294all do they believe ?"}, {"speaker": "FRAN", "phrase": " Oh here"}, {"speaker": "FRAN", "phrase": " we got this."}, {"speaker": "FRAN", "phrase": " I'll just use that."}, {"speaker": "MELI", "phrase": " Dumb question."}, {"speaker": "RON", "phrase": " It's not pleasant to talk about politics with anyone who doesn't believe."}, {"speaker": "RON", "phrase": " \u0294uh not believe"}, {"speaker": "RON", "phrase": " but doesn't..."}, {"speaker": "MELI", "phrase": " Agree with you."}, {"speaker": "RON", "phrase": " vote in the same way that you vote"}, {"speaker": "RON", "phrase": " or whatever."}, {"speaker": "RON", "phrase": "PAUSE"}, {"speaker": "MELI", "phrase": " I don't vote."}, {"speaker": "RON", "phrase": " It's hardly ever pleasant."}, {"speaker": "MELI", "phrase": " so..."}, {"speaker": "FRAN", "phrase": " It has real way."}, {"speaker": "RON", "phrase": "PAUSE"}, {"speaker": "FRAN", "phrase": " of stifling conversation and"}, {"speaker": "FRAN", "phrase": " It's just like tonight at that inservice."}, {"speaker": "FRAN", "phrase": " \u0294uh Noble"}, {"speaker": "FRAN", "phrase": " whatever her name is"}, {"speaker": "FRAN", "phrase": " was sitting"}, {"speaker": "FRAN", "phrase": " on this side."}, {"speaker": "FRAN", "phrase": " and she says something about..."}, {"speaker": "MELI", "phrase": " Angie Noble ?"}, {"speaker": "FRAN", "phrase": " Clinton."}, {"speaker": "MELI", "phrase": " Angie Noble ?"}, {"speaker": "FRAN", "phrase": " and about."}, {"speaker": "FRAN", "phrase": " I forget what she said"}, {"speaker": "FRAN", "phrase": " you know"}, {"speaker": "FRAN", "phrase": " about supporting Clinton and"}, {"speaker": "FRAN", "phrase": " and was just kind of."}, {"speaker": "FRAN", "phrase": " something about that"}, {"speaker": "FRAN", "phrase": " and Donna here and there she says"}, {"speaker": "FRAN", "phrase": " well"}, {"speaker": "FRAN", "phrase": " I don't know she says"}, {"speaker": "FRAN", "phrase": " I'm gonna vote for the other guy"}, {"speaker": "FRAN", "phrase": " it's like"}, {"speaker": "FRAN", "phrase": " end of conversation"}, {"speaker": "FRAN", "phrase": " let's just"}, {"speaker": "FRAN", "phrase": " be quiet folks."}, {"speaker": "RON", "phrase": "PAUSE"}, {"speaker": "FRAN", "phrase": " I don't wanna hear any more."}, {"speaker": "FRAN", "phrase": "PAUSE"}, {"speaker": "RON", "phrase": "PAUSE"}, {"speaker": "FRAN", "phrase": "PAUSE"}, {"speaker": "MELI", "phrase": " Missis Noble's definitely very democratic."}, {"speaker": "MELI", "phrase": " Mom"}, {"speaker": "MELI", "phrase": " I'm going."}, {"speaker": "MELI", "phrase": " because she's prochoice."}, {"speaker": "MELI", "phrase": " Anyway\u0294"}, {"speaker": "MELI", "phrase": " I think that isn't."}, {"speaker": "MELI", "phrase": " not good reason to base your decision though."}, {"speaker": "X", "phrase": "PAUSE"}, {"speaker": "MELI", "phrase": "PAUSE"}, {"speaker": "BRET", "phrase": " See I didn't miss anything ?"}, {"speaker": "BRET", "phrase": " Good."}, {"speaker": "BRET", "phrase": " Then I can get one of our great erasers"}, {"speaker": "BRET", "phrase": " and just."}, {"speaker": "BRET", "phrase": " go."}, {"speaker": "RON", "phrase": " Wh\u0294."}, {"speaker": "RON", "phrase": " Why is there exclamation point."}, {"speaker": "BRET", "phrase": " There isn't one anymore."}, {"speaker": "MELI", "phrase": " Cause it's..."}, {"speaker": "BRET", "phrase": " It's going to be erased."}, {"speaker": "RON", "phrase": " Oh"}, {"speaker": "RON", "phrase": " I see."}, {"speaker": "MELI", "phrase": " Cause it's not symphony"}, {"speaker": "MELI", "phrase": " it's symphony."}, {"speaker": "RON", "phrase": "PAUSE"}, {"speaker": "X", "phrase": " Like that."}, {"speaker": "FRAN", "phrase": " What are you gonna do with this thing"}, {"speaker": "FRAN", "phrase": " Brett ?"}, {"speaker": "BRET", "phrase": " Draw \u0294on \u0294uh..."}, {"speaker": "MELI", "phrase": "PAUSE"}, {"speaker": "BRET", "phrase": " Where..."}, {"speaker": "RON", "phrase": " There's erasers in there."}, {"speaker": "FRAN", "phrase": " We got to go to the symphony Saturday night."}, {"speaker": "BRET", "phrase": " Yeah"}, {"speaker": "BRET", "phrase": " there's another one though."}, {"speaker": "BRET", "phrase": " The better one."}, {"speaker": "FRAN", "phrase": " somebody."}, {"speaker": "BRET", "phrase": " is in here."}, {"speaker": "FRAN", "phrase": " wasn't using their tickets."}, {"speaker": "BRET", "phrase": " Doesn't tear."}, {"speaker": "FRAN", "phrase": " and gavethemto us"}, {"speaker": "FRAN", "phrase": " and we heard"}, {"speaker": "FRAN", "phrase": " Chin Kim."}, {"speaker": "BRET", "phrase": " Korean ?"}, {"speaker": "FRAN", "phrase": " Uh."}, {"speaker": "FRAN", "phrase": " Violinist."}, {"speaker": "RON", "phrase": " Hm."}, {"speaker": "FRAN", "phrase": " who makes his living"}, {"speaker": "FRAN", "phrase": " from doing this."}, {"speaker": "X", "phrase": " Mhm."}, {"speaker": "FRAN", "phrase": " I think."}, {"speaker": "FRAN", "phrase": " He's really good."}, {"speaker": "FRAN", "phrase": " Oh."}, {"speaker": "BRET", "phrase": " Hm."}, {"speaker": "FRAN", "phrase": " boy"}, {"speaker": "FRAN", "phrase": " really good."}, {"speaker": "FRAN", "phrase": " Understatement."}, {"speaker": "FRAN", "phrase": " So it was pretty neat"}, {"speaker": "FRAN", "phrase": " we hadn't been to concert in"}, {"speaker": "FRAN", "phrase": " I don't know when."}, {"speaker": "FRAN", "phrase": " uh this symphony does pretty good"}, {"speaker": "FRAN", "phrase": " for being little one horse Southwestern Michigan Symphony"}, {"speaker": "FRAN", "phrase": " you know it ?"}, {"speaker": "FRAN", "phrase": " And Vodnoy"}, {"speaker": "FRAN", "phrase": " the conductor's been here now"}, {"speaker": "FRAN", "phrase": " it's been uh eighteen years."}, {"speaker": "BRET", "phrase": " I wanna go see the Kalamazoo"}, {"speaker": "BRET", "phrase": " Symphony sometime."}, {"speaker": "FRAN", "phrase": " It's been okay."}, {"speaker": "JAN", "phrase": "PAUSE"}, {"speaker": "RON", "phrase": " What's the symphony called here ?"}, {"speaker": "FRAN", "phrase": " I'll."}, {"speaker": "FRAN", "phrase": " Well"}, {"speaker": "FRAN", "phrase": " they call it."}, {"speaker": "FRAN", "phrase": " I think they call it Southwestern Michigan Symphony now."}, {"speaker": "RON", "phrase": " Hm."}, {"speaker": "BRET", "phrase": " They do \u0294uh."}, {"speaker": "FRAN", "phrase": " Because they draw lot of people from"}, {"speaker": "FRAN", "phrase": " you know like music teachers from Kalamazoo"}, {"speaker": "FRAN", "phrase": " and."}, {"speaker": "RON", "phrase": " Mhm."}, {"speaker": "RON", "phrase": " Who play in it"}, {"speaker": "RON", "phrase": " you mean ?"}, {"speaker": "FRAN", "phrase": " Yeah."}, {"speaker": "FRAN", "phrase": " who play in it."}, {"speaker": "RON", "phrase": " Mhm."}, {"speaker": "BRET", "phrase": "PAUSE"}, {"speaker": "BRET", "phrase": "PAUSE"}, {"speaker": "FRAN", "phrase": " And \u0294uh"}, {"speaker": "FRAN", "phrase": " I remember hearing some guys complaining"}, {"speaker": "FRAN", "phrase": " like years ago"}, {"speaker": "FRAN", "phrase": " when we first moved here"}, {"speaker": "FRAN", "phrase": " they call it Twin Cities"}, {"speaker": "FRAN", "phrase": " but they let all these people come in and take over all the first chairs"}, {"speaker": "FRAN", "phrase": " and all this stuff."}, {"speaker": "RON", "phrase": " Unhunh."}, {"speaker": "FRAN", "phrase": " you know"}, {"speaker": "FRAN", "phrase": " so they changed it"}, {"speaker": "FRAN", "phrase": " and uh"}, {"speaker": "FRAN", "phrase": " Don't put that on the floor."}, {"speaker": "FRAN", "phrase": " Try to take it to wastebasket"}, {"speaker": "FRAN", "phrase": " cause there's so much"}, {"speaker": "FRAN", "phrase": " okay ?"}, {"speaker": "FRAN", "phrase": " They did pretty nice job."}, {"speaker": "JAN", "phrase": " You know"}, {"speaker": "JAN", "phrase": "PAUSE"}, {"speaker": "FRAN", "phrase": " And we got this new center out here."}, {"speaker": "JAN", "phrase": " Are all those..."}, {"speaker": "FRAN", "phrase": " major..."}, {"speaker": "JAN", "phrase": " positions paid."}, {"speaker": "FRAN", "phrase": " auditorium."}, {"speaker": "JAN", "phrase": " Is everyone who plays in that symphony paid."}, {"speaker": "FRAN", "phrase": " They don't get paid much."}, {"speaker": "BRET", "phrase": " Yes."}, {"speaker": "FRAN", "phrase": " But they get paid little."}, {"speaker": "FRAN", "phrase": " But they have to belong to the musicians' union"}, {"speaker": "FRAN", "phrase": " And"}, {"speaker": "FRAN", "phrase": " it's not really high paying"}, {"speaker": "FRAN", "phrase": " I mean"}, {"speaker": "FRAN", "phrase": " It's..."}, {"speaker": "RON", "phrase": " You can't live off of it."}, {"speaker": "FRAN", "phrase": " No no."}, {"speaker": "FRAN", "phrase": " It's."}, {"speaker": "FRAN", "phrase": " I think"}, {"speaker": "FRAN", "phrase": " for performances."}, {"speaker": "BRET", "phrase": " I know somebody who makes living as musician."}, {"speaker": "FRAN", "phrase": " I think it's so much an hour for performances."}, {"speaker": "JAN", "phrase": " Hm."}, {"speaker": "FRAN", "phrase": " I don't think."}, {"speaker": "FRAN", "phrase": " I don't think they get paid for all that rehearsal time."}, {"speaker": "BRET", "phrase": "PAUSE"}, {"speaker": "BRET", "phrase": " My cello teacher."}, {"speaker": "FRAN", "phrase": " I could ask John Nelson."}, {"speaker": "BRET", "phrase": " makes his living off of."}, {"speaker": "FRAN", "phrase": " He'd know."}, {"speaker": "BRET", "phrase": " playing the cello."}, {"speaker": "MELI", "phrase": " But he's."}, {"speaker": "MELI", "phrase": " But see he's teacher though."}, {"speaker": "MELI", "phrase": " He makes his money teaching."}, {"speaker": "BRET", "phrase": " He teaches Saturdays."}, {"speaker": "BRET", "phrase": " in Verrian Springs and here."}, {"speaker": "RON", "phrase": " Mhm."}, {"speaker": "BRET", "phrase": " And."}, {"speaker": "BRET", "phrase": " he"}, {"speaker": "BRET", "phrase": " and he plays in"}, {"speaker": "BRET", "phrase": " I'm pretty sure"}, {"speaker": "BRET", "phrase": " he made it into the Kalamazoo Orchestra."}, {"speaker": "MELI", "phrase": " Does he teach just cello ?"}, {"speaker": "BRET", "phrase": " What ?"}, {"speaker": "MELI", "phrase": " Is that."}, {"speaker": "MELI", "phrase": " \u0294uh Does he teach just cello ?"}, {"speaker": "BRET", "phrase": " Yeah."}, {"speaker": "BRET", "phrase": " You can't teach more than one instrument"}, {"speaker": "BRET", "phrase": " and make it."}, {"speaker": "BRET", "phrase": " really."}, {"speaker": "RON", "phrase": " Well if you teach"}, {"speaker": "RON", "phrase": " and you have lot of students you can."}, {"speaker": "BRET", "phrase": " You can only be good at"}, {"speaker": "BRET", "phrase": " really really good I think."}, {"speaker": "RON", "phrase": " Could get."}, {"speaker": "BRET", "phrase": " at one instrument."}, {"speaker": "FRAN", "phrase": " Yeah."}, {"speaker": "FRAN", "phrase": " You have to be."}, {"speaker": "BRET", "phrase": " you have to focus at once."}, {"speaker": "FRAN", "phrase": " really be able to work."}, {"speaker": "RON", "phrase": " It's hard getting the clientele."}, {"speaker": "FRAN", "phrase": " Yeah"}, {"speaker": "FRAN", "phrase": " it sounds like"}, {"speaker": "FRAN", "phrase": " this is strictly"}, {"speaker": "FRAN", "phrase": " you know like on school year"}, {"speaker": "FRAN", "phrase": " strictly"}, {"speaker": "FRAN", "phrase": " weekend."}, {"speaker": "FRAN", "phrase": " Of course he comes down here on the weekends."}, {"speaker": "JAN", "phrase": "PAUSE"}, {"speaker": "FRAN", "phrase": " I suppose he has"}, {"speaker": "FRAN", "phrase": " afternoon"}, {"speaker": "FRAN", "phrase": " evening"}, {"speaker": "FRAN", "phrase": " or whatever students."}, {"speaker": "FRAN", "phrase": " maybe up in Kalamazoo."}, {"speaker": "BRET", "phrase": " I'm sure he practices tons every day."}, {"speaker": "FRAN", "phrase": " Maybe he goes different places."}, {"speaker": "FRAN", "phrase": " Maybe he."}, {"speaker": "FRAN", "phrase": " he's in Kalamazoo"}, {"speaker": "FRAN", "phrase": " but like well if he comes here"}, {"speaker": "FRAN", "phrase": " maybe he goes some place else."}, {"speaker": "RON", "phrase": " Does he live in Kalamazoo ?"}, {"speaker": "FRAN", "phrase": " not too far."}, {"speaker": "BRET", "phrase": " Yeah."}, {"speaker": "FRAN", "phrase": " Yeah."}, {"speaker": "RON", "phrase": " Oh."}, {"speaker": "BRET", "phrase": "PAUSE"}, {"speaker": "FRAN", "phrase": " So he may go..."}, {"speaker": "BRET", "phrase": " Yeah."}, {"speaker": "BRET", "phrase": "PAUSE"}, {"speaker": "FRAN", "phrase": " So he could."}, {"speaker": "FRAN", "phrase": " may say maybe go to Battle Creek"}, {"speaker": "FRAN", "phrase": " on afternoon."}, {"speaker": "FRAN", "phrase": " perhaps \u0294uh."}, {"speaker": "RON", "phrase": " Hunh."}, {"speaker": "FRAN", "phrase": " after school hours"}, {"speaker": "FRAN", "phrase": " you know"}, {"speaker": "FRAN", "phrase": " It's hard telling."}, {"speaker": "FRAN", "phrase": " He seems like prety nice guy though."}, {"speaker": "RON", "phrase": " Does he teach in the school system too ?"}, {"speaker": "RON", "phrase": " Or..."}, {"speaker": "FRAN", "phrase": " Mm."}, {"speaker": "FRAN", "phrase": " He's strictly"}, {"speaker": "FRAN", "phrase": "PAUSE"}, {"speaker": "FRAN", "phrase": " he's not married or anything"}, {"speaker": "FRAN", "phrase": " and I think strictly private lessons"}, {"speaker": "FRAN", "phrase": " and orchestra."}, {"speaker": "RON", "phrase": " Hm."}, {"speaker": "FRAN", "phrase": " Just totally cello."}, {"speaker": "FRAN", "phrase": " I thought maybe he was music teacher too"}, {"speaker": "FRAN", "phrase": " But"}, {"speaker": "FRAN", "phrase": " But did you tell me he wasn't ?"}, {"speaker": "BRET", "phrase": " He's not."}, {"speaker": "FRAN", "phrase": " Did you ask him ?"}, {"speaker": "FRAN", "phrase": " Somebody else."}, {"speaker": "FRAN", "phrase": " I don't know how person can do it."}, {"speaker": "FRAN", "phrase": " But."}, {"speaker": "BRET", "phrase": " He did."}, {"speaker": "FRAN", "phrase": " anyway."}, {"speaker": "BRET", "phrase": "PAUSE"}, {"speaker": "JAN", "phrase": "PAUSE"}, {"speaker": "BRET", "phrase": " M hm hm."}, {"speaker": "BRET", "phrase": " M hm."}, {"speaker": "X", "phrase": "PAUSE"}, {"speaker": "FRAN", "phrase": " I've got to start working on my grade cards"}, {"speaker": "FRAN", "phrase": " too."}, {"speaker": "FRAN", "phrase": " Just so I don't."}, {"speaker": "FRAN", "phrase": "I won't get them all done"}, {"speaker": "FRAN", "phrase": " Friday afternoon"}, {"speaker": "FRAN", "phrase": " if I don't get started."}, {"speaker": "BRET", "phrase": " Approximately here"}, {"speaker": "BRET", "phrase": " Du du du"}, {"speaker": "BRET", "phrase": " du du du du."}, {"speaker": "FRAN", "phrase": " And staff meeting tomorrow after school."}, {"speaker": "BRET", "phrase": " Duh daduh"}, {"speaker": "BRET", "phrase": " hm hm hm hm hm hm."}, {"speaker": "JAN", "phrase": " Do you know that Melissa gets a."}, {"speaker": "JAN", "phrase": " something tomorrow night ?"}, {"speaker": "MELI", "phrase": " Academic letter award."}, {"speaker": "JAN", "phrase": "..."}, {"speaker": "FRAN", "phrase": " Oh."}, {"speaker": "JAN", "phrase": " Academic letter."}, {"speaker": "FRAN", "phrase": " Are we going to that ?"}, {"speaker": "JAN", "phrase": " Yes."}, {"speaker": "FRAN", "phrase": " What time is that at ?"}, {"speaker": "MELI", "phrase": " I have no idea."}, {"speaker": "MELI", "phrase": " I don't even know what I'm supposed to wear."}, {"speaker": "X", "phrase": "PAUSE"}, {"speaker": "MELI", "phrase": " I don't even know what it is."}, {"speaker": "MELI", "phrase": " Am I getting little \u0294uh yellow S ?"}, {"speaker": "FRAN", "phrase": " You just dress nice."}, {"speaker": "MELI", "phrase": " Or am I getting"}, {"speaker": "MELI", "phrase": " like diploma type thing"}, {"speaker": "MELI", "phrase": " or"}, {"speaker": "MELI", "phrase": " I mean not diploma."}, {"speaker": "FRAN", "phrase": " A letter"}, {"speaker": "FRAN", "phrase": " I think is one of those letters."}, {"speaker": "MELI", "phrase": " but."}, {"speaker": "FRAN", "phrase": " you put on jacket."}, {"speaker": "MELI", "phrase": " A varsity jacket."}, {"speaker": "MELI", "phrase": " I know."}, {"speaker": "FRAN", "phrase": " like the athletes..."}, {"speaker": "MELI", "phrase": " But do they hand me the letter ?"}, {"speaker": "MELI", "phrase": " or do they hand me certificate ?"}, {"speaker": "FRAN", "phrase": " Mhm."}, {"speaker": "MELI", "phrase": " or."}, {"speaker": "FRAN", "phrase": " I think you..."}, {"speaker": "MELI", "phrase": " ribbon"}, {"speaker": "MELI", "phrase": " or what."}, {"speaker": "FRAN", "phrase": " I think you get the letter."}, {"speaker": "MELI", "phrase": " but uh the thing is"}, {"speaker": "MELI", "phrase": " I don't even know what to wear."}, {"speaker": "FRAN", "phrase": " Just dress nice."}, {"speaker": "MELI", "phrase": " I think I'll wear my white dress with the black diamonds."}, {"speaker": "FRAN", "phrase": " It's okay with me."}, {"speaker": "MELI", "phrase": " Um"}, {"speaker": "MELI", "phrase": " Not to be critical."}, {"speaker": "JAN", "phrase": " Seven thirty."}, {"speaker": "MELI", "phrase": " but isn't that awfully thin ?"}, {"speaker": "FRAN", "phrase": " Melissa."}, {"speaker": "BRET", "phrase": " No."}, {"speaker": "FRAN", "phrase": " Just bug off."}, {"speaker": "MELI", "phrase": " Alright"}, {"speaker": "MELI", "phrase": " forget it."}, {"speaker": "BRET", "phrase": " It's small cello."}, {"speaker": "BRET", "phrase": " It's not regular size."}, {"speaker": "BRET", "phrase": " Duh."}, {"speaker": "MELI", "phrase": "PAUSE"}, {"speaker": "JAN", "phrase": " Seven thirty."}, {"speaker": "FRAN", "phrase": " at the high school."}, {"speaker": "JAN", "phrase": " \u0294uh There's even guest speaker."}, {"speaker": "BRET", "phrase": " Oh joy."}, {"speaker": "BRET", "phrase": " Do I have to go."}, {"speaker": "JAN", "phrase": "PAUSE"}, {"speaker": "MELI", "phrase": " Mom cries."}, {"speaker": "FRAN", "phrase": " No"}, {"speaker": "FRAN", "phrase": " you can stay home and do your homework."}, {"speaker": "JAN", "phrase": " Well"}, {"speaker": "JAN", "phrase": " he also has club tomorrow night."}, {"speaker": "FRAN", "phrase": " Oh that's right"}, {"speaker": "FRAN", "phrase": " You got your club tomorrow night."}, {"speaker": "MELI", "phrase": " I think he should have to come."}, {"speaker": "MELI", "phrase": " I had to go to his soccer game."}, {"speaker": "RON", "phrase": " Awana ?"}, {"speaker": "RON", "phrase": " Is that what you said ?"}, {"speaker": "JAN", "phrase": " Unhunh."}, {"speaker": "BRET", "phrase": " Yech."}, {"speaker": "BRET", "phrase": " It's terribly lopsided."}, {"speaker": "BRET", "phrase": " I need to do something about it."}, {"speaker": "BRET", "phrase": " Oh well."}, {"speaker": "BRET", "phrase": " I don't have time right now."}, {"speaker": "BRET", "phrase": " I'm not even in for that right now."}, {"speaker": "BRET", "phrase": " I have to draw stupid figure."}, {"speaker": "BRET", "phrase": " That's the problem."}, {"speaker": "BRET", "phrase": " I didn't wanna do any figure."}, {"speaker": "BRET", "phrase": " I have to draw stupid person"}, {"speaker": "BRET", "phrase": " that has to be twelve inches tall."}, {"speaker": "BRET", "phrase": " at least."}, {"speaker": "MELI", "phrase": " You could draw Yoyo Ma."}, {"speaker": "MELI", "phrase": " If you know what he looks like."}, {"speaker": "RON", "phrase": "PAUSE"}, {"speaker": "BRET", "phrase": " What am I gonna do"}, {"speaker": "BRET", "phrase": " draw this guy singing there"}, {"speaker": "BRET", "phrase": " and then have his eyes go NNN."}, {"speaker": "JAN", "phrase": "PAUSE"}, {"speaker": "FRAN", "phrase": "PAUSE"}, {"speaker": "MELI", "phrase": " Is Yoyo Ma Chinese ?"}, {"speaker": "BRET", "phrase": "PAUSE"}, {"speaker": "MELI", "phrase": " I guess with name like Yoyo."}, {"speaker": "BRET", "phrase": " No"}, {"speaker": "BRET", "phrase": " Yoyo Ma"}, {"speaker": "BRET", "phrase": " is normal American name."}, {"speaker": "X", "phrase": "PAUSE"}, {"speaker": "MELI", "phrase": " He could have been Swedish."}, {"speaker": "BRET", "phrase": "PAUSE"}, {"speaker": "MELI", "phrase": "PAUSE"}, {"speaker": "BRET", "phrase": "PAUSE"}, {"speaker": "MELI", "phrase": " Hi"}, {"speaker": "MELI", "phrase": " my name's Yoyo Ma."}, {"speaker": "BRET", "phrase": "PAUSE"}, {"speaker": "JAN", "phrase": "PAUSE"}, {"speaker": "FRAN", "phrase": " Yoyo Machinski."}, {"speaker": "MELI", "phrase": "PAUSE"}, {"speaker": "MELI", "phrase": " Yoyo Mazhinskerzinski."}, {"speaker": "BRET", "phrase": "PAUSE"}, {"speaker": "FRAN", "phrase": " Comes from the old country."}, {"speaker": "BRET", "phrase": " Aurorgia bourghealis."}, {"speaker": "MELI", "phrase": " Yumpin yiminy."}, {"speaker": "MELI", "phrase": "PAUSE"}, {"speaker": "JAN", "phrase": "PAUSE"}, {"speaker": "ENV", "phrase": "PAUSE"}, {"speaker": "BRET", "phrase": " My."}, {"speaker": "BRET", "phrase": "PAUSE"}, {"speaker": "BRET", "phrase": "PAUSE"}, {"speaker": "MELI", "phrase": "PAUSE"}, {"speaker": "MELI", "phrase": " If I like went like this would it..."}, {"speaker": "BRET", "phrase": " Here is my straightedge."}, {"speaker": "BRET", "phrase": "PAUSE"}, {"speaker": "FRAN", "phrase": " Stop it."}, {"speaker": "JAN", "phrase": " No."}, {"speaker": "ENV", "phrase": "PAUSE"}, {"speaker": "MELI", "phrase": "PAUSE"}, {"speaker": "BRET", "phrase": " This is my only straightedge."}, {"speaker": "BRET", "phrase": " See let's say that's approximately."}, {"speaker": "BRET", "phrase": "Approximately."}, {"speaker": "MELI", "phrase": " The."}, {"speaker": "MELI", "phrase": " The approximation of approximate."}, {"speaker": "JAN", "phrase": " Are you trying to get that to go through the middle of your drawing ?"}, {"speaker": "MELI", "phrase": " is A P R O."}, {"speaker": "BRET", "phrase": " Mhm."}, {"speaker": "BRET", "phrase": " And I don't feel like measuring."}, {"speaker": "BRET", "phrase": "PAUSE"}, {"speaker": "X", "phrase": "PAUSE"}, {"speaker": "JAN", "phrase": " Something doesn't look right."}, {"speaker": "BRET", "phrase": " whoa"}, {"speaker": "BRET", "phrase": " where did this..."}, {"speaker": "FRAN", "phrase": "Off-center"}, {"speaker": "FRAN", "phrase": " hunh ?"}, {"speaker": "BRET", "phrase": "PAUSE"}, {"speaker": "FRAN", "phrase": " You'll have to draw your self."}, {"speaker": "JAN", "phrase": "PAUSE"}, {"speaker": "FRAN", "phrase": " twelve inches high."}, {"speaker": "BRET", "phrase": " Ha ha."}, {"speaker": "FRAN", "phrase": " With cello in your hand."}, {"speaker": "FRAN", "phrase": " sitting down."}, {"speaker": "BRET", "phrase": " hm."}, {"speaker": "MELI", "phrase": " With cello in your hand ?"}, {"speaker": "MELI", "phrase": " Cellos are bit big for that."}, {"speaker": "BRET", "phrase": " Sort of like"}, {"speaker": "BRET", "phrase": " ?"}, {"speaker": "JAN", "phrase": "PAUSE"}, {"speaker": "BRET", "phrase": " You could practically do that with quartersized violin."}, {"speaker": "BRET", "phrase": " fit it in your hand."}, {"speaker": "JAN", "phrase": "PAUSE"}, {"speaker": "JAN", "phrase": " Bob came by this afternoon ?"}, {"speaker": "FRAN", "phrase": " Bob who."}, {"speaker": "JAN", "phrase": " Um Ashton."}, {"speaker": "BRET", "phrase": " Ashtone."}, {"speaker": "JAN", "phrase": " And"}, {"speaker": "JAN", "phrase": " uh"}, {"speaker": "JAN", "phrase": " he has his miter thing."}, {"speaker": "FRAN", "phrase": " He took it ?"}, {"speaker": "JAN", "phrase": " Unhunh."}, {"speaker": "FRAN", "phrase": " Why."}, {"speaker": "MELI", "phrase": " Cause it's his."}, {"speaker": "BRET", "phrase": " it's..."}, {"speaker": "RON", "phrase": "PAUSE"}, {"speaker": "BRET", "phrase": "PAUSE"}, {"speaker": "MELI", "phrase": "PAUSE"}, {"speaker": "JAN", "phrase": "PAUSE"}, {"speaker": "FRAN", "phrase": " I was gonna call him"}, {"speaker": "FRAN", "phrase": " and tell him I'm not quite finished with it."}, {"speaker": "JAN", "phrase": " Well"}, {"speaker": "JAN", "phrase": " he's got windows."}, {"speaker": "FRAN", "phrase": " He's doing some things."}, {"speaker": "JAN", "phrase": " Yeah"}, {"speaker": "JAN", "phrase": " He has rotting windows"}, {"speaker": "JAN", "phrase": " and he has to replace the wood."}, {"speaker": "FRAN", "phrase": " Oh."}, {"speaker": "BRET", "phrase": " He's rotting windows."}, {"speaker": "FRAN", "phrase": " Well it looks like I'm not gonna do that."}, {"speaker": "FRAN", "phrase": " Well I can't do it this weekend anyway."}, {"speaker": "JAN", "phrase": " You weren't gonna do it this weekend."}, {"speaker": "FRAN", "phrase": "PAUSE"}, {"speaker": "FRAN", "phrase": " Yeah."}, {"speaker": "JAN", "phrase": " He said we could..."}, {"speaker": "MELI", "phrase": " What should I wear for Halloween ?"}, {"speaker": "FRAN", "phrase": " Be quiet"}, {"speaker": "FRAN", "phrase": " We're not talking about it now."}, {"speaker": "BRET", "phrase": " Well laugh."}, {"speaker": "BRET", "phrase": " sit here and I..."}, {"speaker": "FRAN", "phrase": " You got work to do."}, {"speaker": "BRET", "phrase": " Be quiet."}, {"speaker": "BRET", "phrase": " We're not talking about it."}, {"speaker": "JAN", "phrase": "PAUSE"}, {"speaker": "MELI", "phrase": "PAUSE"}, {"speaker": "BRET", "phrase": "I'm gonna go check my cello."}, {"speaker": "BRET", "phrase": " Where's my cello"}, {"speaker": "BRET", "phrase": " my cello"}, {"speaker": "BRET", "phrase": "PAUSE"}, {"speaker": "FRAN", "phrase": "PAUSE"}, {"speaker": "JAN", "phrase": "PAUSE"}, {"speaker": "FRAN", "phrase": "PAUSE"}, {"speaker": "BRET", "phrase": " It comes down"}, {"speaker": "BRET", "phrase": " to approximately right about there."}, {"speaker": "BRET", "phrase": " \u0294Okay."}, {"speaker": "BRET", "phrase": " Boop."}, {"speaker": "MELI", "phrase": " What day is tomorrow ?"}, {"speaker": "BRET", "phrase": " The twentyninth."}, {"speaker": "MELI", "phrase": " Oh"}, {"speaker": "MELI", "phrase": " by the way Mom."}, {"speaker": "BRET", "phrase": " Oh joy."}, {"speaker": "MELI", "phrase": " Um."}, {"speaker": "BRET", "phrase": " Oh joyous."}, {"speaker": "MELI", "phrase": " Young Life"}, {"speaker": "MELI", "phrase": " is at Amy and Andy Richards'"}, {"speaker": "MELI", "phrase": " tonight."}, {"speaker": "JAN", "phrase": " Tonight ?"}, {"speaker": "BRET", "phrase": " Gee"}, {"speaker": "BRET", "phrase": " thanks for telling us."}, {"speaker": "MELI", "phrase": " At eight o'clock."}, {"speaker": "RON", "phrase": "PAUSE"}, {"speaker": "MELI", "phrase": "PAUSE"}, {"speaker": "RON", "phrase": "PAUSE"}, {"speaker": "JAN", "phrase": "PAUSE"}, {"speaker": "FRAN", "phrase": "..."}, {"speaker": "BRET", "phrase": " Okay"}, {"speaker": "BRET", "phrase": " it's nine ten."}, {"speaker": "MELI", "phrase": " They'd still be over there."}, {"speaker": "JAN", "phrase": "PAUSE"}, {"speaker": "BRET", "phrase": "PAUSE"}, {"speaker": "MELI", "phrase": " and the thing is"}, {"speaker": "MELI", "phrase": " no"}, {"speaker": "MELI", "phrase": " see"}, {"speaker": "MELI", "phrase": " Ron they live three blocks away."}, {"speaker": "FRAN", "phrase": " Get your work done dear."}, {"speaker": "MELI", "phrase": " They."}, {"speaker": "MELI", "phrase": " they live three blocks away."}, {"speaker": "BRET", "phrase": "PAUSE"}, {"speaker": "BRET", "phrase": " Who does."}, {"speaker": "FRAN", "phrase": " Mhm."}, {"speaker": "MELI", "phrase": " and Young Life is over there."}, {"speaker": "FRAN", "phrase": " Good for them."}, {"speaker": "MELI", "phrase": " and so"}, {"speaker": "MELI", "phrase": " it would make most sense for me to have gone over there."}, {"speaker": "MELI", "phrase": " I'm such an idiot."}, {"speaker": "MELI", "phrase": " Oh well."}, {"speaker": "BRET", "phrase": " Who's."}, {"speaker": "BRET", "phrase": " who's..."}, {"speaker": "MELI", "phrase": " It'll be there sometime."}, {"speaker": "BRET", "phrase": " Richardsons."}, {"speaker": "JAN", "phrase": "PAUSE"}, {"speaker": "MELI", "phrase": " Richards."}, {"speaker": "FRAN", "phrase": " Well you'll be even more of an idiot"}, {"speaker": "FRAN", "phrase": " if you don't get your work done."}, {"speaker": "MELI", "phrase": " Amy Richards."}, {"speaker": "FRAN", "phrase": " so"}, {"speaker": "FRAN", "phrase": " why don't you uh."}, {"speaker": "BRET", "phrase": " Ah."}, {"speaker": "FRAN", "phrase": " have the problem."}, {"speaker": "BRET", "phrase": " So."}, {"speaker": "MELI", "phrase": " What did you say about me ?"}, {"speaker": "FRAN", "phrase": " Get your work done."}, {"speaker": "MELI", "phrase": " But what before that."}, {"speaker": "BRET", "phrase": " Get your work done."}, {"speaker": "RON", "phrase": "PAUSE"}, {"speaker": "BRET", "phrase": " old lady."}, {"speaker": "BRET", "phrase": " actually young girl."}, {"speaker": "JAN", "phrase": "PAUSE"}, {"speaker": "JAN", "phrase": "PAUSE"}, {"speaker": "FRAN", "phrase": " Oh boy."}, {"speaker": "FRAN", "phrase": " Ho ho hum."}, {"speaker": "BRET", "phrase": " Oh boy."}, {"speaker": "BRET", "phrase": "PAUSE"}, {"speaker": "JAN", "phrase": " This time change is just getting to me."}, {"speaker": "BRET", "phrase": " No"}, {"speaker": "BRET", "phrase": " I'm just kidding."}, {"speaker": "JAN", "phrase": "PAUSE"}, {"speaker": "RON", "phrase": "PAUSE"}, {"speaker": "JAN", "phrase": " It's really fifteen after ten."}, {"speaker": "JAN", "phrase": "PAUSE"}, {"speaker": "MELI", "phrase": " That's not late."}, {"speaker": "RON", "phrase": " I guess that's true."}, {"speaker": "JAN", "phrase": "PAUSE"}, {"speaker": "MELI", "phrase": " Yeah but we \u0294uh also got up an hour later than usual."}, {"speaker": "JAN", "phrase": "PAUSE"}, {"speaker": "FRAN", "phrase": " \u0294uh."}, {"speaker": "MELI", "phrase": " Course that's not saying much."}, {"speaker": "FRAN", "phrase": " I think it's the end of that excuse dear."}, {"speaker": "FRAN", "phrase": " The time has changed"}, {"speaker": "FRAN", "phrase": " it's..."}, {"speaker": "MELI", "phrase": " When he awaked."}, {"speaker": "JAN", "phrase": "PAUSE"}, {"speaker": "MELI", "phrase": " is that word ?"}, {"speaker": "JAN", "phrase": " No."}, {"speaker": "FRAN", "phrase": " When he awoke."}, {"speaker": "BRET", "phrase": " \u0294uh awoke laugh."}, {"speaker": "MELI", "phrase": "PAUSE"}, {"speaker": "BRET", "phrase": "PAUSE"}, {"speaker": "MELI", "phrase": " what about awakened."}, {"speaker": "BRET", "phrase": " You can tell her grammar laugh is not."}, {"speaker": "FRAN", "phrase": " Ah"}, {"speaker": "FRAN", "phrase": " you could probably use that."}, {"speaker": "BRET", "phrase": " at its highest level of maturity."}, {"speaker": "MELI", "phrase": " Well"}, {"speaker": "MELI", "phrase": " it says"}, {"speaker": "MELI", "phrase": " it says"}, {"speaker": "MELI", "phrase": " I bet it was fun for him"}, {"speaker": "MELI", "phrase": " when he awaked"}, {"speaker": "MELI", "phrase": " at the silence."}, {"speaker": "MELI", "phrase": " and"}, {"speaker": "MELI", "phrase": " blah blah blah lah."}, {"speaker": "BRET", "phrase": "PAUSE"}, {"speaker": "MELI", "phrase": " something like laugh that."}, {"speaker": "BRET", "phrase": " \u0294uh."}, {"speaker": "MELI", "phrase": " When he awaked ?"}, {"speaker": "JAN", "phrase": " When he awoke."}, {"speaker": "BRET", "phrase": " Yeah."}, {"speaker": "MELI", "phrase": " I bet it was fun for him when he awoke"}, {"speaker": "MELI", "phrase": " at the silence."}, {"speaker": "BRET", "phrase": " he awokeded at the silence."}, {"speaker": "MELI", "phrase": " and he got to hear Cousin Simmons and the Reverend"}, {"speaker": "MELI", "phrase": " saying fine things about him."}, {"speaker": "MELI", "phrase": " Have you guys ever imagined yourself dead"}, {"speaker": "MELI", "phrase": " just to see what people would think about you ?"}, {"speaker": "JAN", "phrase": " No."}, {"speaker": "FRAN", "phrase": " Would you just..."}, {"speaker": "MELI", "phrase": " and what they would say about you ?"}, {"speaker": "FRAN", "phrase": " continue your work."}, {"speaker": "JAN", "phrase": " Ron."}, {"speaker": "MELI", "phrase": " I do that lot."}, {"speaker": "JAN", "phrase": " did you know Annette."}, {"speaker": "JAN", "phrase": " uh"}, {"speaker": "JAN", "phrase": " Dill."}, {"speaker": "MELI", "phrase": " Kruger."}, {"speaker": "RON", "phrase": " Annette Dill ?"}, {"speaker": "JAN", "phrase": " Unhunh."}, {"speaker": "MELI", "phrase": " Kruger."}, {"speaker": "BRET", "phrase": " It's Kruger."}, {"speaker": "FRAN", "phrase": "PAUSE"}, {"speaker": "JAN", "phrase": " No."}, {"speaker": "FRAN", "phrase": " Bev..."}, {"speaker": "RON", "phrase": " not."}, {"speaker": "FRAN", "phrase": " Bev Dill's sister"}, {"speaker": "FRAN", "phrase": " you know"}, {"speaker": "FRAN", "phrase": " there's Bev Dill"}, {"speaker": "FRAN", "phrase": " and Jean Dill"}, {"speaker": "FRAN", "phrase": " from Napier"}, {"speaker": "FRAN", "phrase": " you know."}, {"speaker": "BRET", "phrase": " And then there's Jason Dill."}, {"speaker": "RON", "phrase": " I"}, {"speaker": "RON", "phrase": " don't remember any of them."}, {"speaker": "BRET", "phrase": " and."}, {"speaker": "RON", "phrase": " actually."}, {"speaker": "JAN", "phrase": " Oh."}, {"speaker": "FRAN", "phrase": " Okay."}, {"speaker": "MELI", "phrase": " Jason Dill."}, {"speaker": "JAN", "phrase": " Okay."}, {"speaker": "MELI", "phrase": " Is he related ?"}, {"speaker": "RON", "phrase": " Did know ?"}, {"speaker": "RON", "phrase": "PAUSE"}, {"speaker": "BRET", "phrase": " No."}, {"speaker": "JAN", "phrase": " Yeah."}, {"speaker": "RON", "phrase": "PAUSE"}, {"speaker": "JAN", "phrase": " Yeah."}, {"speaker": "RON", "phrase": "PAUSE"}, {"speaker": "JAN", "phrase": " Past tense."}, {"speaker": "JAN", "phrase": " She died."}, {"speaker": "FRAN", "phrase": " Very suddenly."}, {"speaker": "JAN", "phrase": " Yeah."}, {"speaker": "FRAN", "phrase": " She's what."}, {"speaker": "FRAN", "phrase": " How old ?"}, {"speaker": "JAN", "phrase": " two."}, {"speaker": "JAN", "phrase": " Thirtysix."}, {"speaker": "FRAN", "phrase": " six."}, {"speaker": "RON", "phrase": " Hm."}, {"speaker": "FRAN", "phrase": " uh they're on the mission field in Africa."}, {"speaker": "JAN", "phrase": " Yeah."}, {"speaker": "JAN", "phrase": " Yeah."}, {"speaker": "RON", "phrase": " Oh when she died ?"}, {"speaker": "FRAN", "phrase": " And"}, {"speaker": "FRAN", "phrase": " out in"}, {"speaker": "FRAN", "phrase": " out in tribal."}, {"speaker": "FRAN", "phrase": " tribal villages."}, {"speaker": "FRAN", "phrase": " Although they were in the city."}, {"speaker": "RON", "phrase": " Mhm."}, {"speaker": "FRAN", "phrase": " at the time"}, {"speaker": "FRAN", "phrase": " right ?"}, {"speaker": "JAN", "phrase": " Right."}, {"speaker": "FRAN", "phrase": " In town."}, {"speaker": "FRAN", "phrase": " But apparently it was either heart attack or an aneurysm."}, {"speaker": "RON", "phrase": " Hm."}, {"speaker": "FRAN", "phrase": " and they suspect an aneurysm"}, {"speaker": "FRAN", "phrase": " it was extremely quick"}, {"speaker": "FRAN", "phrase": " I guess."}, {"speaker": "RON", "phrase": " Hm."}, {"speaker": "MELI", "phrase": " Mom said it was cerebral hemorrhage."}, {"speaker": "MELI", "phrase": " which is an aneurysm."}, {"speaker": "FRAN", "phrase": "PAUSE"}, {"speaker": "MELI", "phrase": " but."}, {"speaker": "FRAN", "phrase": " I suppose they're the same."}, {"speaker": "MELI", "phrase": " Yeah"}, {"speaker": "MELI", "phrase": " they are."}, {"speaker": "FRAN", "phrase": " But since I'm not doctor."}, {"speaker": "RON", "phrase": " Hm."}, {"speaker": "MELI", "phrase": " But..."}, {"speaker": "FRAN", "phrase": " I..."}, {"speaker": "MELI", "phrase": " But Mom said that's what it was."}, {"speaker": "FRAN", "phrase": "PAUSE"}, {"speaker": "FRAN", "phrase": "PAUSE"}, {"speaker": "BRET", "phrase": "PAUSE"}, {"speaker": "MELI", "phrase": " but"}, {"speaker": "MELI", "phrase": " I don't know."}, {"speaker": "MELI", "phrase": " She could be wrong."}, {"speaker": "JAN", "phrase": "PAUSE"}, {"speaker": "FRAN", "phrase": " And they weren't going to do an autopsy"}, {"speaker": "FRAN", "phrase": " they figured"}, {"speaker": "FRAN", "phrase": " it would serve no useful purpose."}, {"speaker": "RON", "phrase": " Hm."}, {"speaker": "FRAN", "phrase": " It had to be one of the two"}, {"speaker": "FRAN", "phrase": " they figured."}, {"speaker": "BRET", "phrase": " I'll color this in at school."}, {"speaker": "FRAN", "phrase": "PAUSE"}, {"speaker": "BRET", "phrase": " At school"}, {"speaker": "BRET", "phrase": " you can color it in."}, {"speaker": "FRAN", "phrase": " Yeah"}, {"speaker": "FRAN", "phrase": " so anyway"}, {"speaker": "FRAN", "phrase": " that was real sudden."}, {"speaker": "BRET", "phrase": " cause they have the big markers."}, {"speaker": "FRAN", "phrase": " Last week."}, {"speaker": "FRAN", "phrase": " Last Thursday as matter of fact."}, {"speaker": "BRET", "phrase": " Hm."}, {"speaker": "FRAN", "phrase": " Well."}, {"speaker": "MELI", "phrase": " How are you gonna make the strings."}, {"speaker": "MELI", "phrase": " Are you gonna leave the little white areas ?"}, {"speaker": "FRAN", "phrase": " This past Wednesday."}, {"speaker": "FRAN", "phrase": "PAUSE"}, {"speaker": "BRET", "phrase": " I'm just gonna make the lines here."}, {"speaker": "FRAN", "phrase": "PAUSE"}, {"speaker": "JAN", "phrase": " What do you say."}, {"speaker": "BRET", "phrase": " I'll do something."}, {"speaker": "MELI", "phrase": "PAUSE"}, {"speaker": "MELI", "phrase": " Which sounds better."}, {"speaker": "MELI", "phrase": " I bet it was fun for him when he awoke"}, {"speaker": "MELI", "phrase": " or I bet it was fun for him when he awakened."}, {"speaker": "JAN", "phrase": " Awoke."}, {"speaker": "JAN", "phrase": "PAUSE"}, {"speaker": "FRAN", "phrase": " Try awakened."}, {"speaker": "BRET", "phrase": "PAUSE"}, {"speaker": "RON", "phrase": "PAUSE"}, {"speaker": "MELI", "phrase": " Oh"}, {"speaker": "MELI", "phrase": " that's helpful."}, {"speaker": "JAN", "phrase": "PAUSE"}, {"speaker": "FRAN", "phrase": "PAUSE"}, {"speaker": "BRET", "phrase": " \u0294uh."}, {"speaker": "MELI", "phrase": " Well"}, {"speaker": "MELI", "phrase": " I'll say awakened"}, {"speaker": "MELI", "phrase": " cause that's what I have written down."}, {"speaker": "RON", "phrase": "PAUSE"}, {"speaker": "FRAN", "phrase": " Just watch"}, {"speaker": "FRAN", "phrase": " he'll put note by."}, {"speaker": "FRAN", "phrase": " note by that."}, {"speaker": "FRAN", "phrase": " I really like that word Melissa."}, {"speaker": "RON", "phrase": "PAUSE"}, {"speaker": "JAN", "phrase": "PAUSE"}, {"speaker": "MELI", "phrase": "PAUSE"}, {"speaker": "MELI", "phrase": " Leave me alone."}, {"speaker": "RON", "phrase": "PAUSE"}, {"speaker": "JAN", "phrase": "PAUSE"}, {"speaker": "FRAN", "phrase": " And you you could say"}, {"speaker": "FRAN", "phrase": " my father gave me that word."}, {"speaker": "MELI", "phrase": " I would have put awaked."}, {"speaker": "MELI", "phrase": "PAUSE"}, {"speaker": "BRET", "phrase": "PAUSE"}, {"speaker": "RON", "phrase": "PAUSE"}, {"speaker": "MELI", "phrase": " But really"}, {"speaker": "MELI", "phrase": " I think everyone in this family should read this book."}, {"speaker": "BRET", "phrase": " But I really."}, {"speaker": "MELI", "phrase": " It would be."}, {"speaker": "MELI", "phrase": " you would enjoy it Brett."}, {"speaker": "BRET", "phrase": " Yes I'm sure."}, {"speaker": "JAN", "phrase": "PAUSE"}, {"speaker": "MELI", "phrase": "PAUSE"}, {"speaker": "MELI", "phrase": " Gee"}, {"speaker": "MELI", "phrase": " aren't we in nice mood today."}, {"speaker": "BRET", "phrase": " Yes we are."}, {"speaker": "BRET", "phrase": " I'm all cheerful."}, {"speaker": "RON", "phrase": "PAUSE"}, {"speaker": "BRET", "phrase": "PAUSE"}, {"speaker": "BRET", "phrase": " Hm hmhm."}, {"speaker": "BRET", "phrase": " Oh"}, {"speaker": "BRET", "phrase": " boy."}, {"speaker": "BRET", "phrase": "PAUSE"}, {"speaker": "BRET", "phrase": "PAUSE"}, {"speaker": "MELI", "phrase": " we could make..."}, {"speaker": "FRAN", "phrase": " Well starting in November"}, {"speaker": "FRAN", "phrase": " we're gonna be looking at the sky."}, {"speaker": "FRAN", "phrase": " I have day by day November calendar"}, {"speaker": "FRAN", "phrase": " of where to look"}, {"speaker": "FRAN", "phrase": " and what to look for."}, {"speaker": "MELI", "phrase": "PAUSE"}, {"speaker": "FRAN", "phrase": " as in planets"}, {"speaker": "FRAN", "phrase": " it's pretty neat looking."}, {"speaker": "RON", "phrase": " Do you have telescope ?"}, {"speaker": "FRAN", "phrase": " Well no"}, {"speaker": "FRAN", "phrase": " just naked eye stuff."}, {"speaker": "MELI", "phrase": " He has telescope though."}, {"speaker": "FRAN", "phrase": " Well"}, {"speaker": "FRAN", "phrase": " it's"}, {"speaker": "FRAN", "phrase": " \u0294uh easier to do naked eye."}, {"speaker": "BRET", "phrase": " Oh laugh"}, {"speaker": "BRET", "phrase": " well gee."}, {"speaker": "BRET", "phrase": " Multiplies forty times."}, {"speaker": "FRAN", "phrase": "PAUSE"}, {"speaker": "FRAN", "phrase": "Or or binoculars."}, {"speaker": "MELI", "phrase": " Oops."}, {"speaker": "MELI", "phrase": " It does pretty good when you can find the moon."}, {"speaker": "MELI", "phrase": " The only thing is."}, {"speaker": "FRAN", "phrase": " Well it's just not quality instrument"}, {"speaker": "FRAN", "phrase": " Brett."}, {"speaker": "MELI", "phrase": " It's impossible to find anything."}, {"speaker": "FRAN", "phrase": " our binoculars would be just as well worth taking."}, {"speaker": "BRET", "phrase": " Hello Ron."}, {"speaker": "JAN", "phrase": " Let's go and sit in the living room."}, {"speaker": "FRAN", "phrase": " We did this thing about..."}, {"speaker": "RON", "phrase": "PAUSE"}, {"speaker": "BRET", "phrase": "PAUSE"}, {"speaker": "FRAN", "phrase": " We were talking about how"}, {"speaker": "FRAN", "phrase": " in science books and you see the solar system"}, {"speaker": "FRAN", "phrase": " How it's so out of scale"}, {"speaker": "FRAN", "phrase": " and uh"}, {"speaker": "FRAN", "phrase": " you cannot get scale for..."}, {"speaker": "BRET", "phrase": "PAUSE"}, {"speaker": "FRAN", "phrase": " distance"}, {"speaker": "FRAN", "phrase": " and at the same time get objects"}, {"speaker": "FRAN", "phrase": " that can give you the scale for the size of the planets."}, {"speaker": "BRET", "phrase": " Nice."}, {"speaker": "FRAN", "phrase": " But we're trying to do scale for."}, {"speaker": "FRAN", "phrase": " they had this thing drawn for scale for uh distance."}, {"speaker": "RON", "phrase": "PAUSE"}, {"speaker": "RON", "phrase": " Mhm."}, {"speaker": "FRAN", "phrase": " So"}, {"speaker": "FRAN", "phrase": " we started at one end of the hallway with roll of toilet paper."}, {"speaker": "RON", "phrase": " Oh."}, {"speaker": "RON", "phrase": " Unhunh."}, {"speaker": "FRAN", "phrase": " and it has so many sheets of toilet paper"}, {"speaker": "FRAN", "phrase": " and you roll out"}, {"speaker": "FRAN", "phrase": " and so you go so many"}, {"speaker": "FRAN", "phrase": " and we were way down the hall like"}, {"speaker": "FRAN", "phrase": " fourhundred and eightythree"}, {"speaker": "FRAN", "phrase": " you know"}, {"speaker": "FRAN", "phrase": " Pieces of..."}, {"speaker": "BRET", "phrase": " Toilet sheets later."}, {"speaker": "MELI", "phrase": " Where were you."}, {"speaker": "RON", "phrase": " Yeah."}, {"speaker": "MELI", "phrase": " That you could have that..."}, {"speaker": "FRAN", "phrase": " for Jupiter."}, {"speaker": "FRAN", "phrase": " For Jupiter."}, {"speaker": "MELI", "phrase": " How far."}, {"speaker": "RON", "phrase": "PAUSE"}, {"speaker": "MELI", "phrase": " were you"}, {"speaker": "MELI", "phrase": " to do that."}, {"speaker": "MELI", "phrase": " Distance like how wide it is"}, {"speaker": "MELI", "phrase": " diameter."}, {"speaker": "FRAN", "phrase": " Fourhundred and eightythree"}, {"speaker": "FRAN", "phrase": " like fourandahalfinch squares of toilet paper."}, {"speaker": "MELI", "phrase": " No but."}, {"speaker": "FRAN", "phrase": " down the..."}, {"speaker": "MELI", "phrase": " where were"}, {"speaker": "MELI", "phrase": " in the hall."}, {"speaker": "MELI", "phrase": " What."}, {"speaker": "MELI", "phrase": " In in your school ?"}, {"speaker": "FRAN", "phrase": " Well it was at Fair Plain West School."}, {"speaker": "MELI", "phrase": " Is that the junior high ?"}, {"speaker": "FRAN", "phrase": " And..."}, {"speaker": "MELI", "phrase": " That we go by."}, {"speaker": "FRAN", "phrase": " No no."}, {"speaker": "FRAN", "phrase": " It's just an elementary school."}, {"speaker": "MELI", "phrase": " to grandma's ?"}, {"speaker": "FRAN", "phrase": " But then."}, {"speaker": "X", "phrase": "PAUSE"}, {"speaker": "FRAN", "phrase": " Starting from the sun"}, {"speaker": "FRAN", "phrase": " Then we went about"}, {"speaker": "FRAN", "phrase": " I think it was maybe thirtyseven"}, {"speaker": "FRAN", "phrase": " you know"}, {"speaker": "FRAN", "phrase": " sheets to Mercury"}, {"speaker": "FRAN", "phrase": " Then he says."}, {"speaker": "RON", "phrase": " Mhm."}, {"speaker": "FRAN", "phrase": " now the size of Mercury would be"}, {"speaker": "FRAN", "phrase": " and he had staple"}, {"speaker": "FRAN", "phrase": " would be"}, {"speaker": "FRAN", "phrase": " like this"}, {"speaker": "FRAN", "phrase": " you know"}, {"speaker": "FRAN", "phrase": " hole of that through the paper"}, {"speaker": "FRAN", "phrase": " you know that about that"}, {"speaker": "FRAN", "phrase": " not."}, {"speaker": "FRAN", "phrase": " no bigger than that."}, {"speaker": "FRAN", "phrase": "PAUSE"}, {"speaker": "RON", "phrase": " Mhm."}, {"speaker": "MELI", "phrase": " Wow."}, {"speaker": "FRAN", "phrase": "PAUSE"}, {"speaker": "FRAN", "phrase": " and we got out to Earth"}, {"speaker": "FRAN", "phrase": " and I think it was paperclip size"}, {"speaker": "FRAN", "phrase": " you know"}, {"speaker": "FRAN", "phrase": " to punch through or something."}, {"speaker": "FRAN", "phrase": " You know just to kind of give us an idea of."}, {"speaker": "RON", "phrase": " How big was the sun."}, {"speaker": "RON", "phrase": " Did they say."}, {"speaker": "FRAN", "phrase": " It was softball."}, {"speaker": "FRAN", "phrase": " He had softball sitting there."}, {"speaker": "RON", "phrase": " Oh."}, {"speaker": "FRAN", "phrase": " If the sun were this softball."}, {"speaker": "RON", "phrase": " Unhunh."}, {"speaker": "FRAN", "phrase": " Then the size of these other ones would be"}, {"speaker": "FRAN", "phrase": " something like that."}, {"speaker": "FRAN", "phrase": " When we got out to Jupiter."}, {"speaker": "RON", "phrase": "PAUSE"}, {"speaker": "FRAN", "phrase": " it would have been the size"}, {"speaker": "FRAN", "phrase": " of the hole in the middle of record."}, {"speaker": "RON", "phrase": " Hunh."}, {"speaker": "MELI", "phrase": " That's mighty large"}, {"speaker": "MELI", "phrase": " comparatively."}, {"speaker": "RON", "phrase": " You mean single"}, {"speaker": "RON", "phrase": " single"}, {"speaker": "RON", "phrase": " or"}, {"speaker": "RON", "phrase": " large..."}, {"speaker": "FRAN", "phrase": " Uh the."}, {"speaker": "FRAN", "phrase": " Oh gee."}, {"speaker": "MELI", "phrase": " In an LP I'm sure."}, {"speaker": "FRAN", "phrase": " Yeah"}, {"speaker": "FRAN", "phrase": " I thought it was just an LP."}, {"speaker": "MELI", "phrase": " Yeah"}, {"speaker": "MELI", "phrase": " because otherwise."}, {"speaker": "FRAN", "phrase": " Well compared to Earth being staple."}, {"speaker": "RON", "phrase": " Yeah."}, {"speaker": "MELI", "phrase": " uh"}, {"speaker": "MELI", "phrase": " paperclip."}, {"speaker": "FRAN", "phrase": " hole"}, {"speaker": "FRAN", "phrase": " or paperclip hole."}, {"speaker": "MELI", "phrase": " What was Pluto."}, {"speaker": "MELI", "phrase": " Pluto must have been..."}, {"speaker": "FRAN", "phrase": " Well I have the..."}, {"speaker": "RON", "phrase": " Oh."}, {"speaker": "FRAN", "phrase": " I had the information outside."}, {"speaker": "RON", "phrase": " the hole that you just punch with paperclip."}, {"speaker": "FRAN", "phrase": " I'll have to look."}, {"speaker": "FRAN", "phrase": " Yeah."}, {"speaker": "RON", "phrase": " Yeah."}, {"speaker": "RON", "phrase": " oh."}, {"speaker": "FRAN", "phrase": " the hole."}, {"speaker": "FRAN", "phrase": " It would be that kind of diameter."}, {"speaker": "RON", "phrase": " Oh."}, {"speaker": "RON", "phrase": " Wow."}, {"speaker": "MELI", "phrase": " And the diameter of staple ?"}, {"speaker": "FRAN", "phrase": "PAUSE"}, {"speaker": "RON", "phrase": " Mm."}, {"speaker": "RON", "phrase": " Mhm."}, {"speaker": "FRAN", "phrase": " For Mercury"}, {"speaker": "FRAN", "phrase": " yeah."}, {"speaker": "MELI", "phrase": "PAUSE"}, {"speaker": "MELI", "phrase": " my arm's falling asleep."}, {"speaker": "RON", "phrase": " Hm."}, {"speaker": "MELI", "phrase": " My butt fell asleep earlier."}, {"speaker": "FRAN", "phrase": " So it was kind of interesting."}, {"speaker": "MELI", "phrase": " Cause I was sitting here so long."}, {"speaker": "BRET", "phrase": "PAUSE"}, {"speaker": "BRET", "phrase": "PAUSE"}, {"speaker": "MELI", "phrase": " Never had that happen before."}, {"speaker": "MELI", "phrase": " Anyway."}, {"speaker": "RON", "phrase": "PAUSE"}, {"speaker": "BRET", "phrase": " your butt falls asleep"}, {"speaker": "BRET", "phrase": " you try and stand up."}, {"speaker": "MELI", "phrase": " I have this whole paragraph written."}, {"speaker": "BRET", "phrase": "..."}, {"speaker": "MELI", "phrase": " and now that I look at it"}, {"speaker": "MELI", "phrase": " there's much better way of \u0294uh doing it structurally."}, {"speaker": "FRAN", "phrase": " Just..."}, {"speaker": "BRET", "phrase": " Well then redo it."}, {"speaker": "MELI", "phrase": " Because I put this big parenthesy here ?"}, {"speaker": "BRET", "phrase": " create stress."}, {"speaker": "MELI", "phrase": " Well what I might as well have done."}, {"speaker": "BRET", "phrase": " Create stress onto yourself."}, {"speaker": "MELI", "phrase": " cause see"}, {"speaker": "MELI", "phrase": " I have"}, {"speaker": "MELI", "phrase": " he awakened at the silence"}, {"speaker": "MELI", "phrase": " and he got to hear"}, {"speaker": "MELI", "phrase": " this and this and this."}, {"speaker": "MELI", "phrase": " And I interrupted with"}, {"speaker": "MELI", "phrase": " he awakened at the silence"}, {"speaker": "MELI", "phrase": " parenthesy"}, {"speaker": "MELI", "phrase": " the author does such good job of describing this."}, {"speaker": "MELI", "phrase": " and everything else."}, {"speaker": "MELI", "phrase": " Especially Adam's feelings."}, {"speaker": "MELI", "phrase": " And he got to hear"}, {"speaker": "MELI", "phrase": " It totally totally breaks the paragraph."}, {"speaker": "MELI", "phrase": " And I should have just put this together"}, {"speaker": "MELI", "phrase": " and then put"}, {"speaker": "MELI", "phrase": " the author does great job"}, {"speaker": "MELI", "phrase": " of describing the silence."}, {"speaker": "MELI", "phrase": " And then did that."}, {"speaker": "MELI", "phrase": "PAUSE"}, {"speaker": "MELI", "phrase": " But I don't have time to rewrite it"}, {"speaker": "MELI", "phrase": " do I ?"}, {"speaker": "FRAN", "phrase": " Maybe it's too distracting here."}, {"speaker": "MELI", "phrase": " No ?"}, {"speaker": "MELI", "phrase": " No ?"}, {"speaker": "FRAN", "phrase": " And we should go in the living room and."}, {"speaker": "MELI", "phrase": " No"}, {"speaker": "MELI", "phrase": " because I would have done this anyway."}, {"speaker": "JAN", "phrase": " Why don't you and Ron come back into the living room instead."}, {"speaker": "BRET", "phrase": " No."}, {"speaker": "MELI", "phrase": " Be rebel"}, {"speaker": "MELI", "phrase": " Stay here."}, {"speaker": "BRET", "phrase": " I wanna work on this..."}, {"speaker": "FRAN", "phrase": " Yeah"}, {"speaker": "FRAN", "phrase": " let's go back out there."}, {"speaker": "FRAN", "phrase": " That way."}, {"speaker": "MELI", "phrase": " No."}, {"speaker": "FRAN", "phrase": " Your."}, {"speaker": "FRAN", "phrase": " you guys can overhear"}, {"speaker": "FRAN", "phrase": " listen."}, {"speaker": "FRAN", "phrase": " There are."}, {"speaker": "FRAN", "phrase": " just"}, {"speaker": "FRAN", "phrase": " go ahead"}, {"speaker": "FRAN", "phrase": " you're doing alright."}, {"speaker": "FRAN", "phrase": " What's that"}, {"speaker": "FRAN", "phrase": " Brett"}, {"speaker": "FRAN", "phrase": " somebody's head from behind ?"}, {"speaker": "BRET", "phrase": " Yeah."}, {"speaker": "FRAN", "phrase": "PAUSE"}, {"speaker": "BRET", "phrase": " It's the conductor."}, {"speaker": "FRAN", "phrase": "PAUSE"}, {"speaker": "MELI", "phrase": " What is this"}, {"speaker": "MELI", "phrase": " nice to have you ?"}, {"speaker": "FRAN", "phrase": " Could try to draw Vodnoy from behind"}, {"speaker": "FRAN", "phrase": " get his picture."}, {"speaker": "BRET", "phrase": " Yeah like"}, {"speaker": "BRET", "phrase": " where am I going to get Vodnoy's picture."}, {"speaker": "FRAN", "phrase": " I don't know"}, {"speaker": "FRAN", "phrase": " if it's due tomorrow."}, {"speaker": "MELI", "phrase": " off of..."}, {"speaker": "FRAN", "phrase": "PAUSE"}, {"speaker": "BRET", "phrase": " It's not due tomorrow."}, {"speaker": "MELI", "phrase": "PAUSE"}, {"speaker": "BRET", "phrase": " Thank goodness"}, {"speaker": "BRET", "phrase": " or else I'd be up till midnight"}, {"speaker": "BRET", "phrase": " working on this dumb thing."}, {"speaker": "FRAN", "phrase": " This is quite picture Melissa had."}, {"speaker": "MELI", "phrase": "PAUSE"}, {"speaker": "RON", "phrase": " Hey Brett."}, {"speaker": "FRAN", "phrase": "PAUSE"}, {"speaker": "RON", "phrase": " Can you move your chair."}, {"speaker": "FRAN", "phrase": " The photograph."}, {"speaker": "FRAN", "phrase": " Ron ?"}, {"speaker": "BRET", "phrase": "PAUSE"}, {"speaker": "MELI", "phrase": "PAUSE"}, {"speaker": "RON", "phrase": " What ?"}, {"speaker": "FRAN", "phrase": " Quite photograph Melissa had here of Granddad."}, {"speaker": "FRAN", "phrase": " Hunh."}, {"speaker": "RON", "phrase": " Yeah she showed me all that stuff."}, {"speaker": "FRAN", "phrase": " Of Grandpa."}, {"speaker": "RON", "phrase": " Yeah."}, {"speaker": "FRAN", "phrase": " I thought it was pretty neat."}, {"speaker": "FRAN", "phrase": " And that she won."}, {"speaker": "FRAN", "phrase": " That was even more remarkable."}]}