{"text": [{"speaker": "LENO", "phrase": " So you don't need to go borrow equipment from anybody"}, {"speaker": "LENO", "phrase": " to."}, {"speaker": "LENO", "phrase": " to do the feet ?"}, {"speaker": "LENO", "phrase": " Do the hooves ?"}, {"speaker": "LYNN", "phrase": " \u03abWell"}, {"speaker": "LYNN", "phrase": " we're gonna have to find somewhere"}, {"speaker": "LYNN", "phrase": " to get"}, {"speaker": "LYNN", "phrase": " something\u03ab."}, {"speaker": "DORI", "phrase": " So"}, {"speaker": "DORI", "phrase": "..."}, {"speaker": "LYNN", "phrase": " I'm gonna..."}, {"speaker": "DORI", "phrase": " Mae Lynne."}, {"speaker": "LYNN", "phrase": " We're not gonna do the feet today"}, {"speaker": "LYNN", "phrase": " I'm gonna wait till like"}, {"speaker": "LYNN", "phrase": " early in the morning"}, {"speaker": "LYNN", "phrase": " to do those"}, {"speaker": "LYNN", "phrase": " cause."}, {"speaker": "LYNN", "phrase": " I mean you get so tired."}, {"speaker": "LYNN", "phrase": " you just"}, {"speaker": "LYNN", "phrase": " it takes \u0294uh."}, {"speaker": "LYNN", "phrase": " well"}, {"speaker": "LYNN", "phrase": " it takes me longer than most people"}, {"speaker": "LYNN", "phrase": " cause you know"}, {"speaker": "LYNN", "phrase": " I'm not as strong and"}, {"speaker": "LYNN", "phrase": " and I'm not as good"}, {"speaker": "LYNN", "phrase": " as like somebody that would do it all the time."}, {"speaker": "LYNN", "phrase": " You know."}, {"speaker": "LYNN", "phrase": " I mean"}, {"speaker": "LYNN", "phrase": " \u0294uh Oh."}, {"speaker": "LYNN", "phrase": " I mean I trim horses"}, {"speaker": "LYNN", "phrase": " and stuff like that"}, {"speaker": "LYNN", "phrase": " but I mean"}, {"speaker": "LYNN", "phrase": " I'm not like"}, {"speaker": "LYNN", "phrase": " I'm not uh"}, {"speaker": "LYNN", "phrase": "PAUSE"}, {"speaker": "LYNN", "phrase": " I don't know how to say it."}, {"speaker": "LYNN", "phrase": " But you know"}, {"speaker": "LYNN", "phrase": " they do it for living."}, {"speaker": "LYNN", "phrase": " you know"}, {"speaker": "LYNN", "phrase": " most people that you would get to trim your horse do it all the time."}, {"speaker": "LYNN", "phrase": " and I'm not that good or"}, {"speaker": "LYNN", "phrase": " and I'm not very strong."}, {"speaker": "LENO", "phrase": " Did they train..."}, {"speaker": "LYNN", "phrase": " yeah."}, {"speaker": "LENO", "phrase": " Did they train you that."}, {"speaker": "LENO", "phrase": " xx."}, {"speaker": "LYNN", "phrase": " yeah."}, {"speaker": "LYNN", "phrase": " yeah."}, {"speaker": "LENO", "phrase": " So you have your own equipment."}, {"speaker": "LYNN", "phrase": "PAUSE"}, {"speaker": "LENO", "phrase": " but."}, {"speaker": "LYNN", "phrase": " No."}, {"speaker": "LYNN", "phrase": " I don't have my own equipment at all."}, {"speaker": "LYNN", "phrase": " Dad"}, {"speaker": "LYNN", "phrase": " you know"}, {"speaker": "LYNN", "phrase": " has done some of it."}, {"speaker": "LYNN", "phrase": " That's another thing too"}, {"speaker": "LYNN", "phrase": "is I kinda had general idea"}, {"speaker": "LYNN", "phrase": " of kinda how to do it"}, {"speaker": "LYNN", "phrase": " just watching him."}, {"speaker": "LYNN", "phrase": " or."}, {"speaker": "LYNN", "phrase": " and watching"}, {"speaker": "LYNN", "phrase": " people come to our place"}, {"speaker": "LYNN", "phrase": " and doing it and stuff you know."}, {"speaker": "LYNN", "phrase": " and"}, {"speaker": "LYNN", "phrase": " I don't know."}, {"speaker": "LYNN", "phrase": " then\u0294"}, {"speaker": "LYNN", "phrase": " down there"}, {"speaker": "LYNN", "phrase": " um"}, {"speaker": "LYNN", "phrase": " it's mandatory."}, {"speaker": "LYNN", "phrase": " you have to \u0294uh."}, {"speaker": "LYNN", "phrase": " to graduate"}, {"speaker": "LYNN", "phrase": " you know"}, {"speaker": "LYNN", "phrase": " or well"}, {"speaker": "LYNN", "phrase": " to get the degree"}, {"speaker": "LYNN", "phrase": " you know"}, {"speaker": "LYNN", "phrase": " you have to take this class."}, {"speaker": "LYNN", "phrase": " And you can only."}, {"speaker": "LYNN", "phrase": " if you want to"}, {"speaker": "LYNN", "phrase": " you can only take it for eight weeks."}, {"speaker": "LYNN", "phrase": " And"}, {"speaker": "LYNN", "phrase": " if you wanna go on in it"}, {"speaker": "LYNN", "phrase": " you."}, {"speaker": "LYNN", "phrase": " then"}, {"speaker": "LYNN", "phrase": " you can go on."}, {"speaker": "LYNN", "phrase": " you know."}, {"speaker": "LYNN", "phrase": " And I decided to go ahead and go on in it."}, {"speaker": "LYNN", "phrase": " And the first part of it"}, {"speaker": "LYNN", "phrase": " is like"}, {"speaker": "LYNN", "phrase": " well we have lecture"}, {"speaker": "LYNN", "phrase": " then we have lab."}, {"speaker": "LYNN", "phrase": " And like"}, {"speaker": "LYNN", "phrase": " the first part of it"}, {"speaker": "LYNN", "phrase": " we just go into the classroom"}, {"speaker": "LYNN", "phrase": " and he like"}, {"speaker": "LYNN", "phrase": " In the beginning of the year there was lot of classroom work."}, {"speaker": "LYNN", "phrase": " I mean"}, {"speaker": "LYNN", "phrase": "PAUSE"}, {"speaker": "LYNN", "phrase": " that's just kinda how it happens"}, {"speaker": "LYNN", "phrase": " you know"}, {"speaker": "LYNN", "phrase": " because he kinda has to tell you"}, {"speaker": "LYNN", "phrase": " they go over"}, {"speaker": "LYNN", "phrase": " the whole"}, {"speaker": "LYNN", "phrase": " the whole part of the horse."}, {"speaker": "LYNN", "phrase": " I mean"}, {"speaker": "LYNN", "phrase": " all the skeleton part of it you know"}, {"speaker": "LYNN", "phrase": "PAUSE"}, {"speaker": "LYNN", "phrase": " and they go through \u0294every kinda ligament."}, {"speaker": "LYNN", "phrase": " and I mean"}, {"speaker": "LYNN", "phrase": " there's"}, {"speaker": "LYNN", "phrase": " millions of ligaments"}, {"speaker": "LYNN", "phrase": " and millions of tendons"}, {"speaker": "LYNN", "phrase": " you know"}, {"speaker": "LYNN", "phrase": " well not millions"}, {"speaker": "LYNN", "phrase": " but"}, {"speaker": "LYNN", "phrase": " I mean."}, {"speaker": "LENO", "phrase": " yeah"}, {"speaker": "LENO", "phrase": " I bet."}, {"speaker": "LYNN", "phrase": " and then"}, {"speaker": "LYNN", "phrase": " so we had to know these tendons"}, {"speaker": "LYNN", "phrase": " and ligaments"}, {"speaker": "LYNN", "phrase": " and then"}, {"speaker": "LYNN", "phrase": " all the bones"}, {"speaker": "LYNN", "phrase": " and"}, {"speaker": "LYNN", "phrase": " you know"}, {"speaker": "LYNN", "phrase": " all the way from the shoulder down"}, {"speaker": "LYNN", "phrase": " and then from the hip down."}, {"speaker": "LYNN", "phrase": " You know"}, {"speaker": "LYNN", "phrase": " all the way down to the hoof"}, {"speaker": "LYNN", "phrase": " and then"}, {"speaker": "LYNN", "phrase": " \u0294uh the bone in the hoof"}, {"speaker": "LYNN", "phrase": " and"}, {"speaker": "LYNN", "phrase": " then all the wall"}, {"speaker": "LYNN", "phrase": " and"}, {"speaker": "LYNN", "phrase": " \u0294uh you know"}, {"speaker": "LYNN", "phrase": " of the hoof"}, {"speaker": "LYNN", "phrase": " and"}, {"speaker": "LYNN", "phrase": " what everything was called there"}, {"speaker": "LYNN", "phrase": " and then"}, {"speaker": "LYNN", "phrase": " he went over on how to trim it"}, {"speaker": "LYNN", "phrase": " and where."}, {"speaker": "LYNN", "phrase": " there's white line"}, {"speaker": "LYNN", "phrase": " that you go by"}, {"speaker": "LYNN", "phrase": " and horse has this little white line"}, {"speaker": "LYNN", "phrase": " and you clean it out with the."}, {"speaker": "LYNN", "phrase": " with the hoof knife ?"}, {"speaker": "LYNN", "phrase": " you know ?"}, {"speaker": "LYNN", "phrase": " and then."}, {"speaker": "LYNN", "phrase": " \u0294uh and then you can see this little white line ?"}, {"speaker": "LYNN", "phrase": " and that's kinda where you go by"}, {"speaker": "LYNN", "phrase": " to."}, {"speaker": "LYNN", "phrase": " \u0294uh you know"}, {"speaker": "LYNN", "phrase": " the horse kinda helps you out"}, {"speaker": "LYNN", "phrase": " because it"}, {"speaker": "LYNN", "phrase": " has that little white line right there."}, {"speaker": "LENO", "phrase": " mhm."}, {"speaker": "LYNN", "phrase": " and that's where you kinda."}, {"speaker": "LYNN", "phrase": " kinda need little guide"}, {"speaker": "LYNN", "phrase": " of where you trim."}, {"speaker": "LYNN", "phrase": " And"}, {"speaker": "LYNN", "phrase": " I am still scared to do it."}, {"speaker": "LYNN", "phrase": " because"}, {"speaker": "LYNN", "phrase": " \u0294uh you know"}, {"speaker": "LYNN", "phrase": " I mean"}, {"speaker": "LYNN", "phrase": " you can make horse go lame"}, {"speaker": "LYNN", "phrase": " By doing."}, {"speaker": "LENO", "phrase": " really."}, {"speaker": "LYNN", "phrase": " Well you can trimthemtoo short."}, {"speaker": "LYNN", "phrase": "\u0294uh And make them"}, {"speaker": "LYNN", "phrase": " you know"}, {"speaker": "LYNN", "phrase": " and they're just little bit"}, {"speaker": "LYNN", "phrase": " for."}, {"speaker": "LYNN", "phrase": " the first couple of days"}, {"speaker": "LYNN", "phrase": " you know"}, {"speaker": "LYNN", "phrase": " I mean they're just sore."}, {"speaker": "LYNN", "phrase": " That's not bad"}, {"speaker": "LYNN", "phrase": " but sometimes you can get it really bad."}, {"speaker": "LYNN", "phrase": " You can really make horse really bad."}, {"speaker": "LYNN", "phrase": " And they."}, {"speaker": "LYNN", "phrase": " you know then"}, {"speaker": "LYNN", "phrase": " \u0294uh they have to"}, {"speaker": "LYNN", "phrase": " like"}, {"speaker": "LYNN", "phrase": " keepthem"}, {"speaker": "LYNN", "phrase": " away from anything"}, {"speaker": "LYNN", "phrase": " you know"}, {"speaker": "LYNN", "phrase": " getthemreally in the soft ground"}, {"speaker": "LYNN", "phrase": " and"}, {"speaker": "LYNN", "phrase": " no hard pebbles"}, {"speaker": "LYNN", "phrase": " or hard clods of dirt or anything ?"}, {"speaker": "LYNN", "phrase": " So \u0294uh"}, {"speaker": "LYNN", "phrase": " \u0294uh I don't know."}, {"speaker": "LYNN", "phrase": " I'm little scared about doing it yet."}, {"speaker": "LYNN", "phrase": " you know"}, {"speaker": "LYNN", "phrase": " I getthemreally long."}, {"speaker": "LYNN", "phrase": " I mean they're still long."}, {"speaker": "LYNN", "phrase": " When I get done with them"}, {"speaker": "LYNN", "phrase": " A lot of times"}, {"speaker": "LYNN", "phrase": " like I'll get done"}, {"speaker": "LYNN", "phrase": " and I'll think I'm done"}, {"speaker": "LYNN", "phrase": " and I'll look."}, {"speaker": "LYNN", "phrase": " look down at the horse's hoof"}, {"speaker": "LYNN", "phrase": " and it's still"}, {"speaker": "LYNN", "phrase": " it's too long."}, {"speaker": "LYNN", "phrase": " And then like"}, {"speaker": "LYNN", "phrase": " I would never"}, {"speaker": "LYNN", "phrase": " ever"}, {"speaker": "LYNN", "phrase": " ever"}, {"speaker": "LYNN", "phrase": " trust myself"}, {"speaker": "LYNN", "phrase": " to shoe horse."}, {"speaker": "LYNN", "phrase": " See we did that too."}, {"speaker": "LYNN", "phrase": " we did."}, {"speaker": "LYNN", "phrase": " We did lot of stuff."}, {"speaker": "LYNN", "phrase": " we did lot of stuff with the."}, {"speaker": "LYNN", "phrase": " like we had the"}, {"speaker": "LYNN", "phrase": " um"}, {"speaker": "LYNN", "phrase": " the burners ?"}, {"speaker": "LYNN", "phrase": " you know"}, {"speaker": "LYNN", "phrase": " and you'd put the."}, {"speaker": "LYNN", "phrase": " you'd have."}, {"speaker": "LYNN", "phrase": " you started out with the straight iron ?"}, {"speaker": "LYNN", "phrase": " you know ?"}, {"speaker": "LYNN", "phrase": " and you'd stick it into the"}, {"speaker": "LYNN", "phrase": " into the"}, {"speaker": "LYNN", "phrase": " you know like"}, {"speaker": "LYNN", "phrase": " actual blacksmithing."}, {"speaker": "LYNN", "phrase": " And you'd put it into the hot coals"}, {"speaker": "LYNN", "phrase": " you know ?"}, {"speaker": "LYNN", "phrase": " And then"}, {"speaker": "LYNN", "phrase": " we'd \u0294uh."}, {"speaker": "LYNN", "phrase": " straight bar"}, {"speaker": "LYNN", "phrase": " and we'd make it."}, {"speaker": "LYNN", "phrase": " horseshoe out of it"}, {"speaker": "LYNN", "phrase": " you know ?"}, {"speaker": "LYNN", "phrase": " But"}, {"speaker": "LYNN", "phrase": " \u0294uh."}, {"speaker": "LYNN", "phrase": " these shoes we never did put on horse."}, {"speaker": "LYNN", "phrase": " We just put the shoes that were already made."}, {"speaker": "LENO", "phrase": "PAUSE"}, {"speaker": "LENO", "phrase": "PAUSE"}, {"speaker": "LYNN", "phrase": " on horse."}, {"speaker": "LYNN", "phrase": " And that's as far as we got."}, {"speaker": "LYNN", "phrase": " I mean"}, {"speaker": "LYNN", "phrase": " if you would really get into it"}, {"speaker": "LYNN", "phrase": " Well as matter of fact"}, {"speaker": "LYNN", "phrase": " this is really funny."}, {"speaker": "LYNN", "phrase": " You know"}, {"speaker": "LYNN", "phrase": " there isn't really any girl farriers around anywhere."}, {"speaker": "LYNN", "phrase": " They're really..."}, {"speaker": "LENO", "phrase": " farrier ?"}, {"speaker": "LYNN", "phrase": " Yeah."}, {"speaker": "LYNN", "phrase": " farrier is what they're called."}, {"speaker": "LYNN", "phrase": " And the \u0294uh."}, {"speaker": "LYNN", "phrase": " the reason they were showing us this at college"}, {"speaker": "LYNN", "phrase": " was just"}, {"speaker": "LYNN", "phrase": " to get us"}, {"speaker": "LYNN", "phrase": " to know if our trimmer"}, {"speaker": "LYNN", "phrase": " and shoer were doing it right"}, {"speaker": "LYNN", "phrase": "PAUSE"}, {"speaker": "LYNN", "phrase": " plus the knowledge of knowing the bones and ligaments."}, {"speaker": "LYNN", "phrase": " which we"}, {"speaker": "LYNN", "phrase": " we had it in another class too."}, {"speaker": "LYNN", "phrase": " we."}, {"speaker": "LYNN", "phrase": " that was kind of double thing that"}, {"speaker": "LYNN", "phrase": " \u0294uh we had."}, {"speaker": "LYNN", "phrase": " in another class"}, {"speaker": "LYNN", "phrase": " so it was kinda review for us."}, {"speaker": "LYNN", "phrase": " well it was review for some people"}, {"speaker": "LYNN", "phrase": " depend on what time of the year you took it."}, {"speaker": "LYNN", "phrase": " You know."}, {"speaker": "LYNN", "phrase": " if it was review or not."}, {"speaker": "LYNN", "phrase": " But"}, {"speaker": "LYNN", "phrase": " anyway"}, {"speaker": "LYNN", "phrase": " um"}, {"speaker": "LYNN", "phrase": " what was I gonna say."}, {"speaker": "LYNN", "phrase": " I forgot what I was..."}, {"speaker": "LENO", "phrase": " You said you never made the horseshoes."}, {"speaker": "LYNN", "phrase": " gonna say."}, {"speaker": "LENO", "phrase": " but."}, {"speaker": "LYNN", "phrase": " Well"}, {"speaker": "LYNN", "phrase": " \u0294uh um"}, {"speaker": "LYNN", "phrase": " \u0294uh when we putthemon horse's hoof"}, {"speaker": "LYNN", "phrase": " all we do"}, {"speaker": "LYNN", "phrase": " they're already made."}, {"speaker": "LYNN", "phrase": " they're round."}, {"speaker": "LYNN", "phrase": " we pick out size."}, {"speaker": "LYNN", "phrase": " you know we'd"}, {"speaker": "LYNN", "phrase": " like look at the horse's hoof"}, {"speaker": "LYNN", "phrase": " and say"}, {"speaker": "LYNN", "phrase": " okay"}, {"speaker": "LYNN", "phrase": " this is doubleaught."}, {"speaker": "LYNN", "phrase": " this is an aught."}, {"speaker": "LYNN", "phrase": " this is"}, {"speaker": "LYNN", "phrase": " you know."}, {"speaker": "LYNN", "phrase": " what."}, {"speaker": "LYNN", "phrase": " what size."}, {"speaker": "LYNN", "phrase": " and doubleaught and aught"}, {"speaker": "LYNN", "phrase": " \u0294uh are the ones that are most popular."}, {"speaker": "LYNN", "phrase": " \u0294uh For"}, {"speaker": "LYNN", "phrase": " you know"}, {"speaker": "LYNN", "phrase": " the light horse."}, {"speaker": "LYNN", "phrase": " You know"}, {"speaker": "LYNN", "phrase": " I mean"}, {"speaker": "LYNN", "phrase": " you get into the big horses"}, {"speaker": "LYNN", "phrase": " the."}, {"speaker": "LYNN", "phrase": " like the Clydesdales"}, {"speaker": "LYNN", "phrase": " Shires"}, {"speaker": "LYNN", "phrase": " that's."}, {"speaker": "LYNN", "phrase": " whole different thing."}, {"speaker": "LYNN", "phrase": " Or ponies"}, {"speaker": "LYNN", "phrase": " that's whole different thing."}, {"speaker": "LYNN", "phrase": " But we're talking just the regular"}, {"speaker": "LYNN", "phrase": " light horses you know."}, {"speaker": "LYNN", "phrase": " And"}, {"speaker": "LYNN", "phrase": " aught and aught."}, {"speaker": "LYNN", "phrase": " \u0294uh \u0294aught"}, {"speaker": "LYNN", "phrase": " and doubleaught"}, {"speaker": "LYNN", "phrase": " are the two sizes."}, {"speaker": "LYNN", "phrase": " Well anyway"}, {"speaker": "LYNN", "phrase": " you go get your."}, {"speaker": "LYNN", "phrase": " Okay"}, {"speaker": "LYNN", "phrase": " this is after you trimmed em."}, {"speaker": "LYNN", "phrase": " And you go get your shoe"}, {"speaker": "LYNN", "phrase": " It's already made."}, {"speaker": "LYNN", "phrase": " It's already round."}, {"speaker": "LYNN", "phrase": " You pick out your size."}, {"speaker": "LYNN", "phrase": " \u0294uYou go look"}, {"speaker": "LYNN", "phrase": " and every horse's hoof is shaped different."}, {"speaker": "LYNN", "phrase": " It doesn't matter."}, {"speaker": "LYNN", "phrase": " every horse is gonna have little different shape."}, {"speaker": "LYNN", "phrase": " And so what you have to do."}, {"speaker": "LENO", "phrase": " So every."}, {"speaker": "LENO", "phrase": " every uh"}, {"speaker": "LENO", "phrase": " horseshoe is made."}, {"speaker": "LENO", "phrase": " custommade for the horse then ?"}, {"speaker": "LYNN", "phrase": " No no."}, {"speaker": "LYNN", "phrase": " No."}, {"speaker": "LYNN", "phrase": " What."}, {"speaker": "LYNN", "phrase": " What we do"}, {"speaker": "LYNN", "phrase": " then that's that's where the ferrier comes in."}, {"speaker": "LYNN", "phrase": " Every shoe"}, {"speaker": "LYNN", "phrase": " is like"}, {"speaker": "LYNN", "phrase": " you order"}, {"speaker": "LYNN", "phrase": " you know"}, {"speaker": "LYNN", "phrase": " I would like case of doubleaught shoes."}, {"speaker": "LYNN", "phrase": " You'd."}, {"speaker": "LYNN", "phrase": " The ferrier gets em."}, {"speaker": "LYNN", "phrase": " You know"}, {"speaker": "LYNN", "phrase": " that's the way it goes"}, {"speaker": "LYNN", "phrase": " And then"}, {"speaker": "LYNN", "phrase": " \u0294uh Our job"}, {"speaker": "LYNN", "phrase": " is to shape the shoe"}, {"speaker": "LYNN", "phrase": " to the horse's foot."}, {"speaker": "LYNN", "phrase": " And that"}, {"speaker": "LYNN", "phrase": " it it sounds easy"}, {"speaker": "LYNN", "phrase": " but it's really hard to do."}, {"speaker": "LYNN", "phrase": " I mean"}, {"speaker": "LYNN", "phrase": " some ofthemyou have to"}, {"speaker": "LYNN", "phrase": " \u0294uh you know"}, {"speaker": "LYNN", "phrase": " like say"}, {"speaker": "LYNN", "phrase": " okay"}, {"speaker": "LYNN", "phrase": " say your shoe's \u0294uh like this ?"}, {"speaker": "LYNN", "phrase": " and your horse's foot is just really wide or something ?"}, {"speaker": "LYNN", "phrase": " Well then you have to put it on the anvil"}, {"speaker": "LYNN", "phrase": " and get the shoe stretched out"}, {"speaker": "LYNN", "phrase": " well then once you stretch the shoe out"}, {"speaker": "LYNN", "phrase": " well then"}, {"speaker": "LYNN", "phrase": " the two corners."}, {"speaker": "LYNN", "phrase": " they go out"}, {"speaker": "LYNN", "phrase": " too."}, {"speaker": "LYNN", "phrase": " you know"}, {"speaker": "LYNN", "phrase": " okay your shoe's like this ?"}, {"speaker": "LYNN", "phrase": " You stretch this out"}, {"speaker": "LYNN", "phrase": " well then it's gonna make these go way out"}, {"speaker": "LYNN", "phrase": " too"}, {"speaker": "LYNN", "phrase": " and they get like this ?"}, {"speaker": "LENO", "phrase": " Right."}, {"speaker": "LYNN", "phrase": " then you have to round these back"}, {"speaker": "LYNN", "phrase": " you know ?"}, {"speaker": "LYNN", "phrase": " It's just"}, {"speaker": "LYNN", "phrase": " \u0294uh \u0294it it sounds easy"}, {"speaker": "LYNN", "phrase": " but it's really hard to do"}, {"speaker": "LYNN", "phrase": " and then"}, {"speaker": "LYNN", "phrase": " I would never do it"}, {"speaker": "LYNN", "phrase": " cause I'd never trust myself to do it."}, {"speaker": "LYNN", "phrase": " I mean we had to do it."}, {"speaker": "LENO", "phrase": "PAUSE"}, {"speaker": "LYNN", "phrase": " but"}, {"speaker": "LYNN", "phrase": " it's just that people would volunteer their horses to the college"}, {"speaker": "LYNN", "phrase": " because"}, {"speaker": "LYNN", "phrase": " it costs like thirty bucks to get your horse shod."}, {"speaker": "LYNN", "phrase": " I mean"}, {"speaker": "LYNN", "phrase": " that's just how much it costs."}, {"speaker": "LYNN", "phrase": " Could you imagine all those horses out there"}, {"speaker": "LYNN", "phrase": " if we hadthemall shod ?"}, {"speaker": "LYNN", "phrase": " that's..."}, {"speaker": "LENO", "phrase": " How many have you got."}, {"speaker": "LYNN", "phrase": " thirty bucks"}, {"speaker": "LYNN", "phrase": " for twenty..."}, {"speaker": "LENO", "phrase": " twenty."}, {"speaker": "LYNN", "phrase": " twentyeight horses"}, {"speaker": "LYNN", "phrase": " you know ?"}, {"speaker": "LYNN", "phrase": " I mean"}, {"speaker": "LYNN", "phrase": " Jesus"}, {"speaker": "LYNN", "phrase": " that would be nine hundred dollars"}, {"speaker": "LYNN", "phrase": " just like that."}, {"speaker": "LYNN", "phrase": " I mean"}, {"speaker": "LYNN", "phrase": " could you imagine ?"}, {"speaker": "LYNN", "phrase": " So"}, {"speaker": "LYNN", "phrase": " you know"}, {"speaker": "LYNN", "phrase": " like"}, {"speaker": "LYNN", "phrase": " lot of people"}, {"speaker": "LYNN", "phrase": " that have lot of horses and stuff"}, {"speaker": "LYNN", "phrase": " and that they're riding lot"}, {"speaker": "LYNN", "phrase": " they'll just"}, {"speaker": "LYNN", "phrase": " let the college kids do em."}, {"speaker": "LYNN", "phrase": " Forthemyou know."}, {"speaker": "LYNN", "phrase": " They're taking the risk"}, {"speaker": "LYNN", "phrase": " of having their horse get lame"}, {"speaker": "LYNN", "phrase": " but"}, {"speaker": "LYNN", "phrase": " It really never happens"}, {"speaker": "LYNN", "phrase": " cause we have our instructor right there"}, {"speaker": "LYNN", "phrase": " telling us"}, {"speaker": "LYNN", "phrase": " this is what you do."}, {"speaker": "LYNN", "phrase": " And it's not like"}, {"speaker": "LYNN", "phrase": " there's person that's just gung ho"}, {"speaker": "LYNN", "phrase": " and goes and just"}, {"speaker": "LYNN", "phrase": " trims their feet"}, {"speaker": "LYNN", "phrase": " and puts the shoe on"}, {"speaker": "LYNN", "phrase": " you know"}, {"speaker": "LYNN", "phrase": " you you you can't do that."}, {"speaker": "LYNN", "phrase": " And so we have our instructor right there"}, {"speaker": "LYNN", "phrase": " and we asked million questions"}, {"speaker": "LYNN", "phrase": " all the time I mean"}, {"speaker": "LYNN", "phrase": " he."}, {"speaker": "LYNN", "phrase": " he just runs around."}, {"speaker": "LYNN", "phrase": " everywhere."}, {"speaker": "LYNN", "phrase": " you know."}, {"speaker": "LYNN", "phrase": " so it's \u0294uh."}, {"speaker": "LYNN", "phrase": " But uh"}, {"speaker": "LYNN", "phrase": " What was I gonna say."}, {"speaker": "LYNN", "phrase": " \u0294uh Oh"}, {"speaker": "LYNN", "phrase": " and it's really tiring though."}, {"speaker": "LYNN", "phrase": " And it \u0294uh."}, {"speaker": "LYNN", "phrase": " you know like"}, {"speaker": "LYNN", "phrase": " you get."}, {"speaker": "LYNN", "phrase": " I've only done like"}, {"speaker": "LYNN", "phrase": " well"}, {"speaker": "LYNN", "phrase": " at the\u0294 end of the year"}, {"speaker": "LYNN", "phrase": " now see"}, {"speaker": "LYNN", "phrase": " I took the second half of the course."}, {"speaker": "LYNN", "phrase": " And"}, {"speaker": "LYNN", "phrase": " \u0294uh right now"}, {"speaker": "LYNN", "phrase": " I've probably"}, {"speaker": "LYNN", "phrase": " only shod about"}, {"speaker": "LYNN", "phrase": " five horses."}, {"speaker": "LYNN", "phrase": " Trimmed lot of em."}, {"speaker": "LYNN", "phrase": " And you know what we start out with ?"}, {"speaker": "LYNN", "phrase": " This is the grossest of everything."}, {"speaker": "LENO", "phrase": " What."}, {"speaker": "LYNN", "phrase": " We start out"}, {"speaker": "LYNN", "phrase": " with"}, {"speaker": "LYNN", "phrase": " dead horse hooves."}, {"speaker": "LYNN", "phrase": " I mean"}, {"speaker": "LYNN", "phrase": " \u0294uh \u0294uh you know"}, {"speaker": "LYNN", "phrase": " the\u0294 the canneries"}, {"speaker": "LYNN", "phrase": " you know and stuff you know ?"}, {"speaker": "LYNN", "phrase": " The people that."}, {"speaker": "LYNN", "phrase": " that."}, {"speaker": "LYNN", "phrase": " kill the horses for meat and stuff ?"}, {"speaker": "LYNN", "phrase": " You know they have all these legs and stuff ?"}, {"speaker": "LYNN", "phrase": " And."}, {"speaker": "LYNN", "phrase": " I don't know"}, {"speaker": "LYNN", "phrase": " everybody \u0294uh..."}, {"speaker": "LENO", "phrase": " I thought they used the the horsehooves in for gelatin"}, {"speaker": "LENO", "phrase": " That's not so ?"}, {"speaker": "LYNN", "phrase": " You know"}, {"speaker": "LYNN", "phrase": " I think they do"}, {"speaker": "LYNN", "phrase": " I think lot of times"}, {"speaker": "LYNN", "phrase": " but"}, {"speaker": "LYNN", "phrase": " then they"}, {"speaker": "LYNN", "phrase": " they probably usethemfor."}, {"speaker": "LYNN", "phrase": " I don't know what all they usethemfor."}, {"speaker": "LYNN", "phrase": " But anyway"}, {"speaker": "LYNN", "phrase": " we get these horse hooves"}, {"speaker": "LYNN", "phrase": " from this one cannery"}, {"speaker": "LYNN", "phrase": " they."}, {"speaker": "LYNN", "phrase": " they have to go"}, {"speaker": "LYNN", "phrase": "long ways to go get them"}, {"speaker": "LYNN", "phrase": " like back East somewhere"}, {"speaker": "LYNN", "phrase": " to get these horse hooves."}, {"speaker": "LYNN", "phrase": " For the college."}, {"speaker": "LYNN", "phrase": " They go back \u0294uh East"}, {"speaker": "LYNN", "phrase": " and they get em."}, {"speaker": "LYNN", "phrase": " and they freezethemyou know ?"}, {"speaker": "LYNN", "phrase": " So we have this frozen horse hoof"}, {"speaker": "LYNN", "phrase": " that we have to start out on"}, {"speaker": "LYNN", "phrase": " cause you don't want to cripple up really good horse"}, {"speaker": "LYNN", "phrase": " and like"}, {"speaker": "LYNN", "phrase": " my first hoof"}, {"speaker": "LYNN", "phrase": " that horse would have been"}, {"speaker": "LYNN", "phrase": " lame"}, {"speaker": "LYNN", "phrase": " like crazy."}, {"speaker": "LYNN", "phrase": " But"}, {"speaker": "LYNN", "phrase": " it was just"}, {"speaker": "LYNN", "phrase": " and"}, {"speaker": "LYNN", "phrase": " oh"}, {"speaker": "LYNN", "phrase": " God"}, {"speaker": "LYNN", "phrase": " it's so gross"}, {"speaker": "LYNN", "phrase": " because"}, {"speaker": "LYNN", "phrase": " sometimes if you get one that's been thawed out little bit"}, {"speaker": "LYNN", "phrase": " they start really stinking and stuff ?"}, {"speaker": "LYNN", "phrase": " Oh"}, {"speaker": "LYNN", "phrase": " it's the grossest thing."}, {"speaker": "LYNN", "phrase": " Oh"}, {"speaker": "LYNN", "phrase": " it's just so icky."}, {"speaker": "LYNN", "phrase": " I mean"}, {"speaker": "LYNN", "phrase": " you have this piece of horse laugh."}, {"speaker": "LYNN", "phrase": " I mean this leg that's"}, {"speaker": "LYNN", "phrase": " oh"}, {"speaker": "LYNN", "phrase": " it's just gross."}, {"speaker": "LYNN", "phrase": "And like in some of them?"}, {"speaker": "LYNN", "phrase": " blood will spurt out"}, {"speaker": "LYNN", "phrase": " you know"}, {"speaker": "LYNN", "phrase": " and I mean"}, {"speaker": "LYNN", "phrase": " oh."}, {"speaker": "LYNN", "phrase": " It's nothing laugh."}, {"speaker": "LYNN", "phrase": " SM it's the grossest thing SM."}, {"speaker": "LYNN", "phrase": " And that's why."}, {"speaker": "LYNN", "phrase": " that's probably why they have to make that class mandatory"}, {"speaker": "LYNN", "phrase": " because at the beginning of the year"}, {"speaker": "LYNN", "phrase": " it's just the\u0294."}, {"speaker": "LYNN", "phrase": " it's the pits."}, {"speaker": "LYNN", "phrase": " But once you get into it"}, {"speaker": "LYNN", "phrase": " it's the funnest thing and"}, {"speaker": "LYNN", "phrase": " you know"}, {"speaker": "LYNN", "phrase": " it's really interesting"}, {"speaker": "LYNN", "phrase": " to do stuff like that."}, {"speaker": "LYNN", "phrase": " But"}, {"speaker": "LYNN", "phrase": " I would have never got into that class"}, {"speaker": "LYNN", "phrase": " if."}, {"speaker": "LYNN", "phrase": " there's no way"}, {"speaker": "LYNN", "phrase": " if I didn't have to have it"}, {"speaker": "LYNN", "phrase": " there's no way."}, {"speaker": "LYNN", "phrase": " I mean"}, {"speaker": "LYNN", "phrase": " I heard everybody saying."}, {"speaker": "LYNN", "phrase": " you know"}, {"speaker": "LYNN", "phrase": " like the people that took the class before"}, {"speaker": "LYNN", "phrase": " talking about"}, {"speaker": "LYNN", "phrase": " Oh"}, {"speaker": "LYNN", "phrase": " you have to do this"}, {"speaker": "LYNN", "phrase": " you have to do that"}, {"speaker": "LYNN", "phrase": " there's dead horse hooves"}, {"speaker": "LYNN", "phrase": " you know you gotta"}, {"speaker": "LYNN", "phrase": " and they stink"}, {"speaker": "LYNN", "phrase": " and all this other stuff"}, {"speaker": "LYNN", "phrase": " and I was just going"}, {"speaker": "LYNN", "phrase": " oh my God"}, {"speaker": "LYNN", "phrase": " I'm never."}, {"speaker": "LYNN", "phrase": " I don't want to take that class."}, {"speaker": "LYNN", "phrase": " so maybe I'll wait till next year"}, {"speaker": "LYNN", "phrase": " and then I thought"}, {"speaker": "LYNN", "phrase": " no"}, {"speaker": "LYNN", "phrase": " I'll get it out of the way now."}, {"speaker": "LYNN", "phrase": " And then once I got into it"}, {"speaker": "LYNN", "phrase": " geez"}, {"speaker": "LYNN", "phrase": " I wanna take the second half of it"}, {"speaker": "LYNN", "phrase": " it was just really interesting to me"}, {"speaker": "LYNN", "phrase": " you know ?"}, {"speaker": "LYNN", "phrase": " But"}, {"speaker": "LYNN", "phrase": " at first it was kind of bummer."}, {"speaker": "LYNN", "phrase": " But"}, {"speaker": "LYNN", "phrase": " I'm glad I took it."}, {"speaker": "LYNN", "phrase": " Really glad."}, {"speaker": "LYNN", "phrase": " It pays off."}, {"speaker": "LYNN", "phrase": " Especially"}, {"speaker": "LYNN", "phrase": " \u0294uh you know"}, {"speaker": "LYNN", "phrase": " twelve bucks"}, {"speaker": "LYNN", "phrase": " for trim."}, {"speaker": "LYNN", "phrase": " I mean that's twelve bucks"}, {"speaker": "LYNN", "phrase": " every time I can go out"}, {"speaker": "LYNN", "phrase": " and trim my own horse's hooves."}, {"speaker": "LENO", "phrase": " Right."}, {"speaker": "LYNN", "phrase": " You know"}, {"speaker": "LYNN", "phrase": " and I wouldn't trust myself to do it"}, {"speaker": "LYNN", "phrase": " with"}, {"speaker": "LYNN", "phrase": " horse that I was really using lot"}, {"speaker": "LYNN", "phrase": " or anything"}, {"speaker": "LYNN", "phrase": " but the ones that are standing around"}, {"speaker": "LYNN", "phrase": " that's still twelve dollars"}, {"speaker": "LYNN", "phrase": " you know"}, {"speaker": "LYNN", "phrase": " I mean whether the horse being used lot or not"}, {"speaker": "LYNN", "phrase": " that's twelve bucks."}, {"speaker": "LYNN", "phrase": " and"}, {"speaker": "LYNN", "phrase": " shoot"}, {"speaker": "LYNN", "phrase": " I can do those"}, {"speaker": "LYNN", "phrase": " you know ?"}, {"speaker": "LYNN", "phrase": " But"}, {"speaker": "LYNN", "phrase": " I always have"}, {"speaker": "LYNN", "phrase": " anybody."}, {"speaker": "LYNN", "phrase": " I always have somebody that really knows what they're doing"}, {"speaker": "LYNN", "phrase": " for the horses that I'm really really using."}, {"speaker": "LYNN", "phrase": " But anyway"}, {"speaker": "LYNN", "phrase": " I wanna wait until the morning."}, {"speaker": "LYNN", "phrase": " to do that."}, {"speaker": "LYNN", "phrase": " because"}, {"speaker": "LYNN", "phrase": " It's just"}, {"speaker": "LYNN", "phrase": " too hot in the afternoon"}, {"speaker": "LYNN", "phrase": " to try to sit out there."}, {"speaker": "LYNN", "phrase": " I mean you can get"}, {"speaker": "LYNN", "phrase": " just"}, {"speaker": "LYNN", "phrase": " exhausted."}, {"speaker": "LYNN", "phrase": " Anyway"}, {"speaker": "LYNN", "phrase": " I was gonna tell you about that."}, {"speaker": "LYNN", "phrase": " the girl"}, {"speaker": "LYNN", "phrase": " you know"}, {"speaker": "LYNN", "phrase": " there isn't very many"}, {"speaker": "LYNN", "phrase": " ferrier girls you know ?"}, {"speaker": "LYNN", "phrase": " And her heart."}, {"speaker": "LYNN", "phrase": " That do this ?"}, {"speaker": "LYNN", "phrase": " This summer I met one."}, {"speaker": "LYNN", "phrase": " Jorgensen's"}, {"speaker": "LYNN", "phrase": " they have one shoer"}, {"speaker": "LYNN", "phrase": " that comes to their house"}, {"speaker": "LYNN", "phrase": " all the time"}, {"speaker": "LYNN", "phrase": " they've had him for years and years and years."}, {"speaker": "LYNN", "phrase": " And I guess like in Minnesota it's real wet"}, {"speaker": "LYNN", "phrase": " and stuff you know ?"}, {"speaker": "LYNN", "phrase": " So like"}, {"speaker": "LYNN", "phrase": " they really have to watch their shoes"}, {"speaker": "LYNN", "phrase": " for not coming off"}, {"speaker": "LYNN", "phrase": " because the hoof wall"}, {"speaker": "LYNN", "phrase": " is so much softer."}, {"speaker": "LYNN", "phrase": " It's like"}, {"speaker": "LYNN", "phrase": " when you're down there"}, {"speaker": "LYNN", "phrase": " your hands are softer and everything you know"}, {"speaker": "LYNN", "phrase": " and they're not as dry or anything ?"}, {"speaker": "LYNN", "phrase": " When you get back here"}, {"speaker": "LYNN", "phrase": " we have dry hooves."}, {"speaker": "LYNN", "phrase": " we have to watch out for like uh"}, {"speaker": "LYNN", "phrase": " like the hooves being too dry."}, {"speaker": "LYNN", "phrase": " we have to put ointment onthemand stuff."}, {"speaker": "LYNN", "phrase": "PAUSE"}, {"speaker": "LYNN", "phrase": " Back there they're too wet."}, {"speaker": "LYNN", "phrase": " Not this time of the year"}, {"speaker": "LYNN", "phrase": " because"}, {"speaker": "LYNN", "phrase": " you know"}, {"speaker": "LYNN", "phrase": " they've had dry year"}, {"speaker": "LYNN", "phrase": " but"}, {"speaker": "LYNN", "phrase": " usually they're too wet"}, {"speaker": "LYNN", "phrase": " and."}, {"speaker": "LYNN", "phrase": " that shoe can just pull right off"}, {"speaker": "LYNN", "phrase": " because it's just"}, {"speaker": "LYNN", "phrase": " the hoof wall is so soft."}, {"speaker": "LENO", "phrase": " Yeah."}, {"speaker": "LYNN", "phrase": " It seems weird"}, {"speaker": "LYNN", "phrase": " that that's like that."}, {"speaker": "LENO", "phrase": "PAUSE"}, {"speaker": "LYNN", "phrase": " you know"}, {"speaker": "LYNN", "phrase": " and I."}, {"speaker": "LYNN", "phrase": " I never knew that"}, {"speaker": "LYNN", "phrase": " until I took this class"}, {"speaker": "LYNN", "phrase": " either."}, {"speaker": "LYNN", "phrase": " I didn't realize that."}, {"speaker": "LYNN", "phrase": " you know"}, {"speaker": "LYNN", "phrase": " if you think about it"}, {"speaker": "LYNN", "phrase": " yeah"}, {"speaker": "LYNN", "phrase": " if it rains lot"}, {"speaker": "LYNN", "phrase": " the horse is always wet ?"}, {"speaker": "LYNN", "phrase": " And it's always moist"}, {"speaker": "LYNN", "phrase": " and it's always on something moist ?"}, {"speaker": "LENO", "phrase": " Yeah."}, {"speaker": "LYNN", "phrase": " Sure it's gonna be softer."}, {"speaker": "LYNN", "phrase": " But I never even thought about that until I took this class."}, {"speaker": "LYNN", "phrase": " So it's."}, {"speaker": "LYNN", "phrase": " you know that's kinda stuff too that you think about."}, {"speaker": "LYNN", "phrase": " But anyway"}, {"speaker": "LYNN", "phrase": " they always have this one horseshoer"}, {"speaker": "LYNN", "phrase": " and"}, {"speaker": "LYNN", "phrase": " this girl's been in this ferrier"}, {"speaker": "LYNN", "phrase": " uh"}, {"speaker": "LYNN", "phrase": " she's going to an actual ferrier college."}, {"speaker": "LYNN", "phrase": " They have lot of those around."}, {"speaker": "LYNN", "phrase": " lot."}, {"speaker": "LYNN", "phrase": "And she's going to one of them"}, {"speaker": "LYNN", "phrase": " and she's been going for"}, {"speaker": "LYNN", "phrase": " like nine months."}, {"speaker": "LYNN", "phrase": " to this one"}, {"speaker": "LYNN", "phrase": " and she's still got lot more."}, {"speaker": "DORI", "phrase": " Where is the"}, {"speaker": "DORI", "phrase": " uh."}, {"speaker": "LYNN", "phrase": " left to go."}, {"speaker": "LYNN", "phrase": " What ?"}, {"speaker": "DORI", "phrase": " Where is the."}, {"speaker": "LYNN", "phrase": " Oh."}, {"speaker": "LYNN", "phrase": " Right here."}, {"speaker": "DORI", "phrase": " Guess I'll put it on"}, {"speaker": "DORI", "phrase": " it's not on"}, {"speaker": "DORI", "phrase": "PAUSE"}, {"speaker": "LYNN", "phrase": " But \u0294anyway"}, {"speaker": "LYNN", "phrase": " She has"}, {"speaker": "LYNN", "phrase": " um"}, {"speaker": "LYNN", "phrase": " she."}, {"speaker": "LYNN", "phrase": " he's like taking her as."}, {"speaker": "LYNN", "phrase": " \u0294uh you know"}, {"speaker": "LYNN", "phrase": " helping her out"}, {"speaker": "LYNN", "phrase": " and stuff"}, {"speaker": "LYNN", "phrase": " you know"}, {"speaker": "LYNN", "phrase": " for the summer"}, {"speaker": "LYNN", "phrase": " she's been working with him all summer ?"}, {"speaker": "LYNN", "phrase": " And"}, {"speaker": "LYNN", "phrase": " it's laugh really different"}, {"speaker": "LYNN", "phrase": " to see girl doing it."}, {"speaker": "LYNN", "phrase": " you know."}, {"speaker": "LYNN", "phrase": " you just \u0294uh don't see that."}, {"speaker": "ENV", "phrase": "PAUSE"}, {"speaker": "LYNN", "phrase": " at all."}, {"speaker": "LYNN", "phrase": " ever."}, {"speaker": "LYNN", "phrase": " Jorgensen's have a g."}, {"speaker": "LYNN", "phrase": " or."}, {"speaker": "LYNN", "phrase": " you know guy"}, {"speaker": "LYNN", "phrase": " they've had guy being horseshoer for"}, {"speaker": "LYNN", "phrase": " long time you know ?"}, {"speaker": "LYNN", "phrase": " And they"}, {"speaker": "LYNN", "phrase": " are um"}, {"speaker": "LYNN", "phrase": " there's this girl"}, {"speaker": "LYNN", "phrase": " that's working with him"}, {"speaker": "LYNN", "phrase": " for the summer ?"}, {"speaker": "DORI", "phrase": " Unhunh."}, {"speaker": "LYNN", "phrase": " And she's gonna be ferrier."}, {"speaker": "DORI", "phrase": " Yeah."}, {"speaker": "LYNN", "phrase": " I couldn't believe it."}, {"speaker": "LYNN", "phrase": " And she's just little."}, {"speaker": "LYNN", "phrase": " She's tiny girl"}, {"speaker": "LYNN", "phrase": " but"}, {"speaker": "LYNN", "phrase": " boy I tell you"}, {"speaker": "LYNN", "phrase": " she's got arms the size of."}, {"speaker": "LYNN", "phrase": " they're huge."}, {"speaker": "LYNN", "phrase": " but she must only."}, {"speaker": "LYNN", "phrase": " What is blowing out of there."}, {"speaker": "DORI", "phrase": " Well"}, {"speaker": "DORI", "phrase": " that's what happens with that air conditioner."}, {"speaker": "DORI", "phrase": " it's just."}, {"speaker": "DORI", "phrase": " it gets dust accumulated in it"}, {"speaker": "DORI", "phrase": " see it's all over the TV."}, {"speaker": "LYNN", "phrase": " It was just on last night"}, {"speaker": "LYNN", "phrase": " how does it get dust in it already."}, {"speaker": "DORI", "phrase": " Well"}, {"speaker": "DORI", "phrase": " I."}, {"speaker": "DORI", "phrase": " It Mae Lynne"}, {"speaker": "DORI", "phrase": " for one thing the filters are dirty because it it so."}, {"speaker": "DORI", "phrase": " been so dry."}, {"speaker": "DORI", "phrase": " And the."}, {"speaker": "DORI", "phrase": " it all comes across"}, {"speaker": "DORI", "phrase": " the road."}, {"speaker": "DORI", "phrase": " you know ?"}, {"speaker": "DORI", "phrase": " and"}, {"speaker": "DORI", "phrase": " and then it builds up real bad with"}, {"speaker": "DORI", "phrase": " deposits"}, {"speaker": "DORI", "phrase": " out of the water."}, {"speaker": "LYNN", "phrase": " Oh."}, {"speaker": "DORI", "phrase": " In other words I should be change filters."}, {"speaker": "LYNN", "phrase": " Ugh."}, {"speaker": "LYNN", "phrase": " God."}, {"speaker": "DORI", "phrase": " I know."}, {"speaker": "DORI", "phrase": " It won't last long."}, {"speaker": "DORI", "phrase": " But"}, {"speaker": "DORI", "phrase": " it sure does make mess in the house."}, {"speaker": "LYNN", "phrase": " Yeah."}, {"speaker": "LYNN", "phrase": " it makes mess."}, {"speaker": "DORI", "phrase": " I need new filters."}, {"speaker": "DORI", "phrase": "PAUSE"}, {"speaker": "LYNN", "phrase": " Anyway"}, {"speaker": "LYNN", "phrase": " this girl must only weigh like"}, {"speaker": "LYNN", "phrase": " hundred and ten pounds."}, {"speaker": "LYNN", "phrase": " I mean"}, {"speaker": "LYNN", "phrase": " she's just little shit."}, {"speaker": "LYNN", "phrase": " and she's out there"}, {"speaker": "LYNN", "phrase": " and she's got huge arms."}, {"speaker": "LYNN", "phrase": " I mean she's in shape like you can't believe."}, {"speaker": "LYNN", "phrase": " She's out laugh there just"}, {"speaker": "LYNN", "phrase": " working away."}, {"speaker": "LYNN", "phrase": " And"}, {"speaker": "LYNN", "phrase": " those guys are so used to it"}, {"speaker": "LYNN", "phrase": " that they do it all day long."}, {"speaker": "LYNN", "phrase": " you know."}, {"speaker": "LENO", "phrase": " Mhm."}, {"speaker": "LYNN", "phrase": " And that doesn't botherthembit"}, {"speaker": "LYNN", "phrase": " to just go out there and"}, {"speaker": "LYNN", "phrase": " trim and trim and trim."}, {"speaker": "LYNN", "phrase": " And shoe"}, {"speaker": "LYNN", "phrase": " and everything"}, {"speaker": "LYNN", "phrase": " but"}, {"speaker": "LYNN", "phrase": " for me"}, {"speaker": "LYNN", "phrase": " that's something I'm not used to."}, {"speaker": "LYNN", "phrase": " and boy I tell you."}, {"speaker": "LYNN", "phrase": " you just."}, {"speaker": "LYNN", "phrase": " sweat just rolls off of you."}, {"speaker": "LYNN", "phrase": " I laugh just"}, {"speaker": "LYNN", "phrase": " it's tiring."}, {"speaker": "LYNN", "phrase": " The very."}, {"speaker": "LYNN", "phrase": " \u0294uh at the very beginning"}, {"speaker": "LYNN", "phrase": " when we first started doing it"}, {"speaker": "LYNN", "phrase": " we only did like one hoof ?"}, {"speaker": "LYNN", "phrase": " Then we moved up to two"}, {"speaker": "LYNN", "phrase": " Then we moved up to full horse"}, {"speaker": "LYNN", "phrase": " you know ?"}, {"speaker": "LYNN", "phrase": " And"}, {"speaker": "LYNN", "phrase": " We were just slowly got in shape."}, {"speaker": "LYNN", "phrase": " doing that."}, {"speaker": "LYNN", "phrase": " you know ?"}, {"speaker": "LYNN", "phrase": " But now if I went to do that ?"}, {"speaker": "LYNN", "phrase": " Holy smokes."}, {"speaker": "LYNN", "phrase": " I'd never be able to handle laugh it."}, {"speaker": "LENO", "phrase": " Why."}, {"speaker": "LYNN", "phrase": " It's just."}, {"speaker": "LYNN", "phrase": " it's."}, {"speaker": "LYNN", "phrase": " it's hard work."}, {"speaker": "LYNN", "phrase": " It is really hard work."}, {"speaker": "LYNN", "phrase": " You're bent over"}, {"speaker": "LYNN", "phrase": " and it's \u0294uh."}, {"speaker": "LYNN", "phrase": " you know"}, {"speaker": "LYNN", "phrase": " it takes like."}, {"speaker": "LYNN", "phrase": " I don't know why you sweat so bad doing it either"}, {"speaker": "LYNN", "phrase": " but you just"}, {"speaker": "LYNN", "phrase": " oh"}, {"speaker": "LYNN", "phrase": " it's just"}, {"speaker": "LYNN", "phrase": " it's just hard hard work."}, {"speaker": "LYNN", "phrase": " It'."}, {"speaker": "LYNN", "phrase": " it doesn't seem like it would be"}, {"speaker": "LYNN", "phrase": " but"}, {"speaker": "LYNN", "phrase": " it is."}, {"speaker": "LYNN", "phrase": " It's really takes lot of muscles to do it too."}, {"speaker": "LYNN", "phrase": " I mean lot."}, {"speaker": "LYNN", "phrase": " Those."}, {"speaker": "LYNN", "phrase": " It's hard."}, {"speaker": "LENO", "phrase": " You don't get kicked lot ?"}, {"speaker": "LYNN", "phrase": " I've never been kicked"}, {"speaker": "LYNN", "phrase": " ever."}, {"speaker": "LYNN", "phrase": " But like"}, {"speaker": "LYNN", "phrase": " those college is course"}, {"speaker": "LYNN", "phrase": " you know"}, {"speaker": "LYNN", "phrase": " like I was talking"}, {"speaker": "LYNN", "phrase": " our horses are little better than"}, {"speaker": "LYNN", "phrase": " most people's horse"}, {"speaker": "LYNN", "phrase": " cause they've been around people lot ?"}, {"speaker": "LYNN", "phrase": " And they\u0294"}, {"speaker": "LYNN", "phrase": " they don't get by with stuff."}, {"speaker": "LYNN", "phrase": " I mean"}, {"speaker": "LYNN", "phrase": " we do get mad at our horses for"}, {"speaker": "LYNN", "phrase": " you know"}, {"speaker": "LYNN", "phrase": " whatever they do wrong"}, {"speaker": "LYNN", "phrase": "we do get mad at them"}, {"speaker": "LYNN", "phrase": " like I noticed"}, {"speaker": "LYNN", "phrase": " horses at college"}, {"speaker": "LYNN", "phrase": " they just haven't been disciplined enough."}, {"speaker": "LYNN", "phrase": " and they're just"}, {"speaker": "LYNN", "phrase": " it's like kid"}, {"speaker": "LYNN", "phrase": " they're just"}, {"speaker": "LYNN", "phrase": " are ornery"}, {"speaker": "LYNN", "phrase": " you know ?"}, {"speaker": "LYNN", "phrase": " And like"}, {"speaker": "LYNN", "phrase": " they'll move around"}, {"speaker": "LYNN", "phrase": " and"}, {"speaker": "LYNN", "phrase": " \u0294uh kinda be ornery about half way"}, {"speaker": "LYNN", "phrase": " but not not too bad."}, {"speaker": "LYNN", "phrase": " I've never been kicked doing it at all."}, {"speaker": "LYNN", "phrase": " And that's another thing we had to learn in the class you know"}, {"speaker": "LYNN", "phrase": " just had to learn our safety of"}, {"speaker": "LYNN", "phrase": " where to stand"}, {"speaker": "LYNN", "phrase": " and how to stand"}, {"speaker": "LYNN", "phrase": " You have to stand like these certain ways"}, {"speaker": "LYNN", "phrase": " and"}, {"speaker": "LYNN", "phrase": " oh and it's killer on your back"}, {"speaker": "LYNN", "phrase": " cause you're standing like this."}, {"speaker": "LYNN", "phrase": " Oh I'm sorry Berry."}, {"speaker": "LYNN", "phrase": " You're standing..."}, {"speaker": "ENV", "phrase": "PAUSE"}, {"speaker": "LYNN", "phrase": " Whoops."}, {"speaker": "LYNN", "phrase": "PAUSE"}, {"speaker": "LYNN", "phrase": " You're standing like this you know ?"}, {"speaker": "LYNN", "phrase": " And like"}, {"speaker": "LYNN", "phrase": " \u0294when you're in the back"}, {"speaker": "LYNN", "phrase": " the horse's hoof \u0294uh lays like this right over you ?"}, {"speaker": "LYNN", "phrase": " and you're"}, {"speaker": "LYNN", "phrase": " like this working ?"}, {"speaker": "LYNN", "phrase": " you know ?"}, {"speaker": "LYNN", "phrase": " This is like hoof knife"}, {"speaker": "LYNN", "phrase": " then."}, {"speaker": "LYNN", "phrase": " you laugh know laugh."}, {"speaker": "LENO", "phrase": " So you're always bent over."}, {"speaker": "LYNN", "phrase": " You're always bent over."}, {"speaker": "LYNN", "phrase": " And like in the front ?"}, {"speaker": "LYNN", "phrase": " You stick the horse's hoof between your leg"}, {"speaker": "LYNN", "phrase": " you know ?"}, {"speaker": "LYNN", "phrase": " Kinda like that"}, {"speaker": "LYNN", "phrase": " and you kinda"}, {"speaker": "LYNN", "phrase": " you go like this"}, {"speaker": "LYNN", "phrase": " you kinda bend down like this"}, {"speaker": "LYNN", "phrase": " and you have the horse's hoof right here ?"}, {"speaker": "LENO", "phrase": " It's hard on your back."}, {"speaker": "LYNN", "phrase": " It's really hard on your back."}, {"speaker": "LYNN", "phrase": " Like"}, {"speaker": "LYNN", "phrase": " I noticed that girl's back muscles were just tremendous."}, {"speaker": "LYNN", "phrase": " too you know."}, {"speaker": "LYNN", "phrase": " Couldn't believe it."}, {"speaker": "LYNN", "phrase": " She had like on this really kinda short shirt"}, {"speaker": "LYNN", "phrase": " you know ?"}, {"speaker": "LYNN", "phrase": "PAUSE"}, {"speaker": "LYNN", "phrase": " There's this."}, {"speaker": "LYNN", "phrase": " I think that's cold."}, {"speaker": "LENO", "phrase": " Just don't."}, {"speaker": "LENO", "phrase": " it's."}, {"speaker": "LENO", "phrase": " if you rub something against it"}, {"speaker": "LENO", "phrase": " it's just..."}, {"speaker": "LYNN", "phrase": " Makes sound ?"}, {"speaker": "LYNN", "phrase": " Okay."}, {"speaker": "LENO", "phrase": " So what."}, {"speaker": "LENO", "phrase": " what were you gonna do out there today."}, {"speaker": "LENO", "phrase": " What other."}, {"speaker": "LENO", "phrase": " what other things were you gonna..."}, {"speaker": "LYNN", "phrase": " Just go out and um."}, {"speaker": "LENO", "phrase": " Look at the filly ?"}, {"speaker": "LYNN", "phrase": " Yeah."}, {"speaker": "LYNN", "phrase": " I think more or less"}, {"speaker": "LYNN", "phrase": " it's getting about"}, {"speaker": "LYNN", "phrase": " so late now."}, {"speaker": "LYNN", "phrase": " Pretty much all we're gonna do is go out"}, {"speaker": "LYNN", "phrase": " I don't know what her plans really are."}, {"speaker": "LYNN", "phrase": " But I think pretty much just go out and take care ofthemand then"}, {"speaker": "LYNN", "phrase": " maybe go to that seasonal dance"}, {"speaker": "LYNN", "phrase": " or whatever it is."}, {"speaker": "LYNN", "phrase": " Is that what it's called ?"}, {"speaker": "LENO", "phrase": " I don't know."}, {"speaker": "LYNN", "phrase": " I don't know what it's called either."}, {"speaker": "LYNN", "phrase": " You know"}, {"speaker": "LYNN", "phrase": " he said there was four guys doing that ?"}, {"speaker": "LENO", "phrase": " Doing what."}, {"speaker": "LYNN", "phrase": " \u0294uh The dance"}, {"speaker": "LYNN", "phrase": " you know ?"}, {"speaker": "LYNN", "phrase": " How he said there's four guys"}, {"speaker": "LYNN", "phrase": " I wonder if that means like"}, {"speaker": "LYNN", "phrase": " Since there's four seasons"}, {"speaker": "LYNN", "phrase": " you know ?"}, {"speaker": "LYNN", "phrase": " I wonder if that has something to do with it."}, {"speaker": "LENO", "phrase": " Unhunh."}, {"speaker": "LYNN", "phrase": " since he called it seasonal dance."}, {"speaker": "LENO", "phrase": "PAUSE"}, {"speaker": "LYNN", "phrase": " He's pretty neat guy."}, {"speaker": "LYNN", "phrase": " I thought."}, {"speaker": "LENO", "phrase": " Yeah"}, {"speaker": "LENO", "phrase": " he spoke Crow okay."}, {"speaker": "LENO", "phrase": "PAUSE"}, {"speaker": "LYNN", "phrase": "PAUSE"}, {"speaker": "LYNN", "phrase": " I got kick out of him when he kept saying"}, {"speaker": "LYNN", "phrase": " See this little cat."}, {"speaker": "LYNN", "phrase": " Little..."}, {"speaker": "LENO", "phrase": " I don't wanna see the little cat."}, {"speaker": "LENO", "phrase": " I know."}, {"speaker": "LYNN", "phrase": " I know."}, {"speaker": "LENO", "phrase": " that sounds like kitten."}, {"speaker": "LYNN", "phrase": " that sounds like..."}, {"speaker": "LENO", "phrase": " I don't wanna say kitten"}, {"speaker": "LENO", "phrase": " that sounds stupid."}, {"speaker": "LYNN", "phrase": "PAUSE"}, {"speaker": "LENO", "phrase": "PAUSE"}, {"speaker": "LYNN", "phrase": " So she named everybody in the class except for..."}, {"speaker": "LENO", "phrase": " About four people."}, {"speaker": "LENO", "phrase": " Well"}, {"speaker": "LENO", "phrase": " I think they asked for names."}, {"speaker": "LYNN", "phrase": " Oh did they ?"}, {"speaker": "LYNN", "phrase": " Hunh."}, {"speaker": "LYNN", "phrase": " That's funny."}, {"speaker": "LYNN", "phrase": " Look at how much that air conditioner blew on that blue bag right there."}, {"speaker": "LENO", "phrase": " Yeah"}, {"speaker": "LENO", "phrase": " I noticed on the."}, {"speaker": "LENO", "phrase": " on the case for the tape recorder too"}, {"speaker": "LENO", "phrase": " that it's all."}, {"speaker": "LENO", "phrase": " that it's all covered today."}, {"speaker": "LENO", "phrase": " Look right here."}, {"speaker": "LYNN", "phrase": " Look at your cigarettes even."}, {"speaker": "LENO", "phrase": " Look."}, {"speaker": "LENO", "phrase": " Right here ?"}, {"speaker": "LENO", "phrase": " Just..."}, {"speaker": "LYNN", "phrase": " Geez."}, {"speaker": "LENO", "phrase": " just from sitting here."}, {"speaker": "LENO", "phrase": " For just minute."}, {"speaker": "LENO", "phrase": " That's..."}, {"speaker": "LYNN", "phrase": " Look at the cigarettes."}, {"speaker": "LENO", "phrase": " It's like ash."}, {"speaker": "LENO", "phrase": " Is it from."}, {"speaker": "LENO", "phrase": " that must be from the fires ?"}, {"speaker": "LENO", "phrase": " Or what."}, {"speaker": "LYNN", "phrase": " You know"}, {"speaker": "LYNN", "phrase": " maybe it is."}, {"speaker": "LYNN", "phrase": " Maybe it is."}, {"speaker": "LENO", "phrase": " Uh..."}, {"speaker": "LYNN", "phrase": " Cause that one \u0294uh whole day"}, {"speaker": "LYNN", "phrase": " you couldn't even see or anything"}, {"speaker": "LYNN", "phrase": " from"}, {"speaker": "LYNN", "phrase": " but look at your cigarettes."}, {"speaker": "LYNN", "phrase": " Just sitting there."}, {"speaker": "LENO", "phrase": " Oh yeah."}, {"speaker": "LENO", "phrase": " On the way into."}, {"speaker": "LENO", "phrase": " from Roundup"}, {"speaker": "LENO", "phrase": " yesterday morning"}, {"speaker": "LENO", "phrase": " the radio was on ?"}, {"speaker": "LENO", "phrase": " And they were"}, {"speaker": "LENO", "phrase": " talking about the weather and they said"}, {"speaker": "LENO", "phrase": " how"}, {"speaker": "LENO", "phrase": " everybody woke up with ash all over their car today"}, {"speaker": "LENO", "phrase": " and."}, {"speaker": "LYNN", "phrase": " In Roundup ?"}, {"speaker": "LENO", "phrase": " On the way from Roundup."}, {"speaker": "LENO", "phrase": " I was listening to the radio."}, {"speaker": "LENO", "phrase": " Yesterday morning."}, {"speaker": "LENO", "phrase": " And they were talking..."}, {"speaker": "LYNN", "phrase": " And so this was probably like Billings radio station"}, {"speaker": "LYNN", "phrase": " or something like that ?"}, {"speaker": "LENO", "phrase": " Yeah"}, {"speaker": "LENO", "phrase": " Unhunh."}, {"speaker": "LYNN", "phrase": " Is that right."}, {"speaker": "LENO", "phrase": " And they said well everybody woke up with ashes on their car today."}, {"speaker": "LENO", "phrase": " And I guess just from the fires."}, {"speaker": "DORI", "phrase": " Yeah"}, {"speaker": "DORI", "phrase": " it is."}, {"speaker": "LYNN", "phrase": "PAUSE"}, {"speaker": "DORI", "phrase": " I was telling Mae Lynne."}, {"speaker": "LYNN", "phrase": " Hunh."}, {"speaker": "DORI", "phrase": " Uh"}, {"speaker": "DORI", "phrase": " day before yesterday"}, {"speaker": "DORI", "phrase": " it was the most weird day I've ever seen in my entire adult life."}, {"speaker": "DORI", "phrase": " It was um"}, {"speaker": "DORI", "phrase": " the wind was blowing real hot when I first got up."}, {"speaker": "DORI", "phrase": " And it was early."}, {"speaker": "DORI", "phrase": " Real early"}, {"speaker": "DORI", "phrase": " like seven o'clock in the morning"}, {"speaker": "DORI", "phrase": " that."}, {"speaker": "DORI", "phrase": " that wind was just hot."}, {"speaker": "DORI", "phrase": " And"}, {"speaker": "DORI", "phrase": " next thing you knew"}, {"speaker": "DORI", "phrase": " it was just overcast"}, {"speaker": "DORI", "phrase": " well the smoke all blew in."}, {"speaker": "DORI", "phrase": " Just like there was fire."}, {"speaker": "DORI", "phrase": " right around close."}, {"speaker": "DORI", "phrase": " And it was just dense."}, {"speaker": "DORI", "phrase": " You couldn't even hardly see"}, {"speaker": "DORI", "phrase": " very far away."}, {"speaker": "DORI", "phrase": " Okay then"}, {"speaker": "DORI", "phrase": " it."}, {"speaker": "DORI", "phrase": " that."}, {"speaker": "DORI", "phrase": "PAUSE"}, {"speaker": "DORI", "phrase": " it just kinda blew the smoke in"}, {"speaker": "DORI", "phrase": " and then blew it out"}, {"speaker": "DORI", "phrase": " but"}, {"speaker": "DORI", "phrase": " then it was real hazy"}, {"speaker": "DORI", "phrase": " and there was just dust particles"}, {"speaker": "DORI", "phrase": " all over."}, {"speaker": "DORI", "phrase": " and it was"}, {"speaker": "DORI", "phrase": " you'd look at the sun"}, {"speaker": "DORI", "phrase": " and it would just look red."}, {"speaker": "DORI", "phrase": " I mean you couldn't see the sun."}, {"speaker": "DORI", "phrase": " It was just..."}, {"speaker": "LYNN", "phrase": " She said people were driving around with their lights on."}, {"speaker": "DORI", "phrase": " Yeah."}, {"speaker": "DORI", "phrase": " And the lights were."}, {"speaker": "DORI", "phrase": " they didn't look like they were."}, {"speaker": "DORI", "phrase": " it's just from the drought and the dust"}, {"speaker": "DORI", "phrase": " you know"}, {"speaker": "DORI", "phrase": " and the smoke in the air."}, {"speaker": "DORI", "phrase": " I've never seen anything like it."}, {"speaker": "LYNN", "phrase": " And she said like"}, {"speaker": "LYNN", "phrase": " the lights looked greenish color."}, {"speaker": "DORI", "phrase": " Yeah."}, {"speaker": "DORI", "phrase": " They look green."}, {"speaker": "LYNN", "phrase": " You know how they look yellow at night"}, {"speaker": "LYNN", "phrase": " you know ?"}, {"speaker": "DORI", "phrase": " Yeah."}, {"speaker": "DORI", "phrase": " they just looked green."}, {"speaker": "DORI", "phrase": " It was weird."}, {"speaker": "DORI", "phrase": " ugly."}, {"speaker": "DORI", "phrase": " ugly day."}, {"speaker": "DORI", "phrase": " Rana Lee's gonna have baby by the way."}, {"speaker": "LYNN", "phrase": " Who is ?"}, {"speaker": "DORI", "phrase": " Rana Lee."}, {"speaker": "LYNN", "phrase": " Brian's wife ?"}, {"speaker": "DORI", "phrase": " Brian's wife."}, {"speaker": "LYNN", "phrase": " I didn't even know she was pregnant"}, {"speaker": "LYNN", "phrase": " three months ago."}, {"speaker": "LYNN", "phrase": " Of course I guess they can get big in three months."}, {"speaker": "DORI", "phrase": " Well"}, {"speaker": "DORI", "phrase": " I I told you."}, {"speaker": "LYNN", "phrase": " too."}, {"speaker": "LENO", "phrase": " What's her name ?"}, {"speaker": "LYNN", "phrase": "PAUSE"}, {"speaker": "LYNN", "phrase": " what's her name ?"}, {"speaker": "DORI", "phrase": " Rana Lee."}, {"speaker": "LYNN", "phrase": " Rana Lee ?"}, {"speaker": "DORI", "phrase": " Unhunh."}, {"speaker": "LYNN", "phrase": " Rana Lee."}, {"speaker": "LENO", "phrase": " Hm."}, {"speaker": "LYNN", "phrase": "PAUSE"}, {"speaker": "LYNN", "phrase": " I don't know why I told you that."}, {"speaker": "LYNN", "phrase": " Rana Lee."}, {"speaker": "LYNN", "phrase": " She had brother that died from asthma too."}, {"speaker": "LYNN", "phrase": " Seem like lot of people."}, {"speaker": "LYNN", "phrase": " I mean that's weird"}, {"speaker": "LYNN", "phrase": " that I would know two people that died from asthma."}, {"speaker": "LYNN", "phrase": " You know ?"}, {"speaker": "DORI", "phrase": " Why don't we go."}, {"speaker": "LENO", "phrase": " just in..."}, {"speaker": "DORI", "phrase": " except..."}, {"speaker": "LYNN", "phrase": " Just in matter of year's time ?"}, {"speaker": "DORI", "phrase": " This washing is."}, {"speaker": "LENO", "phrase": " Really."}, {"speaker": "LYNN", "phrase": " Yeah."}, {"speaker": "LYNN", "phrase": " Her brother was like"}, {"speaker": "LYNN", "phrase": " just right out of high school ?"}, {"speaker": "LYNN", "phrase": " I mean"}, {"speaker": "LYNN", "phrase": " you know"}, {"speaker": "LYNN", "phrase": " did mom tell you"}, {"speaker": "LYNN", "phrase": " about Deb at all ?"}, {"speaker": "LYNN", "phrase": " She probably really couldn't"}, {"speaker": "LYNN", "phrase": " since Genetta was there."}, {"speaker": "LYNN", "phrase": " You know"}, {"speaker": "LYNN", "phrase": " she."}, {"speaker": "LYNN", "phrase": " like she was in the hospital"}, {"speaker": "LYNN", "phrase": " in and out of the hospital all the time and stuff"}, {"speaker": "LYNN", "phrase": " ever since she was little"}, {"speaker": "LYNN", "phrase": " she was in and out of the hospital."}, {"speaker": "DORI", "phrase": " Who was that."}, {"speaker": "DORI", "phrase": " Debby ?"}, {"speaker": "LYNN", "phrase": " Debby."}, {"speaker": "LYNN", "phrase": " I mean she was..."}, {"speaker": "DORI", "phrase": "PAUSE"}, {"speaker": "LYNN", "phrase": " she loved horses so much."}, {"speaker": "DORI", "phrase": " stuff on it."}, {"speaker": "LYNN", "phrase": " and she was always"}, {"speaker": "LYNN", "phrase": " like"}, {"speaker": "LYNN", "phrase": " she's allergic to horsehair"}, {"speaker": "LYNN", "phrase": " horse sweat."}, {"speaker": "LENO", "phrase": " Oh."}, {"speaker": "LENO", "phrase": "PAUSE"}, {"speaker": "LYNN", "phrase": " You know"}, {"speaker": "LYNN", "phrase": " stuff like that"}, {"speaker": "LYNN", "phrase": " but she wouldn't quit riding em."}, {"speaker": "LYNN", "phrase": " so."}, {"speaker": "DORI", "phrase": " Well."}, {"speaker": "LYNN", "phrase": " she's allergic to everything"}, {"speaker": "LYNN", "phrase": " it doesn't matter."}, {"speaker": "DORI", "phrase": " was saying"}, {"speaker": "DORI", "phrase": " it didn't matter what she did."}, {"speaker": "LENO", "phrase": " Did she ever go to allergy doctor."}, {"speaker": "LYNN", "phrase": "PAUSE"}, {"speaker": "LENO", "phrase": " or anybody like that ?"}, {"speaker": "LYNN", "phrase": " Oh yeah."}, {"speaker": "LYNN", "phrase": " She."}, {"speaker": "LYNN", "phrase": " well they."}, {"speaker": "LYNN", "phrase": " she never did take shots."}, {"speaker": "LYNN", "phrase": " Did she."}, {"speaker": "DORI", "phrase": " No"}, {"speaker": "DORI", "phrase": " I don't know why."}, {"speaker": "DORI", "phrase": " They should've"}, {"speaker": "DORI", "phrase": " they should have gotten her..."}, {"speaker": "LYNN", "phrase": " I don't know why they didn't either."}, {"speaker": "DORI", "phrase": " I."}, {"speaker": "DORI", "phrase": " \u0294uh I always wondered about that"}, {"speaker": "DORI", "phrase": " and she was."}, {"speaker": "DORI", "phrase": " she had such severe asthma"}, {"speaker": "DORI", "phrase": " that"}, {"speaker": "DORI", "phrase": " I would have done little bit more for her I think."}, {"speaker": "LYNN", "phrase": " If you wanna talk about somebody tired"}, {"speaker": "LYNN", "phrase": " that girl"}, {"speaker": "LYNN", "phrase": " that girl couldn't walk down to the street and back"}, {"speaker": "LYNN", "phrase": " without taking nap."}, {"speaker": "LYNN", "phrase": " And me and mom always accused her of being lazy."}, {"speaker": "LYNN", "phrase": " You know"}, {"speaker": "LYNN", "phrase": " because she was just"}, {"speaker": "LYNN", "phrase": " all she did was sleep."}, {"speaker": "LENO", "phrase": " She sounded like she had more problems than..."}, {"speaker": "LYNN", "phrase": " and now that when we think about it"}, {"speaker": "LYNN", "phrase": " she probably wasn't really lazy"}, {"speaker": "LYNN", "phrase": " she's probably just exhausted"}, {"speaker": "LYNN", "phrase": " I mean"}, {"speaker": "LYNN", "phrase": " you know"}, {"speaker": "LYNN", "phrase": " if you think about it"}, {"speaker": "LYNN", "phrase": " we like take everything for granted."}, {"speaker": "LYNN", "phrase": " We take our air for granted."}, {"speaker": "LYNN", "phrase": " You know ?"}, {"speaker": "LYNN", "phrase": " Then somebody like that"}, {"speaker": "LYNN", "phrase": "every little breath is like and effort to them"}, {"speaker": "LYNN", "phrase": "PAUSE"}, {"speaker": "LYNN", "phrase": " and you know"}, {"speaker": "LYNN", "phrase": " and if I had to go through an effort"}, {"speaker": "LYNN", "phrase": " just in breathing"}, {"speaker": "LYNN", "phrase": " all the time"}, {"speaker": "LYNN", "phrase": "PAUSE"}, {"speaker": "DORI", "phrase": " Well Debby..."}, {"speaker": "LYNN", "phrase": " I would be tired too."}, {"speaker": "DORI", "phrase": " Debby got to the point"}, {"speaker": "DORI", "phrase": " where all she would do is"}, {"speaker": "DORI", "phrase": " when she did"}, {"speaker": "DORI", "phrase": " you know."}, {"speaker": "DORI", "phrase": " just"}, {"speaker": "DORI", "phrase": " really often she would go"}, {"speaker": "DORI", "phrase": " to try to get enough air in"}, {"speaker": "DORI", "phrase": " and her"}, {"speaker": "DORI", "phrase": " they had an autopsy done on her."}, {"speaker": "DORI", "phrase": " And her heart"}, {"speaker": "DORI", "phrase": " was just hard"}, {"speaker": "DORI", "phrase": " on one side"}, {"speaker": "DORI", "phrase": " from"}, {"speaker": "DORI", "phrase": " labored breathing all of her life."}, {"speaker": "DORI", "phrase": " It had just labored her heart so bad."}, {"speaker": "DORI", "phrase": " She actually died of heart attack."}, {"speaker": "LYNN", "phrase": " She did."}, {"speaker": "DORI", "phrase": " Yeah."}, {"speaker": "LYNN", "phrase": " They did have an autopsy done on her."}, {"speaker": "DORI", "phrase": " Yes."}, {"speaker": "DORI", "phrase": " It surprised me."}, {"speaker": "DORI", "phrase": " But they."}, {"speaker": "DORI", "phrase": " they did."}, {"speaker": "DORI", "phrase": " And it was actually..."}, {"speaker": "LYNN", "phrase": " And her heart was hard ?"}, {"speaker": "DORI", "phrase": " cardiac arrest."}, {"speaker": "DORI", "phrase": " Mhm."}, {"speaker": "DORI", "phrase": " One side of her heart was just hard."}, {"speaker": "DORI", "phrase": " from"}, {"speaker": "DORI", "phrase": " the muscle."}, {"speaker": "DORI", "phrase": " the muscle was just hard"}, {"speaker": "DORI", "phrase": " from just labored breathing."}, {"speaker": "LYNN", "phrase": " Geez."}, {"speaker": "DORI", "phrase": " trying to breathe all the time."}, {"speaker": "LYNN", "phrase": " That's just sick."}, {"speaker": "DORI", "phrase": " Yeah"}, {"speaker": "DORI", "phrase": " we thought she was just lazy"}, {"speaker": "DORI", "phrase": " and kind of worthless"}, {"speaker": "DORI", "phrase": " but"}, {"speaker": "DORI", "phrase": " we didn't realize what she was going through."}, {"speaker": "LYNN", "phrase": " And you know"}, {"speaker": "LYNN", "phrase": " maybe that's another reason why she didn't really."}, {"speaker": "LYNN", "phrase": " maybe mom she kinda knew about all this stuff."}, {"speaker": "LYNN", "phrase": " And maybe that's why she didn't really"}, {"speaker": "LYNN", "phrase": " pay that much attention to Amanda."}, {"speaker": "LYNN", "phrase": " I mean not because"}, {"speaker": "LYNN", "phrase": " I mean it seems like she'd pay more attention to her"}, {"speaker": "LYNN", "phrase": " but maybe it's because she wanted to have little fun in her life too"}, {"speaker": "LYNN", "phrase": " and knew it wasn't gonna"}, {"speaker": "LYNN", "phrase": " last forever for her."}, {"speaker": "LYNN", "phrase": " You know ?"}, {"speaker": "LYNN", "phrase": " I mean"}, {"speaker": "LYNN", "phrase": " I guess like right before she died and stuff"}, {"speaker": "LYNN", "phrase": " she's like telling her mom like"}, {"speaker": "LYNN", "phrase": " well if I go"}, {"speaker": "LYNN", "phrase": " I want this here"}, {"speaker": "LYNN", "phrase": " and I want that there"}, {"speaker": "LYNN", "phrase": " and"}, {"speaker": "LYNN", "phrase": " You know"}, {"speaker": "LYNN", "phrase": " just little things."}, {"speaker": "LENO", "phrase": " Is Amanda her kid"}, {"speaker": "LENO", "phrase": " or."}, {"speaker": "LYNN", "phrase": " Yeah."}, {"speaker": "LENO", "phrase": " Oh."}, {"speaker": "DORI", "phrase": " she had little threeyearold daughter."}, {"speaker": "LYNN", "phrase": " It's just too bad."}, {"speaker": "LYNN", "phrase": " I just hope Orville and Genetta get that little girl."}, {"speaker": "DORI", "phrase": " Oh they won't."}, {"speaker": "DORI", "phrase": " there's no..."}, {"speaker": "LYNN", "phrase": " Are they even trying ?"}, {"speaker": "DORI", "phrase": " They can't."}, {"speaker": "DORI", "phrase": " They want her three months out of the year"}, {"speaker": "DORI", "phrase": " but they have no legal grounds."}, {"speaker": "DORI", "phrase": " I mean"}, {"speaker": "DORI", "phrase": " You know"}, {"speaker": "DORI", "phrase": " he is the legal father"}, {"speaker": "DORI", "phrase": " and"}, {"speaker": "DORI", "phrase": " there's not much they can do."}, {"speaker": "LENO", "phrase": " Oh she was divorced ?"}, {"speaker": "DORI", "phrase": " Mhm."}, {"speaker": "LYNN", "phrase": " Yeah"}, {"speaker": "LYNN", "phrase": " and he is such weirdo."}, {"speaker": "LYNN", "phrase": " This is the type of person"}, {"speaker": "LYNN", "phrase": " that is like hermit."}, {"speaker": "LYNN", "phrase": " I don't know what you'd call him."}, {"speaker": "LYNN", "phrase": "PAUSE"}, {"speaker": "DORI", "phrase": " Well they were raised backward."}, {"speaker": "LYNN", "phrase": " He's like..."}, {"speaker": "DORI", "phrase": " Uh"}, {"speaker": "DORI", "phrase": " back woods."}, {"speaker": "LYNN", "phrase": " Back woodsy."}, {"speaker": "DORI", "phrase": " raised in the mountains."}, {"speaker": "DORI", "phrase": " didn't..."}, {"speaker": "LYNN", "phrase": " Never came down out of the mountains."}, {"speaker": "LYNN", "phrase": " He doesn't have any."}, {"speaker": "LYNN", "phrase": " He doesn't know what's going on in this world."}, {"speaker": "DORI", "phrase": " No he doesn't."}, {"speaker": "DORI", "phrase": " He was just not properly brought up."}, {"speaker": "LYNN", "phrase": " He."}, {"speaker": "LYNN", "phrase": " I mean he wouldn't even have the slightest idea."}, {"speaker": "LENO", "phrase": " Where was he from."}, {"speaker": "DORI", "phrase": " Um"}, {"speaker": "DORI", "phrase": " I forget."}, {"speaker": "LYNN", "phrase": " Idaho ?"}, {"speaker": "DORI", "phrase": " Idaho"}, {"speaker": "DORI", "phrase": " and."}, {"speaker": "LYNN", "phrase": " up in the mountains"}, {"speaker": "LYNN", "phrase": " In Idaho."}, {"speaker": "DORI", "phrase": "PAUSE"}, {"speaker": "DORI", "phrase": " Um Macley"}, {"speaker": "DORI", "phrase": " and."}, {"speaker": "LYNN", "phrase": " Arco ?"}, {"speaker": "LYNN", "phrase": " Isn't that where Deb kinda was ?"}, {"speaker": "LYNN", "phrase": " But he's just really really really strange."}]}