{"text": [{"speaker": "DAN", "phrase": " Eventually"}, {"speaker": "DAN", "phrase": "..."}, {"speaker": "LUCY", "phrase": " But it's amazing."}, {"speaker": "LUCY", "phrase": " And they've done."}, {"speaker": "AL", "phrase": " So they all done now ?"}, {"speaker": "LUCY", "phrase": " my whole neighborhood."}, {"speaker": "LUCY", "phrase": " Well no"}, {"speaker": "LUCY", "phrase": " because they ordered the wrong storm doors."}, {"speaker": "LUCY", "phrase": " They ordered the wrong color."}, {"speaker": "LUCY", "phrase": " So they had to bring those back"}, {"speaker": "LUCY", "phrase": " and reorder the white ones."}, {"speaker": "LUCY", "phrase": " Um"}, {"speaker": "LUCY", "phrase": " cause they brought black by mistake."}, {"speaker": "AL", "phrase": " but that's the only thing they got left to do ?"}, {"speaker": "LUCY", "phrase": " \u0294uh I think they finished the painting."}, {"speaker": "AL", "phrase": " Why what were they ?"}, {"speaker": "LUCY", "phrase": " Well they put new walls in the living room."}, {"speaker": "LUCY", "phrase": " Soundproof walls on the outside of"}, {"speaker": "LUCY", "phrase": " of the house."}, {"speaker": "LUCY", "phrase": " And"}, {"speaker": "LUCY", "phrase": " we have double windows now in the living room."}, {"speaker": "AL", "phrase": " On the outside of the house ?"}, {"speaker": "LUCY", "phrase": " No."}, {"speaker": "LUCY", "phrase": " Oh"}, {"speaker": "LUCY", "phrase": " that was good Dad."}, {"speaker": "JOHN", "phrase": " At least it's not seagull."}, {"speaker": "ANNE", "phrase": "PAUSE"}, {"speaker": "LUCY", "phrase": "PAUSE"}, {"speaker": "ANNE", "phrase": "PAUSE"}, {"speaker": "JOHN", "phrase": " I..."}, {"speaker": "LUCY", "phrase": " But it looks like it John."}, {"speaker": "JOHN", "phrase": " That."}, {"speaker": "JOHN", "phrase": " that's edible."}, {"speaker": "JOHN", "phrase": " I was afraid seagull got me."}, {"speaker": "LUCY", "phrase": "PAUSE"}, {"speaker": "ALLE", "phrase": " Boy"}, {"speaker": "ALLE", "phrase": " oh."}, {"speaker": "LUCY", "phrase": "PAUSE"}, {"speaker": "ANNE", "phrase": "PAUSE"}, {"speaker": "AL", "phrase": " Mess up poor John."}, {"speaker": "LUCY", "phrase": "PAUSE"}, {"speaker": "LUCY", "phrase": " They did paint the trim on the outside of the house."}, {"speaker": "JOHN", "phrase": " Oh now"}, {"speaker": "JOHN", "phrase": " We'll get napkin."}, {"speaker": "LIND", "phrase": " No."}, {"speaker": "LIND", "phrase": " No."}, {"speaker": "LIND", "phrase": " No"}, {"speaker": "LIND", "phrase": " no."}, {"speaker": "JOHN", "phrase": " Oh."}, {"speaker": "LIND", "phrase": " Al."}, {"speaker": "JOHN", "phrase": " no"}, {"speaker": "JOHN", "phrase": " we'll get napkin somewhere"}, {"speaker": "JOHN", "phrase": " don't worry about it."}, {"speaker": "LIND", "phrase": " Hm laugh."}, {"speaker": "ALLE", "phrase": "..."}, {"speaker": "JOHN", "phrase": " It's me."}, {"speaker": "LUCY", "phrase": " There was whole bunch of them."}, {"speaker": "ANNE", "phrase": " What did he do"}, {"speaker": "ANNE", "phrase": " spit on him ?"}, {"speaker": "JOHN", "phrase": " This."}, {"speaker": "JOHN", "phrase": " This is..."}, {"speaker": "ANNE", "phrase": " What'd you do."}, {"speaker": "DAN", "phrase": " Nah he just dropped some uh."}, {"speaker": "ANNE", "phrase": " spit on him ?"}, {"speaker": "LUCY", "phrase": " No"}, {"speaker": "LUCY", "phrase": " he."}, {"speaker": "LUCY", "phrase": " he dropped S..."}, {"speaker": "JOHN", "phrase": " This isn't here."}, {"speaker": "LUCY", "phrase": " dressing all over John's pants."}, {"speaker": "ANNE", "phrase": "PAUSE"}, {"speaker": "DAN", "phrase": " Sauce on it."}, {"speaker": "JOHN", "phrase": " It's just me."}, {"speaker": "ANNE", "phrase": "PAUSE"}, {"speaker": "LUCY", "phrase": "PAUSE"}, {"speaker": "JOHN", "phrase": " You laugh know laugh."}, {"speaker": "LUCY", "phrase": "PAUSE"}, {"speaker": "JOHN", "phrase": " coffee stains on the shirt."}, {"speaker": "LUCY", "phrase": "PAUSE"}, {"speaker": "DAN", "phrase": "PAUSE"}, {"speaker": "LUCY", "phrase": " This is the guy that we thought had one outfit Annette."}, {"speaker": "JOHN", "phrase": "PAUSE"}, {"speaker": "DAN", "phrase": " John likes it"}, {"speaker": "DAN", "phrase": "gives it character."}, {"speaker": "ANNE", "phrase": "PAUSE"}, {"speaker": "LUCY", "phrase": " for three years laugh"}, {"speaker": "LUCY", "phrase": " un til you looked in his suit case."}, {"speaker": "JOHN", "phrase": " Yeah."}, {"speaker": "DAN", "phrase": " Gives the pants character."}, {"speaker": "LUCY", "phrase": "PAUSE"}, {"speaker": "JOHN", "phrase": " Oh."}, {"speaker": "LUCY", "phrase": "PAUSE"}, {"speaker": "ANNE", "phrase": " Leave him alone."}, {"speaker": "ANNE", "phrase": " He's got toothache."}, {"speaker": "LUCY", "phrase": "PAUSE"}, {"speaker": "DAN", "phrase": " You can't talk"}, {"speaker": "DAN", "phrase": " if you're not gonna sign my form."}, {"speaker": "ANNE", "phrase": " Oh laugh."}, {"speaker": "LUCY", "phrase": " Geez"}, {"speaker": "LUCY", "phrase": " I remember time when."}, {"speaker": "JOHN", "phrase": " I tell you"}, {"speaker": "JOHN", "phrase": " I feel better already."}, {"speaker": "LUCY", "phrase": " John's shirts were all cranberry."}, {"speaker": "JOHN", "phrase": " just listening to those guys"}, {"speaker": "JOHN", "phrase": " putting those windows in in one afternoon."}, {"speaker": "LUCY", "phrase": "PAUSE"}, {"speaker": "ANNE", "phrase": " And his socks all had double stripes."}, {"speaker": "JOHN", "phrase": " I say"}, {"speaker": "JOHN", "phrase": " better laugh them than me."}, {"speaker": "LUCY", "phrase": " I know it."}, {"speaker": "AL", "phrase": " I know that feeling."}, {"speaker": "LUCY", "phrase": " Oh."}, {"speaker": "JOHN", "phrase": " Yigads."}, {"speaker": "LUCY", "phrase": " But they..."}, {"speaker": "ALLE", "phrase": " That's like anything."}, {"speaker": "LUCY", "phrase": " they painted the inside the wrong color."}, {"speaker": "LUCY", "phrase": " We had ordered this..."}, {"speaker": "LIND", "phrase": " Well you got it on John."}, {"speaker": "LUCY", "phrase": " Um."}, {"speaker": "ALLE", "phrase": " Well laugh."}, {"speaker": "JOHN", "phrase": "PAUSE"}, {"speaker": "LUCY", "phrase": " like an eggshell color."}, {"speaker": "LUCY", "phrase": "..."}, {"speaker": "JOHN", "phrase": " Thank you Linda."}, {"speaker": "LUCY", "phrase": " the color that we had the woodwork in the dining room."}, {"speaker": "ANNE", "phrase": "PAUSE"}, {"speaker": "LUCY", "phrase": " Similar to that."}, {"speaker": "AL", "phrase": " That's good."}, {"speaker": "LUCY", "phrase": " Was on their list of colors you could use."}, {"speaker": "AL", "phrase": "PAUSE"}, {"speaker": "AL", "phrase": " hm."}, {"speaker": "LUCY", "phrase": " So that's the color."}, {"speaker": "LIND", "phrase": "PAUSE"}, {"speaker": "LUCY", "phrase": " We..."}, {"speaker": "AL", "phrase": "PAUSE"}, {"speaker": "LUCY", "phrase": " wanted them to paint the inside trim of the new door they put on."}, {"speaker": "LUCY", "phrase": " The."}, {"speaker": "LUCY", "phrase": " the."}, {"speaker": "LUCY", "phrase": " Casement and the trim."}, {"speaker": "LIND", "phrase": "PAUSE"}, {"speaker": "LIND", "phrase": "PAUSE"}, {"speaker": "LUCY", "phrase": " But they'd brought the wrong color paint"}, {"speaker": "LUCY", "phrase": " so they painted it white the first day."}, {"speaker": "X", "phrase": "PAUSE"}, {"speaker": "LUCY", "phrase": " and the guy."}, {"speaker": "LUCY", "phrase": " Pat said he came in"}, {"speaker": "LUCY", "phrase": " he had been at unemployment"}, {"speaker": "LUCY", "phrase": " when he came back"}, {"speaker": "LUCY", "phrase": " he said"}, {"speaker": "LUCY", "phrase": " the guy said to him"}, {"speaker": "LUCY", "phrase": " oh my God"}, {"speaker": "LUCY", "phrase": " we painted it the wrong color."}, {"speaker": "LUCY", "phrase": " I just realized it."}, {"speaker": "LUCY", "phrase": " Don't worry"}, {"speaker": "LUCY", "phrase": " we'll be back tomorrow."}, {"speaker": "LUCY", "phrase": " They came back the next day"}, {"speaker": "LUCY", "phrase": " put two more coats of paint on"}, {"speaker": "LUCY", "phrase": " the right color."}, {"speaker": "LUCY", "phrase": "PAUSE"}, {"speaker": "JOHN", "phrase": " Mm."}, {"speaker": "ANNE", "phrase": " Good workers."}, {"speaker": "LUCY", "phrase": " But they stained the doors."}, {"speaker": "ALLE", "phrase": " Yeah but the longer they're there."}, {"speaker": "LUCY", "phrase": " and polyurethaned them"}, {"speaker": "LUCY", "phrase": " and..."}, {"speaker": "AL", "phrase": " So what did they..."}, {"speaker": "ALLE", "phrase": " You gotta realize"}, {"speaker": "ALLE", "phrase": " the longer they're there"}, {"speaker": "ALLE", "phrase": " the longer their job'll last."}, {"speaker": "LUCY", "phrase": "PAUSE"}, {"speaker": "LUCY", "phrase": " no"}, {"speaker": "LUCY", "phrase": " but they."}, {"speaker": "LUCY", "phrase": " it's."}, {"speaker": "LUCY", "phrase": " it's money basis."}, {"speaker": "LUCY", "phrase": " They get paid"}, {"speaker": "LUCY", "phrase": " It's it's..."}, {"speaker": "DAN", "phrase": " They get paid per job ?"}, {"speaker": "LUCY", "phrase": " it was contract bid"}, {"speaker": "LUCY", "phrase": " so they get paid per job."}, {"speaker": "ALLE", "phrase": " Yeah"}, {"speaker": "ALLE", "phrase": " but I imagine"}, {"speaker": "ALLE", "phrase": " I imagine they also have little thing called cost plus."}, {"speaker": "LUCY", "phrase": " Oh"}, {"speaker": "LUCY", "phrase": " well probably."}, {"speaker": "JOHN", "phrase": " Yeah."}, {"speaker": "LUCY", "phrase": " they probably do."}, {"speaker": "LUCY", "phrase": " But"}, {"speaker": "LUCY", "phrase": " yeah."}, {"speaker": "ALLE", "phrase": " They don't do anything for the government"}, {"speaker": "ALLE", "phrase": " unless it's cost plus."}, {"speaker": "LUCY", "phrase": " No."}, {"speaker": "LUCY", "phrase": " But when you."}, {"speaker": "LUCY", "phrase": " I was telling John"}, {"speaker": "LUCY", "phrase": " I just did an ad for The Patriot."}, {"speaker": "LUCY", "phrase": " Yesterday when I was in work."}, {"speaker": "LUCY", "phrase": " Ninehundred thousand dollars"}, {"speaker": "LUCY", "phrase": " for thirtyfour residences."}, {"speaker": "LUCY", "phrase": " In East Boston and Revere."}, {"speaker": "LUCY", "phrase": " So our contract was similar."}, {"speaker": "LUCY", "phrase": " So it's it's an average of fifty thousand."}, {"speaker": "AL", "phrase": " Yeah."}, {"speaker": "LUCY", "phrase": " You know"}, {"speaker": "LUCY", "phrase": " between thirty and fifty thousand."}, {"speaker": "LUCY", "phrase": " Depending on how much they do in each house."}, {"speaker": "LUCY", "phrase": " Like some people didn't want the rooms done."}, {"speaker": "LUCY", "phrase": " We figured"}, {"speaker": "LUCY", "phrase": " our living room was so big"}, {"speaker": "LUCY", "phrase": " why not take advantage"}, {"speaker": "LUCY", "phrase": " and have them put new walls laugh."}, {"speaker": "AL", "phrase": " Oh sure."}, {"speaker": "LUCY", "phrase": " you laugh know laugh ?"}, {"speaker": "AL", "phrase": " Might as well get everything."}, {"speaker": "JOHN", "phrase": " fifty thousand."}, {"speaker": "LUCY", "phrase": "PAUSE"}, {"speaker": "AL", "phrase": " Might as well not take everything they're willing to give you."}, {"speaker": "LUCY", "phrase": " Yeah."}, {"speaker": "LUCY", "phrase": " That's right."}, {"speaker": "LUCY", "phrase": " That's that's what we said."}, {"speaker": "JOHN", "phrase": " Gotta..."}, {"speaker": "LUCY", "phrase": " so."}, {"speaker": "DAN", "phrase": " And also"}, {"speaker": "DAN", "phrase": " the ceiling fell down already."}, {"speaker": "DAN", "phrase": " So."}, {"speaker": "LUCY", "phrase": " Well"}, {"speaker": "LUCY", "phrase": " but they didn't do the ceiling"}, {"speaker": "LUCY", "phrase": " unfortunately"}, {"speaker": "LUCY", "phrase": " because it's not on top floor."}, {"speaker": "DAN", "phrase": " Are they gonna replace that ?"}, {"speaker": "LUCY", "phrase": " No."}, {"speaker": "DAN", "phrase": " That doesn't go with doing over the room ?"}, {"speaker": "DAN", "phrase": " The ceiling isn't considered laugh part of the living room ?"}, {"speaker": "LUCY", "phrase": " No."}, {"speaker": "LUCY", "phrase": " no"}, {"speaker": "LUCY", "phrase": " O nly if"}, {"speaker": "LUCY", "phrase": " that room"}, {"speaker": "LUCY", "phrase": " is on the top level of the house."}, {"speaker": "ANNE", "phrase": " What did you drop."}, {"speaker": "ENV", "phrase": "PAUSE"}, {"speaker": "LUCY", "phrase": " If it's on the top level of the house"}, {"speaker": "LUCY", "phrase": " they would"}, {"speaker": "LUCY", "phrase": " because they needed to soundproof it."}, {"speaker": "LIND", "phrase": " Al"}, {"speaker": "LIND", "phrase": " there's nobody."}, {"speaker": "LIND", "phrase": " oh the girls are in there."}, {"speaker": "LUCY", "phrase": " but there's two levels above."}, {"speaker": "LUCY", "phrase": " So they didn't have to."}, {"speaker": "LUCY", "phrase": " Unfortunately."}, {"speaker": "ANNE", "phrase": " Hunh."}, {"speaker": "AL", "phrase": " So what time."}, {"speaker": "AL", "phrase": " I'm curious now."}, {"speaker": "AL", "phrase": " What did they do to the walls ?"}, {"speaker": "LUCY", "phrase": " Oh"}, {"speaker": "LUCY", "phrase": " wait till you see what they did in the living room."}, {"speaker": "LUCY", "phrase": "PAUSE"}, {"speaker": "LUCY", "phrase": " when we get the walls painted and everything"}, {"speaker": "LUCY", "phrase": " you'll all have to come over."}, {"speaker": "LUCY", "phrase": " And laugh just laugh see laugh."}, {"speaker": "AL", "phrase": " Oh is the room smaller or something now ?"}, {"speaker": "AL", "phrase": " Did they..."}, {"speaker": "LUCY", "phrase": " They went in five inches"}, {"speaker": "LUCY", "phrase": " on the two outside walls."}, {"speaker": "LUCY", "phrase": " They put in."}, {"speaker": "LUCY", "phrase": " they studded the outside walls"}, {"speaker": "LUCY", "phrase": " from the inside."}, {"speaker": "LUCY", "phrase": " You know"}, {"speaker": "LUCY", "phrase": " the inside of the room."}, {"speaker": "LUCY", "phrase": " Um"}, {"speaker": "LUCY", "phrase": " and then they put insulation"}, {"speaker": "LUCY", "phrase": " and then they put soundproof boards."}, {"speaker": "LUCY", "phrase": " Then they put two layers"}, {"speaker": "LUCY", "phrase": " of threequarterinch drywall."}, {"speaker": "LUCY", "phrase": " And then they taped it all"}, {"speaker": "LUCY", "phrase": " and skim coated it."}, {"speaker": "LUCY", "phrase": " It's beautiful."}, {"speaker": "AL", "phrase": " Oh they skim coated it too."}, {"speaker": "LUCY", "phrase": " Yep."}, {"speaker": "AL", "phrase": " they didn't just tape it."}, {"speaker": "LUCY", "phrase": "PAUSE"}, {"speaker": "AL", "phrase": " Oh."}, {"speaker": "LUCY", "phrase": " And then they put primer coat of paint on it."}, {"speaker": "LUCY", "phrase": " So all we have to do is go in and paint it."}, {"speaker": "LUCY", "phrase": " They put new woodwork along the bottom"}, {"speaker": "LUCY", "phrase": " and all new woodwork around the windows."}, {"speaker": "LUCY", "phrase": " Danny and I got crap woodwork."}, {"speaker": "LUCY", "phrase": "PAUSE"}, {"speaker": "LUCY", "phrase": " All the."}, {"speaker": "LUCY", "phrase": " windows had to have woodwork for them to"}, {"speaker": "LUCY", "phrase": " So"}, {"speaker": "LUCY", "phrase": " that room out back"}, {"speaker": "LUCY", "phrase": " that used to be porch ?"}, {"speaker": "AL", "phrase": " Mhm ?"}, {"speaker": "LUCY", "phrase": " Danny and I put wallboard up"}, {"speaker": "LUCY", "phrase": " and then we got this garbage trim."}, {"speaker": "LUCY", "phrase": " That was on sale for three ninetyfive ?"}, {"speaker": "LUCY", "phrase": " They replaced it with the stuff that was thirteen laugh five laugh."}, {"speaker": "ANNE", "phrase": " Mm."}, {"speaker": "DAN", "phrase": " Yeah."}, {"speaker": "ENV", "phrase": "PAUSE"}, {"speaker": "DAN", "phrase": " Had to put the."}, {"speaker": "DAN", "phrase": " You had to go through the aggravation."}, {"speaker": "LUCY", "phrase": " \u0294uh Of putting it up."}, {"speaker": "DAN", "phrase": " Spending the money on this trash."}, {"speaker": "LUCY", "phrase": " It had to be there"}, {"speaker": "LUCY", "phrase": " before they would replace..."}, {"speaker": "DAN", "phrase": " putting the trim up"}, {"speaker": "DAN", "phrase": " before they would work on it."}, {"speaker": "LUCY", "phrase": " Mm."}, {"speaker": "JOHN", "phrase": " come in and tear it down and replace it."}, {"speaker": "LUCY", "phrase": " Although"}, {"speaker": "LUCY", "phrase": " did I tell you that guy that put the hole ?"}, {"speaker": "DAN", "phrase": " just to get an..."}, {"speaker": "LUCY", "phrase": " Remember the guy that put the hole."}, {"speaker": "LIND", "phrase": "PAUSE"}, {"speaker": "LUCY", "phrase": " in the back of his house"}, {"speaker": "LUCY", "phrase": " because he decided he'd like picture window in his kitchen ?"}, {"speaker": "ANNE", "phrase": "PAUSE"}, {"speaker": "DAN", "phrase": "PAUSE"}, {"speaker": "DAN", "phrase": " And they wouldn't re place it."}, {"speaker": "ANNE", "phrase": "PAUSE"}, {"speaker": "LUCY", "phrase": " They did."}, {"speaker": "DAN", "phrase": " Cause there were."}, {"speaker": "DAN", "phrase": " Oh they did ?"}, {"speaker": "LUCY", "phrase": " Yes"}, {"speaker": "LUCY", "phrase": " he threatened to take them to court."}, {"speaker": "DAN", "phrase": " Oh I thought they told him."}, {"speaker": "LUCY", "phrase": " so they re."}, {"speaker": "LUCY", "phrase": " they put in."}, {"speaker": "DAN", "phrase": " they told."}, {"speaker": "DAN", "phrase": " didn't they originally tell him"}, {"speaker": "DAN", "phrase": " he had to put..."}, {"speaker": "LUCY", "phrase": " Yeah."}, {"speaker": "DAN", "phrase": " he had to put window in ?"}, {"speaker": "LIND", "phrase": " \u0294uh."}, {"speaker": "LUCY", "phrase": " Well that was the guy"}, {"speaker": "LUCY", "phrase": " that used to live around the corner."}, {"speaker": "LIND", "phrase": "PAUSE"}, {"speaker": "LUCY", "phrase": " from mom and dad."}, {"speaker": "DAVE", "phrase": " Now how much the Patriots losing by."}, {"speaker": "LUCY", "phrase": " that died."}, {"speaker": "LUCY", "phrase": " He died right after they put the window in."}, {"speaker": "AL", "phrase": " It was almost seventeen in the fourth ?"}, {"speaker": "ANNE", "phrase": " Well that'll teach him."}, {"speaker": "X", "phrase": " Are they winning ?"}, {"speaker": "ANNE", "phrase": "PAUSE"}, {"speaker": "AL", "phrase": " No they're losing."}, {"speaker": "ALLE", "phrase": " Is that plugged in yet."}, {"speaker": "AL", "phrase": " Buffalo was driving em."}, {"speaker": "ALLE", "phrase": " or what."}, {"speaker": "DAVE", "phrase": " Of course they're losing."}, {"speaker": "LUCY", "phrase": " You."}, {"speaker": "LUCY", "phrase": " Oh."}, {"speaker": "LUCY", "phrase": " Well well."}, {"speaker": "LUCY", "phrase": " You know the."}, {"speaker": "LUCY", "phrase": " You know who I mean."}, {"speaker": "LUCY", "phrase": " The guy that used to live around the corner."}, {"speaker": "DAVE", "phrase": "PAUSE"}, {"speaker": "LUCY", "phrase": " That during bussing"}, {"speaker": "LUCY", "phrase": " had the illiterate spelt wrong on the side of his house ?"}, {"speaker": "DAN", "phrase": " Oh yeah yeah"}, {"speaker": "DAN", "phrase": " the Italian guy that."}, {"speaker": "DAN", "phrase": " You mean the guy that lived in Charlestown ?"}, {"speaker": "LUCY", "phrase": " Yes."}, {"speaker": "LUCY", "phrase": " Yeah."}, {"speaker": "DAVE", "phrase": " You can watch"}, {"speaker": "DAVE", "phrase": "PAUSE"}, {"speaker": "LUCY", "phrase": " He moved down near me."}, {"speaker": "AL", "phrase": " That was intentional though Lucy."}, {"speaker": "LIND", "phrase": "PAUSE"}, {"speaker": "DAN", "phrase": " Yeah"}, {"speaker": "DAN", "phrase": " that was"}, {"speaker": "DAN", "phrase": "that was gag."}, {"speaker": "AL", "phrase": " Having illiterate spelled."}, {"speaker": "LUCY", "phrase": " No."}, {"speaker": "LUCY", "phrase": " I don't think he did."}, {"speaker": "AL", "phrase": "PAUSE"}, {"speaker": "LUCY", "phrase": " he didn't know how to spell it."}, {"speaker": "ANNE", "phrase": " Mm."}, {"speaker": "LUCY", "phrase": " That was."}, {"speaker": "DAVE", "phrase": " Jane."}, {"speaker": "LUCY", "phrase": "PAUSE"}, {"speaker": "LUCY", "phrase": "PAUSE"}, {"speaker": "DAN", "phrase": " Well it was close."}, {"speaker": "DAN", "phrase": " But it was gag."}, {"speaker": "LUCY", "phrase": "PAUSE"}, {"speaker": "DAN", "phrase": " He probably didn't know himself."}, {"speaker": "LUCY", "phrase": " No."}, {"speaker": "LUCY", "phrase": " I'm sure he didn't."}, {"speaker": "DAN", "phrase": " He went and looked it up in the dictionary."}, {"speaker": "LUCY", "phrase": "PAUSE"}, {"speaker": "DAN", "phrase": " so that he could spell it wrong on purpose."}, {"speaker": "LUCY", "phrase": "PAUSE"}, {"speaker": "AL", "phrase": "PAUSE"}, {"speaker": "LUCY", "phrase": "PAUSE"}, {"speaker": "LUCY", "phrase": " Yeah."}, {"speaker": "LUCY", "phrase": " But the windows Al."}, {"speaker": "LUCY", "phrase": " Are."}, {"speaker": "DAN", "phrase": "PAUSE"}, {"speaker": "ANNE", "phrase": " Al is smoking."}, {"speaker": "LUCY", "phrase": " This"}, {"speaker": "LUCY", "phrase": " this wide now."}, {"speaker": "LUCY", "phrase": " They're"}, {"speaker": "LUCY", "phrase": " the living room windows."}, {"speaker": "LUCY", "phrase": " It's two complete windows."}, {"speaker": "LUCY", "phrase": " They have"}, {"speaker": "LUCY", "phrase": " And"}, {"speaker": "LUCY", "phrase": " all of the windows are four sheets of glass thick."}, {"speaker": "LUCY", "phrase": " There are two levels"}, {"speaker": "LUCY", "phrase": " on the top"}, {"speaker": "LUCY", "phrase": " and two levels on the bottom."}, {"speaker": "LUCY", "phrase": " With"}, {"speaker": "LUCY", "phrase": " double glass ?"}, {"speaker": "LUCY", "phrase": " So"}, {"speaker": "LUCY", "phrase": " I have to open"}, {"speaker": "LUCY", "phrase": " in every room I have to open at least two windows."}, {"speaker": "LUCY", "phrase": " To get to the screen."}, {"speaker": "LUCY", "phrase": " And the screen is fulllevel"}, {"speaker": "LUCY", "phrase": " from the top to the bottom of the window ?"}, {"speaker": "AL", "phrase": " Mhm ?"}, {"speaker": "LUCY", "phrase": " They're really nice."}, {"speaker": "DAN", "phrase": "PAUSE"}, {"speaker": "LUCY", "phrase": " Unfortunately."}, {"speaker": "ANNE", "phrase": " So how is that for washing your windows."}, {"speaker": "LUCY", "phrase": " We're three years too late."}, {"speaker": "LIND", "phrase": " Did you leave it over there ?"}, {"speaker": "LUCY", "phrase": " You can pull..."}, {"speaker": "LIND", "phrase": " Cause I just brought this one down."}, {"speaker": "LUCY", "phrase": " They..."}, {"speaker": "ANNE", "phrase": "PAUSE"}, {"speaker": "LUCY", "phrase": " Each panel comes out."}, {"speaker": "ANNE", "phrase": " Oh"}, {"speaker": "ANNE", "phrase": " nice."}, {"speaker": "LUCY", "phrase": " And you wash them from the inside."}, {"speaker": "AL", "phrase": " Oh they."}, {"speaker": "LUCY", "phrase": " Three years ago they put central air conditioning."}, {"speaker": "LUCY", "phrase": " But they stopped that."}, {"speaker": "LUCY", "phrase": " Because the federal government decided that it was."}, {"speaker": "DAN", "phrase": "PAUSE"}, {"speaker": "ANNE", "phrase": " Extravagant use of money ?"}, {"speaker": "JOHN", "phrase": " Oh man."}, {"speaker": "LUCY", "phrase": " Cost prohibitive."}, {"speaker": "JOHN", "phrase": " Too bad they."}, {"speaker": "JOHN", "phrase": " oh."}, {"speaker": "JOHN", "phrase": " Oh God."}, {"speaker": "LUCY", "phrase": " They did it in."}, {"speaker": "JOHN", "phrase": " Too bad you couldn't've got in on that."}, {"speaker": "LUCY", "phrase": " Connecticut."}, {"speaker": "LUCY", "phrase": " Connecticut and Rhode Island got the central air conditioning."}, {"speaker": "JOHN", "phrase": " \u0294Ah."}, {"speaker": "LUCY", "phrase": " But they didn't"}, {"speaker": "LUCY", "phrase": " They..."}, {"speaker": "ANNE", "phrase": " That's good for about three grand."}, {"speaker": "LUCY", "phrase": " Yeah."}, {"speaker": "LUCY", "phrase": " they stopped it by the time."}, {"speaker": "ALLE", "phrase": " Could you move your house over there John."}, {"speaker": "LUCY", "phrase": " they got up here."}, {"speaker": "ALLE", "phrase": " and have the planes go over."}, {"speaker": "LUCY", "phrase": " I know."}, {"speaker": "JOHN", "phrase": " Yeah laugh."}, {"speaker": "ANNE", "phrase": "PAUSE"}, {"speaker": "JOHN", "phrase": "PAUSE"}, {"speaker": "LUCY", "phrase": " You know actually though."}, {"speaker": "ALLE", "phrase": "PAUSE"}, {"speaker": "LUCY", "phrase": " you can still hear the planes."}, {"speaker": "JOHN", "phrase": " We may."}, {"speaker": "JOHN", "phrase": " I was just gonna ask you."}, {"speaker": "LUCY", "phrase": " I mean it's not"}, {"speaker": "LUCY", "phrase": " It."}, {"speaker": "LUCY", "phrase": "PAUSE"}, {"speaker": "LUCY", "phrase": " Sabina said"}, {"speaker": "LUCY", "phrase": " she had hers done last fall."}, {"speaker": "X", "phrase": "PAUSE"}, {"speaker": "LUCY", "phrase": " And she said"}, {"speaker": "LUCY", "phrase": " she could notice"}, {"speaker": "LUCY", "phrase": " big difference in the winter."}, {"speaker": "LUCY", "phrase": " But in the summer"}, {"speaker": "LUCY", "phrase": " when you have your windows open anyway ?"}, {"speaker": "JOHN", "phrase": " Oh yeah."}, {"speaker": "LUCY", "phrase": " It really doesn't make any difference for her."}, {"speaker": "AL", "phrase": "Well that's why you should've made case for the air-conditioning."}, {"speaker": "JOHN", "phrase": " That's right."}, {"speaker": "AL", "phrase": " You know I wouldn't have to open my windows."}, {"speaker": "JOHN", "phrase": " Yeah."}, {"speaker": "LUCY", "phrase": " I know."}, {"speaker": "DAN", "phrase": "PAUSE"}, {"speaker": "LUCY", "phrase": " But that"}, {"speaker": "LUCY", "phrase": " that was what the"}, {"speaker": "LUCY", "phrase": " the guy that came"}, {"speaker": "LUCY", "phrase": " the first day from Mass Port said."}, {"speaker": "LUCY", "phrase": " boy"}, {"speaker": "LUCY", "phrase": " unfortunately"}, {"speaker": "LUCY", "phrase": " you're couple of years too late for the air conditioning."}, {"speaker": "JOHN", "phrase": " Ah"}, {"speaker": "JOHN", "phrase": " that would be beautiful."}, {"speaker": "DAN", "phrase": "PAUSE"}, {"speaker": "LUCY", "phrase": "PAUSE"}, {"speaker": "DAN", "phrase": " How much complaining can you do."}, {"speaker": "DAN", "phrase": " What did they spend on your house."}, {"speaker": "LUCY", "phrase": " Oh it had..."}, {"speaker": "DAN", "phrase": " probably twentyfive thousand."}, {"speaker": "LUCY", "phrase": " It has to."}, {"speaker": "LUCY", "phrase": " Oh more than that Dan."}, {"speaker": "DAN", "phrase": " Thirtyfive thousand ?"}, {"speaker": "JOHN", "phrase": " More."}, {"speaker": "LUCY", "phrase": " More than that."}, {"speaker": "DAN", "phrase": " Like I said."}, {"speaker": "DAN", "phrase": " \u0294uh Just give me the money and."}, {"speaker": "LUCY", "phrase": " Mhm."}, {"speaker": "DAN", "phrase": " you can have the house."}, {"speaker": "DAN", "phrase": "PAUSE"}, {"speaker": "DAN", "phrase": " We'll start somewhere else."}, {"speaker": "DAN", "phrase": " It is really strange regulation though."}, {"speaker": "DAN", "phrase": " Um"}, {"speaker": "DAN", "phrase": " did all this work"}, {"speaker": "DAN", "phrase": " just so they could."}, {"speaker": "JOHN", "phrase": " Come in and tear it down."}, {"speaker": "LUCY", "phrase": " So that you can't s..."}, {"speaker": "DAN", "phrase": " come"}, {"speaker": "DAN", "phrase": " tear it laugh down laugh."}, {"speaker": "LUCY", "phrase": " I know."}, {"speaker": "DAN", "phrase": " And laugh get in the carpenters' way."}, {"speaker": "LUCY", "phrase": " But they."}, {"speaker": "LUCY", "phrase": " You sign contract."}, {"speaker": "DAN", "phrase": " Really laugh ?"}, {"speaker": "LUCY", "phrase": " that you can't sue them for noise pollution."}, {"speaker": "LUCY", "phrase": " For at least twenty years after the work is completed."}, {"speaker": "DAN", "phrase": " But since."}, {"speaker": "DAN", "phrase": " But for them it's uh."}, {"speaker": "LUCY", "phrase": "PAUSE"}, {"speaker": "DAN", "phrase": " you know"}, {"speaker": "DAN", "phrase": " for the workers themselves it's like."}, {"speaker": "ANNE", "phrase": " Hunh."}, {"speaker": "DAN", "phrase": " The room was."}, {"speaker": "DAN", "phrase": " The room didn't even have anything up John."}, {"speaker": "DAN", "phrase": " There was no"}, {"speaker": "DAN", "phrase": " No walls"}, {"speaker": "DAN", "phrase": " nothing."}, {"speaker": "LUCY", "phrase": " We put the walls up."}, {"speaker": "DAN", "phrase": " They could've just opped them"}, {"speaker": "DAN", "phrase": " Yeah."}, {"speaker": "JOHN", "phrase": " Yeah."}, {"speaker": "DAN", "phrase": " They could've just popped the windows out."}, {"speaker": "DAN", "phrase": " Without any trouble."}, {"speaker": "LUCY", "phrase": " Hm."}, {"speaker": "DAN", "phrase": " Put the windows back"}, {"speaker": "DAN", "phrase": "put the new windows in."}, {"speaker": "LUCY", "phrase": " Yeah."}, {"speaker": "DAN", "phrase": " They had to come in and tear stuff down."}, {"speaker": "LUCY", "phrase": " Yeah."}, {"speaker": "LUCY", "phrase": " And of course"}, {"speaker": "LUCY", "phrase": " the stuff that we put up"}, {"speaker": "LUCY", "phrase": " wasn't first quality"}, {"speaker": "LUCY", "phrase": " because"}, {"speaker": "LUCY", "phrase": " w why would we spend the money."}, {"speaker": "JOHN", "phrase": " Yeah laugh."}, {"speaker": "LUCY", "phrase": " if they're gonna replace it if they crack it"}, {"speaker": "LUCY", "phrase": " so everything they touched."}, {"speaker": "ALLE", "phrase": " Did they take the woodwork down."}, {"speaker": "DAN", "phrase": " We made sure we used stuff that they'd crack."}, {"speaker": "ALLE", "phrase": " that Danny put in your itchen ?"}, {"speaker": "LUCY", "phrase": " Yes"}, {"speaker": "LUCY", "phrase": " they put up stuff that was worth three times the money."}, {"speaker": "ALLE", "phrase": " And they told you to."}, {"speaker": "ALLE", "phrase": " you had to do that."}, {"speaker": "LUCY", "phrase": " Well"}, {"speaker": "LUCY", "phrase": " it had to be existing."}, {"speaker": "LUCY", "phrase": " In order for them to replace it."}, {"speaker": "ALLE", "phrase": " Oh."}, {"speaker": "DAN", "phrase": " We had to finish that whole secondfloor room."}, {"speaker": "LUCY", "phrase": " They had to bring out."}, {"speaker": "LUCY", "phrase": " You know"}, {"speaker": "LUCY", "phrase": " the."}, {"speaker": "LUCY", "phrase": " It was like tradeoff."}, {"speaker": "ALLE", "phrase": " Ah."}, {"speaker": "AL", "phrase": " What did they do upstairs Lucy."}, {"speaker": "AL", "phrase": " Anything ?"}, {"speaker": "LUCY", "phrase": " Um"}, {"speaker": "LUCY", "phrase": " well"}, {"speaker": "LUCY", "phrase": " in the"}, {"speaker": "LUCY", "phrase": " you know the."}, {"speaker": "LUCY", "phrase": " There's room off my bedroom."}, {"speaker": "LUCY", "phrase": " That used to be porch ?"}, {"speaker": "LUCY", "phrase": " That Danny and I put the walls in."}, {"speaker": "AL", "phrase": " Mhm ?"}, {"speaker": "DAN", "phrase": " That Joe built."}, {"speaker": "LUCY", "phrase": " And then we put."}, {"speaker": "LUCY", "phrase": " You know"}, {"speaker": "LUCY", "phrase": " it was the..."}, {"speaker": "AL", "phrase": "PAUSE"}, {"speaker": "ANNE", "phrase": " The room that Joe built."}, {"speaker": "LUCY", "phrase": " house that Joe built."}, {"speaker": "DAN", "phrase": " With everything in sideways."}, {"speaker": "ANNE", "phrase": "PAUSE"}, {"speaker": "JOHN", "phrase": "PAUSE"}, {"speaker": "LUCY", "phrase": " All the windows were sideways."}, {"speaker": "DAN", "phrase": "PAUSE"}, {"speaker": "LUCY", "phrase": " they..."}, {"speaker": "LIND", "phrase": "Hunh haha."}, {"speaker": "LUCY", "phrase": " We went in"}, {"speaker": "LUCY", "phrase": " and we just threw up wood"}, {"speaker": "LUCY", "phrase": " to straighten every thing out"}, {"speaker": "LUCY", "phrase": " and put woodwork on."}, {"speaker": "LUCY", "phrase": " They came in and they said"}, {"speaker": "LUCY", "phrase": " while we were working on it."}, {"speaker": "LIND", "phrase": "PAUSE"}, {"speaker": "LUCY", "phrase": " they said"}, {"speaker": "LUCY", "phrase": " oh well gee"}, {"speaker": "LUCY", "phrase": " you really need two sheets of sheetrock."}, {"speaker": "LUCY", "phrase": " \u0294At least"}, {"speaker": "LUCY", "phrase": " for."}, {"speaker": "LUCY", "phrase": " for soundproof insulation."}, {"speaker": "LUCY", "phrase": " If you don't feel like putting it up"}, {"speaker": "LUCY", "phrase": " we'll put it up when we come in."}, {"speaker": "LUCY", "phrase": " So we decided."}, {"speaker": "AL", "phrase": " Not to bother."}, {"speaker": "LUCY", "phrase": " Hey"}, {"speaker": "LUCY", "phrase": " let them do it."}, {"speaker": "AL", "phrase": " Why bother."}, {"speaker": "AL", "phrase": " Let them deal with it."}, {"speaker": "ANNE", "phrase": "PAUSE"}, {"speaker": "JOHN", "phrase": " Mm."}, {"speaker": "LUCY", "phrase": " You know ?"}, {"speaker": "DAN", "phrase": " Well we put one ceiling up."}, {"speaker": "AL", "phrase": " Sure."}, {"speaker": "LUCY", "phrase": " We put one up."}, {"speaker": "LUCY", "phrase": " But they put the second one."}, {"speaker": "DAN", "phrase": " \u0294uh And they require you have f..."}, {"speaker": "X", "phrase": "PAUSE"}, {"speaker": "LUCY", "phrase": " and they put the stuff in between."}, {"speaker": "DAN", "phrase": " You had to have it."}, {"speaker": "DAN", "phrase": " Well you had to have it finished anyway."}, {"speaker": "DAN", "phrase": " For them to tear it down."}, {"speaker": "LUCY", "phrase": " Well then we put."}, {"speaker": "DAN", "phrase": " but they were gonna put in the..."}, {"speaker": "LUCY", "phrase": " we put the baseboard heat."}, {"speaker": "LUCY", "phrase": " We put electric baseboard heat in."}, {"speaker": "LUCY", "phrase": " Um"}, {"speaker": "LUCY", "phrase": " because it had to be heated room."}, {"speaker": "LUCY", "phrase": " But they put all new windows in"}, {"speaker": "LUCY", "phrase": " and we put up the junk woodwork"}, {"speaker": "LUCY", "phrase": " and they put up."}, {"speaker": "DAN", "phrase": " That was..."}, {"speaker": "AL", "phrase": " Hm."}, {"speaker": "DAN", "phrase": " It was great working in that room"}, {"speaker": "DAN", "phrase": " We."}, {"speaker": "DAN", "phrase": " We'd make these measurements."}, {"speaker": "DAN", "phrase": " Like"}, {"speaker": "DAN", "phrase": " you had to measure."}, {"speaker": "LUCY", "phrase": "PAUSE"}, {"speaker": "LUCY", "phrase": "PAUSE"}, {"speaker": "DAN", "phrase": " You put up laugh piece laugh of."}, {"speaker": "LUCY", "phrase": " \u0294uh."}, {"speaker": "DAN", "phrase": " plasterboard."}, {"speaker": "DAN", "phrase": " You'd have to measure like."}, {"speaker": "ALLE", "phrase": " How about..."}, {"speaker": "DAN", "phrase": " every two feet along"}, {"speaker": "DAN", "phrase": " So they."}, {"speaker": "LUCY", "phrase": " Because they had varied so much."}, {"speaker": "DAN", "phrase": " you know it'd go from like."}, {"speaker": "LUCY", "phrase": " It's just."}, {"speaker": "X", "phrase": "PAUSE"}, {"speaker": "DAN", "phrase": " eight feet long in one spot."}, {"speaker": "LUCY", "phrase": "PAUSE"}, {"speaker": "DAN", "phrase": " to like"}, {"speaker": "DAN", "phrase": " seven feet six inches over here or something."}, {"speaker": "LUCY", "phrase": " But."}, {"speaker": "LUCY", "phrase": " But that wasn't bad"}, {"speaker": "LUCY", "phrase": " when you consider that Joe used old doors."}, {"speaker": "DAN", "phrase": "PAUSE"}, {"speaker": "LIND", "phrase": "PAUSE"}, {"speaker": "LUCY", "phrase": " that he found in garbage buckets."}, {"speaker": "DAN", "phrase": "PAUSE"}, {"speaker": "ANNE", "phrase": "PAUSE"}, {"speaker": "LUCY", "phrase": " from other people's homes."}, {"speaker": "X", "phrase": "PAUSE"}, {"speaker": "LUCY", "phrase": "PAUSE"}, {"speaker": "LUCY", "phrase": "PAUSE"}, {"speaker": "DAN", "phrase": " Oh is he."}, {"speaker": "ALLE", "phrase": " Well uh."}, {"speaker": "DAN", "phrase": " did he have uh"}, {"speaker": "DAN", "phrase": " Frank out uh"}, {"speaker": "DAN", "phrase": " Did he have uh."}, {"speaker": "LUCY", "phrase": "PAUSE"}, {"speaker": "DAN", "phrase": " Frank out hunting for em."}, {"speaker": "LUCY", "phrase": "PAUSE"}, {"speaker": "DAN", "phrase": " in the."}, {"speaker": "LUCY", "phrase": " He probably did."}, {"speaker": "DAN", "phrase": " on garbage day ?"}, {"speaker": "DAN", "phrase": "PAUSE"}, {"speaker": "LUCY", "phrase": "PAUSE"}, {"speaker": "ALLE", "phrase": " Can you get them to put some of them toilet seats in."}, {"speaker": "DAN", "phrase": " Yeah."}, {"speaker": "ALLE", "phrase": " that they put in the uh Navy ?"}, {"speaker": "X", "phrase": "PAUSE"}, {"speaker": "LIND", "phrase": "PAUSE"}, {"speaker": "ALLE", "phrase": " Sevenhundred dollars apiece ?"}, {"speaker": "LUCY", "phrase": " Oh"}, {"speaker": "LUCY", "phrase": "PAUSE"}, {"speaker": "DAN", "phrase": " They come close Dad."}, {"speaker": "DAN", "phrase": " I didn't see in Lucy's house yet but"}, {"speaker": "DAN", "phrase": " I don't have to cause"}, {"speaker": "DAN", "phrase": " Johny gave me the"}, {"speaker": "DAN", "phrase": " the guided tour"}, {"speaker": "DAN", "phrase": " I couldn't get"}, {"speaker": "DAN", "phrase": " I couldn't get rid of Johny one day for."}, {"speaker": "LUCY", "phrase": " I know it."}, {"speaker": "DAN", "phrase": " I was out on their porch."}, {"speaker": "LUCY", "phrase": " did Johny didn't have the French doors though."}, {"speaker": "LUCY", "phrase": " The French doors are gorgeous."}, {"speaker": "DAN", "phrase": " He had doors put on the back."}, {"speaker": "LUCY", "phrase": " He had the sliders."}, {"speaker": "DAN", "phrase": " Yeah."}, {"speaker": "DAN", "phrase": " He had sliders put on the."}, {"speaker": "LUCY", "phrase": " But these are inside French doors"}, {"speaker": "LUCY", "phrase": " that they put on the living room."}, {"speaker": "LUCY", "phrase": " You know that archway between the living room and the dining ?"}, {"speaker": "LUCY", "phrase": " And the um."}, {"speaker": "LIND", "phrase": "PAUSE"}, {"speaker": "DAN", "phrase": " Yeah."}, {"speaker": "LUCY", "phrase": " hall ?"}, {"speaker": "LUCY", "phrase": " They're beautiful."}, {"speaker": "DAN", "phrase": " He didn't have any"}, {"speaker": "DAN", "phrase": " \u0294uh Johny doesn't have any openings like that in his house."}, {"speaker": "LUCY", "phrase": " Yeah."}, {"speaker": "DAN", "phrase": " Yeah but the doors they put in."}, {"speaker": "X", "phrase": "PAUSE"}, {"speaker": "DAN", "phrase": " they removed"}, {"speaker": "DAN", "phrase": " He had like"}, {"speaker": "DAN", "phrase": " twoyearold topoftheline Andersen sliding glass windows in."}, {"speaker": "DAN", "phrase": " Going out to the porch."}, {"speaker": "DAN", "phrase": " And they tore them out."}, {"speaker": "LUCY", "phrase": " Yeah."}, {"speaker": "DAN", "phrase": " Replaced that stuff"}, {"speaker": "DAN", "phrase": " they replacedthemwith was like"}, {"speaker": "DAN", "phrase": " fivethousand dollar door or something."}, {"speaker": "LUCY", "phrase": " Yeah."}, {"speaker": "DAN", "phrase": " That was what Johny said they're asking for."}, {"speaker": "LUCY", "phrase": " Yeah"}, {"speaker": "LUCY", "phrase": "Because the insulation is unbelievable in them."}, {"speaker": "DAN", "phrase": " Three panes of glass."}, {"speaker": "LUCY", "phrase": " Yeah."}, {"speaker": "DAN", "phrase": " Fifteenpound brass handles on them."}, {"speaker": "LUCY", "phrase": " Mhm"}, {"speaker": "LUCY", "phrase": " Now they use all brass"}, {"speaker": "LUCY", "phrase": " they put uh."}, {"speaker": "LUCY", "phrase": " Our front door has two locks now."}, {"speaker": "LUCY", "phrase": " It has the"}, {"speaker": "LUCY", "phrase": " the one like we had"}, {"speaker": "LUCY", "phrase": " the deadbolt."}, {"speaker": "LUCY", "phrase": " And then it has the knob lock."}, {"speaker": "LUCY", "phrase": " But it's"}, {"speaker": "LUCY", "phrase": " you use the same key for both of them ?"}, {"speaker": "LUCY", "phrase": " And that's all brass."}, {"speaker": "LUCY", "phrase": " They put all brass fixtures on the"}, {"speaker": "LUCY", "phrase": " French doors in the living room."}, {"speaker": "DAN", "phrase": " Those aren't even going anywhere."}, {"speaker": "LUCY", "phrase": " No."}, {"speaker": "LUCY", "phrase": " I know laugh."}, {"speaker": "DAN", "phrase": " Did they make you put door to the"}, {"speaker": "DAN", "phrase": " they put door on the"}, {"speaker": "DAN", "phrase": " room going into the dining room ?"}, {"speaker": "LUCY", "phrase": " No"}, {"speaker": "LUCY", "phrase": " they didn't need one there."}, {"speaker": "DAN", "phrase": " so it wouldn't."}, {"speaker": "ALLE", "phrase": " When you go to work."}, {"speaker": "LUCY", "phrase": " They said"}, {"speaker": "LUCY", "phrase": " because it was an inside wall."}, {"speaker": "ALLE", "phrase": " drop the pants off at the house"}, {"speaker": "ALLE", "phrase": " and I'll wash them John."}, {"speaker": "JOHN", "phrase": "PAUSE"}, {"speaker": "ANNE", "phrase": "PAUSE"}, {"speaker": "DAN", "phrase": " Yeah but"}, {"speaker": "DAN", "phrase": " doesn't that uh."}, {"speaker": "JOHN", "phrase": " Don't worry about it."}, {"speaker": "LUCY", "phrase": " They said it wouldn't affect the soundproofing one way or the other."}, {"speaker": "ALLE", "phrase": "PAUSE"}, {"speaker": "JOHN", "phrase": " Throw some"}, {"speaker": "JOHN", "phrase": " Shout on there."}, {"speaker": "LIND", "phrase": "PAUSE"}, {"speaker": "DAN", "phrase": " Doesn't the noise come in from the room"}, {"speaker": "DAN", "phrase": " from the dining room ?"}, {"speaker": "LUCY", "phrase": " I don't know ?"}, {"speaker": "LUCY", "phrase": " I'm."}, {"speaker": "LUCY", "phrase": " I'm not gonna complain."}, {"speaker": "LUCY", "phrase": " You laugh know laugh"}, {"speaker": "LUCY", "phrase": " How can I complain."}, {"speaker": "DAN", "phrase": " Now all we need to do is"}, {"speaker": "DAN", "phrase": " something to make that roof stop leak ing."}, {"speaker": "LUCY", "phrase": " Leak stop."}, {"speaker": "JOHN", "phrase": "PAUSE"}, {"speaker": "JOHN", "phrase": " You have oil heat in your house."}, {"speaker": "LUCY", "phrase": " Forced hot air."}, {"speaker": "LUCY", "phrase": " Yeah."}, {"speaker": "JOHN", "phrase": " Forced hot air."}, {"speaker": "LUCY", "phrase": " So the air conditioning would have been breeze for them to put in."}, {"speaker": "JOHN", "phrase": " I know"}, {"speaker": "JOHN", "phrase": " it would have been breeze for them."}, {"speaker": "LUCY", "phrase": "PAUSE"}, {"speaker": "JOHN", "phrase": " Yeah."}, {"speaker": "JOHN", "phrase": " Just throw in unit outside."}, {"speaker": "LUCY", "phrase": " Yep."}, {"speaker": "JOHN", "phrase": " Threeton unit"}, {"speaker": "JOHN", "phrase": " or what are they called."}, {"speaker": "LUCY", "phrase": " Mhm."}, {"speaker": "JOHN", "phrase": " And uh"}, {"speaker": "JOHN", "phrase": " hook that right into the central air."}, {"speaker": "LUCY", "phrase": "PAUSE"}, {"speaker": "LUCY", "phrase": " I was talking to Jimmy."}, {"speaker": "LUCY", "phrase": " Yesterday."}, {"speaker": "LUCY", "phrase": " He was in"}, {"speaker": "LUCY", "phrase": " at the coffee shop."}, {"speaker": "LUCY", "phrase": " And he said"}, {"speaker": "LUCY", "phrase": " he's been fielding calls all week from neighbors."}, {"speaker": "LUCY", "phrase": " Who would love to have laugh their house done"}, {"speaker": "LUCY", "phrase": " but it's matter of"}, {"speaker": "LUCY", "phrase": " point two decibels."}, {"speaker": "LUCY", "phrase": " The people"}, {"speaker": "LUCY", "phrase": " directly"}, {"speaker": "LUCY", "phrase": " across the street diagonally from me."}, {"speaker": "LUCY", "phrase": " Couldn't get it done because"}, {"speaker": "LUCY", "phrase": " their"}, {"speaker": "LUCY", "phrase": " decibel level"}, {"speaker": "LUCY", "phrase": " was sixtyfive point two"}, {"speaker": "LUCY", "phrase": " and it had to be sixtyfive."}, {"speaker": "LIND", "phrase": "PAUSE"}, {"speaker": "LUCY", "phrase": " or something."}, {"speaker": "JOHN", "phrase": " Gee laugh."}, {"speaker": "LUCY", "phrase": " Stupid like that."}, {"speaker": "JOHN", "phrase": " Wow."}, {"speaker": "LUCY", "phrase": " So it"}, {"speaker": "LUCY", "phrase": " it's matter of percentage points."}, {"speaker": "LUCY", "phrase": " And he said there's nothing you can do."}, {"speaker": "LUCY", "phrase": " It's federal regulation."}, {"speaker": "LIND", "phrase": "PAUSE"}, {"speaker": "LUCY", "phrase": " It's FDA"}, {"speaker": "LUCY", "phrase": " that"}, {"speaker": "LUCY", "phrase": " one is."}, {"speaker": "LUCY", "phrase": " is hazardous."}, {"speaker": "ANNE", "phrase": " Yeah."}, {"speaker": "JOHN", "phrase": " To your ears."}, {"speaker": "ANNE", "phrase": " they have cutoff."}, {"speaker": "LUCY", "phrase": " to your hearing."}, {"speaker": "JOHN", "phrase": " Yeah."}, {"speaker": "LUCY", "phrase": " And the other isn't."}, {"speaker": "LUCY", "phrase": " And he said they have to put cutoff point"}, {"speaker": "LUCY", "phrase": " and if they start changing their regulations"}, {"speaker": "LUCY", "phrase": " then"}, {"speaker": "LUCY", "phrase": " People who"}, {"speaker": "LUCY", "phrase": " had theirs done three years ago"}, {"speaker": "LUCY", "phrase": " and their neighbors across the street couldn't"}, {"speaker": "LUCY", "phrase": " the neighbors across the street are gonna be coming after them."}, {"speaker": "LUCY", "phrase": " You know ?"}, {"speaker": "LUCY", "phrase": " So."}, {"speaker": "DAN", "phrase": " Why are they attacking him"}, {"speaker": "DAN", "phrase": " because you told him that uh."}, {"speaker": "LUCY", "phrase": " No no no."}, {"speaker": "DAN", "phrase": " you know these guys ?"}, {"speaker": "LUCY", "phrase": " I don't know the neighbors."}, {"speaker": "DAN", "phrase": "PAUSE"}, {"speaker": "LUCY", "phrase": " I don't know those people."}, {"speaker": "JOHN", "phrase": " Oh."}, {"speaker": "LUCY", "phrase": " So"}, {"speaker": "LUCY", "phrase": " all of my immediate neighbors had it done."}, {"speaker": "DAN", "phrase": " Oh."}, {"speaker": "LUCY", "phrase": " Except for few that refused."}, {"speaker": "LUCY", "phrase": " Which I"}, {"speaker": "LUCY", "phrase": " I couldn't understand."}, {"speaker": "JOHN", "phrase": " Yeah."}, {"speaker": "LUCY", "phrase": " Why they would refuse."}, {"speaker": "LUCY", "phrase": " But."}, {"speaker": "ANNE", "phrase": " God."}, {"speaker": "ANNE", "phrase": " That's ridiculous."}, {"speaker": "LUCY", "phrase": " I know."}, {"speaker": "ANNE", "phrase": " I would take it."}, {"speaker": "LUCY", "phrase": " I know it."}, {"speaker": "DAN", "phrase": " They don't want people investigating their house Annette."}, {"speaker": "DAN", "phrase": "PAUSE"}, {"speaker": "JOHN", "phrase": " Yeah."}, {"speaker": "JOHN", "phrase": " That or they like the house the way it is."}, {"speaker": "JOHN", "phrase": " They're just."}, {"speaker": "X", "phrase": " Yeah."}, {"speaker": "LUCY", "phrase": " No"}, {"speaker": "LUCY", "phrase": " because now they're kicking themselves."}, {"speaker": "LUCY", "phrase": " There are three or four of them that said"}, {"speaker": "LUCY", "phrase": " why did we ever refuse"}, {"speaker": "LUCY", "phrase": " if we had known."}, {"speaker": "ANNE", "phrase": " Well"}, {"speaker": "ANNE", "phrase": " I suppose at the."}, {"speaker": "ANNE", "phrase": " at the time."}, {"speaker": "LUCY", "phrase": " At the time."}, {"speaker": "ANNE", "phrase": " you think about"}, {"speaker": "ANNE", "phrase": " having all those workmen."}, {"speaker": "LUCY", "phrase": " Mm."}, {"speaker": "ANNE", "phrase": " coming and going in your house"}, {"speaker": "ANNE", "phrase": " and are you home"}, {"speaker": "ANNE", "phrase": " and all that stuff ?"}, {"speaker": "LUCY", "phrase": " Mhm"}, {"speaker": "LUCY", "phrase": " But"}, {"speaker": "LUCY", "phrase": " they had big meetings."}, {"speaker": "LUCY", "phrase": " And"}, {"speaker": "LUCY", "phrase": " these people never bothered to go to the meetings."}, {"speaker": "LUCY", "phrase": " To find out exactly what they would be doing and."}, {"speaker": "JOHN", "phrase": " Yeah."}, {"speaker": "JOHN", "phrase": " Well I."}, {"speaker": "JOHN", "phrase": " Some people just get stubborn."}, {"speaker": "LUCY", "phrase": " Yeah."}, {"speaker": "JOHN", "phrase": " You know I could see my mother."}, {"speaker": "LUCY", "phrase": " Yeah."}, {"speaker": "JOHN", "phrase": " Doing that."}, {"speaker": "JOHN", "phrase": " Maybe."}, {"speaker": "X", "phrase": "PAUSE"}, {"speaker": "LUCY", "phrase": " Yeah."}, {"speaker": "LIND", "phrase": " Yeah"}, {"speaker": "LIND", "phrase": " if it's an older home"}, {"speaker": "LIND", "phrase": " you would think they'd"}, {"speaker": "LIND", "phrase": " wanna take advantage of anything they could get."}, {"speaker": "LUCY", "phrase": " Yeah."}, {"speaker": "LIND", "phrase": " You know to modernize it."}, {"speaker": "LUCY", "phrase": " Mhm."}, {"speaker": "LIND", "phrase": " or just to make it more efficient."}, {"speaker": "JOHN", "phrase": " Yeah."}, {"speaker": "JOHN", "phrase": " But"}, {"speaker": "JOHN", "phrase": " no."}, {"speaker": "LIND", "phrase": " or."}, {"speaker": "LUCY", "phrase": " Yeah."}, {"speaker": "JOHN", "phrase": "PAUSE"}, {"speaker": "JOHN", "phrase": " I know what you mean."}, {"speaker": "JOHN", "phrase": " But some people are just so contrary."}, {"speaker": "LIND", "phrase": " You know ?"}, {"speaker": "LUCY", "phrase": " I know."}, {"speaker": "LIND", "phrase": " Oh no"}, {"speaker": "LIND", "phrase": " I mean"}, {"speaker": "LIND", "phrase": " I could see if it's someone that's."}, {"speaker": "JOHN", "phrase": " yeah."}, {"speaker": "LIND", "phrase": " you know"}, {"speaker": "LIND", "phrase": " kinda been."}, {"speaker": "JOHN", "phrase": " You know ?"}, {"speaker": "LIND", "phrase": " there for hundred years and"}, {"speaker": "LIND", "phrase": "PAUSE"}, {"speaker": "ALLE", "phrase": " I wish the planes came over our house."}, {"speaker": "LIND", "phrase": " likes it the way it is."}, {"speaker": "LUCY", "phrase": " I know it."}, {"speaker": "LUCY", "phrase": " You'd be all set."}, {"speaker": "DAN", "phrase": " They'd want it falling apart around them."}, {"speaker": "DAN", "phrase": " as they get older."}, {"speaker": "LUCY", "phrase": "PAUSE"}, {"speaker": "LUCY", "phrase": " Now."}, {"speaker": "LIND", "phrase": "PAUSE"}, {"speaker": "LUCY", "phrase": "..."}, {"speaker": "DAN", "phrase": " Well you get planes coming over the house."}, {"speaker": "LIND", "phrase": "PAUSE"}, {"speaker": "DAN", "phrase": " Now."}, {"speaker": "LUCY", "phrase": " You do."}, {"speaker": "LUCY", "phrase": " You have those helicopters too"}, {"speaker": "LUCY", "phrase": " that land at the hospital ?"}, {"speaker": "LUCY", "phrase": " They land at the"}, {"speaker": "LUCY", "phrase": " that landing pad over"}, {"speaker": "LUCY", "phrase": " by the Charles River ?"}, {"speaker": "ALLE", "phrase": " Hell"}, {"speaker": "ALLE", "phrase": " we get the ones that do the"}, {"speaker": "ALLE", "phrase": " traffic on Rutherford Avenue."}, {"speaker": "LUCY", "phrase": " That's right too."}, {"speaker": "JOHN", "phrase": " Yeah."}, {"speaker": "ALLE", "phrase": " Too."}, {"speaker": "LUCY", "phrase": " I think Sabina said"}, {"speaker": "LUCY", "phrase": " her heating bill."}, {"speaker": "LUCY", "phrase": " Was lower than half."}, {"speaker": "LIND", "phrase": "PAUSE"}, {"speaker": "LUCY", "phrase": " Last year."}, {"speaker": "LUCY", "phrase": " After she had the windows."}, {"speaker": "JOHN", "phrase": " I would bet."}, {"speaker": "ANNE", "phrase": " No kidding."}, {"speaker": "LUCY", "phrase": " because there's no draft."}, {"speaker": "LUCY", "phrase": " They insulate all around the windows with."}, {"speaker": "JOHN", "phrase": " Yeah."}, {"speaker": "LUCY", "phrase": " Pat said they."}, {"speaker": "LUCY", "phrase": " First they blew in insulation."}, {"speaker": "LUCY", "phrase": " Then they shoved in insulation"}, {"speaker": "LUCY", "phrase": " then they put more"}, {"speaker": "LUCY", "phrase": " something else."}, {"speaker": "ANNE", "phrase": " There's bug in your hair."}, {"speaker": "LUCY", "phrase": " \u0294on on top of that."}, {"speaker": "ANNE", "phrase": " they're you go."}, {"speaker": "JOHN", "phrase": " Well it's gonna make your house much easier to heat."}, {"speaker": "LUCY", "phrase": " So"}, {"speaker": "LUCY", "phrase": " Yeah."}, {"speaker": "LUCY", "phrase": " Be much tighter."}, {"speaker": "JOHN", "phrase": " Much."}, {"speaker": "DAN", "phrase": " What's."}, {"speaker": "DAN", "phrase": " Sabina's Frank's wife."}, {"speaker": "ANNE", "phrase": " Mhm."}, {"speaker": "DAN", "phrase": " Right ?"}, {"speaker": "LUCY", "phrase": " Yeah."}, {"speaker": "DAN", "phrase": " Frank probably had his house in fairly good shape though."}, {"speaker": "LUCY", "phrase": " Well their son is carpenter."}, {"speaker": "DAN", "phrase": " I would think."}, {"speaker": "LUCY", "phrase": " So."}, {"speaker": "DAN", "phrase": " Yeah."}, {"speaker": "DAN", "phrase": " And Frank's the type that would be puttering around"}, {"speaker": "DAN", "phrase": " at all sorts of things usually anyway."}, {"speaker": "LUCY", "phrase": " Yeah."}, {"speaker": "DAN", "phrase": " He seems to be."}, {"speaker": "DAN", "phrase": " Or at least collecting."}, {"speaker": "LUCY", "phrase": " No"}, {"speaker": "LUCY", "phrase": "he collects."}, {"speaker": "DAN", "phrase": " At least collecting \u0294I uh."}, {"speaker": "LUCY", "phrase": " Mhm."}, {"speaker": "LUCY", "phrase": " Sabina every."}, {"speaker": "LUCY", "phrase": " Every time we put something out."}, {"speaker": "DAN", "phrase": " Collecting old sinks."}, {"speaker": "LUCY", "phrase": " she'll laugh say laugh."}, {"speaker": "X", "phrase": "PAUSE"}, {"speaker": "LUCY", "phrase": " Oh no."}, {"speaker": "DAN", "phrase": " Put cover on it."}, {"speaker": "LUCY", "phrase": " wait and put it out in the morning"}, {"speaker": "LUCY", "phrase": " he'll take it in the cellar."}, {"speaker": "LIND", "phrase": "PAUSE"}, {"speaker": "DAN", "phrase": "PAUSE"}, {"speaker": "LUCY", "phrase": " He does."}, {"speaker": "DAN", "phrase": " Really."}, {"speaker": "LUCY", "phrase": " he brings everything in the cellar."}, {"speaker": "DAN", "phrase": " Put cover on it."}, {"speaker": "DAN", "phrase": " Well they told you."}, {"speaker": "LUCY", "phrase": "PAUSE"}, {"speaker": "DAN", "phrase": " that one day"}, {"speaker": "DAN", "phrase": " what did we bring out"}, {"speaker": "DAN", "phrase": "PAUSE"}, {"speaker": "LUCY", "phrase": " The sink."}, {"speaker": "DAVE", "phrase": " Dan."}, {"speaker": "LUCY", "phrase": " He took."}, {"speaker": "LUCY", "phrase": " Remember he took on..."}, {"speaker": "DAVE", "phrase": " It's great game up here."}, {"speaker": "DAVE", "phrase": " Patriots are down by"}, {"speaker": "DAVE", "phrase": " seventeen now."}, {"speaker": "JOHN", "phrase": " Oh jeepers."}, {"speaker": "DAN", "phrase": " That's alright"}, {"speaker": "DAN", "phrase": " they'll come back."}, {"speaker": "DAVE", "phrase": " They're doing good."}, {"speaker": "DAN", "phrase": " They'll come back."}, {"speaker": "LUCY", "phrase": "PAUSE"}, {"speaker": "JOHN", "phrase": " Bring back Doug Flutie."}, {"speaker": "LUCY", "phrase": "PAUSE"}, {"speaker": "DAN", "phrase": " Nah"}, {"speaker": "DAN", "phrase": " he's not good enough to play in this league."}, {"speaker": "JOHN", "phrase": " That's alright."}, {"speaker": "JOHN", "phrase": " Put on the Canadian Football League."}, {"speaker": "JOHN", "phrase": " Get some entertainment."}, {"speaker": "DAN", "phrase": "PAUSE"}, {"speaker": "JOHN", "phrase": " Rather than handoff to Therman this guy."}, {"speaker": "JOHN", "phrase": " And handoff to this guy."}, {"speaker": "DAN", "phrase": " Actually they had big problem with that."}, {"speaker": "DAN", "phrase": " When they had"}, {"speaker": "DAN", "phrase": " preseason game up"}, {"speaker": "DAN", "phrase": " in Toronto this year ?"}, {"speaker": "DAN", "phrase": " One of the NFL preseason games was there ?"}, {"speaker": "JOHN", "phrase": " Oh yeah."}, {"speaker": "DAN", "phrase": " And it was like thirteen to ten thriller"}, {"speaker": "DAN", "phrase": " with lot of running"}, {"speaker": "DAN", "phrase": " Canadian fans just"}, {"speaker": "DAN", "phrase": " went away in droves."}, {"speaker": "DAN", "phrase": " So like fivethousand people showed up for it"}, {"speaker": "DAN", "phrase": " they were bored"}, {"speaker": "DAN", "phrase": " the way that it's played."}, {"speaker": "JOHN", "phrase": " Yeah."}, {"speaker": "JOHN", "phrase": " Once you get used to Canadian football."}, {"speaker": "JOHN", "phrase": " I would imagine you'd"}, {"speaker": "JOHN", "phrase": " it would be tough to."}, {"speaker": "JOHN", "phrase": " Be like watching soccer."}, {"speaker": "LIND", "phrase": " Those clouds would move."}, {"speaker": "LUCY", "phrase": "PAUSE"}, {"speaker": "DAN", "phrase": " Well they have midgets up there."}, {"speaker": "DAN", "phrase": " Midgets that can't play in the NFL up there."}, {"speaker": "JOHN", "phrase": " Nah."}, {"speaker": "DAN", "phrase": " Star and."}, {"speaker": "JOHN", "phrase": " They could play."}, {"speaker": "JOHN", "phrase": " They just..."}, {"speaker": "ANNE", "phrase": " I think your face is swollen."}, {"speaker": "ANNE", "phrase": " I really do."}, {"speaker": "ANNE", "phrase": " Look at the side of his face."}, {"speaker": "ANNE", "phrase": " Doesn't it look funny ?"}, {"speaker": "LUCY", "phrase": " Turn this way."}, {"speaker": "ANNE", "phrase": " See how his lip goes down little bit."}, {"speaker": "LUCY", "phrase": " right here maybe"}, {"speaker": "LUCY", "phrase": " yeah."}, {"speaker": "DAN", "phrase": " Why"}, {"speaker": "DAN", "phrase": " what did he do."}, {"speaker": "ANNE", "phrase": "PAUSE"}, {"speaker": "LUCY", "phrase": " it's swollen right here."}, {"speaker": "LUCY", "phrase": " It goes all"}, {"speaker": "LUCY", "phrase": " right down this way."}, {"speaker": "ANNE", "phrase": " Yeah."}, {"speaker": "ANNE", "phrase": " It's on that side of his face."}, {"speaker": "LUCY", "phrase": " Yeah."}, {"speaker": "JOHN", "phrase": " No it's it's."}, {"speaker": "JOHN", "phrase": " Might be swollen from the infection."}, {"speaker": "LIND", "phrase": " Let me see."}, {"speaker": "ANNE", "phrase": " Yeah"}, {"speaker": "ANNE", "phrase": " that's what I mean."}, {"speaker": "ANNE", "phrase": " Swollen from the infection."}, {"speaker": "DAN", "phrase": " Oh that's the tooth here oh."}, {"speaker": "ANNE", "phrase": "PAUSE"}, {"speaker": "LUCY", "phrase": " Yeah."}, {"speaker": "LUCY", "phrase": " It's right here."}, {"speaker": "ANNE", "phrase": " Don't you think ?"}, {"speaker": "ANNE", "phrase": " Yeah."}, {"speaker": "LUCY", "phrase": " Hm."}, {"speaker": "DAN", "phrase": " What did you have done."}, {"speaker": "JOHN", "phrase": "PAUSE"}, {"speaker": "JOHN", "phrase": " Basically nothing."}, {"speaker": "JOHN", "phrase": " He just examined it."}, {"speaker": "JOHN", "phrase": " He took an exray"}, {"speaker": "JOHN", "phrase": " What he did is he"}, {"speaker": "JOHN", "phrase": " he put probe in between the gum and the tooth"}, {"speaker": "JOHN", "phrase": " and it's supposed to only go in one millimeter in healthy tooth."}, {"speaker": "DAN", "phrase": " Yeah."}, {"speaker": "DAN", "phrase": " I had the whole mouth done that."}, {"speaker": "DAN", "phrase": " That's real fun feeling."}, {"speaker": "JOHN", "phrase": " And um"}, {"speaker": "JOHN", "phrase": " it went in s ix millimeters."}, {"speaker": "DAN", "phrase": "PAUSE"}, {"speaker": "JOHN", "phrase": " To right down in there"}, {"speaker": "JOHN", "phrase": " he says this"}, {"speaker": "JOHN", "phrase": " gum is breaking down."}, {"speaker": "JOHN", "phrase": " But his analysis is"}, {"speaker": "JOHN", "phrase": " I've got crown here ?"}, {"speaker": "JOHN", "phrase": " And the tooth under the crown"}, {"speaker": "JOHN", "phrase": " that's that's"}, {"speaker": "JOHN", "phrase": " whatever's left of it"}, {"speaker": "JOHN", "phrase": " is."}, {"speaker": "JOHN", "phrase": " I must've cracked it."}, {"speaker": "LUCY", "phrase": " Mm."}, {"speaker": "JOHN", "phrase": " And through period of weeks"}, {"speaker": "JOHN", "phrase": " bacteria has gotten in there"}, {"speaker": "JOHN", "phrase": " and it causes..."}, {"speaker": "LIND", "phrase": " So he knows it's infected ?"}, {"speaker": "LIND", "phrase": " Did he give you an antibiotic ?"}, {"speaker": "JOHN", "phrase": " Oh yeah."}, {"speaker": "JOHN", "phrase": " I."}, {"speaker": "JOHN", "phrase": " Oh yeah."}, {"speaker": "LIND", "phrase": " Oh no."}, {"speaker": "JOHN", "phrase": " I took my first one"}, {"speaker": "JOHN", "phrase": "PAUSE"}, {"speaker": "JOHN", "phrase": " On my way up here."}, {"speaker": "ANNE", "phrase": "PAUSE"}, {"speaker": "JOHN", "phrase": " I stopped at store."}, {"speaker": "ANNE", "phrase": "PAUSE"}, {"speaker": "JOHN", "phrase": " So I'm just looking at my watch."}, {"speaker": "LUCY", "phrase": " Now how many"}, {"speaker": "LUCY", "phrase": " How many day."}, {"speaker": "JOHN", "phrase": " Soon as he hits that grill."}, {"speaker": "JOHN", "phrase": " I'm gonna take my supper pill."}, {"speaker": "ANNE", "phrase": "PAUSE"}, {"speaker": "JOHN", "phrase": "PAUSE"}, {"speaker": "JOHN", "phrase": "PAUSE"}, {"speaker": "LUCY", "phrase": " so that you can."}, {"speaker": "ANNE", "phrase": "PAUSE"}, {"speaker": "DAN", "phrase": "PAUSE"}, {"speaker": "JOHN", "phrase": "PAUSE"}, {"speaker": "LUCY", "phrase": "PAUSE"}, {"speaker": "LUCY", "phrase": " eat in peace."}, {"speaker": "JOHN", "phrase": " Goll."}, {"speaker": "ANNE", "phrase": "PAUSE"}, {"speaker": "LUCY", "phrase": "PAUSE"}, {"speaker": "LUCY", "phrase": "PAUSE"}, {"speaker": "JOHN", "phrase": " \u0294uh Yeah I don't know."}, {"speaker": "JOHN", "phrase": " It's really"}, {"speaker": "JOHN", "phrase": " That's why I went out and bought the coffee."}, {"speaker": "JOHN", "phrase": " See it seemed to help."}, {"speaker": "JOHN", "phrase": " Maybe it's the hot."}, {"speaker": "LUCY", "phrase": " Soothe ?"}, {"speaker": "JOHN", "phrase": " Yeah."}, {"speaker": "LUCY", "phrase": " The warmth ?"}, {"speaker": "JOHN", "phrase": " Cause well I just went to."}, {"speaker": "LUCY", "phrase": " Mm."}, {"speaker": "JOHN", "phrase": " an endodontist."}, {"speaker": "JOHN", "phrase": " Cause I have an old dentist."}, {"speaker": "JOHN", "phrase": " And he doesn't really."}, {"speaker": "LIND", "phrase": " Just general."}, {"speaker": "JOHN", "phrase": " do emergencies."}, {"speaker": "JOHN", "phrase": " He only works three days week."}, {"speaker": "LIND", "phrase": "PAUSE"}, {"speaker": "LUCY", "phrase": " Mm."}, {"speaker": "JOHN", "phrase": " So he sent me to this root canal guy."}, {"speaker": "JOHN", "phrase": " Like couple years ago."}, {"speaker": "JOHN", "phrase": " Who was good."}, {"speaker": "JOHN", "phrase": " So I called him"}, {"speaker": "JOHN", "phrase": " and he said oh"}, {"speaker": "JOHN", "phrase": " you know."}, {"speaker": "JOHN", "phrase": " Yeah"}, {"speaker": "JOHN", "phrase": " come on over."}, {"speaker": "JOHN", "phrase": " I don't know if it's root canal thing"}, {"speaker": "JOHN", "phrase": " and he said gee"}, {"speaker": "JOHN", "phrase": " it's not root canal."}, {"speaker": "JOHN", "phrase": " He said that..."}, {"speaker": "DAVE", "phrase": " Danny"}, {"speaker": "DAVE", "phrase": " you just missed the best play of the game."}, {"speaker": "DAVE", "phrase": " The Buffalo punt returner"}, {"speaker": "DAVE", "phrase": " just stood up five Patriot guys."}, {"speaker": "DAVE", "phrase": " And ran it in for touchdown."}, {"speaker": "JOHN", "phrase": " Aw God."}, {"speaker": "LUCY", "phrase": "PAUSE"}, {"speaker": "JOHN", "phrase": " What's the score now."}, {"speaker": "LUCY", "phrase": "PAUSE"}, {"speaker": "DAVE", "phrase": " Thirtyeight to fourteen."}, {"speaker": "LUCY", "phrase": " Oh laugh God laugh."}, {"speaker": "JOHN", "phrase": " Ah."}, {"speaker": "LUCY", "phrase": "PAUSE"}, {"speaker": "JOHN", "phrase": " Depressing."}, {"speaker": "LIND", "phrase": " Who's quarterback."}, {"speaker": "DAVE", "phrase": " After."}, {"speaker": "DAVE", "phrase": " After they fumbled snap"}, {"speaker": "DAVE", "phrase": " and Bledsoe recovered it in the end zone."}, {"speaker": "LIND", "phrase": " Oh it's Bledsoe."}, {"speaker": "DAVE", "phrase": " And out of pity"}, {"speaker": "DAVE", "phrase": " the ref gave it not safety."}, {"speaker": "LUCY", "phrase": "PAUSE"}, {"speaker": "DAVE", "phrase": " And letthemhave it on the half yard line."}, {"speaker": "LUCY", "phrase": "PAUSE"}, {"speaker": "JOHN", "phrase": " Dave."}, {"speaker": "LUCY", "phrase": " They have that TV really loud Linda."}, {"speaker": "JOHN", "phrase": " Find out the Atlanta score for me."}, {"speaker": "JOHN", "phrase": " If you see it in TV."}, {"speaker": "LUCY", "phrase": " I can hear it"}, {"speaker": "LUCY", "phrase": " down here."}, {"speaker": "DAN", "phrase": " Who they playing John."}, {"speaker": "JOHN", "phrase": " I don't even know who they're playing."}, {"speaker": "JOHN", "phrase": " I forget."}, {"speaker": "LIND", "phrase": " David who they playing."}, {"speaker": "DAN", "phrase": " I just saw some scores."}, {"speaker": "DAVE", "phrase": " What ?"}, {"speaker": "LIND", "phrase": " Who are they playing."}, {"speaker": "DAVE", "phrase": " Buffalo."}, {"speaker": "JOHN", "phrase": " But I finally get into football pool this year."}, {"speaker": "JOHN", "phrase": " I got so."}, {"speaker": "DAN", "phrase": "PAUSE"}, {"speaker": "JOHN", "phrase": " sick of everybody."}, {"speaker": "LIND", "phrase": "PAUSE"}, {"speaker": "JOHN", "phrase": " checking scores Monday morning"}, {"speaker": "JOHN", "phrase": " I fel uh."}, {"speaker": "LUCY", "phrase": "PAUSE"}, {"speaker": "DAN", "phrase": "PAUSE"}, {"speaker": "LUCY", "phrase": " Left out ?"}, {"speaker": "JOHN", "phrase": " Left out."}, {"speaker": "LUCY", "phrase": "PAUSE"}, {"speaker": "JOHN", "phrase": " yeah I felt uh deprived."}, {"speaker": "DAN", "phrase": " right."}, {"speaker": "JOHN", "phrase": "PAUSE"}, {"speaker": "LUCY", "phrase": "PAUSE"}, {"speaker": "DAN", "phrase": " You wanna waste your dollar"}, {"speaker": "DAN", "phrase": "like everybody else every week."}, {"speaker": "ANNE", "phrase": "PAUSE"}, {"speaker": "LUCY", "phrase": " Oh."}, {"speaker": "DAVE", "phrase": " Danny"}, {"speaker": "DAVE", "phrase": " you wanna play football ?"}, {"speaker": "JOHN", "phrase": " Nah this is just local thing."}, {"speaker": "DAN", "phrase": " \u0294Ah"}, {"speaker": "DAN", "phrase": " not right now Dave."}, {"speaker": "JOHN", "phrase": " So..."}, {"speaker": "DAN", "phrase": "PAUSE"}, {"speaker": "DAVE", "phrase": " Will you play later ?"}, {"speaker": "DAN", "phrase": " I don't know."}, {"speaker": "JOHN", "phrase": " It was hundred dollars."}, {"speaker": "DAN", "phrase": " I'll keep telling you not right now."}, {"speaker": "JOHN", "phrase": " to cover the whole season."}, {"speaker": "DAN", "phrase": " until the day just goes by maybe."}, {"speaker": "DAVE", "phrase": " Hunh ?"}, {"speaker": "JANE", "phrase": " I don't care."}, {"speaker": "GLEN", "phrase": " My turn to play."}, {"speaker": "DAVE", "phrase": " Yeah."}, {"speaker": "DAVE", "phrase": " Danny just said he might play later."}, {"speaker": "JANE", "phrase": "PAUSE"}, {"speaker": "ANNE", "phrase": " I wasted my time."}, {"speaker": "JOHN", "phrase": "PAUSE"}, {"speaker": "ANNE", "phrase": " It's too bad the sun didn't come out."}, {"speaker": "ANNE", "phrase": "PAUSE"}]}