{"text": [{"speaker": "PATT", "phrase": " I Just wanted to go over the changes in the schedule ?"}, {"speaker": "PATT", "phrase": " Um originally"}, {"speaker": "PATT", "phrase": " we were going to require the um"}, {"speaker": "PATT", "phrase": " request for statement of interest and qualifications to come back to"}, {"speaker": "PATT", "phrase": " uh"}, {"speaker": "PATT", "phrase": " twenty North Clark Street"}, {"speaker": "PATT", "phrase": " on April seventh."}, {"speaker": "PATT", "phrase": " Um"}, {"speaker": "PATT", "phrase": " but the"}, {"speaker": "PATT", "phrase": " um"}, {"speaker": "PATT", "phrase": " coordinating council felt that it was wise to give the community"}, {"speaker": "PATT", "phrase": " more time"}, {"speaker": "PATT", "phrase": " weekend"}, {"speaker": "PATT", "phrase": " two days"}, {"speaker": "PATT", "phrase": " to uh augment whatever application people were gonna submit."}, {"speaker": "AUD", "phrase": "PAUSE"}, {"speaker": "PATT", "phrase": " so the due date is changed from April seventh"}, {"speaker": "PATT", "phrase": " to April eleventh"}, {"speaker": "PATT", "phrase": " at noon."}, {"speaker": "PATT", "phrase": " And you can drop off those proposals at twenty North Clark Street."}, {"speaker": "PATT", "phrase": " Um"}, {"speaker": "PATT", "phrase": " the same process will continue"}, {"speaker": "PATT", "phrase": " but for the changes in the time"}, {"speaker": "PATT", "phrase": " at the time that you drop off your proposal"}, {"speaker": "PATT", "phrase": " you will be scheduled for uh public meeting"}, {"speaker": "PATT", "phrase": " where you will be given chance and an opportunity to present your uh proposal."}, {"speaker": "PATT", "phrase": " Um right now we're looking at April fifteenth"}, {"speaker": "PATT", "phrase": " which is Friday"}, {"speaker": "PATT", "phrase": " and."}, {"speaker": "PATT", "phrase": " and April sixteenth"}, {"speaker": "PATT", "phrase": " as the uh date for that public presentation"}, {"speaker": "PATT", "phrase": " and we don't know"}, {"speaker": "PATT", "phrase": " where that will be held"}, {"speaker": "PATT", "phrase": " or what time that will be held"}, {"speaker": "PATT", "phrase": " but we'll make sure that everyone gets noticed about that."}, {"speaker": "PATT", "phrase": " During April seventeen to the twentythird"}, {"speaker": "PATT", "phrase": " the coordinating council will identify the empowerments on location"}, {"speaker": "PATT", "phrase": " and uh"}, {"speaker": "PATT", "phrase": " during the week of uh April twentyfifth."}, {"speaker": "AUD", "phrase": "PAUSE"}, {"speaker": "PATT", "phrase": " there will be citywide meeting to present the selected empowerment zone"}, {"speaker": "PATT", "phrase": " uh to go over how that zone was selected"}, {"speaker": "PATT", "phrase": " and uh"}, {"speaker": "PATT", "phrase": " the place date and time for that meeting will also be announced."}, {"speaker": "PATT", "phrase": " Um"}, {"speaker": "PATT", "phrase": " from May second to June third"}, {"speaker": "PATT", "phrase": " the strategic plan"}, {"speaker": "PATT", "phrase": " for the empowerment zone."}, {"speaker": "AUD", "phrase": "PAUSE"}, {"speaker": "PATT", "phrase": " will be developed"}, {"speaker": "PATT", "phrase": " with the community"}, {"speaker": "PATT", "phrase": " and during the week of June sixth"}, {"speaker": "PATT", "phrase": " um"}, {"speaker": "PATT", "phrase": " public presentation of"}, {"speaker": "PATT", "phrase": " on the uh empowerment zone application"}, {"speaker": "PATT", "phrase": " and the strategic plan will be presented again"}, {"speaker": "PATT", "phrase": " the place date and time will be announced."}, {"speaker": "PATT", "phrase": " um"}, {"speaker": "PATT", "phrase": " and on June thirtieth"}, {"speaker": "PATT", "phrase": " that's the drop dead date"}, {"speaker": "PATT", "phrase": " um"}, {"speaker": "PATT", "phrase": " when we will send the application"}, {"speaker": "PATT", "phrase": " for selection by HUD as an empowerment zone for Chicago."}, {"speaker": "PATT", "phrase": " Um"}, {"speaker": "PATT", "phrase": " if there are no other questions"}, {"speaker": "PATT", "phrase": " um"}, {"speaker": "PATT", "phrase": " we can"}, {"speaker": "PATT", "phrase": " yes sir."}, {"speaker": "GRAN", "phrase": " I have question."}, {"speaker": "PATT", "phrase": " Yeah."}, {"speaker": "GRAN", "phrase": " Worst case scenario."}, {"speaker": "GRAN", "phrase": "After we submit them"}, {"speaker": "GRAN", "phrase": " uh the proposal application"}, {"speaker": "GRAN", "phrase": " uh"}, {"speaker": "GRAN", "phrase": " human beings being what they are"}, {"speaker": "GRAN", "phrase": " organizations being what they are."}, {"speaker": "GRAN", "phrase": " what will the coordinating council"}, {"speaker": "GRAN", "phrase": " what does the city propose to do"}, {"speaker": "GRAN", "phrase": " when there's hue and cry."}, {"speaker": "GRAN", "phrase": " from those who attempting to empower themselves"}, {"speaker": "GRAN", "phrase": " and combined with coupled with those who are seeking more power."}, {"speaker": "GRAN", "phrase": " Who say unfair"}, {"speaker": "GRAN", "phrase": " this wasn't done right"}, {"speaker": "GRAN", "phrase": " according to our perspective"}, {"speaker": "GRAN", "phrase": " or this that and the other."}, {"speaker": "PATT", "phrase": " that would be the worst case scenario."}, {"speaker": "GRAN", "phrase": "PAUSE"}, {"speaker": "GRAN", "phrase": " worst case scenario."}, {"speaker": "AUD", "phrase": "PAUSE"}, {"speaker": "GRAN", "phrase": " What can the city"}, {"speaker": "GRAN", "phrase": " what."}, {"speaker": "GRAN", "phrase": " what can the coordinating council"}, {"speaker": "GRAN", "phrase": " or what's gonna be."}, {"speaker": "GRAN", "phrase": " be in place"}, {"speaker": "GRAN", "phrase": " to listen to all the criticisms."}, {"speaker": "AUD", "phrase": "PAUSE"}, {"speaker": "GRAN", "phrase": " all of the disappointments at"}, {"speaker": "GRAN", "phrase": " not being selected"}, {"speaker": "GRAN", "phrase": " so that"}, {"speaker": "GRAN", "phrase": " let's say optimistically"}, {"speaker": "GRAN", "phrase": " there are some good ideas."}, {"speaker": "GRAN", "phrase": " some oversight"}, {"speaker": "GRAN", "phrase": " or something that can be corrected"}, {"speaker": "GRAN", "phrase": " hopefully that's of minor proportion."}, {"speaker": "GRAN", "phrase": " So that"}, {"speaker": "GRAN", "phrase": " we can still keep the city"}, {"speaker": "GRAN", "phrase": " running smoothly"}, {"speaker": "GRAN", "phrase": " and becoming more and more beautiful."}, {"speaker": "PATT", "phrase": " I don't know if that issue has been discussed by the um coordinating council ?"}, {"speaker": "PATT", "phrase": " I think it's legitimate issue"}, {"speaker": "PATT", "phrase": " um"}, {"speaker": "PATT", "phrase": " I would be willing to take that back"}, {"speaker": "PATT", "phrase": " to have them discuss that"}, {"speaker": "PATT", "phrase": " but"}, {"speaker": "PATT", "phrase": " I mean the worst thing would be for"}, {"speaker": "PATT", "phrase": " HUD not to recognize that this is collaborative effort"}, {"speaker": "PATT", "phrase": " partnership"}, {"speaker": "PATT", "phrase": " between the community"}, {"speaker": "PATT", "phrase": " the city"}, {"speaker": "PATT", "phrase": " the business community and the neighborhoods"}, {"speaker": "PATT", "phrase": " and"}, {"speaker": "PATT", "phrase": " I mean it wouldn't bode well"}, {"speaker": "PATT", "phrase": " for Chicago to get an empowerment zone if"}, {"speaker": "PATT", "phrase": " if everyone were not supportive and on board."}, {"speaker": "PATT", "phrase": " So"}, {"speaker": "PATT", "phrase": " I mean that answers your question."}, {"speaker": "PATT", "phrase": " I don't know what the coordinating council's role"}, {"speaker": "PATT", "phrase": " in that case would be."}, {"speaker": "PATT", "phrase": " But we'll definitely take that message back."}, {"speaker": "PATT", "phrase": " on that question..."}, {"speaker": "GRAN", "phrase": " May I propose that the coordinating council consider"}, {"speaker": "GRAN", "phrase": " my individual worst case scenario"}, {"speaker": "GRAN", "phrase": " and any other worst case scenarios"}, {"speaker": "GRAN", "phrase": " that they collectively might come up with."}, {"speaker": "GRAN", "phrase": " Notwithstanding Paul 's suggestion"}, {"speaker": "GRAN", "phrase": " that the empowerment zone moneys"}, {"speaker": "GRAN", "phrase": " hundred million"}, {"speaker": "GRAN", "phrase": " CTA green line"}, {"speaker": "GRAN", "phrase": " threehundred million"}, {"speaker": "GRAN", "phrase": " be utilized"}, {"speaker": "GRAN", "phrase": " effectively and efficiently"}, {"speaker": "GRAN", "phrase": " to get bigger bang for the buck."}, {"speaker": "PATT", "phrase": " kay."}, {"speaker": "ROSE", "phrase": " I just wanted to say that"}, {"speaker": "ROSE", "phrase": " there's also some other opportunities for"}, {"speaker": "ROSE", "phrase": " um"}, {"speaker": "ROSE", "phrase": " organizations that are new"}, {"speaker": "ROSE", "phrase": " in the networking process"}, {"speaker": "ROSE", "phrase": " and I think that the more meetings you can attend"}, {"speaker": "ROSE", "phrase": " and the more organizations"}, {"speaker": "ROSE", "phrase": " that hear your voice."}, {"speaker": "AUD", "phrase": "PAUSE"}, {"speaker": "ROSE", "phrase": " the better."}, {"speaker": "ROSE", "phrase": " There's uh"}, {"speaker": "ROSE", "phrase": " networking meeting going on"}, {"speaker": "ROSE", "phrase": " on Friday."}, {"speaker": "ROSE", "phrase": " at nine thirty in the morning"}, {"speaker": "ROSE", "phrase": " at the Mega Center."}, {"speaker": "ROSE", "phrase": " And it's free"}, {"speaker": "ROSE", "phrase": " It's it's."}, {"speaker": "ROSE", "phrase": " it's group of assist and nonassist agencies"}, {"speaker": "ROSE", "phrase": " um"}, {"speaker": "ROSE", "phrase": " organizations like CRCC"}, {"speaker": "ROSE", "phrase": " the Mega Center"}, {"speaker": "ROSE", "phrase": " the COBCU"}, {"speaker": "ROSE", "phrase": " Women's Business Development Center"}, {"speaker": "ROSE", "phrase": " Small Business Development Center"}, {"speaker": "ROSE", "phrase": " I couldn't even begin to mention the list"}, {"speaker": "ROSE", "phrase": " because there's about twentyfive different assist and nonassist agencies on there."}, {"speaker": "ROSE", "phrase": " But I think that"}, {"speaker": "ROSE", "phrase": " anybody who belongs to an organization"}, {"speaker": "ROSE", "phrase": " um"}, {"speaker": "ROSE", "phrase": " that has any type of connection with the city"}, {"speaker": "ROSE", "phrase": " it would be good to..."}, {"speaker": "GRAN", "phrase": " Twentysixth where."}, {"speaker": "ROSE", "phrase": " This one is Friday"}, {"speaker": "ROSE", "phrase": " at nine thirty at the Mega Center."}, {"speaker": "GRAN", "phrase": " The bank"}, {"speaker": "GRAN", "phrase": " right ?"}, {"speaker": "GRAN", "phrase": " That's the bank."}, {"speaker": "GRAN", "phrase": "..."}, {"speaker": "ROSE", "phrase": " It's one five West Adams"}, {"speaker": "ROSE", "phrase": " on the seventh floor."}, {"speaker": "GRAN", "phrase": " At what time ?"}, {"speaker": "ROSE", "phrase": " Nine."}, {"speaker": "ROSE", "phrase": " I'm sorry"}, {"speaker": "ROSE", "phrase": "it's nine to ten thirty."}, {"speaker": "GRAN", "phrase": " Okay"}, {"speaker": "GRAN", "phrase": " I have clue that she gave me"}, {"speaker": "GRAN", "phrase": " but I'll make arrangements on it."}, {"speaker": "ROSE", "phrase": " Mhm."}, {"speaker": "PATT", "phrase": " The lady in the yellow sweater ?"}, {"speaker": "KARE", "phrase": " Actually I was."}, {"speaker": "KARE", "phrase": " again I was trying to reframe his concerns in the best case scenario."}, {"speaker": "KARE", "phrase": " The Alderman spoke to"}, {"speaker": "KARE", "phrase": " you feel that"}, {"speaker": "KARE", "phrase": " somehow the process that has been established."}, {"speaker": "KARE", "phrase": " Um"}, {"speaker": "KARE", "phrase": " could divide the city."}, {"speaker": "KARE", "phrase": " Best case scenario would be \u0294uh"}, {"speaker": "KARE", "phrase": " provisions were made"}, {"speaker": "KARE", "phrase": " such that the ideas that come out"}, {"speaker": "KARE", "phrase": " and the collaborations that come out of this process"}, {"speaker": "KARE", "phrase": " and let them continue."}, {"speaker": "KARE", "phrase": " Whether or not the city of Chicago is designated for anything."}, {"speaker": "KARE", "phrase": " that some reassurance of what comes out of it."}, {"speaker": "AUD", "phrase": "PAUSE"}, {"speaker": "KARE", "phrase": " could be"}, {"speaker": "KARE", "phrase": " um"}, {"speaker": "KARE", "phrase": " somehow taken into consideration"}, {"speaker": "KARE", "phrase": " and continue to be fostered"}, {"speaker": "KARE", "phrase": " from the city of Chicago."}, {"speaker": "PATT", "phrase": " I think the city is."}, {"speaker": "PATT", "phrase": " I mean I know the city is committed to that"}, {"speaker": "PATT", "phrase": " and I know that that has come up at the um"}, {"speaker": "PATT", "phrase": " the coordinating council meeting."}, {"speaker": "PATT", "phrase": " A desire to work"}, {"speaker": "PATT", "phrase": " continue to work."}, {"speaker": "AUD", "phrase": "PAUSE"}, {"speaker": "PATT", "phrase": " with people"}, {"speaker": "PATT", "phrase": " no matter what happens"}, {"speaker": "PATT", "phrase": " on this issue"}, {"speaker": "PATT", "phrase": " and there's been some discussion about"}, {"speaker": "PATT", "phrase": " um"}, {"speaker": "PATT", "phrase": " other kinds of funds"}, {"speaker": "PATT", "phrase": " that could be put towards implementing"}, {"speaker": "PATT", "phrase": " uh"}, {"speaker": "PATT", "phrase": " uh"}, {"speaker": "PATT", "phrase": " areas."}, {"speaker": "PATT", "phrase": " plans in areas that are not selected."}, {"speaker": "AUD", "phrase": "PAUSE"}, {"speaker": "PATT", "phrase": " um"}, {"speaker": "PATT", "phrase": " so I think there is commitment to do that"}, {"speaker": "PATT", "phrase": " and that."}, {"speaker": "PATT", "phrase": " that certainly has been the spirit"}, {"speaker": "PATT", "phrase": " of the um coordinating council."}, {"speaker": "PATT", "phrase": " You"}, {"speaker": "PATT", "phrase": " and then Paul."}, {"speaker": "DAN", "phrase": " Um"}, {"speaker": "DAN", "phrase": " I've got uh three questions for you."}, {"speaker": "DAN", "phrase": " Uh"}, {"speaker": "DAN", "phrase": " and I suppose your response is gonna just kinda on there"}, {"speaker": "DAN", "phrase": " but first"}, {"speaker": "DAN", "phrase": " um"}, {"speaker": "DAN", "phrase": " does the city have any idea how many uh"}, {"speaker": "DAN", "phrase": " requests they're."}, {"speaker": "DAN", "phrase": " how many proposals that they're gonna be getting ?"}, {"speaker": "DAN", "phrase": " Do you have an estimation ?"}, {"speaker": "PATT", "phrase": " No."}, {"speaker": "DAN", "phrase": " So."}, {"speaker": "AUD", "phrase": " At least one."}, {"speaker": "DAN", "phrase": "PAUSE"}, {"speaker": "MANY", "phrase": "PAUSE"}, {"speaker": "DAN", "phrase": " I'm sure."}, {"speaker": "DAN", "phrase": " Um"}, {"speaker": "DAN", "phrase": "..."}, {"speaker": "AUD", "phrase": "PAUSE"}, {"speaker": "DAN", "phrase": " Uh well that kind of leads into."}, {"speaker": "DAN", "phrase": " my next question I think touches on these people's questions"}, {"speaker": "DAN", "phrase": " as far as"}, {"speaker": "DAN", "phrase": " \u0294uh it seemed like it would behoove us all"}, {"speaker": "DAN", "phrase": " if there were some kind of consensus building process before"}, {"speaker": "DAN", "phrase": " uh"}, {"speaker": "DAN", "phrase": " this went on and"}, {"speaker": "DAN", "phrase": " So what people are saying"}, {"speaker": "DAN", "phrase": " they're having community meetings"}, {"speaker": "DAN", "phrase": " community."}, {"speaker": "DAN", "phrase": " \u0294uh."}, {"speaker": "DAN", "phrase": " community"}, {"speaker": "DAN", "phrase": " uh"}, {"speaker": "DAN", "phrase": " group meetings."}, {"speaker": "DAN", "phrase": " But"}, {"speaker": "DAN", "phrase": " uh"}, {"speaker": "DAN", "phrase": " it's."}, {"speaker": "DAN", "phrase": " from what I understand of this empowerment zone process"}, {"speaker": "DAN", "phrase": " the idea is to really involve things on grassroots level."}, {"speaker": "AUD", "phrase": "PAUSE"}, {"speaker": "DAN", "phrase": " And"}, {"speaker": "DAN", "phrase": " my two concerns on."}, {"speaker": "DAN", "phrase": " as far as participation goes"}, {"speaker": "DAN", "phrase": " are one"}, {"speaker": "DAN", "phrase": " that"}, {"speaker": "DAN", "phrase": " and I voiced this concern with elder Jarret when"}, {"speaker": "DAN", "phrase": " uh last month at the"}, {"speaker": "DAN", "phrase": " uh"}, {"speaker": "DAN", "phrase": "PAUSE"}, {"speaker": "DAN", "phrase": " or uh Washington Library Center when they"}, {"speaker": "DAN", "phrase": " uh"}, {"speaker": "DAN", "phrase": " the person introduced that."}, {"speaker": "DAN", "phrase": " And"}, {"speaker": "DAN", "phrase": " that is"}, {"speaker": "DAN", "phrase": " simply throwing this out into the community and saying that"}, {"speaker": "DAN", "phrase": " you expect the community to be able to respond"}, {"speaker": "DAN", "phrase": " Community groups to be able to respond to you."}, {"speaker": "DAN", "phrase": " Is"}, {"speaker": "DAN", "phrase": " I think at at least"}, {"speaker": "DAN", "phrase": " not an effective"}, {"speaker": "DAN", "phrase": " uh instrument for."}, {"speaker": "DAN", "phrase": " for getting this done."}, {"speaker": "DAN", "phrase": " Uh."}, {"speaker": "AUD", "phrase": "PAUSE"}, {"speaker": "PATT", "phrase": " I think that that's the expectation of the..."}, {"speaker": "DAN", "phrase": " It doesn't."}, {"speaker": "DAN", "phrase": " it doesn't address..."}, {"speaker": "PATT", "phrase": " of the."}, {"speaker": "DAN", "phrase": " \u0294uh It doesn't address the fact that"}, {"speaker": "DAN", "phrase": " one"}, {"speaker": "DAN", "phrase": " community organizations"}, {"speaker": "DAN", "phrase": " um"}, {"speaker": "DAN", "phrase": " and many of them being service providers"}, {"speaker": "DAN", "phrase": " do not necessarily have"}, {"speaker": "DAN", "phrase": " the same goals ?"}, {"speaker": "DAN", "phrase": " in mind"}, {"speaker": "DAN", "phrase": " as community residents do."}, {"speaker": "DAN", "phrase": " They've got different agendas"}, {"speaker": "DAN", "phrase": " they've got different priorities"}, {"speaker": "DAN", "phrase": " they've got different purposes."}, {"speaker": "DAN", "phrase": " than"}, {"speaker": "DAN", "phrase": " members of the the community themselves."}, {"speaker": "DAN", "phrase": " Um"}, {"speaker": "DAN", "phrase": " the second thing is that"}, {"speaker": "DAN", "phrase": " people who do not live"}, {"speaker": "DAN", "phrase": " directly inside"}, {"speaker": "DAN", "phrase": " the areas that are gonna be part of the empowerment zones"}, {"speaker": "DAN", "phrase": " they've got an overriding concern in this because"}, {"speaker": "DAN", "phrase": " as Mister Pollack said"}, {"speaker": "DAN", "phrase": " A hundred million dollars is just gonna be drop in the bucket."}, {"speaker": "DAN", "phrase": " To be able to make these things work"}, {"speaker": "DAN", "phrase": " and especially to make them work over ten year process"}, {"speaker": "DAN", "phrase": " that this is calling for"}, {"speaker": "DAN", "phrase": " there're gonna be lot of community resources"}, {"speaker": "DAN", "phrase": "PAUSE"}, {"speaker": "DAN", "phrase": " uh"}, {"speaker": "DAN", "phrase": " from the federal government"}, {"speaker": "DAN", "phrase": " from the state"}, {"speaker": "DAN", "phrase": " county"}, {"speaker": "DAN", "phrase": " and city"}, {"speaker": "DAN", "phrase": " that are gonna need to be marshalled"}, {"speaker": "DAN", "phrase": " they're gonna need to be"}, {"speaker": "DAN", "phrase": " reallocated to this area."}, {"speaker": "DAN", "phrase": " And to be able to have consensus"}, {"speaker": "DAN", "phrase": " not just within the empowerment zone"}, {"speaker": "DAN", "phrase": " but within the city itself"}, {"speaker": "DAN", "phrase": " if these services."}, {"speaker": "DAN", "phrase": " Are gonna be provided and maintained"}, {"speaker": "DAN", "phrase": " over the ten years"}, {"speaker": "DAN", "phrase": " through different administrations"}, {"speaker": "DAN", "phrase": " through different aldermen"}, {"speaker": "DAN", "phrase": " political processes"}, {"speaker": "DAN", "phrase": " involved"}, {"speaker": "DAN", "phrase": " these people are not being brought into the decisionmaking process beforehand."}, {"speaker": "DAN", "phrase": " And I think this speaks to these people's concern"}, {"speaker": "DAN", "phrase": " that..."}, {"speaker": "PATT", "phrase": " These people meaning who."}, {"speaker": "PATT", "phrase": " The..."}, {"speaker": "DAN", "phrase": " I I heard several people"}, {"speaker": "DAN", "phrase": " this this."}, {"speaker": "DAN", "phrase": " I don't know their names."}, {"speaker": "DAN", "phrase": " So I'll just have to."}, {"speaker": "DAN", "phrase": " woman in yellow"}, {"speaker": "DAN", "phrase": " gentleman here in the glasses"}, {"speaker": "DAN", "phrase": " that"}, {"speaker": "DAN", "phrase": " there's gonna be \u0294uh uh"}, {"speaker": "DAN", "phrase": " uh earlier that very first speaker"}, {"speaker": "DAN", "phrase": " gentleman uh"}, {"speaker": "DAN", "phrase": " Ed Smith."}, {"speaker": "DAN", "phrase": " Uh"}, {"speaker": "DAN", "phrase": " that you're gonna be receiving number of proposals"}, {"speaker": "DAN", "phrase": " and"}, {"speaker": "DAN", "phrase": " you say you don't know how many"}, {"speaker": "DAN", "phrase": " I don't know how you're gonna have"}, {"speaker": "DAN", "phrase": " twentyeight thirtytwo people that you said"}, {"speaker": "DAN", "phrase": " on coordinating council read"}, {"speaker": "DAN", "phrase": " maybe hundred proposals"}, {"speaker": "DAN", "phrase": " within week's time"}, {"speaker": "DAN", "phrase": " and be able to arrive at one selected empowerment zone"}, {"speaker": "DAN", "phrase": " it seems to me that be much more beneficial"}, {"speaker": "DAN", "phrase": " if the entire community as whole"}, {"speaker": "DAN", "phrase": " was brought into this process"}, {"speaker": "DAN", "phrase": " and"}, {"speaker": "DAN", "phrase": " this is what I'm bringing up is"}, {"speaker": "DAN", "phrase": " the idea of participation."}, {"speaker": "DAN", "phrase": " True communitybased citizen participation."}, {"speaker": "DAN", "phrase": " would involve ongoing series of meeting"}, {"speaker": "DAN", "phrase": " that I would think that the coordinating council would be promoting"}, {"speaker": "DAN", "phrase": " would be organizing and directing on an \u0294uh ongoing \u0294uh even nightly basis."}, {"speaker": "AUD", "phrase": "PAUSE"}, {"speaker": "PATT", "phrase": " That's not exactly grassroot planning."}, {"speaker": "DAN", "phrase": " to be..."}, {"speaker": "PATT", "phrase": " either."}, {"speaker": "DAN", "phrase": " Right."}, {"speaker": "PATT", "phrase": " um"}, {"speaker": "PATT", "phrase": " grassroot planning"}, {"speaker": "PATT", "phrase": " is when people get out in the community"}, {"speaker": "PATT", "phrase": " and organize."}, {"speaker": "DAN", "phrase": " But they need forum."}, {"speaker": "PATT", "phrase": " and do the work."}, {"speaker": "DAN", "phrase": " they need."}, {"speaker": "DAN", "phrase": " if this woman here today did not speak up."}, {"speaker": "PATT", "phrase": " and."}, {"speaker": "PATT", "phrase": " Let me answer your question."}, {"speaker": "DAN", "phrase": " All these people here would not even know meeting was going on."}, {"speaker": "PATT", "phrase": " Let me try to respond to your question sir."}, {"speaker": "PATT", "phrase": " So"}, {"speaker": "PATT", "phrase": " \u0294uh what you're suggesting is not grassroot"}, {"speaker": "PATT", "phrase": " in my opinion"}, {"speaker": "PATT", "phrase": " grassroot process."}, {"speaker": "PATT", "phrase": " Secondly"}, {"speaker": "PATT", "phrase": " the the the reality is"}, {"speaker": "PATT", "phrase": " we only have"}, {"speaker": "PATT", "phrase": " till June thirtieth to submit an application."}, {"speaker": "PATT", "phrase": " A really."}, {"speaker": "PATT", "phrase": " true strategic planning process"}, {"speaker": "PATT", "phrase": " grassroot"}, {"speaker": "PATT", "phrase": " takes many more months than that."}, {"speaker": "PATT", "phrase": " Many more years than we have."}, {"speaker": "DAN", "phrase": "PAUSE"}, {"speaker": "PATT", "phrase": " Okay ?"}, {"speaker": "PATT", "phrase": " So"}, {"speaker": "PATT", "phrase": " we have to do the best that we can do"}, {"speaker": "PATT", "phrase": " given the time that we have."}, {"speaker": "DAN", "phrase": " And all I'm saying is"}, {"speaker": "DAN", "phrase": " I'm saying that"}, {"speaker": "DAN", "phrase": " I don't believe forum"}, {"speaker": "DAN", "phrase": " is being presented for community groups to."}, {"speaker": "DAN", "phrase": " I mean"}, {"speaker": "DAN", "phrase": " some people are finding out about this for the first time tonight"}, {"speaker": "DAN", "phrase": " some people are finding out about meetings"}, {"speaker": "DAN", "phrase": " that are going on with other groups"}, {"speaker": "DAN", "phrase": " for the first time tonight"}, {"speaker": "DAN", "phrase": " this is not being promoted by the city"}, {"speaker": "DAN", "phrase": " this is not being publicized as forum as..."}, {"speaker": "PATT", "phrase": " It has been promoted"}, {"speaker": "PATT", "phrase": " it has been publicized."}, {"speaker": "PATT", "phrase": " I don't know..."}, {"speaker": "DAN", "phrase": " I'll tell you right now"}, {"speaker": "DAN", "phrase": " that the leading"}, {"speaker": "DAN", "phrase": " nonprofit"}, {"speaker": "DAN", "phrase": " affordable housing provider on the West Side"}, {"speaker": "DAN", "phrase": " isn't even involved with this."}, {"speaker": "DAN", "phrase": " He said he hasn't even."}, {"speaker": "DAN", "phrase": " PRIDE."}, {"speaker": "DAN", "phrase": " has not even been contacted"}, {"speaker": "DAN", "phrase": " by those groups on the West Side."}, {"speaker": "PATT", "phrase": " Well"}, {"speaker": "PATT", "phrase": " let me tell you."}, {"speaker": "PATT", "phrase": " I've worked with PRIDE"}, {"speaker": "PATT", "phrase": " and I had meeting with PRIDE last week"}, {"speaker": "PATT", "phrase": " they know about it."}, {"speaker": "DAN", "phrase": " I didn't say they didn't know about it"}, {"speaker": "DAN", "phrase": " I said they're not being."}, {"speaker": "DAN", "phrase": " they're not being contacted by."}, {"speaker": "DAN", "phrase": " as far as being brought into network"}, {"speaker": "DAN", "phrase": " for this."}, {"speaker": "DAN", "phrase": " I'm I'm sorry"}, {"speaker": "DAN", "phrase": " I'm not trying to be confrontational."}, {"speaker": "DAN", "phrase": " Okay"}, {"speaker": "DAN", "phrase": " I'm trying to raise issues and concerns."}, {"speaker": "DAN", "phrase": " Alright ?"}, {"speaker": "PATT", "phrase": " Although I do think."}, {"speaker": "DAN", "phrase": " The second."}, {"speaker": "DAN", "phrase": " my second..."}, {"speaker": "PATT", "phrase": " that the organization"}, {"speaker": "PATT", "phrase": " has responsibility."}, {"speaker": "PATT", "phrase": " If they're interested in this."}, {"speaker": "DAN", "phrase": " Undoubtedly."}, {"speaker": "DAN", "phrase": " Undoubtedly."}, {"speaker": "PATT", "phrase": " And they care about empowerment of of their constituency."}, {"speaker": "DAN", "phrase": " Undoubtedly."}, {"speaker": "PATT", "phrase": " to get involved in the process"}, {"speaker": "PATT", "phrase": " and find way to make that happen."}, {"speaker": "DAN", "phrase": " my second question would be on the process"}, {"speaker": "DAN", "phrase": " \u0294uh the city obviously's got its own priorities"}, {"speaker": "DAN", "phrase": " it's got"}, {"speaker": "DAN", "phrase": " um"}, {"speaker": "DAN", "phrase": " funds already allocated in budget"}, {"speaker": "DAN", "phrase": " it's got areas designated that they would like to see worked on"}, {"speaker": "DAN", "phrase": " and"}, {"speaker": "DAN", "phrase": " my question as far as the process is."}, {"speaker": "DAN", "phrase": " way the selection goes"}, {"speaker": "DAN", "phrase": " are um"}, {"speaker": "DAN", "phrase": " what."}, {"speaker": "DAN", "phrase": " which is gonna drive which."}, {"speaker": "DAN", "phrase": " How much weight are gonna be given to"}, {"speaker": "DAN", "phrase": " um"}, {"speaker": "DAN", "phrase": " proposals"}, {"speaker": "DAN", "phrase": " which dovetail into existing programs"}, {"speaker": "DAN", "phrase": " that the city has"}, {"speaker": "DAN", "phrase": " or"}, {"speaker": "DAN", "phrase": " that the city is intending on implementing in certain areas"}, {"speaker": "DAN", "phrase": " and how much is the city willing to bend and say"}, {"speaker": "DAN", "phrase": " I will."}, {"speaker": "DAN", "phrase": " we are gonna forego these uh scheduled or proposed projects"}, {"speaker": "DAN", "phrase": " to be able to dovetail into empowerment zones."}, {"speaker": "GRAN", "phrase": " What's being said"}, {"speaker": "GRAN", "phrase": " Patty is"}, {"speaker": "GRAN", "phrase": " when is the city going to present"}, {"speaker": "GRAN", "phrase": " say for instance"}, {"speaker": "GRAN", "phrase": " its overall plan"}, {"speaker": "GRAN", "phrase": " for conducting the city."}, {"speaker": "GRAN", "phrase": " So everyone can see"}, {"speaker": "GRAN", "phrase": " their seat"}, {"speaker": "GRAN", "phrase": " in the auditorium"}, {"speaker": "GRAN", "phrase": " or their place around the table"}, {"speaker": "GRAN", "phrase": " and how long will they have to wait for their turn for development"}, {"speaker": "GRAN", "phrase": " when will their interests be served"}, {"speaker": "GRAN", "phrase": " so"}, {"speaker": "GRAN", "phrase": " this empowerment zone"}, {"speaker": "GRAN", "phrase": " it simply seems to me"}, {"speaker": "GRAN", "phrase": " is opening Pandora's Box."}, {"speaker": "PATT", "phrase": " Go ahead."}, {"speaker": "PATT", "phrase": " Well to."}, {"speaker": "PATT", "phrase": " let me answer your question in terms of the um"}, {"speaker": "PATT", "phrase": " uh"}, {"speaker": "PATT", "phrase": " proposed plans"}, {"speaker": "PATT", "phrase": " I mean right now"}, {"speaker": "PATT", "phrase": " the um coordinating council"}, {"speaker": "PATT", "phrase": " is making the selection"}, {"speaker": "PATT", "phrase": " based on the information"}, {"speaker": "PATT", "phrase": " that is received from the community."}, {"speaker": "PATT", "phrase": " And obviously there \u0294uh there are other issues to look at"}, {"speaker": "PATT", "phrase": " for example"}, {"speaker": "PATT", "phrase": " um"}, {"speaker": "PATT", "phrase": " organizations that may be involved in um current work"}, {"speaker": "PATT", "phrase": " their ability"}, {"speaker": "PATT", "phrase": " new organizations"}, {"speaker": "PATT", "phrase": " new ideas"}, {"speaker": "PATT", "phrase": " I mean all that is."}, {"speaker": "PATT", "phrase": " is thrown in the pot."}, {"speaker": "PATT", "phrase": " and I don't think that any community that has an existing plan"}, {"speaker": "PATT", "phrase": " has leg up"}, {"speaker": "PATT", "phrase": " on any one else who has new idea that may not be part of plan."}, {"speaker": "DAN", "phrase": " Uh"}, {"speaker": "DAN", "phrase": " are they explaining the."}, {"speaker": "DAN", "phrase": " for example I."}, {"speaker": "DAN", "phrase": " don't know if Londa White is here"}, {"speaker": "DAN", "phrase": " uh."}, {"speaker": "DAN", "phrase": " at uh"}, {"speaker": "DAN", "phrase": " uh community meeting last month"}, {"speaker": "DAN", "phrase": " in which uh lot of uh selection criteria were"}, {"speaker": "DAN", "phrase": " uh"}, {"speaker": "DAN", "phrase": " drawn up"}, {"speaker": "DAN", "phrase": " I was wondering"}, {"speaker": "DAN", "phrase": " if is the council gonna absorb that into the selection process also."}, {"speaker": "PATT", "phrase": " The council"}, {"speaker": "PATT", "phrase": " has uh"}, {"speaker": "PATT", "phrase": " received copy of that"}, {"speaker": "PATT", "phrase": " and the council has seen portions of uh"}, {"speaker": "PATT", "phrase": " of the Seaway principles"}, {"speaker": "PATT", "phrase": " some of those principles have been."}, {"speaker": "PATT", "phrase": " are included in what we have tonight."}, {"speaker": "AUD", "phrase": "PAUSE"}, {"speaker": "PATT", "phrase": " Others are really principles"}, {"speaker": "PATT", "phrase": " for the zone itself"}, {"speaker": "PATT", "phrase": " and how the makeup of the zone will be."}, {"speaker": "PATT", "phrase": " And that is going to be handed out to the uh Coordinating Council"}, {"speaker": "PATT", "phrase": " this Thursday."}, {"speaker": "DAN", "phrase": " Uh"}, {"speaker": "DAN", "phrase": " my third question is on the final program ?"}, {"speaker": "DAN", "phrase": " think this gentleman again spoke very"}, {"speaker": "DAN", "phrase": " very adequately to it"}, {"speaker": "DAN", "phrase": " um"}, {"speaker": "DAN", "phrase": " it seems to me"}, {"speaker": "DAN", "phrase": " again"}, {"speaker": "DAN", "phrase": " this idea of building consensus."}, {"speaker": "DAN", "phrase": " That"}, {"speaker": "DAN", "phrase": " if we're able to make this."}, {"speaker": "DAN", "phrase": " program like this work"}, {"speaker": "DAN", "phrase": " over such long time."}, {"speaker": "DAN", "phrase": " That the city."}, {"speaker": "DAN", "phrase": " and in fact it's stated in the uh"}, {"speaker": "DAN", "phrase": " uh"}, {"speaker": "DAN", "phrase": " proposal"}, {"speaker": "DAN", "phrase": " the uh HUD application proposal that"}, {"speaker": "DAN", "phrase": " the uh"}, {"speaker": "DAN", "phrase": " governing body"}, {"speaker": "DAN", "phrase": " making the application"}, {"speaker": "DAN", "phrase": " must provide assurance and evidence"}, {"speaker": "DAN", "phrase": " that this uh"}, {"speaker": "DAN", "phrase": " uh empowerment zone plan"}, {"speaker": "DAN", "phrase": " is gonna be adhered to and implemented"}, {"speaker": "DAN", "phrase": " and it seems to me that"}, {"speaker": "DAN", "phrase": " one of the most fundamental and best ways to have this done"}, {"speaker": "DAN", "phrase": " would be for the city to come up with comprehensive plan."}, {"speaker": "AUD", "phrase": "PAUSE"}, {"speaker": "DAN", "phrase": " that follows guidelines"}, {"speaker": "DAN", "phrase": " that would ensure"}, {"speaker": "DAN", "phrase": " that what's happening in the empowerment zone"}, {"speaker": "DAN", "phrase": " is indeed the seed program that's gonna be followed"}, {"speaker": "DAN", "phrase": " and be able to be distributed to other areas of the city and"}, {"speaker": "DAN", "phrase": " and built on in other areas of the city"}, {"speaker": "DAN", "phrase": " does the city have any"}, {"speaker": "DAN", "phrase": " uh"}, {"speaker": "DAN", "phrase": " plans"}, {"speaker": "DAN", "phrase": " uh any any hope of"}, {"speaker": "DAN", "phrase": " coming up with comprehensive plan"}, {"speaker": "DAN", "phrase": " for developing the city ?"}, {"speaker": "PATT", "phrase": " We do not have comprehensive plan for the city of Chicago."}, {"speaker": "DAN", "phrase": " Does the city have..."}, {"speaker": "PATT", "phrase": " We have..."}, {"speaker": "DAN", "phrase": " any hopes of."}, {"speaker": "PATT", "phrase": " policies for development"}, {"speaker": "PATT", "phrase": " and we have been identifying places"}, {"speaker": "PATT", "phrase": " that have plans"}, {"speaker": "PATT", "phrase": " and trying to get things done."}, {"speaker": "PATT", "phrase": " A comprehensive plan"}, {"speaker": "PATT", "phrase": " requires"}, {"speaker": "PATT", "phrase": " uh"}, {"speaker": "PATT", "phrase": " the infusion of many many dollars"}, {"speaker": "PATT", "phrase": " much more than is available"}, {"speaker": "PATT", "phrase": " you know"}, {"speaker": "PATT", "phrase": " within the city budget"}, {"speaker": "PATT", "phrase": " to implement plan"}, {"speaker": "PATT", "phrase": " and"}, {"speaker": "PATT", "phrase": " at this point"}, {"speaker": "PATT", "phrase": " we are looking at"}, {"speaker": "PATT", "phrase": " ways to be strategic"}, {"speaker": "PATT", "phrase": " in how we invest our money"}, {"speaker": "PATT", "phrase": " and the empowerment zone is an is an example"}, {"speaker": "PATT", "phrase": " of an of an area where we are going to do some strategic planning along with the community"}, {"speaker": "PATT", "phrase": " which will lead to implementation"}, {"speaker": "PATT", "phrase": " and investing in our plan."}, {"speaker": "DAN", "phrase": " Correct."}, {"speaker": "DAN", "phrase": " Would you say it's only"}, {"speaker": "DAN", "phrase": " we only have policy guidelines."}, {"speaker": "DAN", "phrase": " and."}, {"speaker": "DAN", "phrase": " when administrations change"}, {"speaker": "DAN", "phrase": " policies change."}, {"speaker": "DAN", "phrase": " What I'm talking about is that"}, {"speaker": "DAN", "phrase": " cities that we are competing against"}, {"speaker": "DAN", "phrase": " Seattle"}, {"speaker": "DAN", "phrase": " San Antonio"}, {"speaker": "DAN", "phrase": " Minneapolis"}, {"speaker": "DAN", "phrase": " they've got"}, {"speaker": "DAN", "phrase": " comprehensive plans"}, {"speaker": "DAN", "phrase": " for the development of their cities."}, {"speaker": "DAN", "phrase": " And"}, {"speaker": "DAN", "phrase": " that..."}, {"speaker": "PATT", "phrase": " some of them do and some of them do not."}, {"speaker": "DAN", "phrase": " The ones that I just mentioned do."}, {"speaker": "PATT", "phrase": " \u0294uh."}, {"speaker": "DAN", "phrase": " Alright ?"}, {"speaker": "PATT", "phrase": "PAUSE"}, {"speaker": "DAN", "phrase": " And"}, {"speaker": "DAN", "phrase": " my point is."}, {"speaker": "PATT", "phrase": " Some of them do."}, {"speaker": "DAN", "phrase": " that."}, {"speaker": "PATT", "phrase": " and some of them do not."}, {"speaker": "DAN", "phrase": " The ones that I just mentioned do."}, {"speaker": "DAN", "phrase": " And"}, {"speaker": "DAN", "phrase": " my."}, {"speaker": "DAN", "phrase": " my point is"}, {"speaker": "DAN", "phrase": " that"}, {"speaker": "DAN", "phrase": " it seems to us that"}, {"speaker": "DAN", "phrase": " it seems to me that"}, {"speaker": "DAN", "phrase": " it would give us as Chicago"}, {"speaker": "DAN", "phrase": " much better footing with government"}, {"speaker": "DAN", "phrase": " if we said"}, {"speaker": "DAN", "phrase": " that we had comprehensive plan"}, {"speaker": "DAN", "phrase": " that was gonna ensure"}, {"speaker": "DAN", "phrase": " that these things are going to be."}, {"speaker": "PATT", "phrase": " Well sir."}, {"speaker": "DAN", "phrase": "PAUSE"}, {"speaker": "PATT", "phrase": " considering that our plan is due June thirtieth"}, {"speaker": "PATT", "phrase": " and considering that between now and then"}, {"speaker": "PATT", "phrase": " we will not have comprehensive plan"}, {"speaker": "PATT", "phrase": " for the city of Chicago"}, {"speaker": "PATT", "phrase": " um"}, {"speaker": "PATT", "phrase": " I'm not quite sure where to go with your question."}, {"speaker": "AUD", "phrase": "PAUSE"}, {"speaker": "PATT", "phrase": " Oh I'm."}, {"speaker": "PATT", "phrase": " I'm sorry."}, {"speaker": "DERE", "phrase": " Oh."}, {"speaker": "BERN", "phrase": " go ahead."}, {"speaker": "BERN", "phrase": " go ahead."}, {"speaker": "PATT", "phrase": " Bernie."}, {"speaker": "BERN", "phrase": "PAUSE"}, {"speaker": "BERN", "phrase": " I just wanted to make friendly remind."}, {"speaker": "PATT", "phrase": "PAUSE"}, {"speaker": "PATT", "phrase": " I'm sorry Derek."}, {"speaker": "DERE", "phrase": " Um"}, {"speaker": "DERE", "phrase": " My name's Derek Williams"}, {"speaker": "DERE", "phrase": " I'm."}, {"speaker": "DERE", "phrase": " I'm with the HORN association of men"}, {"speaker": "DERE", "phrase": " and uh"}, {"speaker": "DERE", "phrase": " \u0294I I think we need to recognize that uh"}, {"speaker": "DERE", "phrase": " uh this is an opportunity"}, {"speaker": "DERE", "phrase": " and it's not threat."}, {"speaker": "DERE", "phrase": " Uh"}, {"speaker": "DERE", "phrase": " consensus do not build themselves."}, {"speaker": "DERE", "phrase": " And"}, {"speaker": "DERE", "phrase": " and if we just be perfectly honest with each other"}, {"speaker": "DERE", "phrase": " the only reason that we're all in this room is because we heard"}, {"speaker": "DERE", "phrase": " about hundred million dollars."}, {"speaker": "MANY", "phrase": "PAUSE"}, {"speaker": "DERE", "phrase": " And that's what everybody's worried about."}, {"speaker": "DERE", "phrase": " Uh"}, {"speaker": "DERE", "phrase": " it's impossible for any city to have comprehensive plan"}, {"speaker": "DERE", "phrase": " because we don't have comprehensive people."}, {"speaker": "DERE", "phrase": " First of all."}, {"speaker": "DERE", "phrase": " And I think we just need to"}, {"speaker": "DERE", "phrase": " given the information that's out there"}, {"speaker": "DERE", "phrase": " we need to try to make it as meaningful as we can to our constituents."}, {"speaker": "DERE", "phrase": " Uh"}, {"speaker": "DERE", "phrase": " be honestly speaking with you"}, {"speaker": "DERE", "phrase": " uh I come from an organization with five hundred members"}, {"speaker": "DERE", "phrase": " and empowerment zone has absolutely no meaning"}, {"speaker": "DERE", "phrase": " to just about eighty percent of our population."}, {"speaker": "DERE", "phrase": " For the simple reason"}, {"speaker": "DERE", "phrase": " we get caught up in"}, {"speaker": "DERE", "phrase": " in in all of the rhetoric"}, {"speaker": "DERE", "phrase": " um"}, {"speaker": "DERE", "phrase": " we we constantly challenge each other"}, {"speaker": "DERE", "phrase": " and."}, {"speaker": "DERE", "phrase": " I don't think this is the time for that."}, {"speaker": "DERE", "phrase": " I I think we should be trying to focus on"}, {"speaker": "DERE", "phrase": " the information that's available"}, {"speaker": "DERE", "phrase": " and and and meet the challenge."}, {"speaker": "DERE", "phrase": " And I and I think we can do that."}, {"speaker": "DERE", "phrase": " And in."}, {"speaker": "DERE", "phrase": " and again"}, {"speaker": "DERE", "phrase": " this is an opportunity"}, {"speaker": "DERE", "phrase": " to meet the challenge."}, {"speaker": "MANY", "phrase": "PAUSE"}, {"speaker": "PATT", "phrase": " Thanks Derek"}, {"speaker": "PATT", "phrase": " that's why I guess you're sitting in the front row."}, {"speaker": "PATT", "phrase": "PAUSE"}, {"speaker": "PATT", "phrase": " Um Paul."}, {"speaker": "PAUL", "phrase": " Derek I."}, {"speaker": "PAUL", "phrase": " I appreciate following you."}, {"speaker": "DERE", "phrase": " Thanks."}, {"speaker": "PAUL", "phrase": " Well see I'd've been kinda frustrated"}, {"speaker": "PAUL", "phrase": " trying to say what you said"}, {"speaker": "PAUL", "phrase": " some of it."}, {"speaker": "PAUL", "phrase": " I'd like to"}, {"speaker": "PAUL", "phrase": " just for couple minutes"}, {"speaker": "PAUL", "phrase": " set the record straight"}, {"speaker": "PAUL", "phrase": " on what empowerment zones are"}, {"speaker": "PAUL", "phrase": " and what they are not"}, {"speaker": "PAUL", "phrase": " according to my own understanding."}, {"speaker": "PAUL", "phrase": " The empowerment zones"}, {"speaker": "PAUL", "phrase": " were implemented."}, {"speaker": "PAUL", "phrase": " under the Clinton administration."}, {"speaker": "PAUL", "phrase": " They did not start under the Clinton administration."}, {"speaker": "PAUL", "phrase": " They started in the state of Illinois"}, {"speaker": "PAUL", "phrase": " as enterprise zones"}, {"speaker": "PAUL", "phrase": " back in the eighties."}, {"speaker": "PAUL", "phrase": " The difference between empowerment zones"}, {"speaker": "PAUL", "phrase": " and enterprise zones"}, {"speaker": "PAUL", "phrase": " is that the federal government"}, {"speaker": "PAUL", "phrase": " for twelve years"}, {"speaker": "PAUL", "phrase": " Congress never did approve"}, {"speaker": "PAUL", "phrase": " enterprise zones"}, {"speaker": "PAUL", "phrase": " at the federal level."}, {"speaker": "PAUL", "phrase": " By the time they were approved"}, {"speaker": "PAUL", "phrase": " Congress"}, {"speaker": "PAUL", "phrase": " in its wisdom"}, {"speaker": "PAUL", "phrase": " attached funding."}, {"speaker": "PAUL", "phrase": " criteria."}, {"speaker": "PAUL", "phrase": " and shifted the name from enterprise zones"}, {"speaker": "PAUL", "phrase": " to empowerment zones."}, {"speaker": "PAUL", "phrase": " For the record."}, {"speaker": "PAUL", "phrase": " I do not live in CHA."}, {"speaker": "PAUL", "phrase": " I am not homeless."}, {"speaker": "PAUL", "phrase": " I do not transport myself"}, {"speaker": "PAUL", "phrase": " on CTA properties."}, {"speaker": "PAUL", "phrase": " I'm veteran"}, {"speaker": "PAUL", "phrase": " so I do not go to county hospitals."}, {"speaker": "PAUL", "phrase": " I abide by the law"}, {"speaker": "PAUL", "phrase": " so I'm not in county jail."}, {"speaker": "PAUL", "phrase": " I have attended several colleges"}, {"speaker": "PAUL", "phrase": " I think successfully"}, {"speaker": "PAUL", "phrase": " they think unsuccessfully"}, {"speaker": "PAUL", "phrase": " so I do not need the public education system"}, {"speaker": "PAUL", "phrase": " in Chicago."}, {"speaker": "PAUL", "phrase": " But"}, {"speaker": "PAUL", "phrase": " I do know"}, {"speaker": "PAUL", "phrase": " who uz does need em."}, {"speaker": "PAUL", "phrase": " The homeless"}, {"speaker": "PAUL", "phrase": " and people not in public housing."}, {"speaker": "PAUL", "phrase": " Public housing"}, {"speaker": "PAUL", "phrase": " because one"}, {"speaker": "PAUL", "phrase": " we're getting ready"}, {"speaker": "PAUL", "phrase": " to tear them all down."}, {"speaker": "PAUL", "phrase": " What are we gonna do with it."}, {"speaker": "PAUL", "phrase": " The city has no right"}, {"speaker": "PAUL", "phrase": " would be in fight"}, {"speaker": "PAUL", "phrase": " we need"}, {"speaker": "PAUL", "phrase": " to try and tell me"}, {"speaker": "PAUL", "phrase": " what my block needs"}, {"speaker": "PAUL", "phrase": " When my block decides"}, {"speaker": "PAUL", "phrase": " what it needs"}, {"speaker": "PAUL", "phrase": " and presents its plan"}, {"speaker": "PAUL", "phrase": " to the city"}, {"speaker": "PAUL", "phrase": " then the city"}, {"speaker": "PAUL", "phrase": " can take its logical"}, {"speaker": "PAUL", "phrase": " legal"}, {"speaker": "PAUL", "phrase": " jurisprudence"}, {"speaker": "PAUL", "phrase": " course"}, {"speaker": "PAUL", "phrase": " of identifying"}, {"speaker": "PAUL", "phrase": " what resources it has"}, {"speaker": "PAUL", "phrase": " and makethemavailable."}, {"speaker": "PAUL", "phrase": " The empowerment zones"}, {"speaker": "PAUL", "phrase": " what are"}, {"speaker": "PAUL", "phrase": " by legislation"}, {"speaker": "PAUL", "phrase": " to be planned"}, {"speaker": "PAUL", "phrase": " by"}, {"speaker": "PAUL", "phrase": " with"}, {"speaker": "PAUL", "phrase": " and for"}, {"speaker": "PAUL", "phrase": " those most in need of empowering."}, {"speaker": "PAUL", "phrase": " It don't mention"}, {"speaker": "PAUL", "phrase": " those agencies"}, {"speaker": "PAUL", "phrase": " most in need."}, {"speaker": "PAUL", "phrase": " This is not the entitlement programs."}, {"speaker": "PAUL", "phrase": " See the entitlement programs is what has turned the West Side"}, {"speaker": "PAUL", "phrase": " into damn desert of oasis and poverty."}, {"speaker": "PAUL", "phrase": " Because the West Side was planned for."}, {"speaker": "PAUL", "phrase": " CHA was planned for."}, {"speaker": "PAUL", "phrase": " The city has put together in aggregate sum"}, {"speaker": "PAUL", "phrase": " the map that is about two pages"}, {"speaker": "PAUL", "phrase": " that shows you where the poorest folks live."}, {"speaker": "PAUL", "phrase": " If you are an agency"}, {"speaker": "PAUL", "phrase": " that is involved in those areas"}, {"speaker": "PAUL", "phrase": " take the opportunity to find out what those people need"}, {"speaker": "PAUL", "phrase": " and deliver the proposal."}, {"speaker": "PAUL", "phrase": " If you are an agency that is outside of those areas"}, {"speaker": "PAUL", "phrase": " of the census track"}, {"speaker": "PAUL", "phrase": " that each of you have"}, {"speaker": "PAUL", "phrase": " then"}, {"speaker": "PAUL", "phrase": " change your location"}, {"speaker": "PAUL", "phrase": " do like Reagan said"}, {"speaker": "PAUL", "phrase": " and move with your feet into the area."}, {"speaker": "PAUL", "phrase": " This is no"}, {"speaker": "PAUL", "phrase": " you know"}, {"speaker": "PAUL", "phrase": " three card Molly here."}, {"speaker": "PAUL", "phrase": " We already know"}, {"speaker": "PAUL", "phrase": " where the most empowerless people are."}, {"speaker": "PAUL", "phrase": " Get busy."}, {"speaker": "PAUL", "phrase": " Patty asked question earlier."}, {"speaker": "PAUL", "phrase": " I have chose not to do it"}, {"speaker": "PAUL", "phrase": " but out of necessity"}, {"speaker": "PAUL", "phrase": " I'm gonna ask you to walk through this"}, {"speaker": "PAUL", "phrase": " this is where the poor folks live."}, {"speaker": "PAUL", "phrase": " This is where your tax dollars are going."}, {"speaker": "PAUL", "phrase": " And this is why you get upset"}, {"speaker": "PAUL", "phrase": " every time the city launches project"}, {"speaker": "PAUL", "phrase": " because you say"}, {"speaker": "PAUL", "phrase": " it comes in over budget."}, {"speaker": "PAUL", "phrase": " This is where the state has roads going on."}, {"speaker": "PAUL", "phrase": " This is where county hospital has roads going on."}, {"speaker": "PAUL", "phrase": " So as far as I'm concerned"}, {"speaker": "PAUL", "phrase": " if the city did anything more than what it was doing"}, {"speaker": "PAUL", "phrase": " I would file grievance with the Department of Justice"}, {"speaker": "PAUL", "phrase": " to say that they were in violation of the legislation."}, {"speaker": "PAUL", "phrase": " The legislation says that"}, {"speaker": "PAUL", "phrase": " those who have nothing"}, {"speaker": "PAUL", "phrase": " are either to be courted by those who have something"}, {"speaker": "PAUL", "phrase": " or left alone."}, {"speaker": "PAUL", "phrase": " so that they can develop"}, {"speaker": "PAUL", "phrase": " their own plan"}, {"speaker": "PAUL", "phrase": " and be responsible for their success"}, {"speaker": "PAUL", "phrase": " or their failure."}, {"speaker": "PAUL", "phrase": " That to me is the empowerment zone."}, {"speaker": "PAUL", "phrase": " Anything else"}, {"speaker": "PAUL", "phrase": " is contradiction"}, {"speaker": "PAUL", "phrase": " Malcolm"}, {"speaker": "PAUL", "phrase": " we sitting in the college named after him"}, {"speaker": "PAUL", "phrase": " he said by whatever means necessary."}, {"speaker": "PAUL", "phrase": " So by whatever means necessary it takes for you to get gautonomous"}, {"speaker": "PAUL", "phrase": " touched"}, {"speaker": "PAUL", "phrase": " contagious"}, {"speaker": "PAUL", "phrase": " in in love with poor folks."}, {"speaker": "PAUL", "phrase": " is what is gonna take"}, {"speaker": "PAUL", "phrase": " to keep your agencies"}, {"speaker": "PAUL", "phrase": " empowered."}, {"speaker": "MANY", "phrase": "PAUSE"}, {"speaker": "PATT", "phrase": " Thank you Paul."}, {"speaker": "PATT", "phrase": " Um"}, {"speaker": "PATT", "phrase": " before we close"}, {"speaker": "PATT", "phrase": " we have uh several members of the Coordinating Council here"}, {"speaker": "PATT", "phrase": " who I'd like to recognize"}, {"speaker": "PATT", "phrase": " and see if they want to add anything"}, {"speaker": "PATT", "phrase": " before we leave uh here tonight."}, {"speaker": "PATT", "phrase": " Um"}, {"speaker": "PATT", "phrase": " we have Sproule White"}, {"speaker": "PATT", "phrase": " who is the executive director of the Chicago Jobs Council"}, {"speaker": "PATT", "phrase": " um"}, {"speaker": "PATT", "phrase": " Wanda White"}, {"speaker": "PATT", "phrase": " who is the executive director of the Community Workshop on Economic Development."}, {"speaker": "AUD", "phrase": "PAUSE"}, {"speaker": "PATT", "phrase": " and Ted Wysaki"}, {"speaker": "PATT", "phrase": " who is the executive director of"}, {"speaker": "PATT", "phrase": " uh"}, {"speaker": "PATT", "phrase": " CANDO"}, {"speaker": "PATT", "phrase": " the Chicago Association of Neighborhood Development Organizations"}, {"speaker": "PATT", "phrase": " and also"}, {"speaker": "PATT", "phrase": " Frank Grossman was here"}, {"speaker": "PATT", "phrase": " from Continental Bank."}, {"speaker": "PATT", "phrase": " And also the chair of the capital improvement advisory committee."}, {"speaker": "PATT", "phrase": " Do you wanna say anything ?"}, {"speaker": "X", "phrase": " Okay."}, {"speaker": "CHER", "phrase": " I'll just make one point"}, {"speaker": "CHER", "phrase": " and I'll make it brief"}, {"speaker": "CHER", "phrase": " and that is."}]}