{"text": [{"speaker": "PHIL", "phrase": " Cool."}, {"speaker": "PHIL", "phrase": " Alright folks."}, {"speaker": "PHIL", "phrase": " Well alreet"}, {"speaker": "PHIL", "phrase": " well alroot"}, {"speaker": "PHIL", "phrase": " well alright."}, {"speaker": "PHIL", "phrase": " By now I'm sure you're wondering about the different things that I have on the table here"}, {"speaker": "PHIL", "phrase": " but first"}, {"speaker": "PHIL", "phrase": " I would like to talk to you about these three items."}, {"speaker": "PHIL", "phrase": " I have here"}, {"speaker": "PHIL", "phrase": " some ice in pan"}, {"speaker": "PHIL", "phrase": " water in this glass"}, {"speaker": "PHIL", "phrase": " and steam rising from this pot."}, {"speaker": "PHIL", "phrase": " Now."}, {"speaker": "PHIL", "phrase": " I would like to ask you"}, {"speaker": "PHIL", "phrase": " how these three things."}, {"speaker": "PHIL", "phrase": " Tell me please."}, {"speaker": "PHIL", "phrase": " How are they all alike."}, {"speaker": "PHIL", "phrase": " These three things."}, {"speaker": "PHIL", "phrase": " This ice here in this pan."}, {"speaker": "PHIL", "phrase": " This water in this glass"}, {"speaker": "PHIL", "phrase": " and the steam rising from this pot"}, {"speaker": "PHIL", "phrase": " just yell it out"}, {"speaker": "PHIL", "phrase": " we are informal here"}, {"speaker": "PHIL", "phrase": " yes."}, {"speaker": "PHIL", "phrase": " Correct."}, {"speaker": "PHIL", "phrase": " They are all forms of water."}, {"speaker": "PHIL", "phrase": " This ice here of course is water"}, {"speaker": "PHIL", "phrase": " I told you there was water in this glass"}, {"speaker": "PHIL", "phrase": " and you have all seen water boil at home"}, {"speaker": "PHIL", "phrase": " so you are familiar with steam."}, {"speaker": "PHIL", "phrase": " But now let's try to figure out how they're different"}, {"speaker": "PHIL", "phrase": " we'll look at temperature"}, {"speaker": "PHIL", "phrase": " first."}, {"speaker": "PHIL", "phrase": " And the temperature of this water here"}, {"speaker": "PHIL", "phrase": " the ice"}, {"speaker": "PHIL", "phrase": " is"}, {"speaker": "PHIL", "phrase": " about uh twenty."}, {"speaker": "PHIL", "phrase": " woo."}, {"speaker": "PHIL", "phrase": " Nineteen degrees."}, {"speaker": "PHIL", "phrase": " Very cold."}, {"speaker": "PHIL", "phrase": " The temperature of this water here"}, {"speaker": "PHIL", "phrase": " is sixtyfour degrees"}, {"speaker": "PHIL", "phrase": " the temperature of this steam"}, {"speaker": "PHIL", "phrase": " is"}, {"speaker": "PHIL", "phrase": " I know it's hotter than that."}, {"speaker": "PHIL", "phrase": " Yeah"}, {"speaker": "PHIL", "phrase": " it's about hundred and eleven degrees."}, {"speaker": "PHIL", "phrase": " Okay."}, {"speaker": "PHIL", "phrase": " Fahrenheit."}, {"speaker": "PHIL", "phrase": " Okay."}, {"speaker": "PHIL", "phrase": " Oh"}, {"speaker": "PHIL", "phrase": " and by the way guys"}, {"speaker": "PHIL", "phrase": " what do we call something that's hard"}, {"speaker": "PHIL", "phrase": " like this ice here"}, {"speaker": "PHIL", "phrase": " or table"}, {"speaker": "PHIL", "phrase": " or rock."}, {"speaker": "PHIL", "phrase": " We call it ?"}, {"speaker": "MANY", "phrase": " Solid."}, {"speaker": "PHIL", "phrase": " Very good."}, {"speaker": "PHIL", "phrase": " You should."}, {"speaker": "PHIL", "phrase": " you should be choir."}, {"speaker": "PHIL", "phrase": " You should go out on the road there"}, {"speaker": "PHIL", "phrase": " like"}, {"speaker": "PHIL", "phrase": " yeah."}, {"speaker": "PHIL", "phrase": "PAUSE"}, {"speaker": "AUD", "phrase": " We are."}, {"speaker": "PHIL", "phrase": "PAUSE"}, {"speaker": "PHIL", "phrase": " Oh well"}, {"speaker": "PHIL", "phrase": " I'm glad to meet you."}, {"speaker": "PHIL", "phrase": "PAUSE"}, {"speaker": "PHIL", "phrase": " Please give me your itinerary after the show."}, {"speaker": "PHIL", "phrase": " Yes."}, {"speaker": "PHIL", "phrase": " Yes."}, {"speaker": "PHIL", "phrase": " Of course we call it sholids."}, {"speaker": "PHIL", "phrase": " A solid."}, {"speaker": "PHIL", "phrase": " And solid has one shape."}, {"speaker": "PHIL", "phrase": " The shape that it starts out with."}, {"speaker": "PHIL", "phrase": " And what do we call something that."}, {"speaker": "PHIL", "phrase": " that you can splish splash."}, {"speaker": "PHIL", "phrase": " Take bath in."}, {"speaker": "PHIL", "phrase": " Anything wet like soda or milk."}, {"speaker": "MANY", "phrase": " Liquid."}, {"speaker": "PHIL", "phrase": " You're not gonna let me finish"}, {"speaker": "PHIL", "phrase": " are you."}, {"speaker": "PHIL", "phrase": " Yes"}, {"speaker": "PHIL", "phrase": " we call it."}, {"speaker": "AUD", "phrase": " Liquid."}, {"speaker": "PHIL", "phrase": " Very good."}, {"speaker": "PHIL", "phrase": " And liquid can change its shape"}, {"speaker": "PHIL", "phrase": " to completely fill the bottom of whatever container you put it in."}, {"speaker": "PHIL", "phrase": " And finally"}, {"speaker": "PHIL", "phrase": " what do we call something that's loose"}, {"speaker": "PHIL", "phrase": " and floating around like this steam here."}, {"speaker": "PHIL", "phrase": " Or cloud"}, {"speaker": "PHIL", "phrase": " or the air we breathe"}, {"speaker": "PHIL", "phrase": " we call it."}, {"speaker": "MANY", "phrase": " Gas."}, {"speaker": "PHIL", "phrase": " Correct."}, {"speaker": "PHIL", "phrase": " gas."}, {"speaker": "PHIL", "phrase": " And gas completely fills whatever shape container you put it in."}, {"speaker": "PHIL", "phrase": " And so"}, {"speaker": "PHIL", "phrase": " how do you get water to change"}, {"speaker": "PHIL", "phrase": " from solid"}, {"speaker": "PHIL", "phrase": " to liquid"}, {"speaker": "PHIL", "phrase": " to gas"}, {"speaker": "PHIL", "phrase": " and back and forth."}, {"speaker": "AUD", "phrase": " Add energy."}, {"speaker": "PHIL", "phrase": " Woo."}, {"speaker": "PHIL", "phrase": " I like the way he expressed that."}, {"speaker": "PHIL", "phrase": " Never before have I heard it"}, {"speaker": "PHIL", "phrase": " add or subtract energy"}, {"speaker": "PHIL", "phrase": " or"}, {"speaker": "PHIL", "phrase": " heat"}, {"speaker": "PHIL", "phrase": " change the temperature"}, {"speaker": "PHIL", "phrase": " basically."}, {"speaker": "PHIL", "phrase": " Correct ?"}, {"speaker": "PHIL", "phrase": " Alright."}, {"speaker": "PHIL", "phrase": " Well folks"}, {"speaker": "PHIL", "phrase": " now I'm going to show you something else that happens."}, {"speaker": "PHIL", "phrase": " When you change the temperature"}, {"speaker": "PHIL", "phrase": " and that's where these balloons come in."}, {"speaker": "PHIL", "phrase": " I have here"}, {"speaker": "PHIL", "phrase": " number of balloons"}, {"speaker": "PHIL", "phrase": " but"}, {"speaker": "PHIL", "phrase": " let's see how many of these balloons"}, {"speaker": "PHIL", "phrase": " I can fit"}, {"speaker": "PHIL", "phrase": " into this little ittybitty container here."}, {"speaker": "PHIL", "phrase": " Well"}, {"speaker": "PHIL", "phrase": " everybody count together."}, {"speaker": "PHIL", "phrase": " This would be."}, {"speaker": "AUD", "phrase": " There's in there."}, {"speaker": "PHIL", "phrase": " you think"}, {"speaker": "PHIL", "phrase": " well"}, {"speaker": "PHIL", "phrase": " okay"}, {"speaker": "PHIL", "phrase": " \u0294w"}, {"speaker": "PHIL", "phrase": " I'm glad I never saw Citizen Cane with you"}, {"speaker": "PHIL", "phrase": " Rosebud is sled."}, {"speaker": "PHIL", "phrase": " Okay."}, {"speaker": "PHIL", "phrase": " Well"}, {"speaker": "PHIL", "phrase": "PAUSE"}, {"speaker": "PHIL", "phrase": " let's all count together folks"}, {"speaker": "PHIL", "phrase": " that was."}, {"speaker": "AUD1", "phrase": " One."}, {"speaker": "AUD2", "phrase": " One."}, {"speaker": "PHIL", "phrase": " very good."}, {"speaker": "PHIL", "phrase": " One balloon going into the little container here."}, {"speaker": "PHIL", "phrase": " And this would be."}, {"speaker": "MANY", "phrase": " Two."}, {"speaker": "PHIL", "phrase": " two."}, {"speaker": "PHIL", "phrase": " Very good counting there."}, {"speaker": "PHIL", "phrase": " Two."}, {"speaker": "PHIL", "phrase": " Excellent."}, {"speaker": "PHIL", "phrase": " Two balloons going into the little container here."}, {"speaker": "PHIL", "phrase": "PAUSE"}, {"speaker": "PHIL", "phrase": " Ah"}, {"speaker": "PHIL", "phrase": " they're not fitting in so easily."}, {"speaker": "PHIL", "phrase": " Oh laugh no."}, {"speaker": "PHIL", "phrase": " So hopefully I can fit all balloons into this little container here."}, {"speaker": "AUD", "phrase": "PAUSE"}, {"speaker": "PHIL", "phrase": " Oh stop guessing at what this is."}, {"speaker": "PHIL", "phrase": " Let's have some suspense here."}, {"speaker": "PHIL", "phrase": " Come on."}, {"speaker": "PHIL", "phrase": " Alright."}, {"speaker": "PHIL", "phrase": " And this would be ?"}, {"speaker": "MANY", "phrase": " Three."}, {"speaker": "PHIL", "phrase": " Three."}, {"speaker": "PHIL", "phrase": " Very good."}, {"speaker": "PHIL", "phrase": " Three balloons going onto the the little container there."}, {"speaker": "PHIL", "phrase": " Three balloons."}, {"speaker": "PHIL", "phrase": " Three"}, {"speaker": "PHIL", "phrase": " yes"}, {"speaker": "PHIL", "phrase": " the balloon trinity."}, {"speaker": "PHIL", "phrase": " And now"}, {"speaker": "PHIL", "phrase": " this would be ?"}, {"speaker": "AUD1", "phrase": " Eight."}, {"speaker": "AUD2", "phrase": "PAUSE"}, {"speaker": "AUD3", "phrase": " Four."}, {"speaker": "PHIL", "phrase": " Four."}, {"speaker": "PHIL", "phrase": " Very good."}, {"speaker": "PHIL", "phrase": " At first he was confused"}, {"speaker": "PHIL", "phrase": " but then he figured it out."}, {"speaker": "PHIL", "phrase": " Everybody tell him what this is"}, {"speaker": "PHIL", "phrase": " it's."}, {"speaker": "AUD", "phrase": " Seven."}, {"speaker": "PHIL", "phrase": " it's four."}, {"speaker": "PHIL", "phrase": "PAUSE"}, {"speaker": "PHIL", "phrase": " Boy you people didn't watch enough Sesame Street as child."}, {"speaker": "PHIL", "phrase": " This would be."}, {"speaker": "MANY", "phrase": " Five."}, {"speaker": "PHIL", "phrase": " Thank you very much"}, {"speaker": "PHIL", "phrase": " yes."}, {"speaker": "PHIL", "phrase": " Five swollen balloons."}, {"speaker": "PHIL", "phrase": " In."}, {"speaker": "PHIL", "phrase": " In."}, {"speaker": "PHIL", "phrase": " Down."}, {"speaker": "PHIL", "phrase": " Down."}, {"speaker": "PHIL", "phrase": " Ah"}, {"speaker": "PHIL", "phrase": " ah."}, {"speaker": "PHIL", "phrase": " Okay."}, {"speaker": "PHIL", "phrase": " And this would be ?"}, {"speaker": "MANY", "phrase": " Six."}, {"speaker": "PHIL", "phrase": " Six"}, {"speaker": "PHIL", "phrase": " good."}, {"speaker": "PHIL", "phrase": " And let's do this uh"}, {"speaker": "PHIL", "phrase": " let's add some complexities to this here"}, {"speaker": "PHIL", "phrase": " let's do it in another language."}, {"speaker": "PHIL", "phrase": " In Spanish it would be ?"}, {"speaker": "AUD1", "phrase": " Ocho."}, {"speaker": "AUD2", "phrase": " Seis."}, {"speaker": "PHIL", "phrase": " seis."}, {"speaker": "PHIL", "phrase": " Ocho."}, {"speaker": "PHIL", "phrase": " Oh my gosh."}, {"speaker": "PHIL", "phrase": "PAUSE"}, {"speaker": "PHIL", "phrase": " I'm afraid for our nation."}, {"speaker": "PHIL", "phrase": " Okay"}, {"speaker": "PHIL", "phrase": " well"}, {"speaker": "PHIL", "phrase": " and this would be."}, {"speaker": "AUD", "phrase": "Seven."}, {"speaker": "PHIL", "phrase": " thank you."}, {"speaker": "PHIL", "phrase": " Seven."}, {"speaker": "PHIL", "phrase": " Right ?"}, {"speaker": "PHIL", "phrase": " Seven."}, {"speaker": "PHIL", "phrase": " Okay."}, {"speaker": "PHIL", "phrase": " And finally"}, {"speaker": "PHIL", "phrase": " this would be."}, {"speaker": "AUD1", "phrase": " Eight."}, {"speaker": "AUD2", "phrase": " Ocho."}, {"speaker": "PHIL", "phrase": " eight"}, {"speaker": "PHIL", "phrase": " or ocho in Spanish"}, {"speaker": "PHIL", "phrase": " and uh huit in French"}, {"speaker": "PHIL", "phrase": " thank you very much."}, {"speaker": "PHIL", "phrase": " I laugh thought laugh you were telling me your breakfast."}, {"speaker": "PHIL", "phrase": " What you had for."}, {"speaker": "PHIL", "phrase": " But no"}, {"speaker": "PHIL", "phrase": " Huit."}, {"speaker": "PHIL", "phrase": " Very good."}, {"speaker": "PHIL", "phrase": " Oh my gosh"}, {"speaker": "PHIL", "phrase": " eight balloons into this little container here"}, {"speaker": "PHIL", "phrase": " I bet you're wondering how that happened."}, {"speaker": "AUD1", "phrase": " You popped two."}, {"speaker": "AUD2", "phrase": " There's hole in it."}, {"speaker": "PHIL", "phrase": " well"}, {"speaker": "PHIL", "phrase": " there's hole"}, {"speaker": "PHIL", "phrase": " no"}, {"speaker": "PHIL", "phrase": " if you're thinking there's hole"}, {"speaker": "PHIL", "phrase": " think again."}, {"speaker": "PHIL", "phrase": " Because"}, {"speaker": "PHIL", "phrase": " there's no hole in the counter at all."}, {"speaker": "PHIL", "phrase": "PAUSE"}, {"speaker": "AUD1", "phrase": " Pullthemout."}, {"speaker": "AUD2", "phrase": " You slowed down the molecules."}, {"speaker": "PHIL", "phrase": "PAUSE"}, {"speaker": "PHIL", "phrase": " you're getting little ahead of me son."}, {"speaker": "PHIL", "phrase": "PAUSE"}, {"speaker": "PHIL", "phrase": " Let's all figure it out together."}, {"speaker": "AUD", "phrase": " You popped them."}, {"speaker": "PHIL", "phrase": " And we can get better idea of what's happening to the balloons"}, {"speaker": "PHIL", "phrase": " if we go back and look at the water again."}, {"speaker": "PHIL", "phrase": " No I did not pop them."}, {"speaker": "PHIL", "phrase": " You're."}, {"speaker": "PHIL", "phrase": " what."}, {"speaker": "PHIL", "phrase": "PAUSE"}, {"speaker": "PHIL", "phrase": " Do you heckle every scientific person."}, {"speaker": "PHIL", "phrase": " This is really terrible."}, {"speaker": "PHIL", "phrase": " I'm gonna take some of this hot water here"}, {"speaker": "PHIL", "phrase": " and pour it into this flask here."}, {"speaker": "PHIL", "phrase": " And put balloon over the top of the flask."}, {"speaker": "PHIL", "phrase": " Ah."}, {"speaker": "PHIL", "phrase": " Alright ?"}, {"speaker": "PHIL", "phrase": " And now"}, {"speaker": "PHIL", "phrase": " I will heat up this water."}, {"speaker": "PHIL", "phrase": " Using"}, {"speaker": "PHIL", "phrase": " my Bunsen burner."}, {"speaker": "PHIL", "phrase": " Does it use real Bunsen ?"}, {"speaker": "PHIL", "phrase": " Is that what you're asking me ?"}, {"speaker": "PHIL", "phrase": " Alright here we go."}, {"speaker": "PHIL", "phrase": " There we go."}, {"speaker": "PHIL", "phrase": " Alright"}, {"speaker": "PHIL", "phrase": " I'm using the fire now to heat up the water"}, {"speaker": "PHIL", "phrase": " but let's behave like scientists now"}, {"speaker": "PHIL", "phrase": " and watch"}, {"speaker": "PHIL", "phrase": " and observe"}, {"speaker": "PHIL", "phrase": " and take note of what we see."}, {"speaker": "PHIL", "phrase": " Okay ?"}, {"speaker": "PHIL", "phrase": " Now."}, {"speaker": "PHIL", "phrase": " Folks."}, {"speaker": "PHIL", "phrase": " What do we see."}, {"speaker": "PHIL", "phrase": " Well if we look very closely"}, {"speaker": "PHIL", "phrase": " we can see"}, {"speaker": "PHIL", "phrase": " condensation here."}, {"speaker": "PHIL", "phrase": " On the sides of this flask"}, {"speaker": "PHIL", "phrase": " and steam."}, {"speaker": "PHIL", "phrase": " Rising up from the water."}, {"speaker": "PHIL", "phrase": " Going up into the balloon"}, {"speaker": "PHIL", "phrase": " making the balloon blow up."}, {"speaker": "PHIL", "phrase": " Woo"}, {"speaker": "PHIL", "phrase": " don't want too much heat there."}, {"speaker": "PHIL", "phrase": " Oh we can also start to see bubbles in the water."}, {"speaker": "PHIL", "phrase": " The water that was sitting at the bottom of this flask"}, {"speaker": "PHIL", "phrase": " turned into gas."}, {"speaker": "PHIL", "phrase": " That had enough force"}, {"speaker": "PHIL", "phrase": " to fill up this balloon."}, {"speaker": "PHIL", "phrase": " That's what we call boiling folks"}, {"speaker": "PHIL", "phrase": " and I'm sure you do too."}, {"speaker": "PHIL", "phrase": " Turning from liquid into gas."}, {"speaker": "PHIL", "phrase": " Now if I took the balloon"}, {"speaker": "PHIL", "phrase": " if I took the balloon off the top of this flask here"}, {"speaker": "PHIL", "phrase": " and put the water into the freezer"}, {"speaker": "PHIL", "phrase": " what do you think would happen to the water."}, {"speaker": "PHIL", "phrase": " It would freeze and turn into ?"}, {"speaker": "AUD", "phrase": " Solid."}, {"speaker": "PHIL", "phrase": " Solid"}, {"speaker": "PHIL", "phrase": " correct."}, {"speaker": "PHIL", "phrase": " But it would still be water."}, {"speaker": "PHIL", "phrase": " Yes you're right."}, {"speaker": "PHIL", "phrase": " Whether it's solid"}, {"speaker": "PHIL", "phrase": " liquid"}, {"speaker": "PHIL", "phrase": " or gas."}, {"speaker": "PHIL", "phrase": " So let's think about what water is made up of."}, {"speaker": "PHIL", "phrase": " Well water is made up of atoms."}, {"speaker": "PHIL", "phrase": " Yeah."}, {"speaker": "PHIL", "phrase": " Everything is made up of atoms."}, {"speaker": "PHIL", "phrase": " Solids"}, {"speaker": "PHIL", "phrase": " liquids"}, {"speaker": "PHIL", "phrase": " gasses."}, {"speaker": "PHIL", "phrase": " Now in water"}, {"speaker": "PHIL", "phrase": " two atoms of what uh element ?"}, {"speaker": "PHIL", "phrase": " Yes ?"}, {"speaker": "AUD", "phrase": " Hydrogen."}, {"speaker": "PHIL", "phrase": " Very good"}, {"speaker": "PHIL", "phrase": " hydrogen"}, {"speaker": "PHIL", "phrase": " and"}, {"speaker": "PHIL", "phrase": " one atom of what ?"}, {"speaker": "AUD", "phrase": " Oxygen."}, {"speaker": "PHIL", "phrase": " Oxygen."}, {"speaker": "PHIL", "phrase": " I know you wanted to say it"}, {"speaker": "PHIL", "phrase": " but he's my pet."}, {"speaker": "PHIL", "phrase": " Okay ?"}, {"speaker": "AUD", "phrase": "PAUSE"}, {"speaker": "PHIL", "phrase": "PAUSE"}, {"speaker": "PHIL", "phrase": " all these atoms combine to form molecule of water."}, {"speaker": "PHIL", "phrase": " And that's what molecule is folk."}, {"speaker": "PHIL", "phrase": " A group of atoms"}, {"speaker": "PHIL", "phrase": " hanging out."}, {"speaker": "PHIL", "phrase": " Having good time together."}, {"speaker": "PHIL", "phrase": " And they call the water molecule aich two."}, {"speaker": "PHIL", "phrase": " Alright."}, {"speaker": "PHIL", "phrase": " So."}, {"speaker": "PHIL", "phrase": " Folks."}, {"speaker": "PHIL", "phrase": " How do you suppose the molecules in this water"}, {"speaker": "PHIL", "phrase": " goodbye guys"}, {"speaker": "PHIL", "phrase": " I."}, {"speaker": "PHIL", "phrase": " I'll miss you."}, {"speaker": "PHIL", "phrase": "PAUSE"}, {"speaker": "AUD", "phrase": "PAUSE"}, {"speaker": "PHIL", "phrase": " How do you suppose the molecules in this water when it's ice"}, {"speaker": "PHIL", "phrase": " are different from the molecules in the water when it's liquid"}, {"speaker": "PHIL", "phrase": " and different still from the water."}, {"speaker": "PHIL", "phrase": " from the molecules in the water when it's steam."}, {"speaker": "AUD", "phrase": " Fast."}, {"speaker": "PHIL", "phrase": " Do you know ?"}, {"speaker": "PHIL", "phrase": " Yes ?"}, {"speaker": "AUD", "phrase": " They're not moving."}, {"speaker": "PHIL", "phrase": " That's right"}, {"speaker": "PHIL", "phrase": " it's."}, {"speaker": "PHIL", "phrase": " it's movement my friends."}, {"speaker": "PHIL", "phrase": " You see"}, {"speaker": "PHIL", "phrase": " all molecules move."}, {"speaker": "PHIL", "phrase": " Not just in water"}, {"speaker": "PHIL", "phrase": " but in everything in the universe."}, {"speaker": "PHIL", "phrase": " Even you."}, {"speaker": "PHIL", "phrase": " The molecules are moving."}, {"speaker": "PHIL", "phrase": " But to get better understanding of how those molecules interact"}, {"speaker": "PHIL", "phrase": " let's pretend these pingpong balls here are molecules."}, {"speaker": "PHIL", "phrase": " Well folks."}, {"speaker": "PHIL", "phrase": " In solid"}, {"speaker": "PHIL", "phrase": " like this ice here."}, {"speaker": "PHIL", "phrase": " Or table."}, {"speaker": "PHIL", "phrase": " The molecules are moving very slowly."}, {"speaker": "ENV", "phrase": "PAUSE"}, {"speaker": "PHIL", "phrase": " Alright ?"}, {"speaker": "PHIL", "phrase": " And they're very close together"}, {"speaker": "PHIL", "phrase": " in fact they're in joined uniform state."}, {"speaker": "PHIL", "phrase": " Okay"}, {"speaker": "PHIL", "phrase": " they move very coolly"}, {"speaker": "PHIL", "phrase": " slowly"}, {"speaker": "PHIL", "phrase": " and that's what it's like"}, {"speaker": "PHIL", "phrase": " in solid."}, {"speaker": "PHIL", "phrase": " Like the ice."}, {"speaker": "PHIL", "phrase": " But in liquid."}, {"speaker": "ENV", "phrase": "PAUSE"}, {"speaker": "PHIL", "phrase": " the molecules are moving little more quickly."}, {"speaker": "PHIL", "phrase": " Okay ?"}, {"speaker": "PHIL", "phrase": " So you have some fluidity of movement within fixed volume."}, {"speaker": "PHIL", "phrase": " Okay"}, {"speaker": "PHIL", "phrase": " they're a little more further apart there"}, {"speaker": "PHIL", "phrase": " but in gas."}, {"speaker": "ENV", "phrase": "PAUSE"}, {"speaker": "PHIL", "phrase": " look at that."}, {"speaker": "PHIL", "phrase": " They're moving very quickly indeed."}, {"speaker": "PHIL", "phrase": " Alright ?"}, {"speaker": "PHIL", "phrase": " They're moving so fast they completely fill the shape container"}, {"speaker": "PHIL", "phrase": " \u0294uh."}, {"speaker": "ENV", "phrase": "PAUSE"}, {"speaker": "PHIL", "phrase": " That's what it's like in gas."}, {"speaker": "PHIL", "phrase": " And temperature is measurement of how fast or slow molecules are moving."}, {"speaker": "PHIL", "phrase": " So if you have slow moving molecules"}, {"speaker": "PHIL", "phrase": " what temperature do you have people."}, {"speaker": "PHIL", "phrase": " Yes"}, {"speaker": "PHIL", "phrase": " cold"}, {"speaker": "PHIL", "phrase": " or low temperature."}, {"speaker": "PHIL", "phrase": " And if you have fast moving molecules"}, {"speaker": "PHIL", "phrase": " what type of temperature do you have."}, {"speaker": "MANY", "phrase": " Hot."}, {"speaker": "PHIL", "phrase": " Hot or high temperature."}, {"speaker": "PHIL", "phrase": " You're right."}, {"speaker": "PHIL", "phrase": " But not every substance becomes"}, {"speaker": "PHIL", "phrase": " solid"}, {"speaker": "PHIL", "phrase": " liquid"}, {"speaker": "PHIL", "phrase": " and gas"}, {"speaker": "PHIL", "phrase": " at the same temperatures"}, {"speaker": "PHIL", "phrase": " as water does."}, {"speaker": "PHIL", "phrase": " And that brings us back to the mystery of our disappearing balloons."}, {"speaker": "PHIL", "phrase": " Now inside this container here"}, {"speaker": "PHIL", "phrase": " into which our balloons"}, {"speaker": "PHIL", "phrase": " ah"}, {"speaker": "PHIL", "phrase": " I am losing my spheres."}, {"speaker": "PHIL", "phrase": " Inside this container"}, {"speaker": "PHIL", "phrase": " into which our balloons have disappeared"}, {"speaker": "PHIL", "phrase": " I have liquid."}, {"speaker": "PHIL", "phrase": " I'm going to take some of that liquid"}, {"speaker": "PHIL", "phrase": " and examine it much in the same way that I did the water."}, {"speaker": "PHIL", "phrase": "PAUSE"}, {"speaker": "PHIL", "phrase": " Yeah."}, {"speaker": "PHIL", "phrase": " Alright guys."}, {"speaker": "PHIL", "phrase": " Let's watch now and see what occurs."}, {"speaker": "PHIL", "phrase": " I'm going to pour this liquid into this flask here"}, {"speaker": "PHIL", "phrase": " and again"}, {"speaker": "PHIL", "phrase": " we will behave like scientists"}, {"speaker": "PHIL", "phrase": " and watch"}, {"speaker": "PHIL", "phrase": " and observe"}, {"speaker": "PHIL", "phrase": " and see what we notice."}, {"speaker": "PHIL", "phrase": " Now here is liquid."}, {"speaker": "PHIL", "phrase": " That is bubbling and steaming"}, {"speaker": "PHIL", "phrase": " like the water was"}, {"speaker": "PHIL", "phrase": " when there were the."}, {"speaker": "PHIL", "phrase": " when there was flame underneath it."}, {"speaker": "PHIL", "phrase": " But"}, {"speaker": "PHIL", "phrase": " there's no flame underneath this liquid here."}, {"speaker": "PHIL", "phrase": " that's different."}, {"speaker": "PHIL", "phrase": " Let's see"}, {"speaker": "PHIL", "phrase": " what happens when I put balloon over the top."}, {"speaker": "PHIL", "phrase": " If we do in fact have liquid"}, {"speaker": "PHIL", "phrase": " that's turning into gas"}, {"speaker": "PHIL", "phrase": " with enough force to fill up balloon"}, {"speaker": "PHIL", "phrase": "and behold"}, {"speaker": "PHIL", "phrase": " we do."}, {"speaker": "PHIL", "phrase": " It is filling up the balloon here."}, {"speaker": "PHIL", "phrase": " But."}, {"speaker": "PHIL", "phrase": " This steam here is very cold."}, {"speaker": "PHIL", "phrase": " And we can see that frost is forming"}, {"speaker": "PHIL", "phrase": " on the sides of this flask here."}, {"speaker": "PHIL", "phrase": " Frost ?"}, {"speaker": "PHIL", "phrase": " My God."}, {"speaker": "PHIL", "phrase": " That's curious."}, {"speaker": "PHIL", "phrase": " Let's see what the temperature is of this liquid."}, {"speaker": "PHIL", "phrase": " \u0294uh."}, {"speaker": "AUD", "phrase": "PAUSE"}, {"speaker": "MANY", "phrase": "PAUSE"}, {"speaker": "PHIL", "phrase": " Did you guys come from deprived home or something"}, {"speaker": "PHIL", "phrase": " you didn't have balloons ?"}, {"speaker": "PHIL", "phrase": " Fighting over balloons."}, {"speaker": "PHIL", "phrase": " I never thought I'd see the day."}, {"speaker": "PHIL", "phrase": " I'm going to put this probe here into this liquid"}, {"speaker": "PHIL", "phrase": " and we will see what temperature this balloon is."}, {"speaker": "PHIL", "phrase": " Uh try to stay in your seats"}, {"speaker": "PHIL", "phrase": " I don't want you guys to run up throughout the show."}, {"speaker": "PHIL", "phrase": " Okay"}, {"speaker": "PHIL", "phrase": " now the temperature of this liquid is"}, {"speaker": "PHIL", "phrase": " threehundred and twentythree degrees below zero."}, {"speaker": "PHIL", "phrase": " Water becomes solid at thirtytwo degrees above zero."}, {"speaker": "PHIL", "phrase": " And it remains solid at every temperature below that."}, {"speaker": "PHIL", "phrase": " So"}, {"speaker": "PHIL", "phrase": " folks"}, {"speaker": "PHIL", "phrase": " do you think"}, {"speaker": "PHIL", "phrase": " this threehundred and twentythree degree liquid"}, {"speaker": "PHIL", "phrase": " is water."}, {"speaker": "MANY", "phrase": " No."}, {"speaker": "PHIL", "phrase": " No."}, {"speaker": "PHIL", "phrase": " That's right"}, {"speaker": "PHIL", "phrase": " go ahead and shake your heads in disbelief."}, {"speaker": "PHIL", "phrase": " Of course it's not water."}, {"speaker": "PHIL", "phrase": " No."}, {"speaker": "PHIL", "phrase": " This folks is liquid nitrogen."}, {"speaker": "PHIL", "phrase": " Ah yes."}, {"speaker": "PHIL", "phrase": " Where folks can you find lots of nitrogen."}, {"speaker": "PHIL", "phrase": " \u0294uh In."}, {"speaker": "PHIL", "phrase": " He's like"}, {"speaker": "PHIL", "phrase": " \u0294uh doing this."}, {"speaker": "PHIL", "phrase": " I thought he had bad breath"}, {"speaker": "PHIL", "phrase": " yes"}, {"speaker": "PHIL", "phrase": " the air you're breathing right now."}, {"speaker": "PHIL", "phrase": " Your lungs are filled with this stuff"}, {"speaker": "PHIL", "phrase": " all of you."}, {"speaker": "PHIL", "phrase": " The air is probably about seventy percent nitrogen"}, {"speaker": "PHIL", "phrase": " and uh"}, {"speaker": "PHIL", "phrase": " it's oxygen"}, {"speaker": "PHIL", "phrase": " and other gases as well"}, {"speaker": "PHIL", "phrase": " okay ?"}, {"speaker": "PHIL", "phrase": " Our body takes it all in."}, {"speaker": "PHIL", "phrase": " But we only use the oxygen."}, {"speaker": "PHIL", "phrase": " We breathe out the nitrogen."}, {"speaker": "PHIL", "phrase": " The reason why the nitrogen is not freezing our lungs"}, {"speaker": "PHIL", "phrase": " as it is doing this flask here"}, {"speaker": "PHIL", "phrase": " is because"}, {"speaker": "PHIL", "phrase": " those molecules are moving much faster."}, {"speaker": "PHIL", "phrase": " The nitrogen is warmer."}, {"speaker": "PHIL", "phrase": " Probably about seventy degrees I would imagine."}, {"speaker": "PHIL", "phrase": " But"}, {"speaker": "PHIL", "phrase": " this liquid is very cold indeed."}, {"speaker": "PHIL", "phrase": " Threehundred and twentythree degrees below zero."}, {"speaker": "PHIL", "phrase": " Well"}, {"speaker": "PHIL", "phrase": " to get exactly"}, {"speaker": "PHIL", "phrase": " to get an idea about how cold that is"}, {"speaker": "PHIL", "phrase": " let's use these two bouncing rubber balls."}, {"speaker": "PHIL", "phrase": " I would like you people in the audience to"}, {"speaker": "PHIL", "phrase": " examine the balls."}, {"speaker": "PHIL", "phrase": " To let me know if"}, {"speaker": "PHIL", "phrase": " they are in fact"}, {"speaker": "PHIL", "phrase": " average normal everyday balls."}, {"speaker": "PHIL", "phrase": " Testify for the audience."}, {"speaker": "PHIL", "phrase": " Don't bite into it"}, {"speaker": "PHIL", "phrase": " jeesh."}, {"speaker": "AUD", "phrase": "PAUSE"}, {"speaker": "PHIL", "phrase": " You've really haven't been fed"}, {"speaker": "PHIL", "phrase": " have you."}, {"speaker": "PHIL", "phrase": " Oh I'm really feeling sorry for you."}, {"speaker": "PHIL", "phrase": " Please bounce it back now."}, {"speaker": "AUD", "phrase": " No"}, {"speaker": "AUD", "phrase": " don't bounce it."}, {"speaker": "PHIL", "phrase": "PAUSE"}, {"speaker": "AUD", "phrase": " Throw it anywhere else."}, {"speaker": "PHIL", "phrase": "PAUSE"}, {"speaker": "AUD", "phrase": " Throw it in the water."}, {"speaker": "AUD", "phrase": " Right under the water."}, {"speaker": "PHIL", "phrase": " That was."}, {"speaker": "PHIL", "phrase": " I'm surprised I caught that."}, {"speaker": "PHIL", "phrase": " Normally I'm try to goof."}, {"speaker": "PHIL", "phrase": " I'm like Michael Jordan"}, {"speaker": "PHIL", "phrase": " in the White Sox."}, {"speaker": "PHIL", "phrase": " But anyway"}, {"speaker": "PHIL", "phrase": " but this time I caught it."}, {"speaker": "PHIL", "phrase": " So"}, {"speaker": "PHIL", "phrase": " let's see what happens"}, {"speaker": "PHIL", "phrase": " when one of these balls goes into the liquid nitrogen."}, {"speaker": "PHIL", "phrase": " Now the other one stays out here"}, {"speaker": "PHIL", "phrase": " with me."}, {"speaker": "PHIL", "phrase": " Where it's nice and warm."}, {"speaker": "PHIL", "phrase": " Well let's think now about what's happening to this ball."}, {"speaker": "PHIL", "phrase": " It's in the very cold liquid nitrogen."}, {"speaker": "PHIL", "phrase": " Right ?"}, {"speaker": "PHIL", "phrase": " So."}, {"speaker": "PHIL", "phrase": " What do you think is happening to the ball."}, {"speaker": "PHIL", "phrase": " Is the ball getting hotter or colder."}, {"speaker": "PHIL", "phrase": " Everybody say it out loud."}, {"speaker": "AUD", "phrase": " Hotter."}, {"speaker": "MANY", "phrase": " Colder."}, {"speaker": "PHIL", "phrase": " Colder."}, {"speaker": "PHIL", "phrase": " Okay"}, {"speaker": "PHIL", "phrase": " some people don't agree with you."}, {"speaker": "PHIL", "phrase": " In fact most people don't."}, {"speaker": "PHIL", "phrase": " Yes"}, {"speaker": "PHIL", "phrase": " it's getting colder."}, {"speaker": "PHIL", "phrase": " So if the ball is getting colder"}, {"speaker": "PHIL", "phrase": " do you think the ball's molecules"}, {"speaker": "PHIL", "phrase": " are going faster ?"}, {"speaker": "PHIL", "phrase": " Or slower."}, {"speaker": "MANY", "phrase": " Slower."}, {"speaker": "PHIL", "phrase": " Slower"}, {"speaker": "PHIL", "phrase": " okay."}, {"speaker": "PHIL", "phrase": " And that you all concur."}, {"speaker": "PHIL", "phrase": " That is excellent."}, {"speaker": "PHIL", "phrase": " So"}, {"speaker": "PHIL", "phrase": " if these molecules are going slower"}, {"speaker": "PHIL", "phrase": " do you think."}, {"speaker": "PHIL", "phrase": " and the ball is getting colder"}, {"speaker": "PHIL", "phrase": " do you think the ball is becoming more of solid ?"}, {"speaker": "PHIL", "phrase": " Or more of liquid."}, {"speaker": "PHIL", "phrase": " What do you think."}, {"speaker": "AUD", "phrase": " Liquid."}, {"speaker": "PHIL", "phrase": " A liquid"}, {"speaker": "PHIL", "phrase": " only one person thinks that"}, {"speaker": "PHIL", "phrase": " cause everybody didn't want to go all that far out on limb."}, {"speaker": "PHIL", "phrase": " So let's see"}, {"speaker": "PHIL", "phrase": " if uh"}, {"speaker": "PHIL", "phrase": " laugh."}, {"speaker": "PHIL", "phrase": " if what this guy is thinking is true."}, {"speaker": "PHIL", "phrase": " If it becomes more of liquid"}, {"speaker": "PHIL", "phrase": " or more of solid."}, {"speaker": "PHIL", "phrase": " I will take this ball out of the liquid nitrogen"}, {"speaker": "PHIL", "phrase": " and we will begin the experiments."}, {"speaker": "PHIL", "phrase": " Okay"}, {"speaker": "PHIL", "phrase": " now."}, {"speaker": "PHIL", "phrase": " Let's see"}, {"speaker": "PHIL", "phrase": " they look alike"}, {"speaker": "PHIL", "phrase": " don't they"}, {"speaker": "PHIL", "phrase": " they still look pretty much the same"}, {"speaker": "PHIL", "phrase": " except we have steam coming off this ball here"}, {"speaker": "PHIL", "phrase": " let's see if they bounce as before."}, {"speaker": "ENV", "phrase": "PAUSE"}, {"speaker": "PHIL", "phrase": " Well this one bounces pretty much the same"}, {"speaker": "PHIL", "phrase": " but this one is different."}, {"speaker": "PHIL", "phrase": " That is curious."}, {"speaker": "PHIL", "phrase": " Hmm."}, {"speaker": "PHIL", "phrase": " Well I must continue my study."}, {"speaker": "PHIL", "phrase": " Let's see how they react under pressure."}, {"speaker": "PHIL", "phrase": "PAUSE"}, {"speaker": "PHIL", "phrase": " Okay"}, {"speaker": "PHIL", "phrase": "PAUSE"}, {"speaker": "PHIL", "phrase": " alright"}, {"speaker": "PHIL", "phrase": " this one pretty much is absorbing my energy"}, {"speaker": "PHIL", "phrase": " it remains intact"}, {"speaker": "PHIL", "phrase": " but let's see what happens to this ball."}, {"speaker": "PHIL", "phrase": "PAUSE"}, {"speaker": "PHIL", "phrase": "PAUSE"}, {"speaker": "AUD", "phrase": " Did it break ?"}, {"speaker": "PHIL", "phrase": " No."}, {"speaker": "PHIL", "phrase": " It broke."}, {"speaker": "PHIL", "phrase": " You see"}, {"speaker": "PHIL", "phrase": " these molecules got slower and slower and slower"}, {"speaker": "PHIL", "phrase": " and"}, {"speaker": "PHIL", "phrase": " closer together."}, {"speaker": "PHIL", "phrase": " The ball became more of solid than before"}, {"speaker": "PHIL", "phrase": " it became harder."}, {"speaker": "PHIL", "phrase": " Well folks"}, {"speaker": "PHIL", "phrase": " that kinda."}, {"speaker": "PHIL", "phrase": " it gives you little bit of an idea of what's happening to our balloons"}, {"speaker": "PHIL", "phrase": " but it still doesn't make it absolutely clear"}, {"speaker": "PHIL", "phrase": " so."}, {"speaker": "PHIL", "phrase": " And we'll see what happens to this big old balloon."}, {"speaker": "PHIL", "phrase": " When it interacts with liquid nitrogen."}, {"speaker": "PHIL", "phrase": " Alright ?"}, {"speaker": "PHIL", "phrase": " Rather than see what happens there."}, {"speaker": "PHIL", "phrase": " guess at what's happening to these balloons in the container"}, {"speaker": "PHIL", "phrase": " we will see what happens to balloon"}, {"speaker": "PHIL", "phrase": " when it interacts with liquid nitrogen in the light of day."}, {"speaker": "PHIL", "phrase": " Alright"}, {"speaker": "PHIL", "phrase": " I'm pouring the very cold liquid nitrogen over this balloon."}, {"speaker": "PHIL", "phrase": " So the balloon and its contents"}, {"speaker": "PHIL", "phrase": " the air inside"}, {"speaker": "PHIL", "phrase": " is getting colder and colder and colder."}, {"speaker": "PHIL", "phrase": " Okay those molecules are slowing down."}, {"speaker": "PHIL", "phrase": " They're going slower and slower"}, {"speaker": "PHIL", "phrase": " and so they're getting closer and closer together."}, {"speaker": "PHIL", "phrase": " Okay ?"}, {"speaker": "PHIL", "phrase": " You still have the same number of air molecules inside this balloon"}, {"speaker": "PHIL", "phrase": " as you did before."}, {"speaker": "PHIL", "phrase": " It's just that"}, {"speaker": "PHIL", "phrase": " they're going slower"}, {"speaker": "PHIL", "phrase": " so they're closer together"}, {"speaker": "PHIL", "phrase": " and they take up less space"}, {"speaker": "PHIL", "phrase": " in this balloon."}, {"speaker": "PHIL", "phrase": " And look at the balloon."}, {"speaker": "PHIL", "phrase": " At the very bottom of it."}, {"speaker": "PHIL", "phrase": " You can see liquid."}, {"speaker": "PHIL", "phrase": " That's the air people."}, {"speaker": "PHIL", "phrase": " How often do you get to see liquified air"}, {"speaker": "PHIL", "phrase": " but that is the air."}, {"speaker": "PHIL", "phrase": " The molecules have gotten so slowed down"}, {"speaker": "PHIL", "phrase": " and so close together that"}, {"speaker": "PHIL", "phrase": " they're less"}, {"speaker": "PHIL", "phrase": " they're not in the as much in the form of gas now"}, {"speaker": "PHIL", "phrase": " they're more in the form \u0294uh \u0294uh of liquid."}, {"speaker": "PHIL", "phrase": " But now."}, {"speaker": "PHIL", "phrase": " The air around it"}, {"speaker": "PHIL", "phrase": " is causing those molecules to speed up."}, {"speaker": "PHIL", "phrase": "PAUSE"}, {"speaker": "PHIL", "phrase": " Ha ha."}, {"speaker": "PHIL", "phrase": " And so"}, {"speaker": "PHIL", "phrase": " the molecules are speeding up"}, {"speaker": "PHIL", "phrase": " they're getting further and further apart"}, {"speaker": "PHIL", "phrase": " and taking up more space inside the balloon"}, {"speaker": "PHIL", "phrase": " so the balloon goes back to its former size and shape."}, {"speaker": "PHIL", "phrase": " So that has to be what's happening to the balloons"}, {"speaker": "PHIL", "phrase": " that are inside this container here."}, {"speaker": "PHIL", "phrase": " Alright ?"}, {"speaker": "PHIL", "phrase": " Yes"}, {"speaker": "PHIL", "phrase": " these balloons are in the very cold liquid nitrogen"}, {"speaker": "PHIL", "phrase": " and so those molecules slowed down"}, {"speaker": "PHIL", "phrase": " and got closer together"}, {"speaker": "PHIL", "phrase": " the air"}, {"speaker": "PHIL", "phrase": " took up less space inside the balloons."}, {"speaker": "PHIL", "phrase": " So I can fit all those balloons"}, {"speaker": "PHIL", "phrase": " into this little ittybitty container."}, {"speaker": "PHIL", "phrase": " But now"}, {"speaker": "PHIL", "phrase": " I'm taking the balloons out of this container"}, {"speaker": "PHIL", "phrase": " so the molecules are speeding up."}, {"speaker": "PHIL", "phrase": " The air is heating up"}, {"speaker": "PHIL", "phrase": " okay ?"}, {"speaker": "PHIL", "phrase": " And so the molecules are going faster and faster"}, {"speaker": "PHIL", "phrase": " and they're getting further and further apart"}, {"speaker": "PHIL", "phrase": " they're taking up less space"}, {"speaker": "PHIL", "phrase": " insi."}, {"speaker": "PHIL", "phrase": " I'm sorry"}, {"speaker": "PHIL", "phrase": " taking up more and more space"}, {"speaker": "PHIL", "phrase": " inside these balloons."}, {"speaker": "PHIL", "phrase": " And you might want to protect your eardrums."}, {"speaker": "PHIL", "phrase": " Cause sometimes as these balloons expand"}, {"speaker": "PHIL", "phrase": " they pop."}, {"speaker": "PHIL", "phrase": " And let me tell you"}, {"speaker": "PHIL", "phrase": " I get quite shell shocked at the end of the day."}, {"speaker": "PHIL", "phrase": " So"}, {"speaker": "PHIL", "phrase": " this really teaches us lot people"}, {"speaker": "PHIL", "phrase": " this tells us that the difference..."}, {"speaker": "ENV", "phrase": "PAUSE"}, {"speaker": "PHIL", "phrase": " Ow laugh."}, {"speaker": "PHIL", "phrase": " The difference in substance between solid liquid and gas"}, {"speaker": "PHIL", "phrase": " like water"}, {"speaker": "PHIL", "phrase": " is"}, {"speaker": "PHIL", "phrase": " how fast the molecules are moving."}, {"speaker": "PHIL", "phrase": " And that different substances become solid"}, {"speaker": "PHIL", "phrase": " liquid"}, {"speaker": "PHIL", "phrase": " and gas at different temperatures"}, {"speaker": "PHIL", "phrase": " and temperature is measurement of how fast or slow molecules are moving."}, {"speaker": "PHIL", "phrase": " That's what I wanted to tell you people"}, {"speaker": "PHIL", "phrase": " I love to share that with everyone that I meet"}, {"speaker": "PHIL", "phrase": " if you have any questions about this"}, {"speaker": "PHIL", "phrase": " or any other subject"}, {"speaker": "PHIL", "phrase": " come on up and ask"}, {"speaker": "PHIL", "phrase": " even if you don't"}, {"speaker": "PHIL", "phrase": " I certainly hope you have great day here at the Museum of Science and Industry\u0294uh."}, {"speaker": "ENV", "phrase": "PAUSE"}, {"speaker": "AUD", "phrase": "PAUSE"}, {"speaker": "PHIL", "phrase": " Oh"}, {"speaker": "PHIL", "phrase": "PAUSE"}, {"speaker": "PHIL", "phrase": " thank you very much."}, {"speaker": "PHIL", "phrase": " \u0294uhOy."}, {"speaker": "PHIL", "phrase": " Someone's been shot."}, {"speaker": "PHIL", "phrase": "PAUSE"}]}