{"text": [{"speaker": "TAMM", "phrase": " Well um"}, {"speaker": "TAMM", "phrase": " I wanted to say I'm really happy with the stuff I got now"}, {"speaker": "TAMM", "phrase": "PAUSE"}, {"speaker": "BRAD", "phrase": " Good."}, {"speaker": "BRAD", "phrase": " Good."}, {"speaker": "TAMM", "phrase": " And I'm really basically I'm back for tape deck."}, {"speaker": "BRAD", "phrase": " Oh okay."}, {"speaker": "TAMM", "phrase": " So um"}, {"speaker": "TAMM", "phrase": " one of my thoughts is"}, {"speaker": "TAMM", "phrase": " that um"}, {"speaker": "TAMM", "phrase": " well"}, {"speaker": "TAMM", "phrase": " I want tape deck that's gonna sound about"}, {"speaker": "TAMM", "phrase": " you know"}, {"speaker": "TAMM", "phrase": " as good as it can."}, {"speaker": "BRAD", "phrase": " Okay."}, {"speaker": "TAMM", "phrase": " and I think I want tape deck with two."}, {"speaker": "TAMM", "phrase": " places for two tapes"}, {"speaker": "TAMM", "phrase": " so I can copy."}, {"speaker": "BRAD", "phrase": " Okay."}, {"speaker": "TAMM", "phrase": " but I've never done this before."}, {"speaker": "TAMM", "phrase": " I don't know much about tapes."}, {"speaker": "TAMM", "phrase": " I mean I..."}, {"speaker": "BRAD", "phrase": " Okay."}, {"speaker": "TAMM", "phrase": " I have boombox"}, {"speaker": "TAMM", "phrase": " you know ordinary sort of thing."}, {"speaker": "BRAD", "phrase": " Sure."}, {"speaker": "TAMM", "phrase": " So"}, {"speaker": "TAMM", "phrase": " I wonder if you would suggest that this Luxman is."}, {"speaker": "TAMM", "phrase": " is one of the things you'd wanted me to think about."}, {"speaker": "BRAD", "phrase": " \u0294uh"}, {"speaker": "BRAD", "phrase": " Um"}, {"speaker": "BRAD", "phrase": " the uh."}, {"speaker": "BRAD", "phrase": " Would you\u0294."}, {"speaker": "BRAD", "phrase": " you would want the."}, {"speaker": "BRAD", "phrase": " the ability"}, {"speaker": "BRAD", "phrase": " uh"}, {"speaker": "BRAD", "phrase": " of the double cassette deck"}, {"speaker": "BRAD", "phrase": " just purely for taping from one tape to the other ?"}, {"speaker": "TAMM", "phrase": " That's its main purpose."}, {"speaker": "TAMM", "phrase": "In fact I wouldn't know what other purpose it would have."}, {"speaker": "BRAD", "phrase": " Oh okay."}, {"speaker": "BRAD", "phrase": " The other benefit is"}, {"speaker": "BRAD", "phrase": " is if"}, {"speaker": "BRAD", "phrase": " you can load up two tapes in it"}, {"speaker": "BRAD", "phrase": " like"}, {"speaker": "BRAD", "phrase": " let's say two ninety minute tapes of music."}, {"speaker": "TAMM", "phrase": " Unhunh"}, {"speaker": "TAMM", "phrase": " I see."}, {"speaker": "BRAD", "phrase": " And you can set switch on it."}, {"speaker": "TAMM", "phrase": " I see."}, {"speaker": "BRAD", "phrase": " where it will continually play."}, {"speaker": "TAMM", "phrase": " Okay."}, {"speaker": "TAMM", "phrase": " Okay."}, {"speaker": "BRAD", "phrase": " all four sides"}, {"speaker": "BRAD", "phrase": " of two tapes."}, {"speaker": "TAMM", "phrase": " I see."}, {"speaker": "TAMM", "phrase": " That's probably not gonna happen."}, {"speaker": "BRAD", "phrase": " Okay."}, {"speaker": "TAMM", "phrase": " No."}, {"speaker": "TAMM", "phrase": " It's mainly for copying."}, {"speaker": "BRAD", "phrase": " Okay."}, {"speaker": "TAMM", "phrase": " So."}, {"speaker": "BRAD", "phrase": " And the tapes you'd be copying"}, {"speaker": "BRAD", "phrase": " uh"}, {"speaker": "BRAD", "phrase": " are they gonna be straight music ?"}, {"speaker": "TAMM", "phrase": " Mostly."}, {"speaker": "BRAD", "phrase": " Okay."}, {"speaker": "TAMM", "phrase": " Yeah."}, {"speaker": "BRAD", "phrase": " Okay."}, {"speaker": "TAMM", "phrase": " Yeah."}, {"speaker": "BRAD", "phrase": " So you are gonna want"}, {"speaker": "BRAD", "phrase": " or desire pretty decent"}, {"speaker": "BRAD", "phrase": " uh"}, {"speaker": "BRAD", "phrase": " copy of your original tape."}, {"speaker": "TAMM", "phrase": " Mhm"}, {"speaker": "TAMM", "phrase": " right."}, {"speaker": "BRAD", "phrase": " Okay."}, {"speaker": "BRAD", "phrase": " Um."}, {"speaker": "TAMM", "phrase": " And the originals will be from music lovers"}, {"speaker": "TAMM", "phrase": " you know"}, {"speaker": "TAMM", "phrase": " who probably have"}, {"speaker": "TAMM", "phrase": " pretty good systems."}, {"speaker": "TAMM", "phrase": " Not..."}, {"speaker": "BRAD", "phrase": " Okay."}, {"speaker": "TAMM", "phrase": " I'm."}, {"speaker": "TAMM", "phrase": " we're not talking stratosphere."}, {"speaker": "BRAD", "phrase": " Sure."}, {"speaker": "TAMM", "phrase": " But..."}, {"speaker": "BRAD", "phrase": " Sure."}, {"speaker": "TAMM", "phrase": " Anyway."}, {"speaker": "BRAD", "phrase": " Okay."}, {"speaker": "TAMM", "phrase": "PAUSE"}, {"speaker": "BRAD", "phrase": " Um"}, {"speaker": "BRAD", "phrase": " because on a"}, {"speaker": "BRAD", "phrase": " um"}, {"speaker": "BRAD", "phrase": " tape deck like that"}, {"speaker": "BRAD", "phrase": " you realize"}, {"speaker": "BRAD", "phrase": " that you're not gonna be able to get copy that's"}, {"speaker": "BRAD", "phrase": " you know."}, {"speaker": "TAMM", "phrase": " Mhm."}, {"speaker": "BRAD", "phrase": " as perfect as."}, {"speaker": "TAMM", "phrase": " mhm."}, {"speaker": "BRAD", "phrase": " the original source was."}, {"speaker": "TAMM", "phrase": " mhm."}, {"speaker": "BRAD", "phrase": " or even as that tape was."}, {"speaker": "TAMM", "phrase": " mhm."}, {"speaker": "BRAD", "phrase": " There is gonna be some loss."}, {"speaker": "TAMM", "phrase": " mhm."}, {"speaker": "BRAD", "phrase": " in the generation of making that copy."}, {"speaker": "TAMM", "phrase": " mhm"}, {"speaker": "TAMM", "phrase": "PAUSE"}, {"speaker": "BRAD", "phrase": " And..."}, {"speaker": "TAMM", "phrase": " Is there way to avoid that loss ?"}, {"speaker": "TAMM", "phrase": " I mean how..."}, {"speaker": "BRAD", "phrase": "PAUSE"}, {"speaker": "TAMM", "phrase": "..."}, {"speaker": "BRAD", "phrase": " Well"}, {"speaker": "BRAD", "phrase": " you're you're gonna have that loss"}, {"speaker": "BRAD", "phrase": " just because of all the different things involved."}, {"speaker": "TAMM", "phrase": " Right."}, {"speaker": "BRAD", "phrase": " f from"}, {"speaker": "BRAD", "phrase": " taking it from one tape"}, {"speaker": "BRAD", "phrase": " and putting it on the other tape."}, {"speaker": "TAMM", "phrase": " Right."}, {"speaker": "TAMM", "phrase": " Right."}, {"speaker": "BRAD", "phrase": " There's lot of things in the signal path there."}, {"speaker": "TAMM", "phrase": " Right."}, {"speaker": "BRAD", "phrase": "PAUSE"}, {"speaker": "TAMM", "phrase": " So you're you're bound to lose something."}, {"speaker": "BRAD", "phrase": " Yeah."}, {"speaker": "BRAD", "phrase": " It's not huge."}, {"speaker": "TAMM", "phrase": " No matter what."}, {"speaker": "BRAD", "phrase": " you know"}, {"speaker": "BRAD", "phrase": " it may be ten percent."}, {"speaker": "TAMM", "phrase": " Okay."}, {"speaker": "BRAD", "phrase": " or"}, {"speaker": "BRAD", "phrase": " five percent."}, {"speaker": "TAMM", "phrase": " Right."}, {"speaker": "BRAD", "phrase": " or something like that."}, {"speaker": "TAMM", "phrase": " Right."}, {"speaker": "TAMM", "phrase": " Right."}, {"speaker": "BRAD", "phrase": " Uh which is small amount"}, {"speaker": "BRAD", "phrase": " and"}, {"speaker": "BRAD", "phrase": " you'll still be able to enjoy the."}, {"speaker": "BRAD", "phrase": " the music"}, {"speaker": "BRAD", "phrase": " and the message it's trying to bring across."}, {"speaker": "TAMM", "phrase": " Mhm"}, {"speaker": "TAMM", "phrase": " mhm"}, {"speaker": "TAMM", "phrase": " mhm"}, {"speaker": "TAMM", "phrase": " okay."}, {"speaker": "BRAD", "phrase": " So."}, {"speaker": "TAMM", "phrase": " Okay."}, {"speaker": "BRAD", "phrase": " I don't see problem in that."}, {"speaker": "BRAD", "phrase": " Um"}, {"speaker": "BRAD", "phrase": " the other thing I realize is"}, {"speaker": "BRAD", "phrase": " uh"}, {"speaker": "BRAD", "phrase": " think about how much of the time you're gonna be doing that."}, {"speaker": "TAMM", "phrase": " Mhm."}, {"speaker": "BRAD", "phrase": " Because."}, {"speaker": "BRAD", "phrase": " You are paying decent premium"}, {"speaker": "BRAD", "phrase": "to have that convenience."}, {"speaker": "TAMM", "phrase": " mhm"}, {"speaker": "TAMM", "phrase": " mhm"}, {"speaker": "TAMM", "phrase": " mhm"}, {"speaker": "TAMM", "phrase": " so what kind of price difference are we talking about."}, {"speaker": "TAMM", "phrase": " Suppose I just get one tape."}, {"speaker": "BRAD", "phrase": " Oh"}, {"speaker": "BRAD", "phrase": " okay."}, {"speaker": "BRAD", "phrase": "PAUSE"}, {"speaker": "TAMM", "phrase": " And let my friends copy tapes for laugh me laugh and."}, {"speaker": "BRAD", "phrase": " Okay."}, {"speaker": "TAMM", "phrase": " yeah."}, {"speaker": "BRAD", "phrase": " um."}, {"speaker": "TAMM", "phrase": " Right."}, {"speaker": "BRAD", "phrase": " like let's say there would be about."}, {"speaker": "TAMM", "phrase": "PAUSE"}, {"speaker": "BRAD", "phrase": " um"}, {"speaker": "BRAD", "phrase": " couple different steps."}, {"speaker": "BRAD", "phrase": "PAUSE"}, {"speaker": "BRAD", "phrase": " Okay."}, {"speaker": "TAMM", "phrase": " Okay."}, {"speaker": "BRAD", "phrase": " one would be"}, {"speaker": "BRAD", "phrase": " single cassette deck."}, {"speaker": "TAMM", "phrase": "PAUSE"}, {"speaker": "BRAD", "phrase": " um"}, {"speaker": "BRAD", "phrase": " that would"}, {"speaker": "BRAD", "phrase": " uh"}, {"speaker": "BRAD", "phrase": " play the tape"}, {"speaker": "BRAD", "phrase": " you know"}, {"speaker": "BRAD", "phrase": " and after side A's done"}, {"speaker": "BRAD", "phrase": " then you have to take the tape out and flip it over"}, {"speaker": "BRAD", "phrase": " and play side B."}, {"speaker": "TAMM", "phrase": " Okay."}, {"speaker": "TAMM", "phrase": " Okay."}, {"speaker": "BRAD", "phrase": " Okay."}, {"speaker": "TAMM", "phrase": " Right."}, {"speaker": "BRAD", "phrase": " that would be your first level."}, {"speaker": "TAMM", "phrase": " Right."}, {"speaker": "BRAD", "phrase": " And Luxman has great cassette deck"}, {"speaker": "BRAD", "phrase": " to fill those needs."}, {"speaker": "TAMM", "phrase": " Okay."}, {"speaker": "BRAD", "phrase": " And um."}, {"speaker": "TAMM", "phrase": "PAUSE"}, {"speaker": "BRAD", "phrase": " all of their cassette decks come with five year parts and labor warranty"}, {"speaker": "BRAD", "phrase": " so the quality's."}, {"speaker": "TAMM", "phrase": " mhm."}, {"speaker": "BRAD", "phrase": " you know"}, {"speaker": "BRAD", "phrase": " put into them."}, {"speaker": "BRAD", "phrase": " Uh."}, {"speaker": "TAMM", "phrase": " mhm."}, {"speaker": "BRAD", "phrase": " They really put lot into them"}, {"speaker": "BRAD", "phrase": " to be able to give that kind of warranty."}, {"speaker": "TAMM", "phrase": " mhm."}, {"speaker": "BRAD", "phrase": " and um"}, {"speaker": "BRAD", "phrase": " they're pretty conservative in their"}, {"speaker": "BRAD", "phrase": " uh"}, {"speaker": "BRAD", "phrase": " specifications"}, {"speaker": "BRAD", "phrase": " where"}, {"speaker": "BRAD", "phrase": " what they say their cassette decks will do"}, {"speaker": "BRAD", "phrase": " they will usually out perform that."}, {"speaker": "TAMM", "phrase": " Okay."}, {"speaker": "BRAD", "phrase": " And"}, {"speaker": "BRAD", "phrase": " with the unit you already have"}, {"speaker": "BRAD", "phrase": " the receiver"}, {"speaker": "BRAD", "phrase": " that has the full remote control."}, {"speaker": "TAMM", "phrase": " Right."}, {"speaker": "BRAD", "phrase": " all the units"}, {"speaker": "BRAD", "phrase": " uh"}, {"speaker": "BRAD", "phrase": " you're looking at here"}, {"speaker": "BRAD", "phrase": " will"}, {"speaker": "BRAD", "phrase": " uh"}, {"speaker": "BRAD", "phrase": " go along with that."}, {"speaker": "TAMM", "phrase": " Mhm."}, {"speaker": "BRAD", "phrase": " and"}, {"speaker": "BRAD", "phrase": " um"}, {"speaker": "BRAD", "phrase": " as far as the remote control funtions go."}, {"speaker": "TAMM", "phrase": " right."}, {"speaker": "BRAD", "phrase": " Where the remote control will control the decks."}, {"speaker": "TAMM", "phrase": " Right."}, {"speaker": "TAMM", "phrase": " Right."}, {"speaker": "TAMM", "phrase": " Okay."}, {"speaker": "BRAD", "phrase": " The decks come with."}, {"speaker": "TAMM", "phrase": "PAUSE"}, {"speaker": "BRAD", "phrase": " what's called DIN cable"}, {"speaker": "BRAD", "phrase": " and that plugs into the unit you have now."}, {"speaker": "TAMM", "phrase": " Mhm"}, {"speaker": "TAMM", "phrase": " right."}, {"speaker": "BRAD", "phrase": " okay this is the kay one eleven."}, {"speaker": "TAMM", "phrase": " Okay."}, {"speaker": "BRAD", "phrase": " This would be"}, {"speaker": "BRAD", "phrase": " I guess you'd say the entry level."}, {"speaker": "TAMM", "phrase": " Right."}, {"speaker": "BRAD", "phrase": " to integrate into your system."}, {"speaker": "TAMM", "phrase": " okay."}, {"speaker": "BRAD", "phrase": " Um"}, {"speaker": "BRAD", "phrase": " this gives you"}, {"speaker": "BRAD", "phrase": " lot of pluses that"}, {"speaker": "BRAD", "phrase": " most people's basic decks don't have."}, {"speaker": "TAMM", "phrase": " Hm."}, {"speaker": "BRAD", "phrase": " Okay"}, {"speaker": "BRAD", "phrase": " it has Dolby."}, {"speaker": "TAMM", "phrase": " Mhm."}, {"speaker": "BRAD", "phrase": " which as you know"}, {"speaker": "BRAD", "phrase": " that's circuit to cut the tape hiss"}, {"speaker": "BRAD", "phrase": " without cutting the high frequencies."}, {"speaker": "TAMM", "phrase": " right."}, {"speaker": "TAMM", "phrase": " Right."}, {"speaker": "BRAD", "phrase": " And um"}, {"speaker": "BRAD", "phrase": " \u0294uh regular Dolby is Dolby B."}, {"speaker": "BRAD", "phrase": " That's like um."}, {"speaker": "TAMM", "phrase": " Mhm."}, {"speaker": "BRAD", "phrase": " when you buy tapes at the Wherehouse"}, {"speaker": "BRAD", "phrase": " they're in Dolby."}, {"speaker": "TAMM", "phrase": " right."}, {"speaker": "TAMM", "phrase": "PAUSE"}, {"speaker": "BRAD", "phrase": " Um"}, {"speaker": "BRAD", "phrase": " in addition to that it gives you Dolby C."}, {"speaker": "TAMM", "phrase": " Mhm."}, {"speaker": "BRAD", "phrase": " When you're making your own tapes at home"}, {"speaker": "BRAD", "phrase": " like let's say from the CD."}, {"speaker": "TAMM", "phrase": " hm."}, {"speaker": "TAMM", "phrase": " Mhm."}, {"speaker": "BRAD", "phrase": " making tape to play back on this tape deck."}, {"speaker": "TAMM", "phrase": " mhm."}, {"speaker": "BRAD", "phrase": " you're gonna wanna record it in Dolby C."}, {"speaker": "TAMM", "phrase": " mhm."}, {"speaker": "BRAD", "phrase": " That's gonna sound sonically superior."}, {"speaker": "TAMM", "phrase": " mhm."}, {"speaker": "BRAD", "phrase": " Um"}, {"speaker": "BRAD", "phrase": " or if friends are recording tapes in Dolby C"}, {"speaker": "BRAD", "phrase": " then you'll be able to play it back and it'll sound right."}, {"speaker": "TAMM", "phrase": " Hm."}, {"speaker": "TAMM", "phrase": " Okay."}, {"speaker": "BRAD", "phrase": " Okay"}, {"speaker": "BRAD", "phrase": " so if something's recorded in Dolby B"}, {"speaker": "BRAD", "phrase": " you wanna play it in Dolby B"}, {"speaker": "BRAD", "phrase": " Dolby C"}, {"speaker": "BRAD", "phrase": " you wanna play it in Dolby C."}, {"speaker": "BRAD", "phrase": " You don't want to."}, {"speaker": "TAMM", "phrase": " Mhm."}, {"speaker": "BRAD", "phrase": " mix and match."}, {"speaker": "BRAD", "phrase": " Uh."}, {"speaker": "TAMM", "phrase": " okay."}, {"speaker": "BRAD", "phrase": "PAUSE"}, {"speaker": "BRAD", "phrase": " It doesn't sound quite right."}, {"speaker": "TAMM", "phrase": " Okay."}, {"speaker": "BRAD", "phrase": " So this gives you that."}, {"speaker": "TAMM", "phrase": " hunh."}, {"speaker": "BRAD", "phrase": " it also gives you what's called H Pro."}, {"speaker": "TAMM", "phrase": " Okay"}, {"speaker": "TAMM", "phrase": " mhm."}, {"speaker": "BRAD", "phrase": " Which is feature usually only found in"}, {"speaker": "BRAD", "phrase": " r\u0294 uh"}, {"speaker": "BRAD", "phrase": " really expensive cassette decks."}, {"speaker": "TAMM", "phrase": " Mm."}, {"speaker": "TAMM", "phrase": " Hm."}, {"speaker": "BRAD", "phrase": " And that i is"}, {"speaker": "BRAD", "phrase": " an improvement in the recording section of it."}, {"speaker": "TAMM", "phrase": " Hm."}, {"speaker": "BRAD", "phrase": " and it allows you to record little bit."}, {"speaker": "TAMM", "phrase": " Mhm."}, {"speaker": "BRAD", "phrase": " um"}, {"speaker": "BRAD", "phrase": " higher record level"}, {"speaker": "BRAD", "phrase": " so you hear less tape hiss."}, {"speaker": "TAMM", "phrase": " mhm"}, {"speaker": "TAMM", "phrase": " mhm."}, {"speaker": "BRAD", "phrase": " and also has little bit more"}, {"speaker": "BRAD", "phrase": " um"}, {"speaker": "BRAD", "phrase": " high frequency response."}, {"speaker": "BRAD", "phrase": "PAUSE"}, {"speaker": "TAMM", "phrase": " Hm."}, {"speaker": "TAMM", "phrase": " Mhm."}, {"speaker": "BRAD", "phrase": " Okay"}, {"speaker": "BRAD", "phrase": " so this one here you're looking at three hundred eighty dollars."}, {"speaker": "TAMM", "phrase": " mhm"}, {"speaker": "TAMM", "phrase": " hm."}, {"speaker": "TAMM", "phrase": " Mhm."}, {"speaker": "BRAD", "phrase": " Okay"}, {"speaker": "BRAD", "phrase": " and um"}, {"speaker": "BRAD", "phrase": " from there"}, {"speaker": "BRAD", "phrase": " the next step"}, {"speaker": "BRAD", "phrase": " for what you're looking at"}, {"speaker": "BRAD", "phrase": " would be the kay one ten."}, {"speaker": "BRAD", "phrase": " Okay the kay one ten basically has all functions that we just talked about on on the kay one eleven."}, {"speaker": "TAMM", "phrase": " Mhm."}, {"speaker": "BRAD", "phrase": " um."}, {"speaker": "TAMM", "phrase": "PAUSE"}, {"speaker": "BRAD", "phrase": " with the addition of"}, {"speaker": "BRAD", "phrase": " the convenience feature of having auto reverse."}, {"speaker": "TAMM", "phrase": " Yeah."}, {"speaker": "BRAD", "phrase": " And that's nice"}, {"speaker": "BRAD", "phrase": " just like in the car."}, {"speaker": "TAMM", "phrase": "PAUSE"}, {"speaker": "BRAD", "phrase": " Where."}, {"speaker": "TAMM", "phrase": " Yeah."}, {"speaker": "BRAD", "phrase": " it will play \u0294uh side B"}, {"speaker": "BRAD", "phrase": " after side A is finished"}, {"speaker": "BRAD", "phrase": " automatically."}, {"speaker": "TAMM", "phrase": " Yeah."}, {"speaker": "BRAD", "phrase": " Where you don't have to get up and flip the tape."}, {"speaker": "TAMM", "phrase": "PAUSE"}, {"speaker": "TAMM", "phrase": " o kay."}, {"speaker": "BRAD", "phrase": " The other thing about it is"}, {"speaker": "BRAD", "phrase": " you can flip the tape over at any point in the middle."}, {"speaker": "TAMM", "phrase": " Mhm"}, {"speaker": "TAMM", "phrase": " right."}, {"speaker": "BRAD", "phrase": " Uh"}, {"speaker": "BRAD", "phrase": " and"}, {"speaker": "BRAD", "phrase": " the other thing"}, {"speaker": "BRAD", "phrase": " let's say if you're entertaining"}, {"speaker": "BRAD", "phrase": " you can put in ninety minute tape."}, {"speaker": "TAMM", "phrase": " Mhm."}, {"speaker": "BRAD", "phrase": " put it on continuous auto reverse."}, {"speaker": "TAMM", "phrase": " m mhm laugh."}, {"speaker": "BRAD", "phrase": " have recording of your favorite songs."}, {"speaker": "TAMM", "phrase": " right."}, {"speaker": "TAMM", "phrase": " Mhm."}, {"speaker": "BRAD", "phrase": " for party."}, {"speaker": "TAMM", "phrase": " right."}, {"speaker": "BRAD", "phrase": " dinner party"}, {"speaker": "BRAD", "phrase": " whatever."}, {"speaker": "TAMM", "phrase": " Right."}, {"speaker": "BRAD", "phrase": " and"}, {"speaker": "BRAD", "phrase": " play side A"}, {"speaker": "BRAD", "phrase": " then side B then side A side B."}, {"speaker": "TAMM", "phrase": " Yeah"}, {"speaker": "TAMM", "phrase": " that's good."}, {"speaker": "BRAD", "phrase": " it'll just go forever."}, {"speaker": "TAMM", "phrase": " That's good."}, {"speaker": "BRAD", "phrase": " Okay."}, {"speaker": "TAMM", "phrase": " Okay."}, {"speaker": "BRAD", "phrase": " Um."}, {"speaker": "TAMM", "phrase": " Right."}, {"speaker": "BRAD", "phrase": " so that's what it gives you in the kay one ten."}, {"speaker": "TAMM", "phrase": "PAUSE"}, {"speaker": "TAMM", "phrase": " mhm."}, {"speaker": "BRAD", "phrase": " Now"}, {"speaker": "BRAD", "phrase": " the"}, {"speaker": "BRAD", "phrase": " dual"}, {"speaker": "BRAD", "phrase": " or double cassette deck"}, {"speaker": "BRAD", "phrase": " that Luxman offers"}, {"speaker": "BRAD", "phrase": " is basically"}, {"speaker": "BRAD", "phrase": " um"}, {"speaker": "BRAD", "phrase": " double version of the kay one ten."}, {"speaker": "TAMM", "phrase": " Right."}, {"speaker": "BRAD", "phrase": " And they call it the kay one ten doubleu."}, {"speaker": "TAMM", "phrase": " Okay."}, {"speaker": "BRAD", "phrase": " \u0294uh..."}, {"speaker": "TAMM", "phrase": " So what's the price difference here."}, {"speaker": "BRAD", "phrase": " Oh okay"}, {"speaker": "BRAD", "phrase": " I'm sorry"}, {"speaker": "BRAD", "phrase": "..."}, {"speaker": "TAMM", "phrase": " Yeah."}, {"speaker": "BRAD", "phrase": " the kay one ten is four hundred eighty dollars."}, {"speaker": "TAMM", "phrase": " Alright."}, {"speaker": "BRAD", "phrase": " and the kay one ten doubleu"}, {"speaker": "BRAD", "phrase": " is five hundred eighty dollars."}, {"speaker": "TAMM", "phrase": " Mhm"}, {"speaker": "TAMM", "phrase": " okay."}, {"speaker": "BRAD", "phrase": " Okay."}, {"speaker": "BRAD", "phrase": " So you paid hundred dollar premium for auto reverse"}, {"speaker": "BRAD", "phrase": " then you're paying another hundred dollars to have."}, {"speaker": "TAMM", "phrase": " Yeah"}, {"speaker": "TAMM", "phrase": " right."}, {"speaker": "BRAD", "phrase": " double cassette deck that's auto reverse."}, {"speaker": "TAMM", "phrase": " Okay."}, {"speaker": "TAMM", "phrase": " Mhm"}, {"speaker": "TAMM", "phrase": " okay."}, {"speaker": "BRAD", "phrase": " Um"}, {"speaker": "BRAD", "phrase": " the convenience on this is obvious."}, {"speaker": "TAMM", "phrase": " Mhm."}, {"speaker": "BRAD", "phrase": " Where"}, {"speaker": "BRAD", "phrase": " um"}, {"speaker": "BRAD", "phrase": " they even have."}, {"speaker": "TAMM", "phrase": "PAUSE"}, {"speaker": "BRAD", "phrase": " um"}, {"speaker": "BRAD", "phrase": " you know"}, {"speaker": "BRAD", "phrase": " buttons set up for."}, {"speaker": "TAMM", "phrase": " Mhm."}, {"speaker": "BRAD", "phrase": " dubbing"}, {"speaker": "BRAD", "phrase": " or copying."}, {"speaker": "TAMM", "phrase": " mhm."}, {"speaker": "BRAD", "phrase": " from one tape deck to the other."}, {"speaker": "TAMM", "phrase": " mhm."}, {"speaker": "BRAD", "phrase": " Um"}, {"speaker": "BRAD", "phrase": " so it's really set up"}, {"speaker": "BRAD", "phrase": " to be just cranking out."}, {"speaker": "TAMM", "phrase": " hm."}, {"speaker": "BRAD", "phrase": " uh"}, {"speaker": "BRAD", "phrase": " copies."}, {"speaker": "TAMM", "phrase": " mhm."}, {"speaker": "BRAD", "phrase": " Now the other thing is"}, {"speaker": "BRAD", "phrase": " it has feature where it will do it in half the time."}, {"speaker": "TAMM", "phrase": " hm."}, {"speaker": "BRAD", "phrase": " Or high speed dubbing."}, {"speaker": "TAMM", "phrase": " Hm."}, {"speaker": "TAMM", "phrase": " Hm."}, {"speaker": "TAMM", "phrase": " Hm."}, {"speaker": "TAMM", "phrase": " Hm."}, {"speaker": "BRAD", "phrase": " Which is sometimes nice"}, {"speaker": "BRAD", "phrase": " so it doesn't take the whole period of time."}, {"speaker": "TAMM", "phrase": " Right."}, {"speaker": "BRAD", "phrase": " To make your copy."}, {"speaker": "TAMM", "phrase": " Mhm."}, {"speaker": "BRAD", "phrase": " And it will continue making the copy"}, {"speaker": "BRAD", "phrase": " you know"}, {"speaker": "BRAD", "phrase": " from side A then"}, {"speaker": "BRAD", "phrase": " and it'll flip over."}, {"speaker": "TAMM", "phrase": " Right."}, {"speaker": "BRAD", "phrase": " and to side B."}, {"speaker": "BRAD", "phrase": " Um"}, {"speaker": "BRAD", "phrase": " so we."}, {"speaker": "BRAD", "phrase": " we've talked about it"}, {"speaker": "BRAD", "phrase": " how \u0294uh."}, {"speaker": "BRAD", "phrase": " how it has the dubbing speed select buttons."}, {"speaker": "TAMM", "phrase": " Mhm."}, {"speaker": "BRAD", "phrase": " so you can make a"}, {"speaker": "BRAD", "phrase": " high speed copy."}, {"speaker": "TAMM", "phrase": " mhm."}, {"speaker": "BRAD", "phrase": " um"}, {"speaker": "BRAD", "phrase": " The other thing that sets this apart"}, {"speaker": "BRAD", "phrase": " from lot of other dual decks"}, {"speaker": "BRAD", "phrase": " is it has separate Dolby button"}, {"speaker": "BRAD", "phrase": " for each cassette deck."}, {"speaker": "TAMM", "phrase": " Mhm."}, {"speaker": "BRAD", "phrase": "PAUSE"}, {"speaker": "BRAD", "phrase": " uh gesundheit."}, {"speaker": "TAMM", "phrase": " Thank laugh you laugh."}, {"speaker": "TAMM", "phrase": " yeah."}, {"speaker": "BRAD", "phrase": " Um"}, {"speaker": "BRAD", "phrase": " where lot of units will."}, {"speaker": "TAMM", "phrase": " Hm."}, {"speaker": "BRAD", "phrase": " just have Dolby setting."}, {"speaker": "TAMM", "phrase": " Mhm."}, {"speaker": "BRAD", "phrase": " and that's the same for both decks."}, {"speaker": "TAMM", "phrase": " I see."}, {"speaker": "TAMM", "phrase": " I see."}, {"speaker": "BRAD", "phrase": " But there may be situation"}, {"speaker": "BRAD", "phrase": " where friend of yours."}, {"speaker": "TAMM", "phrase": " Yeah."}, {"speaker": "TAMM", "phrase": " Mhm."}, {"speaker": "BRAD", "phrase": " who's real audiophile"}, {"speaker": "BRAD", "phrase": " made uh..."}, {"speaker": "TAMM", "phrase": " mhm."}, {"speaker": "BRAD", "phrase": " real premium tape for you."}, {"speaker": "TAMM", "phrase": " mhm."}, {"speaker": "BRAD", "phrase": " recorded in Dolby C."}, {"speaker": "TAMM", "phrase": " mhm."}, {"speaker": "BRAD", "phrase": " Well"}, {"speaker": "BRAD", "phrase": " you wanna record it in Dolby B"}, {"speaker": "BRAD", "phrase": " so you can play it back in your Walkman ?"}, {"speaker": "TAMM", "phrase": " Mhm."}, {"speaker": "BRAD", "phrase": " and in your automobile's cassette player."}, {"speaker": "TAMM", "phrase": " mhm"}, {"speaker": "TAMM", "phrase": " mhm."}, {"speaker": "BRAD", "phrase": " Uh"}, {"speaker": "BRAD", "phrase": " in that scenario"}, {"speaker": "BRAD", "phrase": " you're gonna want to play it back in Dolby C"}, {"speaker": "BRAD", "phrase": " but record it in Dolby B."}, {"speaker": "BRAD", "phrase": "PAUSE"}, {"speaker": "TAMM", "phrase": " Yeah."}, {"speaker": "TAMM", "phrase": " Okay."}, {"speaker": "BRAD", "phrase": " Okay ?"}, {"speaker": "TAMM", "phrase": " That's good."}, {"speaker": "BRAD", "phrase": " So this gives you that convenience."}, {"speaker": "TAMM", "phrase": " Okay."}, {"speaker": "BRAD", "phrase": " Now the other thing is"}, {"speaker": "BRAD", "phrase": " let's say"}, {"speaker": "BRAD", "phrase": " um"}, {"speaker": "BRAD", "phrase": " that friend of yours came over for dinner with his prize tape."}, {"speaker": "TAMM", "phrase": " Mhm."}, {"speaker": "BRAD", "phrase": " and you had your prize tape."}, {"speaker": "TAMM", "phrase": " mhm."}, {"speaker": "BRAD", "phrase": " of of something else"}, {"speaker": "BRAD", "phrase": " you could load them both up."}, {"speaker": "TAMM", "phrase": " mhm"}, {"speaker": "TAMM", "phrase": " mhm."}, {"speaker": "BRAD", "phrase": " put it on continuous."}, {"speaker": "TAMM", "phrase": "PAUSE"}, {"speaker": "BRAD", "phrase": " um."}, {"speaker": "TAMM", "phrase": " unhunh."}, {"speaker": "BRAD", "phrase": " auto reverse"}, {"speaker": "BRAD", "phrase": " and it will play side A side B of one tape."}, {"speaker": "TAMM", "phrase": "PAUSE"}, {"speaker": "BRAD", "phrase": " go over to the other tape."}, {"speaker": "TAMM", "phrase": " right."}, {"speaker": "BRAD", "phrase": " and play sed ai..."}, {"speaker": "TAMM", "phrase": " Mhm."}, {"speaker": "BRAD", "phrase": " side A"}, {"speaker": "BRAD", "phrase": " then side B"}, {"speaker": "BRAD", "phrase": " and it continually go forever."}, {"speaker": "TAMM", "phrase": " right"}, {"speaker": "TAMM", "phrase": " O kay."}, {"speaker": "BRAD", "phrase": " Um."}, {"speaker": "TAMM", "phrase": " Hunh."}, {"speaker": "BRAD", "phrase": " which is kinda nice."}, {"speaker": "TAMM", "phrase": " Wow."}, {"speaker": "BRAD", "phrase": " Now the other thing you can do with this deck is."}, {"speaker": "TAMM", "phrase": " Yeah."}, {"speaker": "BRAD", "phrase": " in your system"}, {"speaker": "BRAD", "phrase": " you can make copy"}, {"speaker": "BRAD", "phrase": " from tape to tape"}, {"speaker": "BRAD", "phrase": " while you're listening to something else."}, {"speaker": "TAMM", "phrase": "PAUSE"}, {"speaker": "BRAD", "phrase": " okay."}, {"speaker": "TAMM", "phrase": " Unhunh."}, {"speaker": "BRAD", "phrase": " so you could be listening to your CD."}, {"speaker": "TAMM", "phrase": " right."}, {"speaker": "BRAD", "phrase": " while you're making tape copy."}, {"speaker": "TAMM", "phrase": " Right."}, {"speaker": "TAMM", "phrase": " That's right."}, {"speaker": "TAMM", "phrase": " Okay."}, {"speaker": "BRAD", "phrase": " Um"}, {"speaker": "BRAD", "phrase": " the other thing you can do is"}, {"speaker": "BRAD", "phrase": " um"}, {"speaker": "BRAD", "phrase": " as I recall"}, {"speaker": "BRAD", "phrase": " one can listen to the tuner."}, {"speaker": "TAMM", "phrase": "PAUSE"}, {"speaker": "BRAD", "phrase": " so you could put on KDB."}, {"speaker": "TAMM", "phrase": " Mhm."}, {"speaker": "BRAD", "phrase": " or I."}, {"speaker": "BRAD", "phrase": "..."}, {"speaker": "TAMM", "phrase": " right."}, {"speaker": "BRAD", "phrase": " \u0294uh or there's one Matt likes"}, {"speaker": "BRAD", "phrase": " I forget what it's called"}, {"speaker": "BRAD", "phrase": " but anyhow."}, {"speaker": "TAMM", "phrase": " Right."}, {"speaker": "BRAD", "phrase": " um."}, {"speaker": "TAMM", "phrase": "PAUSE"}, {"speaker": "BRAD", "phrase": " or he wants to get KFAC I think it is."}, {"speaker": "TAMM", "phrase": " Yeah."}, {"speaker": "BRAD", "phrase": " Which is kind of tough."}, {"speaker": "BRAD", "phrase": " Um"}, {"speaker": "BRAD", "phrase": " so you could be listening to the radio"}, {"speaker": "BRAD", "phrase": " while taping CD."}, {"speaker": "TAMM", "phrase": " Mhm."}, {"speaker": "BRAD", "phrase": " you know."}, {"speaker": "TAMM", "phrase": " right."}, {"speaker": "BRAD", "phrase": " it allows you to do that."}, {"speaker": "TAMM", "phrase": " Right."}, {"speaker": "TAMM", "phrase": " Right."}, {"speaker": "TAMM", "phrase": " Okay."}, {"speaker": "BRAD", "phrase": " Which"}, {"speaker": "BRAD", "phrase": " you have to pay attention to what you're doing."}, {"speaker": "TAMM", "phrase": " Okay."}, {"speaker": "TAMM", "phrase": " I know."}, {"speaker": "TAMM", "phrase": " That's right."}, {"speaker": "TAMM", "phrase": " Yeah."}, {"speaker": "BRAD", "phrase": " yeah laugh"}, {"speaker": "BRAD", "phrase": "but at least you have that flexibility."}, {"speaker": "TAMM", "phrase": " Okay."}, {"speaker": "BRAD", "phrase": " And so it sounds like."}, {"speaker": "TAMM", "phrase": "PAUSE"}, {"speaker": "BRAD", "phrase": " from what you've told me"}, {"speaker": "BRAD", "phrase": " uh"}, {"speaker": "BRAD", "phrase": " \u0294uh you know"}, {"speaker": "BRAD", "phrase": " about you're desire to make"}, {"speaker": "BRAD", "phrase": " good quality copies of tapes."}, {"speaker": "TAMM", "phrase": " Mhm"}, {"speaker": "TAMM", "phrase": " mhm."}, {"speaker": "BRAD", "phrase": " this is gonna be the tape deck."}, {"speaker": "TAMM", "phrase": " mhm."}, {"speaker": "BRAD", "phrase": " that would fit your needs."}, {"speaker": "TAMM", "phrase": " mhm."}, {"speaker": "BRAD", "phrase": " And integrate well with your system"}, {"speaker": "BRAD", "phrase": " and."}, {"speaker": "TAMM", "phrase": " right."}, {"speaker": "BRAD", "phrase": " allow the remote to fully control it."}, {"speaker": "TAMM", "phrase": " Okay."}, {"speaker": "TAMM", "phrase": " Well what you've said helps me lot."}, {"speaker": "TAMM", "phrase": " I actually may"}, {"speaker": "TAMM", "phrase": " I mean"}, {"speaker": "TAMM", "phrase": " I don't do this so often."}, {"speaker": "TAMM", "phrase": " And it may well be that I."}, {"speaker": "TAMM", "phrase": " I'd do better"}, {"speaker": "TAMM", "phrase": " just going back to one of these others."}, {"speaker": "BRAD", "phrase": " Mhm."}, {"speaker": "TAMM", "phrase": " Um"}, {"speaker": "TAMM", "phrase": " in..."}, {"speaker": "BRAD", "phrase": " The..."}, {"speaker": "TAMM", "phrase": " in fact laugh"}, {"speaker": "TAMM", "phrase": " I'm..."}, {"speaker": "BRAD", "phrase": " the."}, {"speaker": "BRAD", "phrase": " the other thing I was gonna say is"}, {"speaker": "BRAD", "phrase": " is it."}, {"speaker": "BRAD", "phrase": " do you have"}, {"speaker": "BRAD", "phrase": " um"}, {"speaker": "BRAD", "phrase": " if you had some other type of quality cassette deck."}, {"speaker": "TAMM", "phrase": " Mhm."}, {"speaker": "BRAD", "phrase": " Even if it was"}, {"speaker": "BRAD", "phrase": " unf..."}, {"speaker": "TAMM", "phrase": " mhm."}, {"speaker": "BRAD", "phrase": " one in the office"}, {"speaker": "BRAD", "phrase": " or uh."}, {"speaker": "TAMM", "phrase": " mhm"}, {"speaker": "TAMM", "phrase": " yeah."}, {"speaker": "BRAD", "phrase": " portable or something like that."}, {"speaker": "TAMM", "phrase": " mhm."}, {"speaker": "BRAD", "phrase": " I could somehow hook it up into your system."}, {"speaker": "TAMM", "phrase": " mhm."}, {"speaker": "BRAD", "phrase": " So you could tape from it."}, {"speaker": "TAMM", "phrase": " right."}, {"speaker": "TAMM", "phrase": " Right."}, {"speaker": "BRAD", "phrase": " to"}, {"speaker": "BRAD", "phrase": " one of these."}, {"speaker": "TAMM", "phrase": " Right"}, {"speaker": "TAMM", "phrase": " okay"}, {"speaker": "TAMM", "phrase": " that's possible."}, {"speaker": "BRAD", "phrase": " And"}, {"speaker": "BRAD", "phrase": "PAUSE"}, {"speaker": "BRAD", "phrase": " the prices I gave you were the"}, {"speaker": "BRAD", "phrase": " uh"}, {"speaker": "BRAD", "phrase": " Luxman suggested prices."}, {"speaker": "TAMM", "phrase": " Right."}, {"speaker": "BRAD", "phrase": " since you've bought couple pieces here."}, {"speaker": "TAMM", "phrase": " mhm."}, {"speaker": "BRAD", "phrase": " and also been through the fire"}, {"speaker": "BRAD", "phrase": " I'm sure we can work something else out for you."}, {"speaker": "TAMM", "phrase": " mhm."}, {"speaker": "BRAD", "phrase": " I don't know."}, {"speaker": "TAMM", "phrase": " okay."}, {"speaker": "BRAD", "phrase": " how well \u0294uh"}, {"speaker": "BRAD", "phrase": " \u0294uh"}, {"speaker": "BRAD", "phrase": " let's see here"}, {"speaker": "BRAD", "phrase": " um"}, {"speaker": "BRAD", "phrase": " the kay one eleven"}, {"speaker": "BRAD", "phrase": " which is the."}, {"speaker": "BRAD", "phrase": " the basic one."}, {"speaker": "TAMM", "phrase": " Right."}, {"speaker": "TAMM", "phrase": " but \u0294uh"}, {"speaker": "TAMM", "phrase": " \u0294I don't."}, {"speaker": "TAMM", "phrase": " When I say basic"}, {"speaker": "TAMM", "phrase": " I mean basic in their line."}, {"speaker": "TAMM", "phrase": " Right."}, {"speaker": "BRAD", "phrase": " it's still very good."}, {"speaker": "TAMM", "phrase": " Yeah."}, {"speaker": "BRAD", "phrase": " uh"}, {"speaker": "BRAD", "phrase": " you'd be looking at three hundred fortynine dollars."}, {"speaker": "TAMM", "phrase": "PAUSE"}, {"speaker": "TAMM", "phrase": " okay."}, {"speaker": "BRAD", "phrase": " The"}, {"speaker": "BRAD", "phrase": " uh"}, {"speaker": "BRAD", "phrase": " let's see here"}, {"speaker": "BRAD", "phrase": " the kay one ten."}, {"speaker": "TAMM", "phrase": " mhm."}, {"speaker": "BRAD", "phrase": " uh"}, {"speaker": "BRAD", "phrase": "we could do four hundred and forty five."}, {"speaker": "TAMM", "phrase": " right."}, {"speaker": "BRAD", "phrase": " and the kay one ten doubleu"}, {"speaker": "BRAD", "phrase": " uh we could do five thirty nine."}, {"speaker": "TAMM", "phrase": " mhm"}, {"speaker": "TAMM", "phrase": " okay."}, {"speaker": "TAMM", "phrase": " Well"}, {"speaker": "TAMM", "phrase": " that looks great."}, {"speaker": "BRAD", "phrase": " And I."}, {"speaker": "BRAD", "phrase": " I believe"}, {"speaker": "BRAD", "phrase": " there's one that we didn't talk about"}, {"speaker": "BRAD", "phrase": " and that's the kay one twelve."}, {"speaker": "TAMM", "phrase": " Mhm."}, {"speaker": "BRAD", "phrase": " Okay"}, {"speaker": "BRAD", "phrase": " and the kay one twelve is basically the audiophile's dream cassette deck."}, {"speaker": "TAMM", "phrase": "PAUSE"}, {"speaker": "BRAD", "phrase": " Okay."}, {"speaker": "TAMM", "phrase": " mhm."}, {"speaker": "BRAD", "phrase": " it's."}, {"speaker": "BRAD", "phrase": " it's single cassette"}, {"speaker": "BRAD", "phrase": " and it's single direction."}, {"speaker": "TAMM", "phrase": " mhm."}, {"speaker": "BRAD", "phrase": " where it doesn't flip over by itself."}, {"speaker": "TAMM", "phrase": " right."}, {"speaker": "BRAD", "phrase": " What sets it apart"}, {"speaker": "BRAD", "phrase": " is it has three discrete heads."}, {"speaker": "TAMM", "phrase": " hunh."}, {"speaker": "BRAD", "phrase": " Okay"}, {"speaker": "BRAD", "phrase": " and this will make superior tape copy."}, {"speaker": "TAMM", "phrase": " Hm."}, {"speaker": "BRAD", "phrase": " um"}, {"speaker": "BRAD", "phrase": " or superior tape period."}, {"speaker": "BRAD", "phrase": " Um."}, {"speaker": "TAMM", "phrase": " Hm."}, {"speaker": "BRAD", "phrase": " because it has three heads."}, {"speaker": "TAMM", "phrase": " Hm."}, {"speaker": "BRAD", "phrase": " And what it does"}, {"speaker": "BRAD", "phrase": " is that it has separate head for record"}, {"speaker": "BRAD", "phrase": " separate head for play."}, {"speaker": "BRAD", "phrase": "PAUSE"}, {"speaker": "TAMM", "phrase": " Hm."}, {"speaker": "BRAD", "phrase": " Where most decks have combination record play head."}, {"speaker": "TAMM", "phrase": " Unhunh."}, {"speaker": "BRAD", "phrase": " And \u0294uh"}, {"speaker": "BRAD", "phrase": " um"}, {"speaker": "BRAD", "phrase": " this also has some adjustments on it"}, {"speaker": "BRAD", "phrase": " uh such as bias fine trim."}, {"speaker": "TAMM", "phrase": " Hm."}, {"speaker": "BRAD", "phrase": " uh"}, {"speaker": "BRAD", "phrase": " which allows you to"}, {"speaker": "BRAD", "phrase": " tailor the cassette deck's electronics"}, {"speaker": "BRAD", "phrase": " to the specific tape you're using."}, {"speaker": "TAMM", "phrase": " Mhm."}, {"speaker": "BRAD", "phrase": " So obviously you can see there's \u0294uh..."}, {"speaker": "TAMM", "phrase": " right."}, {"speaker": "BRAD", "phrase": "PAUSE"}, {"speaker": "BRAD", "phrase": " bit more involved with it."}, {"speaker": "TAMM", "phrase": " Yeah."}, {"speaker": "TAMM", "phrase": " Yeah."}, {"speaker": "BRAD", "phrase": " For the purist"}, {"speaker": "BRAD", "phrase": " this is the way to go."}, {"speaker": "BRAD", "phrase": " Here you're looking at six hundred dollars."}, {"speaker": "TAMM", "phrase": " Okay."}, {"speaker": "BRAD", "phrase": "PAUSE"}, {"speaker": "TAMM", "phrase": " Okay."}, {"speaker": "TAMM", "phrase": "PAUSE"}, {"speaker": "TAMM", "phrase": " Right."}, {"speaker": "TAMM", "phrase": " Okay"}, {"speaker": "TAMM", "phrase": " well this is very helpful."}, {"speaker": "TAMM", "phrase": " Let me ask you one other thing."}, {"speaker": "BRAD", "phrase": "PAUSE"}, {"speaker": "TAMM", "phrase": " Suppose that"}, {"speaker": "TAMM", "phrase": " I wanna use this tape deck"}, {"speaker": "TAMM", "phrase": " to record"}, {"speaker": "TAMM", "phrase": " um"}, {"speaker": "TAMM", "phrase": " conversation."}, {"speaker": "TAMM", "phrase": " Like we do in."}, {"speaker": "TAMM", "phrase": " in linguistics."}, {"speaker": "TAMM", "phrase": " Between Matt and me"}, {"speaker": "TAMM", "phrase": " or something like that."}, {"speaker": "BRAD", "phrase": " Okay."}, {"speaker": "TAMM", "phrase": " Then"}, {"speaker": "TAMM", "phrase": " how does it work."}, {"speaker": "TAMM", "phrase": " Let's say go back to the kay one ten."}, {"speaker": "BRAD", "phrase": " Uh."}, {"speaker": "TAMM", "phrase": " Or the one..."}, {"speaker": "BRAD", "phrase": " there's one deck here"}, {"speaker": "BRAD", "phrase": " I think"}, {"speaker": "BRAD", "phrase": " that's set up for that."}, {"speaker": "TAMM", "phrase": " or the one eleven."}, {"speaker": "BRAD", "phrase": " Let's take look here."}, {"speaker": "BRAD", "phrase": " The kay one ten."}, {"speaker": "TAMM", "phrase": " Mhm."}, {"speaker": "BRAD", "phrase": " has provisions"}, {"speaker": "BRAD", "phrase": " for microphones"}, {"speaker": "BRAD", "phrase": " on the front."}, {"speaker": "TAMM", "phrase": " unhunh."}, {"speaker": "BRAD", "phrase": " And it's one of the few cassette decks."}, {"speaker": "TAMM", "phrase": " Okay."}, {"speaker": "BRAD", "phrase": " made for the consumer hi fi market today."}, {"speaker": "TAMM", "phrase": "PAUSE"}, {"speaker": "BRAD", "phrase": " that do have that."}, {"speaker": "TAMM", "phrase": " okay."}, {"speaker": "BRAD", "phrase": " And so"}, {"speaker": "BRAD", "phrase": " you can plug in one microphone."}, {"speaker": "TAMM", "phrase": " Yeah."}, {"speaker": "BRAD", "phrase": " uh"}, {"speaker": "BRAD", "phrase": " where it has position"}, {"speaker": "BRAD", "phrase": " uh"}, {"speaker": "BRAD", "phrase": " that's mono."}, {"speaker": "TAMM", "phrase": " hunh."}, {"speaker": "BRAD", "phrase": " and it will record it on both tracks of it."}, {"speaker": "TAMM", "phrase": " Mhm."}, {"speaker": "BRAD", "phrase": "..."}, {"speaker": "TAMM", "phrase": " mhm."}, {"speaker": "BRAD", "phrase": " and then if you want."}, {"speaker": "TAMM", "phrase": " hm."}, {"speaker": "BRAD", "phrase": " you can plug in two mics"}, {"speaker": "BRAD", "phrase": " and it senses when you plug in the second mic."}, {"speaker": "TAMM", "phrase": " Hm"}, {"speaker": "TAMM", "phrase": "PAUSE"}, {"speaker": "TAMM", "phrase": " okay."}, {"speaker": "BRAD", "phrase": " and so it'll record in stereo."}, {"speaker": "TAMM", "phrase": "PAUSE"}, {"speaker": "TAMM", "phrase": " Okay."}, {"speaker": "BRAD", "phrase": " And then it has record level on it."}, {"speaker": "TAMM", "phrase": " Hmhm."}, {"speaker": "BRAD", "phrase": " so you can adjust the record level."}, {"speaker": "TAMM", "phrase": " mhm."}, {"speaker": "BRAD", "phrase": " dependent on how loud you're talking."}, {"speaker": "TAMM", "phrase": " mhm."}, {"speaker": "BRAD", "phrase": " and then also the type of tape you're using."}, {"speaker": "TAMM", "phrase": " mhm."}, {"speaker": "BRAD", "phrase": " and the level you want on the tape."}, {"speaker": "TAMM", "phrase": " hm."}, {"speaker": "TAMM", "phrase": " Hm."}, {"speaker": "BRAD", "phrase": " Uh"}, {"speaker": "BRAD", "phrase": " so the kay one ten would be set up for that."}, {"speaker": "TAMM", "phrase": " Hunh."}, {"speaker": "BRAD", "phrase": " Any of the other"}, {"speaker": "BRAD", "phrase": " um"}, {"speaker": "BRAD", "phrase": " cassette decks here."}, {"speaker": "TAMM", "phrase": " Mhm."}, {"speaker": "BRAD", "phrase": " the kay one eleven has it too."}, {"speaker": "BRAD", "phrase": " I..."}, {"speaker": "TAMM", "phrase": " hunh."}, {"speaker": "BRAD", "phrase": "PAUSE"}, {"speaker": "BRAD", "phrase": " I take it back."}, {"speaker": "TAMM", "phrase": " Huh."}, {"speaker": "BRAD", "phrase": " I didn't think the kay one eleven did."}, {"speaker": "TAMM", "phrase": " Unhunh"}, {"speaker": "TAMM", "phrase": " unhunh."}, {"speaker": "BRAD", "phrase": " Okay it's the."}, {"speaker": "BRAD", "phrase": " it's the dual one that doesn't."}, {"speaker": "TAMM", "phrase": " okay."}, {"speaker": "BRAD", "phrase": " The dual one does not have those provisions."}, {"speaker": "BRAD", "phrase": " now that doesn't mean that it cannot be done."}, {"speaker": "TAMM", "phrase": " Right."}, {"speaker": "BRAD", "phrase": " What has to happen then is"}, {"speaker": "BRAD", "phrase": " uh"}, {"speaker": "BRAD", "phrase": " one hooks up a."}, {"speaker": "TAMM", "phrase": " Mhm."}, {"speaker": "BRAD", "phrase": " separate outboard piece"}, {"speaker": "BRAD", "phrase": " called microphone amp."}, {"speaker": "TAMM", "phrase": " okay."}, {"speaker": "BRAD", "phrase": " Okay"}, {"speaker": "BRAD", "phrase": " and so what happens is"}, {"speaker": "BRAD", "phrase": " your mic runs into it."}, {"speaker": "TAMM", "phrase": " Mhm."}, {"speaker": "BRAD", "phrase": " and then it plugs into your receiver."}, {"speaker": "TAMM", "phrase": " mhm."}, {"speaker": "BRAD", "phrase": " into one of its inputs."}, {"speaker": "TAMM", "phrase": " okay."}, {"speaker": "BRAD", "phrase": " And so one of your inputs on your receiver."}, {"speaker": "TAMM", "phrase": "PAUSE"}, {"speaker": "BRAD", "phrase": " let's say tape two."}, {"speaker": "TODD", "phrase": " Paul."}, {"speaker": "TAMM", "phrase": " Mhm."}, {"speaker": "BRAD", "phrase": " would actually be microphone."}, {"speaker": "TODD", "phrase": " run"}, {"speaker": "TODD", "phrase": " run."}, {"speaker": "TAMM", "phrase": " mhm."}, {"speaker": "TODD", "phrase": " Yeah."}, {"speaker": "BRAD", "phrase": " And so you would hit that."}, {"speaker": "TODD", "phrase": " Yeah."}, {"speaker": "TAMM", "phrase": " mhm."}, {"speaker": "BRAD", "phrase": " and that would"}, {"speaker": "BRAD", "phrase": " um."}, {"speaker": "TODD", "phrase": " Paul saved my ass."}, {"speaker": "BRAD", "phrase": " go over."}, {"speaker": "TAMM", "phrase": " mhm."}, {"speaker": "BRAD", "phrase": " um."}, {"speaker": "TAMM", "phrase": " nkay."}, {"speaker": "BRAD", "phrase": " into your tape deck"}, {"speaker": "BRAD", "phrase": " if you wanted to record tape."}, {"speaker": "TAMM", "phrase": " Right."}, {"speaker": "TAMM", "phrase": " Right."}, {"speaker": "TAMM", "phrase": " Okay."}, {"speaker": "TAMM", "phrase": " So um"}, {"speaker": "TAMM", "phrase": " \u0294m."}, {"speaker": "BRAD", "phrase": " So the kay one ten"}, {"speaker": "BRAD", "phrase": " which is the single auto reverse."}, {"speaker": "TAMM", "phrase": " Yeah."}, {"speaker": "BRAD", "phrase": " has the mic provisions."}, {"speaker": "TAMM", "phrase": " Right."}, {"speaker": "BRAD", "phrase": " the kay one eleven has the mic provisions."}, {"speaker": "TAMM", "phrase": " And so's the kay one."}, {"speaker": "TAMM", "phrase": " Okay."}, {"speaker": "TAMM", "phrase": " Great."}, {"speaker": "TAMM", "phrase": " Okay."}, {"speaker": "BRAD", "phrase": " The."}, {"speaker": "BRAD", "phrase": " the benefit of the one ten ?"}, {"speaker": "BRAD", "phrase": " The big benefit is the auto reverse."}, {"speaker": "TAMM", "phrase": " Right."}, {"speaker": "BRAD", "phrase": " Um."}, {"speaker": "TAMM", "phrase": " I'm one of these weird people that has trouble with auto reverse."}, {"speaker": "BRAD", "phrase": " oh yeah ?"}, {"speaker": "TAMM", "phrase": " I don't know why."}, {"speaker": "TAMM", "phrase": " The first time."}, {"speaker": "TAMM", "phrase": " I mean"}, {"speaker": "TAMM", "phrase": " this is the first time I've had it"}, {"speaker": "TAMM", "phrase": " on my boombox."}, {"speaker": "TAMM", "phrase": " And for some reason"}, {"speaker": "TAMM", "phrase": " maybe I just have to learn"}, {"speaker": "TAMM", "phrase": " when I put the tape in"}, {"speaker": "TAMM", "phrase": " I never know which direction it's gonna go."}, {"speaker": "TAMM", "phrase": " So I have hard time finding."}, {"speaker": "TAMM", "phrase": "PAUSE"}, {"speaker": "BRAD", "phrase": " What you want ?"}, {"speaker": "TAMM", "phrase": " making it play what I want it to play."}, {"speaker": "BRAD", "phrase": " Okay."}, {"speaker": "BRAD", "phrase": " The way it usually works is."}, {"speaker": "TAMM", "phrase": "PAUSE"}, {"speaker": "BRAD", "phrase": " um."}, {"speaker": "TAMM", "phrase": "PAUSE"}, {"speaker": "BRAD", "phrase": " the side of the tape that's out."}, {"speaker": "BRAD", "phrase": " Or facing you ?"}, {"speaker": "BRAD", "phrase": " that label side ?"}, {"speaker": "TAMM", "phrase": " Mhm"}, {"speaker": "TAMM", "phrase": " mhm."}, {"speaker": "BRAD", "phrase": " corresponds with the arrow"}, {"speaker": "BRAD", "phrase": " that will point to the right."}, {"speaker": "BRAD", "phrase": " There's usually two little arrows that will light up."}, {"speaker": "TAMM", "phrase": " okay."}, {"speaker": "TAMM", "phrase": " Yeah."}, {"speaker": "BRAD", "phrase": " telling you which direction it's playing."}, {"speaker": "TAMM", "phrase": " right."}, {"speaker": "TAMM", "phrase": " Right."}, {"speaker": "BRAD", "phrase": " Okay the arrow that points to the right."}, {"speaker": "TAMM", "phrase": " I see."}, {"speaker": "BRAD", "phrase": " is"}, {"speaker": "BRAD", "phrase": " the label side of the tape that's facing you."}, {"speaker": "TAMM", "phrase": " Okay."}, {"speaker": "BRAD", "phrase": " That you can see."}, {"speaker": "TAMM", "phrase": " Okay."}, {"speaker": "BRAD", "phrase": " Okay that's the way it usually works."}, {"speaker": "TAMM", "phrase": " Okay."}, {"speaker": "BRAD", "phrase": " Now the other thing that throws people off is."}, {"speaker": "TAMM", "phrase": "PAUSE"}, {"speaker": "BRAD", "phrase": " fast forward and rewind"}, {"speaker": "BRAD", "phrase": "PAUSE"}, {"speaker": "TAMM", "phrase": " Mhm."}, {"speaker": "BRAD", "phrase": " will vary"}, {"speaker": "BRAD", "phrase": " depending on which side of the tape you're on."}, {"speaker": "TAMM", "phrase": " right."}, {"speaker": "TAMM", "phrase": " Right."}, {"speaker": "TAMM", "phrase": " Right."}, {"speaker": "BRAD", "phrase": " Okay"}, {"speaker": "BRAD", "phrase": " that's what throws people off."}, {"speaker": "TAMM", "phrase": " Yeah."}, {"speaker": "BRAD", "phrase": " all the time."}, {"speaker": "TAMM", "phrase": " Yeah."}, {"speaker": "TAMM", "phrase": " I just um"}, {"speaker": "TAMM", "phrase": " I'll."}, {"speaker": "TAMM", "phrase": " I'll work on getting used to that."}, {"speaker": "TAMM", "phrase": " But I just might go with the single."}, {"speaker": "TAMM", "phrase": " you know"}, {"speaker": "TAMM", "phrase": " the one that I have to turn it over."}, {"speaker": "BRAD", "phrase": " Oh."}, {"speaker": "TAMM", "phrase": " I mean."}, {"speaker": "BRAD", "phrase": " \u0294uh you know"}, {"speaker": "BRAD", "phrase": " that's fine."}, {"speaker": "TAMM", "phrase": " you know."}, {"speaker": "BRAD", "phrase": " That's fine."}, {"speaker": "BRAD", "phrase": " Um"}, {"speaker": "BRAD", "phrase": "PAUSE"}, {"speaker": "TAMM", "phrase": "PAUSE"}, {"speaker": "BRAD", "phrase": " I'm."}, {"speaker": "BRAD", "phrase": " I mean I had couple recently"}, {"speaker": "BRAD", "phrase": " uh"}, {"speaker": "BRAD", "phrase": " Bodeckers"}, {"speaker": "BRAD", "phrase": " uh"}, {"speaker": "BRAD", "phrase": " got the kay one eleven"}, {"speaker": "BRAD", "phrase": "PAUSE"}, {"speaker": "BRAD", "phrase": " and they love it."}, {"speaker": "TAMM", "phrase": " Yeah."}, {"speaker": "BRAD", "phrase": " They don't play tapes that much."}, {"speaker": "TAMM", "phrase": " Yeah."}, {"speaker": "TAMM", "phrase": " That's the same with me"}, {"speaker": "TAMM", "phrase": " too."}, {"speaker": "TAMM", "phrase": " Yeah."}, {"speaker": "TAMM", "phrase": " I'm really into CD's now."}, {"speaker": "BRAD", "phrase": " Unhunh"}, {"speaker": "BRAD", "phrase": " yeah."}, {"speaker": "TAMM", "phrase": " So."}, {"speaker": "BRAD", "phrase": " But they have couple of these box sets of uh."}, {"speaker": "TAMM", "phrase": "PAUSE"}, {"speaker": "TAMM", "phrase": " right."}, {"speaker": "BRAD", "phrase": " symphonies."}, {"speaker": "TAMM", "phrase": " right."}, {"speaker": "BRAD", "phrase": " and then I think they even have couple books on tape."}, {"speaker": "TAMM", "phrase": " Yeah."}, {"speaker": "BRAD", "phrase": " and for that it's perfect."}, {"speaker": "TAMM", "phrase": " right."}, {"speaker": "BRAD", "phrase": " You know"}, {"speaker": "BRAD", "phrase": " it's probably more than enough."}, {"speaker": "TAMM", "phrase": " Right."}, {"speaker": "TAMM", "phrase": "PAUSE"}, {"speaker": "BRAD", "phrase": "PAUSE"}, {"speaker": "TAMM", "phrase": " Right."}, {"speaker": "BRAD", "phrase": " Um"}, {"speaker": "BRAD", "phrase": " I'm just trying to look and see what other differences there are."}, {"speaker": "TAMM", "phrase": " Okay."}, {"speaker": "BRAD", "phrase": " I mean"}, {"speaker": "BRAD", "phrase": " I really think those are the."}, {"speaker": "BRAD", "phrase": " that's the big difference."}, {"speaker": "TAMM", "phrase": " this is."}, {"speaker": "TAMM", "phrase": " No"}, {"speaker": "TAMM", "phrase": " this is great."}, {"speaker": "BRAD", "phrase": " Um"}, {"speaker": "BRAD", "phrase": " doo doo"}, {"speaker": "BRAD", "phrase": " I believe"}, {"speaker": "BRAD", "phrase": " yeah."}, {"speaker": "BRAD", "phrase": " I think that's the basic difference"}, {"speaker": "BRAD", "phrase": " is that auto reverse."}, {"speaker": "TAMM", "phrase": "PAUSE"}, {"speaker": "TAMM", "phrase": " Let me ask you"}, {"speaker": "TAMM", "phrase": " do you sell microphones."}, {"speaker": "BRAD", "phrase": "PAUSE"}, {"speaker": "TAMM", "phrase": " Here."}, {"speaker": "BRAD", "phrase": " Uh"}, {"speaker": "BRAD", "phrase": " we don't really."}, {"speaker": "JONA", "phrase": " Nya nya nya nya nya nya."}, {"speaker": "TAMM", "phrase": " Kay."}, {"speaker": "BRAD", "phrase": " get into them."}, {"speaker": "TAMM", "phrase": " Okay."}, {"speaker": "BRAD", "phrase": " Um"}, {"speaker": "BRAD", "phrase": " we are."}, {"speaker": "JONA", "phrase": " Nya nya nya nya nya nya."}, {"speaker": "BRAD", "phrase": " um."}, {"speaker": "JONA", "phrase": " You can't get me."}, {"speaker": "BRAD", "phrase": " connected with distributor that does deal with them."}, {"speaker": "TAMM", "phrase": " Okay."}, {"speaker": "BRAD", "phrase": " And so we."}, {"speaker": "BRAD", "phrase": " we've gotten them for clients time to time."}, {"speaker": "JONA", "phrase": " Try to get me."}, {"speaker": "TAMM", "phrase": " Okay."}, {"speaker": "BRAD", "phrase": " um"}, {"speaker": "BRAD", "phrase": " I think we have them available from Sony ?"}, {"speaker": "BRAD", "phrase": " And"}, {"speaker": "BRAD", "phrase": " I'd really have to research that bit for you."}, {"speaker": "TAMM", "phrase": " that's okay."}, {"speaker": "TAMM", "phrase": " I."}, {"speaker": "TAMM", "phrase": " I can follow through on that."}, {"speaker": "TAMM", "phrase": " You have any idea how much good."}, {"speaker": "BRAD", "phrase": " Okay."}, {"speaker": "TAMM", "phrase": " sort of um"}, {"speaker": "TAMM", "phrase": " table mic would cost ?"}, {"speaker": "TAMM", "phrase": " Um."}, {"speaker": "BRAD", "phrase": " Well"}, {"speaker": "BRAD", "phrase": " um"}, {"speaker": "BRAD", "phrase": " you can get one."}, {"speaker": "TAMM", "phrase": "PAUSE"}, {"speaker": "BRAD", "phrase": " f \u0294uh \u0294ah."}, {"speaker": "BRAD", "phrase": " I would say"}, {"speaker": "BRAD", "phrase": " I would expect to pay"}, {"speaker": "BRAD", "phrase": " maybe forty dollars"}, {"speaker": "BRAD", "phrase": " and up."}, {"speaker": "TAMM", "phrase": " Okay."}, {"speaker": "BRAD", "phrase": " I mean really"}, {"speaker": "BRAD", "phrase": " the sky's the limit with microphones."}, {"speaker": "TAMM", "phrase": " Right."}, {"speaker": "TAMM", "phrase": " right."}, {"speaker": "BRAD", "phrase": " I mean you can get."}, {"speaker": "TAMM", "phrase": " Okay."}, {"speaker": "BRAD", "phrase": "PAUSE"}, {"speaker": "BRAD", "phrase": " thousand dollar microphones."}, {"speaker": "TAMM", "phrase": "PAUSE"}, {"speaker": "TAMM", "phrase": " Okay."}, {"speaker": "BRAD", "phrase": " But"}, {"speaker": "BRAD", "phrase": " um"}, {"speaker": "BRAD", "phrase": " you would."}, {"speaker": "BRAD", "phrase": " I would spend"}, {"speaker": "BRAD", "phrase": " you know I wouldn't spend nineteen dollar."}, {"speaker": "TAMM", "phrase": " Mhm"}, {"speaker": "TAMM", "phrase": " m hm."}, {"speaker": "BRAD", "phrase": " I'd spend forty bucks."}, {"speaker": "TAMM", "phrase": " yeah."}, {"speaker": "TAMM", "phrase": " Yeah."}, {"speaker": "TAMM", "phrase": " Okay."}, {"speaker": "BRAD", "phrase": " and then"}, {"speaker": "BRAD", "phrase": " \u0294maybe little up above that."}, {"speaker": "TAMM", "phrase": " Okay"}, {"speaker": "TAMM", "phrase": " mhm."}, {"speaker": "BRAD", "phrase": " For what you wanna do"}, {"speaker": "BRAD", "phrase": " I don't ever see paying"}, {"speaker": "BRAD", "phrase": " you know"}, {"speaker": "BRAD", "phrase": " couple hundred dollars."}, {"speaker": "TAMM", "phrase": " mhm."}, {"speaker": "BRAD", "phrase": " that."}, {"speaker": "BRAD", "phrase": " that would probably be."}, {"speaker": "TAMM", "phrase": " right."}, {"speaker": "BRAD", "phrase": " very overkill."}, {"speaker": "TAMM", "phrase": " Okay."}, {"speaker": "BRAD", "phrase": " So that kind of gives you an idea."}, {"speaker": "TAMM", "phrase": " Mhm right."}, {"speaker": "BRAD", "phrase": "PAUSE"}, {"speaker": "TAMM", "phrase": " Okay."}, {"speaker": "BRAD", "phrase": " Um"}, {"speaker": "BRAD", "phrase": " there's place to look"}, {"speaker": "BRAD", "phrase": " um"}, {"speaker": "BRAD", "phrase": " called Sound Advice."}, {"speaker": "TAMM", "phrase": " Yeah."}, {"speaker": "TAMM", "phrase": " Alright."}, {"speaker": "BRAD", "phrase": " Okay"}, {"speaker": "BRAD", "phrase": " there's guy there named Wayne."}, {"speaker": "TAMM", "phrase": " Yeah."}, {"speaker": "TAMM", "phrase": " Okay."}, {"speaker": "BRAD", "phrase": " He's uh."}, {"speaker": "TAMM", "phrase": " that's good idea."}, {"speaker": "BRAD", "phrase": " one of the principals there."}, {"speaker": "BRAD", "phrase": " Wayne."}, {"speaker": "TAMM", "phrase": " Okay."}, {"speaker": "BRAD", "phrase": " I think his name is Shaybeck."}, {"speaker": "TAMM", "phrase": " Alright."}, {"speaker": "BRAD", "phrase": " Saybeck Shaybeck"}, {"speaker": "BRAD", "phrase": " something like that."}, {"speaker": "BRAD", "phrase": " And he's really knowledgeable guy."}, {"speaker": "TAMM", "phrase": " Okay."}, {"speaker": "BRAD", "phrase": " he's been in the business for long time."}, {"speaker": "TAMM", "phrase": " great."}, {"speaker": "BRAD", "phrase": " uh"}, {"speaker": "BRAD", "phrase": " and they're good guys there."}, {"speaker": "TAMM", "phrase": " Okay."}, {"speaker": "BRAD", "phrase": " So that would be"}, {"speaker": "BRAD", "phrase": " a place to look at mic."}, {"speaker": "TAMM", "phrase": " okay"}, {"speaker": "TAMM", "phrase": " that'd be great."}, {"speaker": "TAMM", "phrase": " Yeah."}, {"speaker": "TAMM", "phrase": " Um"}, {"speaker": "TAMM", "phrase": " if we needed to get price on a tape recorder"}, {"speaker": "TAMM", "phrase": " that we lost."}, {"speaker": "TAMM", "phrase": " See what we lost was tape recorder"}, {"speaker": "TAMM", "phrase": " not tape deck."}, {"speaker": "TAMM", "phrase": "PAUSE"}, {"speaker": "BRAD", "phrase": " Okay."}, {"speaker": "TAMM", "phrase": " It was fancy Uher ?"}, {"speaker": "TAMM", "phrase": " That name rings bell ?"}, {"speaker": "BRAD", "phrase": " Are."}, {"speaker": "BRAD", "phrase": " Oh really."}, {"speaker": "BRAD", "phrase": " It was."}, {"speaker": "TAMM", "phrase": " Yeah."}, {"speaker": "BRAD", "phrase": " Oh gosh."}, {"speaker": "TAMM", "phrase": " Right."}, {"speaker": "BRAD", "phrase": " that's."}, {"speaker": "TAMM", "phrase": "PAUSE"}, {"speaker": "BRAD", "phrase": " like."}, {"speaker": "TAMM", "phrase": " But..."}, {"speaker": "BRAD", "phrase": " considered"}, {"speaker": "BRAD", "phrase": " I mean there's lot of different models of Uhers."}, {"speaker": "TAMM", "phrase": " Mhm."}, {"speaker": "BRAD", "phrase": " but uh"}, {"speaker": "BRAD", "phrase": " they've always been considered"}, {"speaker": "BRAD", "phrase": " probably one of the finest portable cassette recorders."}, {"speaker": "TAMM", "phrase": " mhm"}, {"speaker": "TAMM", "phrase": " mhm"}, {"speaker": "TAMM", "phrase": " yeah."}, {"speaker": "TAMM", "phrase": " Right."}, {"speaker": "BRAD", "phrase": " uh."}, {"speaker": "BRAD", "phrase": " our blue book usually shows the Uhers."}, {"speaker": "TAMM", "phrase": " Yeah."}, {"speaker": "BRAD", "phrase": " Our older Uhers."}, {"speaker": "TAMM", "phrase": " Okay."}, {"speaker": "BRAD", "phrase": " So I could show you what the blue book price was."}, {"speaker": "TAMM", "phrase": " Then if I."}, {"speaker": "TAMM", "phrase": " Okay."}, {"speaker": "BRAD", "phrase": " it's gonna be hard to..."}, {"speaker": "TAMM", "phrase": " Okay."}, {"speaker": "BRAD", "phrase": " I don't know Uhers that well"}, {"speaker": "BRAD", "phrase": " it's gonna be hard to determine."}, {"speaker": "TAMM", "phrase": " Mhm."}, {"speaker": "BRAD", "phrase": " what would be comparable replacement today."}, {"speaker": "TAMM", "phrase": " I laugh know laugh."}, {"speaker": "TAMM", "phrase": " Right."}, {"speaker": "TAMM", "phrase": " Yeah."}, {"speaker": "BRAD", "phrase": " And that would be something you may wanna run by Wayne."}, {"speaker": "TAMM", "phrase": " Okay."}, {"speaker": "TAMM", "phrase": " Great."}, {"speaker": "TAMM", "phrase": " Okay."}, {"speaker": "TAMM", "phrase": " You don't sell that kind of thing here."}, {"speaker": "TAMM", "phrase": " Right ?"}, {"speaker": "TAMM", "phrase": " Cause this is an audio..."}, {"speaker": "BRAD", "phrase": " That's right."}, {"speaker": "TAMM", "phrase": " place."}, {"speaker": "BRAD", "phrase": " well I mean."}, {"speaker": "TAMM", "phrase": " Okay."}, {"speaker": "BRAD", "phrase": " to tell you the truth"}, {"speaker": "BRAD", "phrase": " sometimes we do get them for people."}, {"speaker": "TAMM", "phrase": " Mhm"}, {"speaker": "TAMM", "phrase": " okay."}, {"speaker": "BRAD", "phrase": " Through the distributors we deal with."}, {"speaker": "TAMM", "phrase": " Yeah."}, {"speaker": "BRAD", "phrase": " But uh."}, {"speaker": "TAMM", "phrase": " Yeah."}, {"speaker": "TAMM", "phrase": " Okay."}, {"speaker": "BRAD", "phrase": " overall."}, {"speaker": "TAMM", "phrase": " Well."}, {"speaker": "BRAD", "phrase": " usually we don't."}, {"speaker": "TAMM", "phrase": " this is great."}, {"speaker": "TAMM", "phrase": " Yeah."}, {"speaker": "TAMM", "phrase": " What I think I'll do is um"}, {"speaker": "TAMM", "phrase": " take these ideas back to Matt."}, {"speaker": "BRAD", "phrase": " Okay."}, {"speaker": "TAMM", "phrase": " and I'll be back."}, {"speaker": "BRAD", "phrase": " Sleep on it."}, {"speaker": "TAMM", "phrase": " then yeah."}, {"speaker": "BRAD", "phrase": " yeah."}, {"speaker": "TAMM", "phrase": " Yeah."}, {"speaker": "TAMM", "phrase": " I need to think about what you told me."}, {"speaker": "BRAD", "phrase": " \u0294Uh."}, {"speaker": "TAMM", "phrase": " But this is very helpful for me."}, {"speaker": "BRAD", "phrase": " okay."}, {"speaker": "TAMM", "phrase": " I really appreciate it."}, {"speaker": "BRAD", "phrase": " just for your knowledge"}, {"speaker": "BRAD", "phrase": " um."}, {"speaker": "TAMM", "phrase": "PAUSE"}, {"speaker": "BRAD", "phrase": " the kay one ten ?"}, {"speaker": "BRAD", "phrase": " and the kay one ten doubleu."}, {"speaker": "TAMM", "phrase": " Mhm."}, {"speaker": "BRAD", "phrase": " that's the auto."}, {"speaker": "BRAD", "phrase": " single auto reverse."}, {"speaker": "TAMM", "phrase": " right."}, {"speaker": "BRAD", "phrase": " and double auto reverse"}, {"speaker": "BRAD", "phrase": " we have in stock."}, {"speaker": "TAMM", "phrase": " Okay."}, {"speaker": "BRAD", "phrase": " The kay one eleven."}, {"speaker": "TAMM", "phrase": " Hm."}, {"speaker": "BRAD", "phrase": " um"}, {"speaker": "BRAD", "phrase": " I don't believe I have in stock"}, {"speaker": "BRAD", "phrase": " but we're gonna be placing Luxman order soon."}, {"speaker": "BRAD", "phrase": " And"}, {"speaker": "BRAD", "phrase": " since they ship out of Torrance."}, {"speaker": "TAMM", "phrase": " Mhm."}, {"speaker": "BRAD", "phrase": " um"}, {"speaker": "BRAD", "phrase": " you know"}, {"speaker": "BRAD", "phrase": " lead time isn't too bad on it."}, {"speaker": "BRAD", "phrase": " but just know that."}, {"speaker": "TAMM", "phrase": " mhm."}, {"speaker": "BRAD", "phrase": " you couldn't call me up and then listen to tape that night."}, {"speaker": "TAMM", "phrase": " right."}, {"speaker": "TAMM", "phrase": " Okay."}, {"speaker": "TAMM", "phrase": " That's fine."}, {"speaker": "BRAD", "phrase": " Okay."}, {"speaker": "TAMM", "phrase": " Okay."}, {"speaker": "TAMM", "phrase": " Um"}, {"speaker": "TAMM", "phrase": " but"}, {"speaker": "TAMM", "phrase": " we're talking like maybe week or something."}, {"speaker": "BRAD", "phrase": " Oh."}, {"speaker": "BRAD", "phrase": " Yeah."}, {"speaker": "TAMM", "phrase": " Okay."}, {"speaker": "BRAD", "phrase": " Yeah."}, {"speaker": "TAMM", "phrase": " No problem."}, {"speaker": "TAMM", "phrase": "PAUSE"}, {"speaker": "BRAD", "phrase": " If that."}, {"speaker": "TAMM", "phrase": " I mean listen."}, {"speaker": "BRAD", "phrase": " If that."}, {"speaker": "TAMM", "phrase": "PAUSE"}, {"speaker": "TAMM", "phrase": " I'm not that uh."}, {"speaker": "BRAD", "phrase": " Okay."}, {"speaker": "TAMM", "phrase": " the timing isn't that tight."}, {"speaker": "TAMM", "phrase": " I've waited long time."}, {"speaker": "BRAD", "phrase": " Okay."}, {"speaker": "TAMM", "phrase": " for lot of stuff"}, {"speaker": "TAMM", "phrase": " so"}, {"speaker": "TAMM", "phrase": " no."}, {"speaker": "BRAD", "phrase": " Okay."}, {"speaker": "TAMM", "phrase": " It's not big problem."}, {"speaker": "TAMM", "phrase": " But I appreciate your letting me know about that."}, {"speaker": "BRAD", "phrase": " okay."}, {"speaker": "BRAD", "phrase": " Okay."}, {"speaker": "BRAD", "phrase": " Um."}, {"speaker": "TAMM", "phrase": " Okay."}, {"speaker": "BRAD", "phrase": " Pete had told me Matt came by"}, {"speaker": "BRAD", "phrase": " and picked up some literature on"}, {"speaker": "BRAD", "phrase": " I guess the."}, {"speaker": "BRAD", "phrase": " the little speakers"}, {"speaker": "BRAD", "phrase": " we were talking a bout."}, {"speaker": "TAMM", "phrase": " right."}, {"speaker": "BRAD", "phrase": " I don't"}, {"speaker": "BRAD", "phrase": " I don't."}, {"speaker": "TAMM", "phrase": " Okay."}, {"speaker": "BRAD", "phrase": " I don't know if he actually got the exact one I recommended"}, {"speaker": "BRAD", "phrase": " or not."}, {"speaker": "TAMM", "phrase": " Yeah."}, {"speaker": "BRAD", "phrase": " and then"}, {"speaker": "BRAD", "phrase": " uh"}, {"speaker": "BRAD", "phrase": " there was an article on uh"}, {"speaker": "BRAD", "phrase": " FM antennas"}, {"speaker": "BRAD", "phrase": " I had recommended to him."}, {"speaker": "TAMM", "phrase": " Mhm."}, {"speaker": "BRAD", "phrase": " And Pete made copy of it for him."}, {"speaker": "TAMM", "phrase": " Yeah."}, {"speaker": "TAMM", "phrase": " Okay."}, {"speaker": "BRAD", "phrase": " Okay."}, {"speaker": "TAMM", "phrase": " That's great."}, {"speaker": "BRAD", "phrase": "PAUSE"}, {"speaker": "TAMM", "phrase": " Yeah."}, {"speaker": "TAMM", "phrase": " That was really helpful."}, {"speaker": "BRAD", "phrase": " So."}, {"speaker": "BRAD", "phrase": " Do..."}, {"speaker": "TAMM", "phrase": "PAUSE"}, {"speaker": "BRAD", "phrase": " had you heard anything"}, {"speaker": "BRAD", "phrase": " has he read that and he's thinking..."}, {"speaker": "TAMM", "phrase": "PAUSE"}, {"speaker": "TAMM", "phrase": " Right."}, {"speaker": "BRAD", "phrase": " thinking..."}, {"speaker": "TAMM", "phrase": " Yeah."}, {"speaker": "BRAD", "phrase": " Okay good."}, {"speaker": "TAMM", "phrase": " That was part of what we had to That was part of what we had to put in the specs."}, {"speaker": "TAMM", "phrase": " We needed to know the size"}, {"speaker": "TAMM", "phrase": " and this whole antenna question"}, {"speaker": "TAMM", "phrase": " whether you could put an antenna"}, {"speaker": "TAMM", "phrase": " you talked about this with him."}, {"speaker": "BRAD", "phrase": " Okay."}, {"speaker": "TAMM", "phrase": "PAUSE"}, {"speaker": "TAMM", "phrase": " under the roof and"}, {"speaker": "TAMM", "phrase": "PAUSE"}, {"speaker": "BRAD", "phrase": " Yes."}, {"speaker": "TAMM", "phrase": " cause you know."}, {"speaker": "TAMM", "phrase": " You can't have that stuff showing."}, {"speaker": "BRAD", "phrase": " That's right."}, {"speaker": "TAMM", "phrase": "PAUSE"}, {"speaker": "BRAD", "phrase": " That's right."}, {"speaker": "TAMM", "phrase": " Not where we laugh are laugh."}, {"speaker": "BRAD", "phrase": " Yeah."}, {"speaker": "TAMM", "phrase": " Yeah."}, {"speaker": "BRAD", "phrase": " Uh."}, {"speaker": "TAMM", "phrase": " Okay."}, {"speaker": "BRAD", "phrase": " how's the house moving along."}, {"speaker": "TAMM", "phrase": "PAUSE"}, {"speaker": "TAMM", "phrase": " Coming along."}, {"speaker": "TAMM", "phrase": " We're gonna be"}, {"speaker": "TAMM", "phrase": " putting the uh"}, {"speaker": "TAMM", "phrase": " specs out for bids."}, {"speaker": "BRAD", "phrase": " Great."}, {"speaker": "TAMM", "phrase": " Within the month."}, {"speaker": "TAMM", "phrase": " So."}, {"speaker": "BRAD", "phrase": " Great."}, {"speaker": "TAMM", "phrase": " yeah."}, {"speaker": "BRAD", "phrase": " That's progress."}, {"speaker": "TAMM", "phrase": " So"}, {"speaker": "TAMM", "phrase": " that's..."}, {"speaker": "BRAD", "phrase": " isn't it."}, {"speaker": "TAMM", "phrase": " It's progress."}, {"speaker": "BRAD", "phrase": "PAUSE"}, {"speaker": "TAMM", "phrase": " Yeah."}, {"speaker": "TAMM", "phrase": " We're going as fast as we can."}, {"speaker": "TAMM", "phrase": " We're gonna have"}, {"speaker": "TAMM", "phrase": " like"}, {"speaker": "TAMM", "phrase": " four weeks we just have to wait."}, {"speaker": "TAMM", "phrase": " While the bidding."}, {"speaker": "BRAD", "phrase": " Exactly."}, {"speaker": "TAMM", "phrase": " And um"}, {"speaker": "TAMM", "phrase": " but..."}, {"speaker": "BRAD", "phrase": " Well"}, {"speaker": "BRAD", "phrase": " then if"}, {"speaker": "BRAD", "phrase": " then if you sit up at night thinking."}, {"speaker": "TAMM", "phrase": " Then..."}, {"speaker": "BRAD", "phrase": " should we go for him."}, {"speaker": "TAMM", "phrase": " I know it."}, {"speaker": "BRAD", "phrase": " or should we go for him."}, {"speaker": "TAMM", "phrase": " It's just what I was telling Jeff."}, {"speaker": "TAMM", "phrase": " I said we got all these places in the specs"}, {"speaker": "TAMM", "phrase": " where we're."}, {"speaker": "TAMM", "phrase": " we're having to say"}, {"speaker": "TAMM", "phrase": " you know."}, {"speaker": "TAMM", "phrase": "PAUSE"}, {"speaker": "TAMM", "phrase": " Figure this one separately"}, {"speaker": "TAMM", "phrase": " cause we may have to axe it."}, {"speaker": "TAMM", "phrase": " You know."}, {"speaker": "TAMM", "phrase": " And we're just"}, {"speaker": "TAMM", "phrase": " biting our nails"}, {"speaker": "TAMM", "phrase": " cause we don't know"}, {"speaker": "TAMM", "phrase": " what the bot tom line is gonna be."}, {"speaker": "BRAD", "phrase": " Sure."}, {"speaker": "BRAD", "phrase": "PAUSE"}, {"speaker": "BRAD", "phrase": " Yeah."}, {"speaker": "TAMM", "phrase": " So"}, {"speaker": "TAMM", "phrase": " maybe uh"}, {"speaker": "TAMM", "phrase": " anyway."}, {"speaker": "BRAD", "phrase": " Some parts of it will really surprise you."}, {"speaker": "TAMM", "phrase": " Yeah laugh."}, {"speaker": "TAMM", "phrase": "PAUSE"}, {"speaker": "BRAD", "phrase": " and some parts will"}, {"speaker": "BRAD", "phrase": " be lot less than you thought."}, {"speaker": "TAMM", "phrase": " Yeah."}, {"speaker": "TAMM", "phrase": " Like windows aren't as expensive as I thought."}, {"speaker": "TAMM", "phrase": " So"}, {"speaker": "TAMM", "phrase": " it's..."}, {"speaker": "BRAD", "phrase": " Oh."}, {"speaker": "TAMM", "phrase": " That's how it's going."}, {"speaker": "BRAD", "phrase": " Well that's good."}, {"speaker": "TAMM", "phrase": " Yeah."}, {"speaker": "BRAD", "phrase": " Well you have to do"}, {"speaker": "BRAD", "phrase": " double glazed up there now."}, {"speaker": "TAMM", "phrase": " Yeah."}, {"speaker": "TAMM", "phrase": " That's true."}, {"speaker": "BRAD", "phrase": "PAUSE"}, {"speaker": "TAMM", "phrase": " Right."}, {"speaker": "TAMM", "phrase": " Yeah."}, {"speaker": "BRAD", "phrase": " Um"}, {"speaker": "BRAD", "phrase": " which some."}, {"speaker": "BRAD", "phrase": " which adds bit."}, {"speaker": "TAMM", "phrase": " Yeah."}, {"speaker": "BRAD", "phrase": " To the cost goes up."}, {"speaker": "TAMM", "phrase": " Well"}, {"speaker": "TAMM", "phrase": " we'll keep you post ed on."}, {"speaker": "BRAD", "phrase": " Okay."}, {"speaker": "TAMM", "phrase": " how it's all going."}, {"speaker": "BRAD", "phrase": " Just let me know."}, {"speaker": "TAMM", "phrase": " and I'll certainly let you know about this thing"}, {"speaker": "TAMM", "phrase": " um"}, {"speaker": "TAMM", "phrase": " I'll be calling you back."}, {"speaker": "BRAD", "phrase": " Okay."}, {"speaker": "TAMM", "phrase": " Within a few days."}, {"speaker": "BRAD", "phrase": " And."}, {"speaker": "BRAD", "phrase": " I think I had given you some literature before."}, {"speaker": "TAMM", "phrase": " Yeah."}, {"speaker": "BRAD", "phrase": " On that."}, {"speaker": "BRAD", "phrase": " And it shows those cassette decks in there."}, {"speaker": "TAMM", "phrase": " Okay."}, {"speaker": "BRAD", "phrase": " If you need an additional piece."}, {"speaker": "TAMM", "phrase": " That's right."}, {"speaker": "BRAD", "phrase": " I can."}, {"speaker": "BRAD", "phrase": " I can get you one."}, {"speaker": "TAMM", "phrase": " \u0294Uh no you're."}, {"speaker": "TAMM", "phrase": " I think you're right."}, {"speaker": "BRAD", "phrase": " Okay."}, {"speaker": "TAMM", "phrase": " Yeah that's what I had looked at."}, {"speaker": "TAMM", "phrase": " So"}, {"speaker": "TAMM", "phrase": " I think"}, {"speaker": "TAMM", "phrase": " is."}, {"speaker": "TAMM", "phrase": " no."}, {"speaker": "TAMM", "phrase": " You don't have the..."}, {"speaker": "BRAD", "phrase": " I have the d the..."}, {"speaker": "TAMM", "phrase": " one."}, {"speaker": "BRAD", "phrase": " the double one here."}, {"speaker": "TAMM", "phrase": " right."}, {"speaker": "TAMM", "phrase": " Right."}, {"speaker": "BRAD", "phrase": " And I have the."}, {"speaker": "TAMM", "phrase": " That's what I saw."}, {"speaker": "BRAD", "phrase": " \u0294the real high end"}, {"speaker": "BRAD", "phrase": " um."}, {"speaker": "TAMM", "phrase": " Mhm."}, {"speaker": "BRAD", "phrase": " single one."}, {"speaker": "TAMM", "phrase": " yeah."}, {"speaker": "TAMM", "phrase": " Okay."}, {"speaker": "BRAD", "phrase": "PAUSE"}, {"speaker": "TAMM", "phrase": " Alright."}, {"speaker": "BRAD", "phrase": " The other."}, {"speaker": "BRAD", "phrase": " the other"}, {"speaker": "BRAD", "phrase": " the single auto reverse"}, {"speaker": "BRAD", "phrase": " I have in stock"}, {"speaker": "BRAD", "phrase": "I just don't have on display."}, {"speaker": "TAMM", "phrase": " Yeah."}, {"speaker": "TAMM", "phrase": " That's alright."}, {"speaker": "TAMM", "phrase": " Yeah."}, {"speaker": "BRAD", "phrase": " Okay."}, {"speaker": "TAMM", "phrase": " Okay."}, {"speaker": "TAMM", "phrase": " Good."}, {"speaker": "TAMM", "phrase": " Thanks so much."}, {"speaker": "BRAD", "phrase": " Well that gives you an idea."}, {"speaker": "TAMM", "phrase": " Alright."}, {"speaker": "TAMM", "phrase": " Good."}, {"speaker": "BRAD", "phrase": " Okay good."}, {"speaker": "TAMM", "phrase": " I kept you five minutes"}, {"speaker": "TAMM", "phrase": " but I..."}, {"speaker": "BRAD", "phrase": " Oh."}, {"speaker": "TAMM", "phrase": " I bet it's been worse than that before."}, {"speaker": "BRAD", "phrase": " It's."}, {"speaker": "BRAD", "phrase": " it's."}, {"speaker": "BRAD", "phrase": " Oh."}, {"speaker": "BRAD", "phrase": " This is nothing."}, {"speaker": "TAMM", "phrase": "PAUSE"}, {"speaker": "BRAD", "phrase": " Yeah."}, {"speaker": "BRAD", "phrase": " This is nothing."}, {"speaker": "BRAD", "phrase": " This is joy."}, {"speaker": "TAMM", "phrase": " Hunh."}, {"speaker": "TAMM", "phrase": "PAUSE"}, {"speaker": "BRAD", "phrase": " To tell you the truth."}, {"speaker": "TAMM", "phrase": " Good laugh."}, {"speaker": "TAMM", "phrase": " Good."}, {"speaker": "BRAD", "phrase": "PAUSE"}, {"speaker": "TAMM", "phrase": "PAUSE"}, {"speaker": "TAMM", "phrase": " Well I think you've got another sale."}, {"speaker": "BRAD", "phrase": " Okay."}, {"speaker": "TAMM", "phrase": " So."}, {"speaker": "BRAD", "phrase": " Okay."}, {"speaker": "BRAD", "phrase": " Well."}, {"speaker": "TAMM", "phrase": " just have to talk to Matt."}, {"speaker": "BRAD", "phrase": " thank you."}, {"speaker": "TAMM", "phrase": " Yeah."}]}