{"text": [{"speaker": "FRED", "phrase": " Yeah."}, {"speaker": "FRED", "phrase": " I tell you man that factory's the pits man."}, {"speaker": "RICH", "phrase": " What's new?"}, {"speaker": "FRED", "phrase": " last night I got into hassle with James Boyd."}, {"speaker": "FRED", "phrase": " I'm in the cafeteria."}, {"speaker": "RICH", "phrase": " Yeah."}, {"speaker": "FRED", "phrase": " and I took a break"}, {"speaker": "FRED", "phrase": " That was just little bit too long man."}, {"speaker": "FRED", "phrase": " You know"}, {"speaker": "RICH", "phrase": " Yeah."}, {"speaker": "FRED", "phrase": "PAUSE"}, {"speaker": "RICH", "phrase": " I can imagine."}, {"speaker": "FRED", "phrase": " half hour break."}, {"speaker": "RICH", "phrase": " You stretched fifteen minute break into half hour break."}, {"speaker": "FRED", "phrase": "PAUSE"}, {"speaker": "FRED", "phrase": " to half hour."}, {"speaker": "FRED", "phrase": " And then he comes into the cafeteria."}, {"speaker": "FRED", "phrase": " And I thought he was coming in to chase everybody away."}, {"speaker": "RICH", "phrase": " He was after you."}, {"speaker": "FRED", "phrase": " But he's coming after me."}, {"speaker": "FRED", "phrase": " And he calls me."}, {"speaker": "FRED", "phrase": " And I'm walking out the door."}, {"speaker": "FRED", "phrase": " Right as he's walking in the other one ?"}, {"speaker": "RICH", "phrase": " Unhunh ?"}, {"speaker": "FRED", "phrase": "PAUSE"}, {"speaker": "FRED", "phrase": " And he goes"}, {"speaker": "FRED", "phrase": " Fred"}, {"speaker": "FRED", "phrase": " I wanna talk to you"}, {"speaker": "FRED", "phrase": "Come here."}, {"speaker": "FRED", "phrase": " And I go"}, {"speaker": "FRED", "phrase": " oh man"}, {"speaker": "FRED", "phrase": " what is this about?"}, {"speaker": "FRED", "phrase": " And on my production card."}, {"speaker": "FRED", "phrase": " Let's see."}, {"speaker": "FRED", "phrase": " The day before yesterday."}, {"speaker": "FRED", "phrase": " I did ice cream."}, {"speaker": "FRED", "phrase": " Right"}, {"speaker": "FRED", "phrase": " Balian ?"}, {"speaker": "RICH", "phrase": " Unhunh."}, {"speaker": "FRED", "phrase": " And you gotta pack those in cases."}, {"speaker": "FRED", "phrase": " And."}, {"speaker": "RICH", "phrase": " Right."}, {"speaker": "FRED", "phrase": " so like"}, {"speaker": "FRED", "phrase": " I didn't put that down on my production card."}, {"speaker": "RICH", "phrase": " How many cases you packed?"}, {"speaker": "FRED", "phrase": " I don't know man."}, {"speaker": "FRED", "phrase": " I packed two pallets."}, {"speaker": "FRED", "phrase": " You know"}, {"speaker": "FRED", "phrase": " I don't know how many cases that is."}, {"speaker": "RICH", "phrase": " Unhunh."}, {"speaker": "FRED", "phrase": " but"}, {"speaker": "FRED", "phrase": " you know"}, {"speaker": "FRED", "phrase": " that"}, {"speaker": "FRED", "phrase": " that shit was heavy man."}, {"speaker": "FRED", "phrase": " And like"}, {"speaker": "FRED", "phrase": " and like"}, {"speaker": "FRED", "phrase": " I put down on the card"}, {"speaker": "FRED", "phrase": " you know"}, {"speaker": "FRED", "phrase": " no cases."}, {"speaker": "FRED", "phrase": " Because it was lost time."},  {"speaker": "FRED", "phrase": " you know we."}, {"speaker": "RICH", "phrase": " Right."}, {"speaker": "FRED", "phrase": " we stripped the sides and everything."}, {"speaker": "RICH", "phrase": " Right."}, {"speaker": "RICH", "phrase": " Yeah."}, {"speaker": "FRED", "phrase": " and like."}, {"speaker": "RICH", "phrase": " you were teaming up with somebody"}, {"speaker": "FRED", "phrase": " there were no cases."}, {"speaker": "RICH", "phrase": " or working alone?"}, {"speaker": "FRED", "phrase": " \u0294uh"}, {"speaker": "FRED", "phrase": " I."}, {"speaker": "FRED", "phrase": " uh"}, {"speaker": "FRED", "phrase": " \u0294uh Gutierrez was doing the same job."}, {"speaker": "FRED", "phrase": " But we weren't working together."}, {"speaker": "RICH", "phrase": " Oh you're working alone."}, {"speaker": "FRED", "phrase": " Yeah"}, {"speaker": "FRED", "phrase": " and so he comes and says"}, {"speaker": "FRED", "phrase": " well"}, {"speaker": "FRED", "phrase": " he goes"}, {"speaker": "FRED", "phrase": " I don't know if you've packed this or not."}, {"speaker": "FRED", "phrase": " You know."}, {"speaker": "FRED", "phrase": " On your production card"}, {"speaker": "FRED", "phrase": " all it says"}, {"speaker": "FRED", "phrase": " you know"}, {"speaker": "FRED", "phrase": " is that you did three thousand sheets?"}, {"speaker": "FRED", "phrase": " but you..."}, {"speaker": "RICH", "phrase": " Two loads."}, {"speaker": "FRED", "phrase": " Yeah."}, {"speaker": "FRED", "phrase": " But you didn't pack it."}, {"speaker": "FRED", "phrase": " So I go"}, {"speaker": "FRED", "phrase": " yeah"}, {"speaker": "FRED", "phrase": " I go look man"}, {"speaker": "FRED", "phrase": " there they are."}, {"speaker": "FRED", "phrase": " You could see there's my name"}, {"speaker": "FRED", "phrase": " \u0294uh stamped right on there."}, {"speaker": "FRED", "phrase": " I just didn't put it down."}, {"speaker": "FRED", "phrase": " Oh"}, {"speaker": "FRED", "phrase": " well I gotta figure it out."}, {"speaker": "FRED", "phrase": " And he goes"}, {"speaker": "FRED", "phrase": " and what are you doing in the cafeteria so late?"}, {"speaker": "FRED", "phrase": " I'm just going"}, {"speaker": "FRED", "phrase": " aw man"}, {"speaker": "FRED", "phrase": " this is the pits man."}, {"speaker": "FRED", "phrase": " This is at the bottom of the..."}, {"speaker": "RICH", "phrase": " That's the last thing you wanted to hear."}, {"speaker": "FRED", "phrase": " Yeah really."}, {"speaker": "FRED", "phrase": " \u0294uh This fucking mayate."}, {"speaker": "FRED", "phrase": " You know"}, {"speaker": "FRED", "phrase": " getting on my case."}, {"speaker": "RICH", "phrase": " Yeah."}, {"speaker": "FRED", "phrase": "PAUSE"}, {"speaker": "FRED", "phrase": "PAUSE"}, {"speaker": "RICH", "phrase": " Well that's nothing new."}, {"speaker": "FRED", "phrase": " It's nothing new."}, {"speaker": "RICH", "phrase": " It's always been like that."}, {"speaker": "FRED", "phrase": " it's."}, {"speaker": "FRED", "phrase": " It's par for the course man."}, {"speaker": "FRED", "phrase": " Right ?"}, {"speaker": "FRED", "phrase": "PAUSE"}, {"speaker": "RICH", "phrase": " Yeah"}, {"speaker": "RICH", "phrase": " definitely."}, {"speaker": "RICH", "phrase": " why I can't take that"}, {"speaker": "RICH", "phrase": " that type of living anymore"}, {"speaker": "RICH", "phrase": " even is this"}, {"speaker": "RICH", "phrase": " uh"}, {"speaker": "RICH", "phrase": " career doesn't work out for me"}, {"speaker": "RICH", "phrase": " I'll find something that will."}, {"speaker": "FRED", "phrase": " Something else."}, {"speaker": "FRED", "phrase": " Well you're gonna do real estate maybe"}, {"speaker": "FRED", "phrase": " right ?"}, {"speaker": "RICH", "phrase": " Definitely"}, {"speaker": "RICH", "phrase": " I'm."}, {"speaker": "RICH", "phrase": " I got my books and everything"}, {"speaker": "RICH", "phrase": " I'll be studying and uh"}, {"speaker": "RICH", "phrase": " but in sense"}, {"speaker": "RICH", "phrase": " I need some type of steady income."}, {"speaker": "FRED", "phrase": " But"}, {"speaker": "FRED", "phrase": " but uh"}, {"speaker": "FRED", "phrase": " you the competition man."}, {"speaker": "FRED", "phrase": " I mean"}, {"speaker": "FRED", "phrase": " is it real tough ?"}, {"speaker": "FRED", "phrase": " Like on the lot ?"}, {"speaker": "RICH", "phrase": " Yeah it is."}, {"speaker": "RICH", "phrase": " There's."}, {"speaker": "RICH", "phrase": " And there's guys that've been doing that four or five years"},  {"speaker": "FRED", "phrase": " And they're real good at it."}, {"speaker": "RICH", "phrase": " that are real good at it"}, {"speaker": "RICH", "phrase": " and they know how to talk to the people"}, {"speaker": "RICH", "phrase": " and they know that when somebody's coming in if they're buying or not."}, {"speaker": "FRED", "phrase": " Oh they could tell right away."}, {"speaker": "RICH", "phrase": " Yeah but that all comes with time."}, {"speaker": "RICH", "phrase": " You know"}, {"speaker": "RICH", "phrase": " and."}, {"speaker": "FRED", "phrase": " Yeah."}, {"speaker": "RICH", "phrase": " and they're pretty helpful with me"}, {"speaker": "RICH", "phrase": " and  you know it'll all come in time."}, {"speaker": "RICH", "phrase": " Right"}, {"speaker": "RICH", "phrase": " I figure the more cards I get out the more people I talk to the more cars I'm gonna sell."}, {"speaker": "RICH", "phrase": " Just all comes with time."}, {"speaker": "RICH", "phrase": " Once I get my experience"}, {"speaker": "RICH", "phrase": " I'll be up there too in the top four salesman."}, {"speaker": "RICH", "phrase": "PAUSE"}, {"speaker": "FRED", "phrase": " Your parents don't know yet."}, {"speaker": "FRED", "phrase": " Hunh."}, {"speaker": "RICH", "phrase": " No."}, {"speaker": "RICH", "phrase": " They'll know when they come back."}, {"speaker": "FRED", "phrase": " I."}, {"speaker": "FRED", "phrase": " and I think my dad told me yesterday"}, {"speaker": "FRED", "phrase": " they're coming back the fifteenth ?"}, {"speaker": "FRED", "phrase": " or sixteenth ?"}, {"speaker": "RICH", "phrase": " Yeah."}, {"speaker": "RICH", "phrase": " def."}, {"speaker": "RICH", "phrase": " I think."}, {"speaker": "RICH", "phrase": " \u0294uh It's gonna be the fifteenth"}, {"speaker": "RICH", "phrase": " which would be on Saturday I think."}, {"speaker": "RICH", "phrase": " And I'll be working till nine o'clock."}, {"speaker": "RICH", "phrase": " So they'll be pretty happy for me"}, {"speaker": "RICH", "phrase": " more or less"}, {"speaker": "RICH", "phrase": " because they didn't want me to work in the factory much longer."}, {"speaker": "FRED", "phrase": " Yeah, I know."}, {"speaker": "FRED", "phrase": " My mom doesn't know what to do to get me out."}, {"speaker": "FRED", "phrase": " But they didn't take trip through Brazil and Argentina ?"}, {"speaker": "RICH", "phrase": " I don't know"}, {"speaker": "RICH", "phrase": " I don't know"}, {"speaker": "RICH", "phrase": " they didn't..."}, {"speaker": "FRED", "phrase": " They spent the whole time in Guayaquil ?"}, {"speaker": "RICH", "phrase": " Yeah I think so."}, {"speaker": "RICH", "phrase": " My dad told me he was gonna go to uh"}, {"speaker": "RICH", "phrase": " Argentina and Peru"}, {"speaker": "RICH", "phrase": " and Colombia"}, {"speaker": "RICH", "phrase": " but he only wrote one letter"}, {"speaker": "RICH", "phrase": " and and they were in uh."}, {"speaker": "FRED", "phrase": " No one's called them"}, {"speaker": "FRED", "phrase": " I mean no one's talked to them ?"}, {"speaker": "RICH", "phrase": " No."}, {"speaker": "FRED", "phrase": "PAUSE"}, {"speaker": "RICH", "phrase": " He sent postcards to everybody"}, {"speaker": "RICH", "phrase": " and letter but"}, {"speaker": "RICH", "phrase": "PAUSE"}, {"speaker": "FRED", "phrase": " Yeah."}, {"speaker": "RICH", "phrase": " Other than that"}, {"speaker": "RICH", "phrase": " he hasn't called or told us what's up"}, {"speaker": "RICH", "phrase": " and he'll be in here no time."}, {"speaker": "FRED", "phrase": " Is he staying over at Miguel Juarez's ?"}, {"speaker": "RICH", "phrase": " Yeah."}, {"speaker": "FRED", "phrase": " Yeah ?"}, {"speaker": "RICH", "phrase": " And  the other architect."}, {"speaker": "RICH", "phrase": " Is his nephew or something?"}, {"speaker": "RICH", "phrase": "PAUSE"}, {"speaker": "RICH", "phrase": " Pedro Cruz."}, {"speaker": "FRED", "phrase": " Pedro Cruz."}, {"speaker": "RICH", "phrase": " Yeah he's architect or."}, {"speaker": "FRED", "phrase": " I never met him."}, {"speaker": "FRED", "phrase": " I know Miguel."}, {"speaker": "RICH", "phrase": " That's his."}, {"speaker": "FRED", "phrase": " I've been to his house number of."}, {"speaker": "RICH", "phrase": " his nephew."}, {"speaker": "RICH", "phrase": " one of his brother's sons or something."}, {"speaker": "FRED", "phrase": " Unhunh."}, {"speaker": "RICH", "phrase": " But they'll come back"}, {"speaker": "RICH", "phrase": " they'll be happy to see me here"}, {"speaker": "RICH", "phrase": " that I got new career going"}, {"speaker": "RICH", "phrase": " and uh."}, {"speaker": "FRED", "phrase": " They weren't all heartbroken about"}, {"speaker": "FRED", "phrase": " you know"}, {"speaker": "FRED", "phrase": " Jeanie and that ?"}, {"speaker": "RICH", "phrase": " Well they have no idea what's happening right now."}, {"speaker": "FRED", "phrase": " They must have been."}, {"speaker": "FRED", "phrase": " They have no idea."}, {"speaker": "RICH", "phrase": " When they left we were on shaky grounds"}, {"speaker": "RICH", "phrase": " but"}, {"speaker": "RICH", "phrase": " \u0294uh you know"}, {"speaker": "RICH", "phrase": " they thought it might be able to work out."}, {"speaker": "RICH", "phrase": " So when they come in they'll be pretty shocked."}, {"speaker": "FRED", "phrase": " Yeah."}, {"speaker": "RICH", "phrase": " And"}, {"speaker": "RICH", "phrase": " and hurt."}, {"speaker": "RICH", "phrase": " But like I say things will work out for the best."}, {"speaker": "FRED", "phrase": " What about her folks?"}, {"speaker": "FRED", "phrase": " They're not sorry at all"}, {"speaker": "FRED", "phrase": " huh."}, {"speaker": "RICH", "phrase": " No uh"}, {"speaker": "RICH", "phrase": "in fact I've seen them"}, {"speaker": "RICH", "phrase": " I."}, {"speaker": "RICH", "phrase": "  I went to church with them for the last three Sundays."}, {"speaker": "FRED", "phrase": " Really ?"}, {"speaker": "RICH", "phrase": " With Jeanie."}, {"speaker": "FRED", "phrase": " Wow."}, {"speaker": "RICH", "phrase": " She thought it might"}, {"speaker": "RICH", "phrase": " you know"}, {"speaker": "RICH", "phrase": " help our relationship as friends"}, {"speaker": "RICH", "phrase": " and uh."}, {"speaker": "FRED", "phrase": " She still considers you man."}, {"speaker": "FRED", "phrase": " Hunh."}, {"speaker": "RICH", "phrase": " Exactly."}, {"speaker": "RICH", "phrase": " She does"}, {"speaker": "RICH", "phrase": " because I mean"}, {"speaker": "RICH", "phrase": " we went to church together"}, {"speaker": "RICH", "phrase": " for the last three Sundays."}, {"speaker": "FRED", "phrase": " Yeah."}, {"speaker": "RICH", "phrase": " and then"}, {"speaker": "RICH", "phrase": " then we went to the movies after"}, {"speaker": "RICH", "phrase": " and her her folks were at church"}, {"speaker": "RICH", "phrase": " and you know"}, {"speaker": "RICH", "phrase": " \u0294n afterwards her mom had injury on her leg or something"}, {"speaker": "RICH", "phrase": " she wasn't at church last Sunday"}, {"speaker": "RICH", "phrase": " we went to their house."}, {"speaker": "RICH", "phrase": " \u0294uh And I went over there"}, {"speaker": "RICH", "phrase": " and her brother was there"}, {"speaker": "RICH", "phrase": " her nephews and nieces, her sister"}, {"speaker": "RICH", "phrase": " our godson"}, {"speaker": "RICH", "phrase": " And uh you know"}, {"speaker": "RICH", "phrase": " it was just like everybody was real friendly and everything."}, {"speaker": "FRED", "phrase": " Yeah."}, {"speaker": "RICH", "phrase": " I don't know if the parents are aware that we did"}, {"speaker": "RICH", "phrase": " you know."}, {"speaker": "FRED", "phrase": " Break up ?"}, {"speaker": "RICH", "phrase": " separate"}, {"speaker": "RICH", "phrase": " but it possibly was for the better"}, {"speaker": "RICH", "phrase": " cause they"}, {"speaker": "RICH", "phrase": " they didn't feel comfortable with us living together anyhow."}, {"speaker": "FRED", "phrase": " Yeah, right"}, {"speaker": "FRED", "phrase": " that's not looked on too good hunh."}, {"speaker": "RICH", "phrase": " No."}, {"speaker": "RICH", "phrase": " So"}, {"speaker": "RICH", "phrase": " what they probably think is"}, {"speaker": "RICH", "phrase": " you know"}, {"speaker": "RICH", "phrase": " that we still have lot of love for each other"}, {"speaker": "RICH", "phrase": " That moving out was the best thing."}, {"speaker": "FRED", "phrase": " But..."}, {"speaker": "RICH", "phrase": " until we both are ready for marriage and if she still loves me"}, {"speaker": "RICH", "phrase": " and I still love her"}, {"speaker": "RICH", "phrase": " and we wanna get married"}, {"speaker": "RICH", "phrase": " there's still the chance of us getting back together and getting married this time."}, {"speaker": "FRED", "phrase": " Yeah."}, {"speaker": "RICH", "phrase": " So I mean it."}, {"speaker": "RICH", "phrase": " I think things are working out pretty good."}, {"speaker": "RICH", "phrase": " She called me the other day and uh"}, {"speaker": "RICH", "phrase": " you know"}, {"speaker": "RICH", "phrase": " she calls me and talks to me"}, {"speaker": "RICH", "phrase": " and I call her and ask her how her day was and everything."}, {"speaker": "FRED", "phrase": " Yeah."}, {"speaker": "FRED", "phrase": " What does your sisters say?"}, {"speaker": "RICH", "phrase": " they tell me to stay away from her"}, {"speaker": "RICH", "phrase": " don't even call or anything."}, {"speaker": "FRED", "phrase": " Yeah ?"}, {"speaker": "RICH", "phrase": " Wait till she calls you and everything."}, {"speaker": "RICH", "phrase": " But  you know that's not right."}, {"speaker": "FRED", "phrase": " Yeah."}, {"speaker": "FRED", "phrase": " That's hard man."}, {"speaker": "RICH", "phrase": " I mean if she accepts me calling her and she doesn't tell me"}, {"speaker": "RICH", "phrase": " don't call me or."}, {"speaker": "FRED", "phrase": " They're telling you that why."}, {"speaker": "RICH", "phrase": " Cause they feel that she's gonna get too strong by me"}, {"speaker": "RICH", "phrase": " you know uh"}, {"speaker": "RICH", "phrase": " kissing her ass."}, {"speaker": "FRED", "phrase": " Oh."}, {"speaker": "RICH", "phrase": " or something or "}, {"speaker": "FRED", "phrase": " Exactly."}, {"speaker": "RICH", "phrase": " crawling back."}, {"speaker": "FRED", "phrase": " I see."}, {"speaker": "RICH", "phrase": " and begging her"}, {"speaker": "RICH", "phrase": " you know."}, {"speaker": "FRED", "phrase": "PAUSE"}, {"speaker": "RICH", "phrase": " for me to come back or."}, {"speaker": "FRED", "phrase": " She gonna get the upper hand."}, {"speaker": "RICH", "phrase": " Exactly."}, {"speaker": "RICH", "phrase": " Which"}, {"speaker": "RICH", "phrase": " which"}, {"speaker": "RICH", "phrase": " you know"}, {"speaker": "RICH", "phrase": " she probably already does."}, {"speaker": "RICH", "phrase": " But"},  {"speaker": "FRED", "phrase": " Yeah."}, {"speaker": "RICH", "phrase": " I'm not gonna just wait for her to call me"}, {"speaker": "RICH", "phrase": " because it's not right"}, {"speaker": "RICH", "phrase": " I have feelings for her"}, {"speaker": "RICH", "phrase": " I wanna know"}, {"speaker": "RICH", "phrase": " you know"}, {"speaker": "RICH", "phrase": " how she's doing."}, {"speaker": "FRED", "phrase": " doing."}, {"speaker": "RICH", "phrase": " I'm gonna communicate with her."}, {"speaker": "RICH", "phrase": " That's all there is to it."}, {"speaker": "RICH", "phrase": " It's not like I'm asking her"}, {"speaker": "RICH", "phrase": " you know"}, {"speaker": "RICH", "phrase": " let me move back in or"}, {"speaker": "RICH", "phrase": " you know"}, {"speaker": "RICH", "phrase": " I'm sorry I..."}, {"speaker": "FRED", "phrase": " You just."}, {"speaker": "FRED", "phrase": " Yeah."}, {"speaker": "RICH", "phrase": " I just wanna remain friends with her and find out how she's doing."}, {"speaker": "FRED", "phrase": " Yeah."}, {"speaker": "RICH", "phrase": " So they tell."}, {"speaker": "RICH", "phrase": " I don't tell them I call or nothing."}, {"speaker": "RICH", "phrase": " You know"}, {"speaker": "RICH", "phrase": " and uh"}, {"speaker": "RICH", "phrase": " And I sent her flowers last week"}, {"speaker": "RICH", "phrase": " I sent her flowers to work."}, {"speaker": "FRED", "phrase": " Yeah ?"}, {"speaker": "RICH", "phrase": " The day before I moved out."}, {"speaker": "FRED", "phrase": "PAUSE"}, {"speaker": "RICH", "phrase": " Just to tell her I was sorry about everything that had happened"}, {"speaker": "RICH", "phrase": " and that uh"}, {"speaker": "RICH", "phrase": " you know I hope we could remain friends"}, {"speaker": "RICH", "phrase": " and that God brings us back together"}, {"speaker": "RICH", "phrase": " if it was meant to be."}, {"speaker": "FRED", "phrase": " Yeah."}, {"speaker": "RICH", "phrase": " And she was real happy about this."}, {"speaker": "RICH", "phrase": " She said that really meant lot to me."}, {"speaker": "RICH", "phrase": " You know"}, {"speaker": "RICH", "phrase": " That you did send me flowers"}, {"speaker": "RICH", "phrase": " and uh."}, {"speaker": "FRED", "phrase": " And?"}, {"speaker": "FRED", "phrase": " Then the"}, {"speaker": "FRED", "phrase": " and what you wrote."}, {"speaker": "RICH", "phrase": " Yeah exactly."}, {"speaker": "RICH", "phrase": " Cause she knew it came from my heart"}, {"speaker": "RICH", "phrase": " no matter what"}, {"speaker": "RICH", "phrase": " I'd put her through and everything"}, {"speaker": "RICH", "phrase": " she knows deep down inside"}, {"speaker": "RICH", "phrase": " I really did love her but I had problem or something."}, {"speaker": "FRED", "phrase": " Yeah."}, {"speaker": "FRED", "phrase": " You had to get something out of your system."}, {"speaker": "RICH", "phrase": " And"}, {"speaker": "RICH", "phrase": "Yeah."}, {"speaker": "RICH", "phrase": " But I don't even know what it is in fact."}, {"speaker": "RICH", "phrase": " I might have to go to therapy or something"}, {"speaker": "RICH", "phrase": " to find out."}, {"speaker": "FRED", "phrase": "PAUSE"}, {"speaker": "FRED", "phrase": "PAUSE"}, {"speaker": "RICH", "phrase": " Because there's no."}, {"speaker": "RICH", "phrase": " There's no way I should."}, {"speaker": "FRED", "phrase": "PAUSE"}, {"speaker": "RICH", "phrase": " you know."}, {"speaker": "FRED", "phrase": " You should be like this ?"}, {"speaker": "RICH", "phrase": " Exactly."}, {"speaker": "FRED", "phrase": "PAUSE"}, {"speaker": "RICH", "phrase": " I mean People say you act out of uh"}, {"speaker": "RICH", "phrase": " it's okay"}, {"speaker": "RICH", "phrase": " most men do look at other women"}, {"speaker": "RICH", "phrase": " and uh"}, {"speaker": "RICH", "phrase": " you know"}, {"speaker": "RICH", "phrase": " things go through their mind and everything"}, {"speaker": "RICH", "phrase": " but that I'm impulsive."}, {"speaker": "RICH", "phrase": " I'd act on my impulse."}, {"speaker": "FRED", "phrase": " Yeah."}, {"speaker": "RICH", "phrase": " Like I'd see something"}, {"speaker": "RICH", "phrase": " I'd want it"}, {"speaker": "RICH", "phrase": " and I'd go after her"}, {"speaker": "RICH", "phrase": " where I had beautiful woman"}, {"speaker": "RICH", "phrase": " I shouldn't have thought like that at all."}, {"speaker": "FRED", "phrase": " Yeah."}, {"speaker": "RICH", "phrase": " This what lady told me that was therapist."}, {"speaker": "RICH", "phrase": " She said she was gonna get me somebody to go talk to and everything."}, {"speaker": "RICH", "phrase": " She said it."}, {"speaker": "RICH", "phrase": "PAUSE"}, {"speaker": "RICH", "phrase": " possibly was I was not satisfied with myself."}, {"speaker": "RICH", "phrase": " I wasn't happy with myself for some reason"}, {"speaker": "RICH", "phrase": " and that I just acted out of impulse."}, {"speaker": "FRED", "phrase": " Yeah."}, {"speaker": "RICH", "phrase": "PAUSE"}, {"speaker": "FRED", "phrase": " Wow."}, {"speaker": "RICH", "phrase": " So, I don't know."}, {"speaker": "RICH", "phrase": " it is problem"}, {"speaker": "RICH", "phrase": " because  I did have nice old lady and um"}, {"speaker": "RICH", "phrase": " Kind of miss her and everything."}, {"speaker": "FRED", "phrase": "PAUSE"}, {"speaker": "RICH", "phrase": " It's lonely coming home after putting in twelve hours on the lot."}, {"speaker": "RICH", "phrase": " And working all day and"}, {"speaker": "RICH", "phrase": " you know"}, {"speaker": "RICH", "phrase": " working all evening"}, {"speaker": "RICH", "phrase": " and then you don't have anybody to come home and share it with."}, {"speaker": "FRED", "phrase": " Yeah."}, {"speaker": "FRED", "phrase": " are."}, {"speaker": "FRED", "phrase": " Are you working twelve hours ?"}, {"speaker": "FRED", "phrase": " You're gonna be."}, {"speaker": "RICH", "phrase": " Yeah."}, {"speaker": "FRED", "phrase": " You're gonna be doing that ?"}, {"speaker": "RICH", "phrase": " Yeah."}, {"speaker": "FRED", "phrase": " Nine to nine ?"}, {"speaker": "RICH", "phrase": " Definitely."}, {"speaker": "RICH", "phrase": " Nine to nine."}, {"speaker": "RICH", "phrase": " Well I"}, {"speaker": "RICH", "phrase": " If I want."}, {"speaker": "RICH", "phrase": " That's up to me."}, {"speaker": "FRED", "phrase": " Yeah."}, {"speaker": "RICH", "phrase": " Basically"}, {"speaker": "RICH", "phrase": " you know"}, {"speaker": "RICH", "phrase": " they're gonna give us shift."}, {"speaker": "RICH", "phrase": " Either nine in the morning to three in the afternoon"}, {"speaker": "RICH", "phrase": " or two in the afternoon to nine in the evening."}, {"speaker": "RICH", "phrase": " See."}, {"speaker": "FRED", "phrase": " Unhunh."}, {"speaker": "RICH", "phrase": " So if I wanted to come in before two"}, {"speaker": "RICH", "phrase": " if I was on the the evening shift"}, {"speaker": "RICH", "phrase": " I would come in at nine"}, {"speaker": "RICH", "phrase": " and work nine to nine."}, {"speaker": "RICH", "phrase": " If I was on the evening shift from two to nine"}, {"speaker": "RICH", "phrase": " I could come in and work from nine to nine."}, {"speaker": "FRED", "phrase": " So"}, {"speaker": "FRED", "phrase": " um"}, {"speaker": "FRED", "phrase": " when you went last week"}, {"speaker": "FRED", "phrase": " and you applied right?"}, {"speaker": "RICH", "phrase": " Mhm ?"},  {"speaker": "FRED", "phrase": " they hired you?"}, {"speaker": "RICH", "phrase": " Right on the spot."}, {"speaker": "FRED", "phrase": " Right on the spot."}, {"speaker": "RICH", "phrase": " He gave me interview"}, {"speaker": "RICH", "phrase": " he talked to me"}, {"speaker": "RICH", "phrase": " told me why I wanted to get into sales"}, {"speaker": "RICH", "phrase": " and if I felt I could sell"}, {"speaker": "RICH", "phrase": " if I had any experience"}, {"speaker": "RICH", "phrase": " and everything and."}, {"speaker": "FRED", "phrase": " You told him about all the cars"}, {"speaker": "FRED", "phrase": " that you had owned and sold?"}, {"speaker": "RICH", "phrase": " Yeah"}, {"speaker": "RICH", "phrase": " I told him that I had done."}, {"speaker": "FRED", "phrase": "..."}, {"speaker": "RICH", "phrase": " sold cars all through my early years"}, {"speaker": "RICH", "phrase": " but it was private party."}, {"speaker": "FRED", "phrase": " you've you."}, {"speaker": "FRED", "phrase": " You've had about"}, {"speaker": "FRED", "phrase": " like thirty cars?"}, {"speaker": "RICH", "phrase": " At least."}, {"speaker": "FRED", "phrase": " hunh."}, {"speaker": "RICH", "phrase": " yeah."}, {"speaker": "RICH", "phrase": " At least."}, {"speaker": "FRED", "phrase": " At least thirty cars."}, {"speaker": "RICH", "phrase": " So I have some type of experience selling"}, {"speaker": "RICH", "phrase": " dealing with people."}, {"speaker": "FRED", "phrase": " You know about cars."}, {"speaker": "RICH", "phrase": " handling the money"}, {"speaker": "RICH", "phrase": " and uh"}, {"speaker": "RICH", "phrase": " the only thing it is"}, {"speaker": "RICH", "phrase": " I have to work on"}, {"speaker": "RICH", "phrase": " is doing the paperwork."}, {"speaker": "RICH", "phrase": " Is uh"}, {"speaker": "RICH", "phrase": " filling out contract"}, {"speaker": "RICH", "phrase": " and uh"}, {"speaker": "RICH", "phrase": " basically paperwork"}, {"speaker": "RICH", "phrase": " which is very simple."}, {"speaker": "RICH", "phrase": " That"}, {"speaker": "RICH", "phrase": " you know"}, {"speaker": "RICH", "phrase": " once it comes along with experience"}, {"speaker": "RICH", "phrase": " and the more people I work with the easier it will"}, {"speaker": "RICH", "phrase": " it'll be"}, {"speaker": "RICH", "phrase": " that's the most important thing and"}, {"speaker": "RICH", "phrase": " and selling them the car"}, {"speaker": "RICH", "phrase": " talking to somebody in"}, {"speaker": "RICH", "phrase": " to buying car"}, {"speaker": "RICH", "phrase": " that doesn't wanna buy."}, {"speaker": "RICH", "phrase": " that's there to look."}, {"speaker": "FRED", "phrase": " Yeah."}, {"speaker": "RICH", "phrase": " But yet wouldn't mind owning new car."}, {"speaker": "FRED", "phrase": " That's right."}, {"speaker": "RICH", "phrase": " And you've gotta talk them into it"}, {"speaker": "RICH", "phrase": " you gotta sell it to them."}, {"speaker": "RICH", "phrase": " You know ?"}, {"speaker": "RICH", "phrase": " You gotta them in your office"}, {"speaker": "RICH", "phrase": " and you gotta sell that car to them."}, {"speaker": "RICH", "phrase": " You can't let them leave without that sale."}, {"speaker": "RICH", "phrase": " Otherwise they're gonna go elsewhere."}, {"speaker": "FRED", "phrase": " Right."}, {"speaker": "RICH", "phrase": " If they believe you"}, {"speaker": "RICH", "phrase": " and you can sell them."}, {"speaker": "FRED", "phrase": " You need this car."}, {"speaker": "RICH", "phrase": " you gonna make lot of money."}, {"speaker": "FRED", "phrase": " you want this car."}, {"speaker": "RICH", "phrase": " Definitely."}, {"speaker": "FRED", "phrase": " take it with you "}, {"speaker": "FRED", "phrase": "PAUSE"}, {"speaker": "RICH", "phrase": " What can I do for you?"}, {"speaker": "FRED", "phrase": "PAUSE"}, {"speaker": "RICH", "phrase": " in order for you to buy this car?"}, {"speaker": "RICH", "phrase": " I mean if is the price too much ?"}, {"speaker": "RICH", "phrase": " I could work on the price."}, {"speaker": "RICH", "phrase": " Let me go talk to my manager."}, {"speaker": "RICH", "phrase": " Maybe I could drop it five sixhundred dollars."}, {"speaker": "RICH", "phrase": " Maybe we have three hundred rebate that you could use towards the down payment."}, {"speaker": "RICH", "phrase": " maybe it's it's three point nine financing"}, {"speaker": "RICH", "phrase": " that'll save you money in the long run uh"}, {"speaker": "RICH", "phrase": " if you finance fifteen or sixteen thousand dollars."}, {"speaker": "RICH", "phrase": " So."}, {"speaker": "FRED", "phrase": "PAUSE"}, {"speaker": "RICH", "phrase": " you know"}, {"speaker": "RICH", "phrase": " it's just"}, {"speaker": "RICH", "phrase": " it's uh"}, {"speaker": "RICH", "phrase": " it's like game."}, {"speaker": "RICH", "phrase": " You know ?"}, {"speaker": "FRED", "phrase": " Yeah."}, {"speaker": "FRED", "phrase": " So homes."}, {"speaker": "FRED", "phrase": " Uh"}, {"speaker": "FRED", "phrase": " they put you through training all these days ?"}, {"speaker": "FRED", "phrase": " Is that it ?"}, {"speaker": "RICH", "phrase": " Yeah"}, {"speaker": "RICH", "phrase": " five days I watched videotapes dealing with this guy that"}, {"speaker": "RICH", "phrase": "that sold cars and made hundred."}, {"speaker": "RICH", "phrase": " His goal was to make hundred thousand dollars every year selling cars."}, {"speaker": "RICH", "phrase": " And he accomplished his goal."}, {"speaker": "RICH", "phrase": " Every year he sold hundred thousand dollars"}, {"speaker": "RICH", "phrase": " and he retired."}, {"speaker": "FRED", "phrase": " Oh my god."}, {"speaker": "RICH", "phrase": " at thirty five after certain amount of years selling and uh"}, {"speaker": "RICH", "phrase": " he just got into "}, {"speaker": "RICH", "phrase": " making  audio cassettes."}, {"speaker": "RICH", "phrase": " In sales."}, {"speaker": "RICH", "phrase": " To Motivation uh tapes."}, {"speaker": "FRED", "phrase": " Oh I see."}, {"speaker": "RICH", "phrase": " and uh."}, {"speaker": "FRED", "phrase": " A system."}, {"speaker": "FRED", "phrase": " To sell."}, {"speaker": "RICH", "phrase": " Exactly."}, {"speaker": "RICH", "phrase": " Books"}, {"speaker": "RICH", "phrase": " seminars"},  {"speaker": "FRED", "phrase": " Yeah."}, {"speaker": "RICH", "phrase": " video tapes."}, {"speaker": "FRED", "phrase": " Hundred thousand year."}, {"speaker": "FRED", "phrase": " That guy must've hustled."}, {"speaker": "RICH", "phrase": " Yeah"}, {"speaker": "RICH", "phrase": " well"}, {"speaker": "RICH", "phrase": " it's possible."}, {"speaker": "RICH", "phrase": " You figure"}, {"speaker": "RICH", "phrase": " you could sell at least twenty cars month"}, {"speaker": "RICH", "phrase": " every month for twelve months"}, {"speaker": "RICH", "phrase": " you know you're gonna be up there in"}, {"speaker": "RICH", "phrase": " seventy eighty thousand dollar bracket."}, {"speaker": "FRED", "phrase": " Twenty cars in month."}, {"speaker": "FRED", "phrase": " That's almost car day."}, {"speaker": "RICH", "phrase": " Exactly."}, {"speaker": "RICH", "phrase": " Which isn't difficult."}, {"speaker": "FRED", "phrase": "..."}, {"speaker": "RICH", "phrase": " If you're on the lot"}, {"speaker": "RICH", "phrase": " for damn twelve hours"}, {"speaker": "RICH", "phrase": " one car isn't all that much"}, {"speaker": "RICH", "phrase": " if you have the clients coming in."}, {"speaker": "RICH", "phrase": " That's the only thing."}, {"speaker": "RICH", "phrase": " If you have the traffic."}, {"speaker": "FRED", "phrase": " Yeah."}, {"speaker": "RICH", "phrase": " we're on busy street"}, {"speaker": "RICH", "phrase": " Firestone Boulevard."}, {"speaker": "FRED", "phrase": " Right."}, {"speaker": "FRED", "phrase": " Firestone where"}, {"speaker": "FRED", "phrase": " by the six five ?"}, {"speaker": "RICH", "phrase": " exactly."}, {"speaker": "RICH", "phrase": " Right before the six five."}, {"speaker": "RICH", "phrase": " Right by..."}, {"speaker": "FRED", "phrase": " Yeah."}, {"speaker": "RICH", "phrase": " Right past Downy"}, {"speaker": "RICH", "phrase": " where we used to play basketball at the YMCA."}, {"speaker": "FRED", "phrase": " Yeah, little past that going."}, {"speaker": "RICH", "phrase": " I'd say mile."}, {"speaker": "FRED", "phrase": " east."}, {"speaker": "RICH", "phrase": " Yeah."}, {"speaker": "FRED", "phrase": " A mile."}, {"speaker": "RICH", "phrase": " A mile going east."}, {"speaker": "FRED", "phrase": " You know"}, {"speaker": "FRED", "phrase": " I have been wanting to go visit you."}, {"speaker": "FRED", "phrase": " But I'm afraid you're gonna sell me car bro."}, {"speaker": "FRED", "phrase": "PAUSE"}, {"speaker": "RICH", "phrase": " Yeah well"}, {"speaker": "RICH", "phrase": " that's the last thing you need to do is get in any more debt than you already are."}, {"speaker": "FRED", "phrase": "PAUSE"}, {"speaker": "RICH", "phrase": " Uh."}, {"speaker": "FRED", "phrase": " I'm hip man"}, {"speaker": "FRED", "phrase": " I gotta get outa my debts."}, {"speaker": "FRED", "phrase": " Man "}, {"speaker": "RICH", "phrase": " Yeah I'm..."}, {"speaker": "FRED", "phrase": " And then I'll be free agent."}, {"speaker": "FRED", "phrase": " Man."}, {"speaker": "RICH", "phrase": " In fact"}, {"speaker": "RICH", "phrase": " I was planning"}, {"speaker": "RICH", "phrase": " if they were gonna play basketball"}, {"speaker": "RICH", "phrase": " if I did go in Thursday at nine o'clock."}, {"speaker": "FRED", "phrase": " You could go for couple hours."}, {"speaker": "RICH", "phrase": " It's right down the street."}, {"speaker": "FRED", "phrase": " at least."}, {"speaker": "RICH", "phrase": " I could bring my work clothes"}, {"speaker": "RICH", "phrase": " and uh."}, {"speaker": "FRED", "phrase": " sure."}, {"speaker": "FRED", "phrase": " Hey you know."}, {"speaker": "RICH", "phrase": " take shower."}, {"speaker": "FRED", "phrase": " Take shower?"}, {"speaker": "FRED", "phrase": " Why not?"}, {"speaker": "FRED", "phrase": " Because"}, {"speaker": "FRED", "phrase": " like."}, {"speaker": "RICH", "phrase": " Get there at seven and play from seven to quarter to nine"}, {"speaker": "RICH", "phrase": " and take probably five minutes to get from YMCA to the Firestone Chrysler."}, {"speaker": "FRED", "phrase": " You wanna go tomorrow ?"}, {"speaker": "FRED", "phrase": " I don't know if they're playing."}, {"speaker": "RICH", "phrase": " I don't know..."}, {"speaker": "FRED", "phrase": " because last week the gym was closed"}, {"speaker": "FRED", "phrase": " they're working on the ceiling."}, {"speaker": "RICH", "phrase": " So the last two weeks the gym was."}, {"speaker": "FRED", "phrase": " Yeah the last two weeks the gym was closed."}, {"speaker": "RICH", "phrase": " And you haven't talked to Gary Holt at all ?"}, {"speaker": "FRED", "phrase": " I haven't seen him this week."}, {"speaker": "FRED", "phrase": " Uh"}, {"speaker": "FRED", "phrase": " I saw him last week"}, {"speaker": "FRED", "phrase": " and he told me they were still working on the gym."}, {"speaker": "FRED", "phrase": " But I haven't seen him this week."}, {"speaker": "RICH", "phrase": " Yeah."}, {"speaker": "RICH", "phrase": " I got check coming tomorrow"}, {"speaker": "RICH", "phrase": " I have to go pick up."}, {"speaker": "RICH", "phrase": " So I'll probably be in there in the evening after work."}, {"speaker": "FRED", "phrase": " Where?"}, {"speaker": "FRED", "phrase": " at federal ?"}, {"speaker": "RICH", "phrase": " Yeah."}, {"speaker": "RICH", "phrase": " Either at five o'clock or three o'clock"}, {"speaker": "RICH", "phrase": " or we're getting paid tomorrow right ?"}, {"speaker": "FRED", "phrase": " Yeah ?"}, {"speaker": "RICH", "phrase": " I got my last."}, {"speaker": "FRED", "phrase": " You last what?"}, {"speaker": "RICH", "phrase": " One week check"}, {"speaker": "RICH", "phrase": " and one week vacation check."}, {"speaker": "FRED", "phrase": " Oh, not too bad."}, {"speaker": "RICH", "phrase": " So it'll help me"}, {"speaker": "RICH", "phrase": " cause I don't have any steady income now."}, {"speaker": "RICH", "phrase": " If I don't sell I don't make money"}, {"speaker": "RICH", "phrase": " I got uh."}, {"speaker": "FRED", "phrase": " You mean you don't even get minimum ?"}, {"speaker": "RICH", "phrase": " Well"}, {"speaker": "RICH", "phrase": " we get sixhundred dollars month."}, {"speaker": "RICH", "phrase": " Three hundred every two weeks."}, {"speaker": "RICH", "phrase": " Which isn't bad"}, {"speaker": "RICH", "phrase": " I mean I could."}, {"speaker": "FRED", "phrase": " No."}, {"speaker": "RICH", "phrase": " I could."}, {"speaker": "FRED", "phrase": "PAUSE"}, {"speaker": "RICH", "phrase": " Now that I don't have to pay rent."}, {"speaker": "FRED", "phrase": " Yeah."}, {"speaker": "RICH", "phrase": " I might be able to pay my credit cards and my car payment"}, {"speaker": "RICH", "phrase": " and my insurance"}, {"speaker": "RICH", "phrase": " with that sixhundred."}, {"speaker": "RICH", "phrase": " My car payment's two fifty eight"}, {"speaker": "RICH", "phrase": " the insurance is hundred month"}, {"speaker": "RICH", "phrase": " that's three fifty eight"}, {"speaker": "RICH", "phrase": " and maybe about three hundred in uh"}, {"speaker": "RICH", "phrase": " credit cards month."}, {"speaker": "FRED", "phrase": " So what does the Porsche have man?"}, {"speaker": "FRED", "phrase": " Did they tell you at the shop ?"}, {"speaker": "RICH", "phrase": " In fact I have to call right now."}, {"speaker": "FRED", "phrase": " what you gotta do to ?"}, {"speaker": "RICH", "phrase": " Should I call right now ?"}, {"speaker": "FRED", "phrase": " Sure"}, {"speaker": "FRED", "phrase": " why not?"}, {"speaker": "RICH", "phrase": " Could I call right here while?"}, {"speaker": "FRED", "phrase": " Uh."}, {"speaker": "RICH", "phrase": " And you could hear me have the conversation on the phone."}, {"speaker": "FRED", "phrase": " Yeah."}, {"speaker": "RICH", "phrase": " Talking about my car"}, {"speaker": "RICH", "phrase": " because I have to get the car"}, {"speaker": "RICH", "phrase": " I don't what it's gonna cost"}, {"speaker": "RICH", "phrase": " but it had problems with the fuel injection system."}, {"speaker": "FRED", "phrase": " Unhunh."}, {"speaker": "RICH", "phrase": " So I have to have that fixed"}, {"speaker": "RICH", "phrase": " in order for me to get right now"}, {"speaker": "RICH", "phrase": " Jeanie's lending me the Samurai."}, {"speaker": "FRED", "phrase": " Oh she's..."}, {"speaker": "RICH", "phrase": " Yeah."}, {"speaker": "RICH", "phrase": " She's being real cool."}, {"speaker": "RICH", "phrase": " And I've had it for three days and uh"}, {"speaker": "RICH", "phrase": " that was very nice of her"}, {"speaker": "RICH", "phrase": " I appreciated her doing that for me."}, {"speaker": "FRED", "phrase": " She's taking the Samurai."}, {"speaker": "RICH", "phrase": " She's taking her BMW every day to work."}, {"speaker": "FRED", "phrase": " Butshe's taking the Samurai."}, {"speaker": "FRED", "phrase": " from you."}, {"speaker": "RICH", "phrase": " Yeah."}, {"speaker": "FRED", "phrase": " because I owed her money"}, {"speaker": "RICH", "phrase": " because she had an investment in the Porsche with me."}, {"speaker": "FRED", "phrase": " Oh I see."}, {"speaker": "FRED", "phrase": " So yeah."}, {"speaker": "FRED", "phrase": " She gets the Samurai."}, {"speaker": "FRED", "phrase": " And you get the Porsche."}, {"speaker": "RICH", "phrase": " Yeah."}, {"speaker": "RICH", "phrase": " And uh."}, {"speaker": "FRED", "phrase": " But your dad"}, {"speaker": "FRED", "phrase": " Man"}, {"speaker": "FRED", "phrase": " he's not gonna like that"}, {"speaker": "FRED", "phrase": " too much  I don't think."}, {"speaker": "RICH", "phrase": " Why?"}, {"speaker": "FRED", "phrase": " Cause wasn't he the garante ?"}, {"speaker": "RICH", "phrase": " No"}, {"speaker": "RICH", "phrase": " he was the"}, {"speaker": "RICH", "phrase": " he had the insurance under his name."}, {"speaker": "FRED", "phrase": " Just the insurance."}, {"speaker": "RICH", "phrase": " That's it."}, {"speaker": "RICH", "phrase": " So the."}, {"speaker": "RICH", "phrase": " The car's uh"}, {"speaker": "RICH", "phrase": " you know"}, {"speaker": "RICH", "phrase": " I'm paying the car and everything and."}, {"speaker": "FRED", "phrase": " Unhunh."}, {"speaker": "FRED", "phrase": " But."}, {"speaker": "RICH", "phrase": " I'm letting her..."}, {"speaker": "FRED", "phrase": " she doesn't wanna move the BMW."}, {"speaker": "FRED", "phrase": " Right ?"}, {"speaker": "FRED", "phrase": " She wants to keep it there."}, {"speaker": "RICH", "phrase": " No way"}, {"speaker": "RICH", "phrase": " that car's paid off"}, {"speaker": "RICH", "phrase": " it's in excellent condition"}, {"speaker": "RICH", "phrase": " and uh."}, {"speaker": "FRED", "phrase": " It's gem."}, {"speaker": "RICH", "phrase": "PAUSE"}, {"speaker": "RICH", "phrase": " Yeah"}, {"speaker": "RICH", "phrase": " so she's gonna hang on to it"}, {"speaker": "RICH", "phrase": " but she's being real nice."}, {"speaker": "RICH", "phrase": " See that's why I know we're still good friends"}, {"speaker": "RICH", "phrase": " because if she had any hard feelings for me."}, {"speaker": "FRED", "phrase": " Yeah."}, {"speaker": "RICH", "phrase": " she'd say no That's my car"}, {"speaker": "RICH", "phrase": " you know."}, {"speaker": "FRED", "phrase": " You gotta see how you do."}, {"speaker": "RICH", "phrase": " Exactly."}, {"speaker": "RICH", "phrase": " Do your own thing?"}, {"speaker": "RICH", "phrase": " Right ?"}, {"speaker": "FRED", "phrase": " Yeah."}, {"speaker": "FRED", "phrase": " Hunh."}, {"speaker": "RICH", "phrase": " But she's being real nice."}, {"speaker": "RICH", "phrase": " That's why uh."}, {"speaker": "FRED", "phrase": " Hey you still got tickets for Celia Cruz ?"}, {"speaker": "FRED", "phrase": " And Tito Puente ?"}, {"speaker": "RICH", "phrase": " Yeah"}, {"speaker": "RICH", "phrase": " Yeah ?"}, {"speaker": "FRED", "phrase": " You gonna go ?"}, {"speaker": "RICH", "phrase": " I think so."}, {"speaker": "FRED", "phrase": " Yeah ?"}, {"speaker": "FRED", "phrase": " Alright."}, {"speaker": "FRED", "phrase": " That's gonna be good show man"}, {"speaker": "FRED", "phrase": " I tell you."}, {"speaker": "RICH", "phrase": " Definitely."}, {"speaker": "FRED", "phrase": " Celia Cruz puts on good show."}, {"speaker": "RICH", "phrase": " Oh I sold."}, {"speaker": "RICH", "phrase": " Yes"}, {"speaker": "RICH", "phrase": " is uh Kenny in ?"}, {"speaker": "RICH", "phrase": " Or is this Roger ?"}, {"speaker": "RICH", "phrase": " Okay uh"}, {"speaker": "RICH", "phrase": " Roger"}, {"speaker": "RICH", "phrase": " this is Richard Torres"}, {"speaker": "RICH", "phrase": " with the seventy seven nine eleven"}, {"speaker": "RICH", "phrase": " the silver one ?"}, {"speaker": "RICH", "phrase": " With the cold start problem ?"}, {"speaker": "RICH", "phrase": " Do you know if it's been worked on or anything ?"}, {"speaker": "RICH", "phrase": " Unhunh ?"}, {"speaker": "RICH", "phrase": "PAUSE"}, {"speaker": "RICH", "phrase": " Exhaust leak."}, {"speaker": "RICH", "phrase": " Right."}, {"speaker": "RICH", "phrase": " Okay."}, {"speaker": "RICH", "phrase": " Um"} {"speaker": "RICH", "phrase": " Now this warmup regulator"}, {"speaker": "RICH", "phrase": " is that different than cold start valve ?"}, {"speaker": "RICH", "phrase": " Oh Yeah."}, {"speaker": "RICH", "phrase": " Okay"}, {"speaker": "RICH", "phrase": " cause I did have one put in"}, {"speaker": "RICH", "phrase": " I think uh"}, {"speaker": "RICH", "phrase": " about three months ago or something ?"}, {"speaker": "RICH", "phrase": " I think you guys put it in."}, {"speaker": "RICH", "phrase": " I had the same problem."}, {"speaker": "RICH", "phrase": " And it was like two hundred bucks or something ?"}, {"speaker": "RICH", "phrase": " is that the same problem now ?"}, {"speaker": "RICH", "phrase": " Oh okay."}, {"speaker": "RICH", "phrase": " Oh okay."}, {"speaker": "RICH", "phrase": " Okay so"}, {"speaker": "RICH", "phrase": " should I just call back in little bit maybe ?"}, {"speaker": "RICH", "phrase": " Okay"}, {"speaker": "RICH", "phrase": " okay"}, {"speaker": "RICH", "phrase": " so I'll just call back in about ten or fifteen."}, {"speaker": "RICH", "phrase": " Maybe he'll be there."}, {"speaker": "RICH", "phrase": " Okay thanks Roger."}, {"speaker": "RICH", "phrase": " Bye."}, {"speaker": "FRED", "phrase": " So"}, {"speaker": "FRED", "phrase": " cold start regulator"}, {"speaker": "FRED", "phrase": " is that it ?"}, {"speaker": "RICH", "phrase": " Oh man"}, {"speaker": "RICH", "phrase": " I just had one put in."}, {"speaker": "RICH", "phrase": " Two hundred bucks for that."}, {"speaker": "FRED", "phrase": " Oh."}, {"speaker": "FRED", "phrase": " Fuck."}, {"speaker": "FRED", "phrase": "PAUSE"}, {"speaker": "RICH", "phrase": "PAUSE"}, {"speaker": "FRED", "phrase": " That's an expensive car and then you gotta get the tags on it."}, {"speaker": "FRED", "phrase": " Right ?"}, {"speaker": "RICH", "phrase": " I got everything."}, {"speaker": "FRED", "phrase": " You got everything ?"}, {"speaker": "RICH", "phrase": " I got everything taken care of."}, {"speaker": "RICH", "phrase": " I got insurance on it too."}, {"speaker": "FRED", "phrase": " How much...,"}, {"speaker": "RICH", "phrase": " Under my name Eleven hundred year."}, {"speaker": "FRED", "phrase": " Eleven hundred."}, {"speaker": "RICH", "phrase": " Three hundred dollars down."}, {"speaker": "FRED", "phrase": " That's cheap man cause."}, {"speaker": "RICH", "phrase": " I just got liability."}, {"speaker": "FRED", "phrase": "PAUSE"}, {"speaker": "FRED", "phrase": " Triple A wanted to give me"}, {"speaker": "FRED", "phrase": " you know"}, {"speaker": "FRED", "phrase": " insurance"}, {"speaker": "FRED", "phrase": " elevenhundred too man."}, {"speaker": "RICH", "phrase": " Yeah."}, {"speaker": "FRED", "phrase": "the fucking..."}, {"speaker": "RICH", "phrase": " For Dodge."}, {"speaker": "FRED", "phrase": " on."}, {"speaker": "FRED", "phrase": " On."}, {"speaker": "FRED", "phrase": " on"}, {"speaker": "FRED", "phrase": " Aries man."}, {"speaker": "RICH", "phrase": " But you were gonna get full coverage."}, {"speaker": "RICH", "phrase": " You know ?"}, {"speaker": "FRED", "phrase": " Uh"}, {"speaker": "FRED", "phrase": " I don't remember."}, {"speaker": "RICH", "phrase": " I just got liability."}, {"speaker": "FRED", "phrase": " Just liability."}, {"speaker": "RICH", "phrase": " Which is good enough."}, {"speaker": "RICH", "phrase": " At least it's insured."}, {"speaker": "FRED", "phrase": " Yeah."}, {"speaker": "RICH", "phrase": " if anything happens to anybody else."}, {"speaker": "FRED", "phrase": " For sure."}, {"speaker": "RICH", "phrase": " But no, I took care of the registration"}, {"speaker": "RICH", "phrase": " I registered under my name and everything"}, {"speaker": "RICH", "phrase": " and got my tags for eighty eight."}, {"speaker": "FRED", "phrase": " Yeah."}, {"speaker": "RICH", "phrase": " And got custom plates on it."}, {"speaker": "FRED", "phrase": " How much did the tags cost you?"}, {"speaker": "FRED", "phrase": "..."}, {"speaker": "RICH", "phrase": " Fifty one bucks."}, {"speaker": "FRED", "phrase": " Cheaper than mine."}, {"speaker": "FRED", "phrase": " Mine cost me sixty bucks."}, {"speaker": "RICH", "phrase": " And I didn't have to pay any sales tax."}, {"speaker": "RICH", "phrase": " When I registered the car."}, {"speaker": "FRED", "phrase": " Yeah ?"}, {"speaker": "FRED", "phrase": " How come?"}, {"speaker": "FRED", "phrase": " Oh you did it"}, {"speaker": "FRED", "phrase": " like you said you were gonna do ?"}, {"speaker": "RICH", "phrase": " Jeanie gave it to me as gift."}, {"speaker": "FRED", "phrase": " Alright homes."}, {"speaker": "FRED", "phrase": "PAUSE"}, {"speaker": "RICH", "phrase": " She backed me up."}, {"speaker": "RICH", "phrase": " She's being cool."}, {"speaker": "FRED", "phrase": " Yeah."}, {"speaker": "RICH", "phrase": " She put"}, {"speaker": "RICH", "phrase": " that I gave this car to Richard Torres for gift"}, {"speaker": "RICH", "phrase": " So I didn't have to pay any sales tax."}, {"speaker": "FRED", "phrase": " Tax."}, {"speaker": "RICH", "phrase": " Otherwise I would've got stuck"}, {"speaker": "RICH", "phrase": " three hundred dollars just in sales tax alone."}, {"speaker": "RICH", "phrase": " And I got custom plates on it."}, {"speaker": "FRED", "phrase": "PAUSE"}, {"speaker": "FRED", "phrase": " What does it say?"}, {"speaker": "RICH", "phrase": " Hustlin."}, {"speaker": "FRED", "phrase": " Hustlin."}, {"speaker": "FRED", "phrase": "PAUSE"}, {"speaker": "FRED", "phrase": " Nobody else had that."}, {"speaker": "RICH", "phrase": " Thirty six bucks year."}, {"speaker": "FRED", "phrase": "PAUSE"}, {"speaker": "FRED", "phrase": "PAUSE"}, {"speaker": "RICH", "phrase": " But that's good one."}, {"speaker": "FRED", "phrase": "PAUSE"}, {"speaker": "RICH", "phrase": " for that's what I'm doing now."}, {"speaker": "RICH", "phrase": " That's my life."}, {"speaker": "FRED", "phrase": " Yeah, really."}, {"speaker": "RICH", "phrase": " I gotta hustle to make money."}, {"speaker": "RICH", "phrase": " If I don't hustle, I'm not gonna make money."}, {"speaker": "FRED", "phrase": " Yeah."}, {"speaker": "RICH", "phrase": " But everything's"}, {"speaker": "RICH", "phrase": " Everything's."}, {"speaker": "RICH", "phrase": " You know"}, {"speaker": "RICH", "phrase": " fell into place pretty good."}, {"speaker": "RICH", "phrase": " I mean things happen for reason."}, {"speaker": "RICH", "phrase": " this."}, {"speaker": "RICH", "phrase": " The situation that I'm in happened for reason"}, {"speaker": "RICH", "phrase": " I changed my career"}, {"speaker": "RICH", "phrase": " I took care of everything I had to take care of with the car"}, {"speaker": "RICH", "phrase": " And now I'm gonna save my money and try to get my own pad."}, {"speaker": "RICH", "phrase": " Condominium or whatever the case may be."}, {"speaker": "FRED", "phrase": "PAUSE"}, {"speaker": "RICH", "phrase": " I'm gonna be saving lotta money working here"}, {"speaker": "RICH", "phrase": " so if I'm making decent money I'll be able to get something on my own."}, {"speaker": "FRED", "phrase": " Yeah."}, {"speaker": "RICH", "phrase": " With the help of my parents of course"}, {"speaker": "RICH", "phrase": " because."}, {"speaker": "FRED", "phrase": " When you say it happens for reason it's like it happened to get you off..."}, {"speaker": "RICH", "phrase": " Off my ass."}, {"speaker": "FRED", "phrase": " Off..."}, {"speaker": "RICH", "phrase": " Get me out of the factory"}, {"speaker": "RICH", "phrase": " get me into career that I can make good money"}, {"speaker": "RICH", "phrase": " and  to realize that  I had good woman"}, {"speaker": "RICH", "phrase": " I shouldn't wanna have anybody else."}, {"speaker": "RICH", "phrase": " She spent twelve years of her life with me and  she's always been positive thinker"}, {"speaker": "RICH", "phrase": " and always been good."}, {"speaker": "FRED", "phrase": " Yeah."}, {"speaker": "RICH", "phrase": " understanding"}, {"speaker": "RICH", "phrase": " and uh."}, {"speaker": "FRED", "phrase": " Sure"}, {"speaker": "FRED", "phrase": " it'd be different if she were bitch and always nagging."}, {"speaker": "RICH", "phrase": " Yeah."}, {"speaker": "FRED", "phrase": " you know and then."}, {"speaker": "RICH", "phrase": " exactly."}, {"speaker": "FRED", "phrase": " getting on your case."}, {"speaker": "RICH", "phrase": " Or didn't like."}, {"speaker": "FRED", "phrase": " and making your life impossible."}, {"speaker": "RICH", "phrase": "  didn't enjoy doing anything"}, {"speaker": "RICH", "phrase": " she always was."}, {"speaker": "FRED", "phrase": " Yeah."}, {"speaker": "RICH", "phrase": " you know."}, {"speaker": "FRED", "phrase": " exactly."}, {"speaker": "RICH", "phrase": " pretty much uh"}, {"speaker": "RICH", "phrase": " able to do anything that I wanted to do."}, {"speaker": "RICH", "phrase": " She was never negative or anything and it was basically me"}, {"speaker": "RICH", "phrase": " you know going out."}, {"speaker": "RICH", "phrase": " The problem going out."}, {"speaker": "RICH", "phrase": " So it happened for reason."}, {"speaker": "RICH", "phrase": " Now I hope that"}, {"speaker": "RICH", "phrase": " you know"}, {"speaker": "RICH", "phrase": " in the future she realizes that I'm."}, {"speaker": "RICH", "phrase": " I have changed and matured and that she would give me that chance"}, {"speaker": "RICH", "phrase": " you know."}, {"speaker": "FRED", "phrase": "..."}, {"speaker": "RICH", "phrase": " to go back with her."}, {"speaker": "FRED", "phrase": " To go back."}, {"speaker": "RICH", "phrase": " and try to make our life work together."}, {"speaker": "FRED", "phrase": " Yeah."}, {"speaker": "RICH", "phrase": " But only time will tell"}, {"speaker": "RICH", "phrase": " I gotta prove it to her."}, {"speaker": "RICH", "phrase": " And I gotta leave her on her own"}, {"speaker": "RICH", "phrase": " let her see"}, {"speaker": "RICH", "phrase": " you know."}, {"speaker": "FRED", "phrase": " Yeah."}, {"speaker": "RICH", "phrase": " Even if she goes out with other men or dates other men"}, {"speaker": "RICH", "phrase": " if that's"}, {"speaker": "RICH", "phrase": " if if she does feel any attraction towards anybody else I'll never know."}, {"speaker": "FRED", "phrase": " But she'll know what her good thing was."}, {"speaker": "RICH", "phrase": " yeah."}, {"speaker": "FRED", "phrase": " That's for sure."}, {"speaker": "RICH", "phrase": " definitely."}, {"speaker": "RICH", "phrase": "PAUSE"}]}
