{"text": [{"speaker": "FRED", "phrase": " Okay."}, {"speaker": "FRED", "phrase": " One large loan"}, {"speaker": "FRED", "phrase": " renewed"}, {"speaker": "FRED", "phrase": " hundred ninetyseven thousand"}, {"speaker": "FRED", "phrase": " hundred eighty dollars."}, {"speaker": "FRED", "phrase": " It's on Gerald and Pamela."}, {"speaker": "JIM", "phrase": " Okay."}, {"speaker": "FRED", "phrase": " They've paid"}, {"speaker": "FRED", "phrase": " they've reduced"}, {"speaker": "FRED", "phrase": " no problem."}, {"speaker": "FRED", "phrase": " He's handled his line of credit as agreed"}, {"speaker": "FRED", "phrase": " so it's pretty routine."}, {"speaker": "FRED", "phrase": " Joe ?"}, {"speaker": "JOE", "phrase": " Okay."}, {"speaker": "JOE", "phrase": " First loan request I have"}, {"speaker": "JOE", "phrase": " is an existing real estate mortgage"}, {"speaker": "JOE", "phrase": " that will be refinanced into the secondary market of Fannie Mae."}, {"speaker": "JOE", "phrase": " Customer is Gerry and Pamela Tucker"}, {"speaker": "JOE", "phrase": "at sixty one fifty eight Main Street"}, {"speaker": "JOE", "phrase": " in Hillsdale Illinois"}, {"speaker": "JOE", "phrase": " they're requesting eightyfour thousand dollars"}, {"speaker": "JOE", "phrase": " on thirtyyear Fannie Mae fixed rate loan"}, {"speaker": "JOE", "phrase": " this would include the cost of doing the refinance appraisal"}, {"speaker": "JOE", "phrase": " title work"}, {"speaker": "JOE", "phrase": " and points."}, {"speaker": "FRED", "phrase": " Eightyfour ?"}, {"speaker": "JOE", "phrase": " Eighty four even."}, {"speaker": "JOE", "phrase": "PAUSE"}, {"speaker": "JOE", "phrase": " Their monthly payment of principle interest taxes and insurance"}, {"speaker": "JOE", "phrase": "would be seven sixty one eighty nine"}, {"speaker": "JOE", "phrase": " based at the current thirtyyear rate."}, {"speaker": "JOE", "phrase": " They estimate the value of their home to be"}, {"speaker": "JOE", "phrase": " onehundred and ten thousand dollars."}, {"speaker": "JOE", "phrase": " We had an appraisal in nineteen ninetyone"}, {"speaker": "JOE", "phrase": " by certified appraiser"}, {"speaker": "JOE", "phrase": " that indicates the value of the house was hundred and three thousand dollars."}, {"speaker": "JOE", "phrase": " Eighty percent of that would make it eightytwo four."}, {"speaker": "JOE", "phrase": " So"}, {"speaker": "JOE", "phrase": " um"}, {"speaker": "JOE", "phrase": " in order to make them loan for eightyfour thousand"}, {"speaker": "JOE", "phrase": " it must appraise for hundred and five."}, {"speaker": "JOE", "phrase": " So that will be"}, {"speaker": "JOE", "phrase": "PAUSE"}, {"speaker": "JOE", "phrase": "will determine whether or not we can go the full eighty four"}, {"speaker": "JOE", "phrase": " and whether they have to come up with some money out of pocket."}, {"speaker": "JOE", "phrase": " Their assets total one sixteen four seventeen"}, {"speaker": "JOE", "phrase": " their liabilities eighty three"}, {"speaker": "JOE", "phrase": " their net worth thirtyone."}, {"speaker": "FRED", "phrase": " So all they owe is the house ?"}, {"speaker": "JOE", "phrase": "PAUSE"}, {"speaker": "JOE", "phrase": " Mhm."}, {"speaker": "JOE", "phrase": " They um"}, {"speaker": "JOE", "phrase": "PAUSE"}, {"speaker": "FRED", "phrase": " T T T."}, {"speaker": "JOE", "phrase": " currently have debt to income of twentyeight over twentyseven"}, {"speaker": "JOE", "phrase": " and after the refinance"}, {"speaker": "JOE", "phrase": " they would have debt to income of fifteen over twentythree."}, {"speaker": "JOE", "phrase": "PAUSE"}, {"speaker": "JIM", "phrase": " Where are they now"}, {"speaker": "JIM", "phrase": " I missed that."}, {"speaker": "JIM", "phrase": " They're fifteen over..."}, {"speaker": "JOE", "phrase": " No."}, {"speaker": "JOE", "phrase": " They're currently twenty..."}, {"speaker": "FRED", "phrase": " They can't be."}, {"speaker": "JOE", "phrase": " ove twentyseven."}, {"speaker": "JOE", "phrase": "..."}, {"speaker": "FRED", "phrase": " Oh"}, {"speaker": "FRED", "phrase": " okay."}, {"speaker": "FRED", "phrase": " Twenty."}, {"speaker": "JOE", "phrase": " Yeah."}, {"speaker": "JOE", "phrase": " Twenty over twentyseven."}, {"speaker": "JOE", "phrase": " Yeah."}, {"speaker": "FRED", "phrase": " You can't even..."}, {"speaker": "JOE", "phrase": " Twenty over..."}, {"speaker": "KURT", "phrase": "PAUSE"}, {"speaker": "FRED", "phrase": " You can't even read your writing."}, {"speaker": "JOE", "phrase": " I couldn't even read my."}, {"speaker": "JOE", "phrase": " my own writing."}, {"speaker": "FRED", "phrase": "PAUSE"}, {"speaker": "JOE", "phrase": " It's twenty over twentyseven."}, {"speaker": "FRED", "phrase": " Okay."}, {"speaker": "JOE", "phrase": "And after the refi it's fifteen over twenty three."}, {"speaker": "KURT", "phrase": " What is acceptable pretty much"}, {"speaker": "KURT", "phrase": " uh"}, {"speaker": "KURT", "phrase": " what figures."}, {"speaker": "JOE", "phrase": "Twenty eight over thirty six is the maxes."}, {"speaker": "KURT", "phrase": " It's as high as it could go ?"}, {"speaker": "JOE", "phrase": " See"}, {"speaker": "JOE", "phrase": " so they're well within."}, {"speaker": "KURT", "phrase": " Okay."}, {"speaker": "KURT", "phrase": " I just wondered."}, {"speaker": "JOE", "phrase": " They're well within their debt to income."}, {"speaker": "KURT", "phrase": " I always heard the figures"}, {"speaker": "KURT", "phrase": " and never did know what was high"}, {"speaker": "KURT", "phrase": " and."}, {"speaker": "JOE", "phrase": " Right."}, {"speaker": "KURT", "phrase": " low don't make any difference."}, {"speaker": "JOE", "phrase": " Yeah."}, {"speaker": "JOE", "phrase": " Um."}, {"speaker": "FRED", "phrase": " So you said they're gonna be fifteen ?"}, {"speaker": "JOE", "phrase": " Mhm."}, {"speaker": "JOE", "phrase": " Fifteen over twentythree so"}, {"speaker": "JOE", "phrase": " their debt to income isn't problem"}, {"speaker": "JOE", "phrase": " the"}, {"speaker": "JOE", "phrase": " uh"}, {"speaker": "JOE", "phrase": " problem as I see it is"}, {"speaker": "JOE", "phrase": " the value of the house"}, {"speaker": "JOE", "phrase": " number one"}, {"speaker": "JOE", "phrase": " and the second matter at hand is"}, {"speaker": "JOE", "phrase": " that"}, {"speaker": "JOE", "phrase": " in nineteen eightyseven"}, {"speaker": "JOE", "phrase": " they had filed chapter eleven."}, {"speaker": "JOE", "phrase": " They had at the time mortgage with us"}, {"speaker": "JOE", "phrase": " They reaffirmed on that mortgage"}, {"speaker": "JOE", "phrase": " They were never late"}, {"speaker": "JOE", "phrase": " We"}, {"speaker": "JOE", "phrase": " uh"}, {"speaker": "JOE", "phrase": " After that discharge"}, {"speaker": "JOE", "phrase": " we even advanced them money to purchase this house"}, {"speaker": "JOE", "phrase": " on Main Street here in Hillsdale"}, {"speaker": "JOE", "phrase": " and um"}, {"speaker": "JOE", "phrase": " they have never missed payment on that loan"}, {"speaker": "JOE", "phrase": " I've also made them car loans"}, {"speaker": "JOE", "phrase": " that they've never missed payment on"}, {"speaker": "JOE", "phrase": " and um"}, {"speaker": "JOE", "phrase": " according to Fannie Mae guidelines"}, {"speaker": "JOE", "phrase": " as long as they have been discharged"}, {"speaker": "JOE", "phrase": " at least two years"}, {"speaker": "JOE", "phrase": " and reestablished and paid as agreed"}, {"speaker": "JOE", "phrase": " their credit obligations"}, {"speaker": "JOE", "phrase": " they would qualify for Fannie Mae mortgage."}, {"speaker": "JOE", "phrase": " With that in mind"}, {"speaker": "JOE", "phrase": " um"}, {"speaker": "JOE", "phrase": " I am moving"}, {"speaker": "JOE", "phrase": " that they."}, {"speaker": "JOE", "phrase": " uh"}, {"speaker": "JOE", "phrase": " that we approve this loan request"}, {"speaker": "JOE", "phrase": " subject to uh certified appraisal of their home."}, {"speaker": "FRED", "phrase": " Do we have the discharge ?"}, {"speaker": "JOE", "phrase": " Yes."}, {"speaker": "JOE", "phrase": " I have copy of it."}, {"speaker": "FRED", "phrase": " Mhm."}, {"speaker": "FRED", "phrase": " When was it."}, {"speaker": "JOE", "phrase": " It was discharged on"}, {"speaker": "JOE", "phrase": " November"}, {"speaker": "JOE", "phrase": " uh no."}, {"speaker": "JOE", "phrase": "Two twenty three eighty eight."}, {"speaker": "JOE", "phrase": "Discharge date was two twenty three of eighty eight."}, {"speaker": "FRED", "phrase": " When did they file."}, {"speaker": "FRED", "phrase": " Didn't you say they filed in eightyseven ?"}, {"speaker": "JOE", "phrase": " Eleven of eightyseven."}, {"speaker": "FRED", "phrase": " In eleven ?"}, {"speaker": "JOE", "phrase": " Mhm."}, {"speaker": "JIM", "phrase": " Three months ?"}, {"speaker": "JIM", "phrase": " Whew."}, {"speaker": "JIM", "phrase": " That's pretty fast."}, {"speaker": "JOE", "phrase": " Yeah."}, {"speaker": "FRED", "phrase": " What did they do."}, {"speaker": "JOE", "phrase": "PAUSE"}, {"speaker": "FRED", "phrase": " Dismiss it ?"}, {"speaker": "JOE", "phrase": " It was business."}, {"speaker": "JOE", "phrase": " No"}, {"speaker": "JOE", "phrase": " it was business"}, {"speaker": "JOE", "phrase": " uh"}, {"speaker": "JOE", "phrase": " bankruptcy"}, {"speaker": "JOE", "phrase": " and"}, {"speaker": "JOE", "phrase": " it was pretty cut and dried"}, {"speaker": "JOE", "phrase": " they just were eliminating the business"}, {"speaker": "JOE", "phrase": " um"}, {"speaker": "JOE", "phrase": " debt"}, {"speaker": "JOE", "phrase": " and apparently nobody objected to the"}, {"speaker": "JOE", "phrase": " the bankruptcy."}, {"speaker": "JOE", "phrase": " Since they reaffirmed with their secured creditors."}, {"speaker": "JOE", "phrase": " All the debt that was."}, {"speaker": "JOE", "phrase": " that was filed bankruptcy against was unsecured creditors."}, {"speaker": "FRED", "phrase": " And they dischargedthem"}, {"speaker": "FRED", "phrase": " before they even performed"}, {"speaker": "FRED", "phrase": " or anything ?"}, {"speaker": "JOE", "phrase": " Yeah"}, {"speaker": "JOE", "phrase": " in three."}, {"speaker": "JOE", "phrase": " I guess so"}, {"speaker": "JOE", "phrase": " in threemonth period of time"}, {"speaker": "JOE", "phrase": " cause here's the."}, {"speaker": "FRED", "phrase": " No I."}, {"speaker": "FRED", "phrase": " I just"}, {"speaker": "FRED", "phrase": " it's unusual that they don't requirethemto."}, {"speaker": "FRED", "phrase": " you know"}, {"speaker": "FRED", "phrase": " usually they putthemon twoyear or threeyear plan or something."}, {"speaker": "JOE", "phrase": " Mhm"}, {"speaker": "JOE", "phrase": " See"}, {"speaker": "JOE", "phrase": " from what I \u0294uh I gathered is the"}, {"speaker": "JOE", "phrase": " unsecured creditors got nothing"}, {"speaker": "JOE", "phrase": " and the secured creditors"}, {"speaker": "JOE", "phrase": " just carried on their payment history as agreed."}, {"speaker": "JOE", "phrase": " As originally set forth in their contracts."}, {"speaker": "FRED", "phrase": " But you know usually the plan'll provide some period of time of protection."}, {"speaker": "JOE", "phrase": " Oh I."}, {"speaker": "JOE", "phrase": " Yeah."}, {"speaker": "JOE", "phrase": " Mhm."}, {"speaker": "FRED", "phrase": " But if we've got uh..."}, {"speaker": "JOE", "phrase": " for those unsecured creditors."}, {"speaker": "FRED", "phrase": " Yeah."}, {"speaker": "FRED", "phrase": " But if we've got the discharge."}, {"speaker": "JIM", "phrase": " Yeah."}, {"speaker": "FRED", "phrase": " Okay."}, {"speaker": "FRED", "phrase": " Well"}, {"speaker": "FRED", "phrase": " in that case."}, {"speaker": "JIM", "phrase": " That's hard to believe"}, {"speaker": "JIM", "phrase": " because it says that"}, {"speaker": "JIM", "phrase": " notice of joint."}, {"speaker": "JIM", "phrase": " discharge of joint debtors"}, {"speaker": "JIM", "phrase": " it."}, {"speaker": "JIM", "phrase": " it appears the persons named above"}, {"speaker": "JIM", "phrase": " filed petition"}, {"speaker": "JIM", "phrase": " commencing..."}, {"speaker": "FRED", "phrase": " Yeah ?"}, {"speaker": "JIM", "phrase": " joint case under title eleven."}, {"speaker": "JOE", "phrase": " mhm."}, {"speaker": "JIM", "phrase": " on November twentythird"}, {"speaker": "JIM", "phrase": " of nineteen eightyseven ?"}, {"speaker": "JIM", "phrase": " And that an order of relief has been entered"}, {"speaker": "JIM", "phrase": " no complaint objecting to the discharge of the debtors was filed"}, {"speaker": "JIM", "phrase": " within the time fixed by the court."}, {"speaker": "FRED", "phrase": " Yeah."}, {"speaker": "JOE", "phrase": " Yeah."}, {"speaker": "JIM", "phrase": " Uh"}, {"speaker": "JIM", "phrase": " what was that."}, {"speaker": "JIM", "phrase": " Ten minutes ?"}, {"speaker": "JIM", "phrase": " Or..."}, {"speaker": "FRED", "phrase": "PAUSE"}, {"speaker": "KURT", "phrase": "PAUSE"}, {"speaker": "JOE", "phrase": " Yeah."}, {"speaker": "JIM", "phrase": " And um."}, {"speaker": "FRED", "phrase": " Yeah."}, {"speaker": "FRED", "phrase": " See I don't know how they got it done that fast."}, {"speaker": "JIM", "phrase": " and"}, {"speaker": "JIM", "phrase": " and that they're um."}, {"speaker": "FRED", "phrase": " Hell we can't even get to court in three months."}, {"speaker": "JOE", "phrase": " I know."}, {"speaker": "KURT", "phrase": "PAUSE"}, {"speaker": "JIM", "phrase": " Hm."}, {"speaker": "KURT", "phrase": "PAUSE"}, {"speaker": "JOE", "phrase": " That's ridiculous."}, {"speaker": "JIM", "phrase": " That..."}, {"speaker": "JOE", "phrase": " I have lean..."}, {"speaker": "JIM", "phrase": " And it's dated February twentythird"}, {"speaker": "JIM", "phrase": " nineteen laugh eight."}, {"speaker": "JOE", "phrase": " Mhm."}, {"speaker": "JIM", "phrase": "PAUSE"}, {"speaker": "FRED", "phrase": " Okay."}, {"speaker": "JIM", "phrase": " That's uh."}, {"speaker": "FRED", "phrase": " I mean"}, {"speaker": "FRED", "phrase": "PAUSE"}, {"speaker": "JIM", "phrase": " three months."}, {"speaker": "FRED", "phrase": " That's all."}, {"speaker": "FRED", "phrase": " I just."}, {"speaker": "FRED", "phrase": " Yeah."}, {"speaker": "FRED", "phrase": " That's what I was just."}, {"speaker": "FRED", "phrase": " I assumed it would've been"}, {"speaker": "FRED", "phrase": " like eighty."}, {"speaker": "FRED", "phrase": " uh ninetytwo or something."}, {"speaker": "JOE", "phrase": " Mhm."}, {"speaker": "FRED", "phrase": " you know."}, {"speaker": "JIM", "phrase": " Yeah."}, {"speaker": "JIM", "phrase": " What..."}, {"speaker": "FRED", "phrase": " the five..."}, {"speaker": "JIM", "phrase": " What actually happened to them"}, {"speaker": "JIM", "phrase": " was"}, {"speaker": "JIM", "phrase": " she opened franchise."}, {"speaker": "JIM", "phrase": " And it was"}, {"speaker": "JIM", "phrase": " franchise of doing packaging"}, {"speaker": "JIM", "phrase": " sending"}, {"speaker": "JIM", "phrase": " uh"}, {"speaker": "JIM", "phrase": " from mall basis."}, {"speaker": "FRED", "phrase": " Unhunh ?"}, {"speaker": "JIM", "phrase": " uh"}, {"speaker": "JIM", "phrase": " packaging"}, {"speaker": "JIM", "phrase": " gift wrapping"}, {"speaker": "JIM", "phrase": " and shipping."}, {"speaker": "KURT", "phrase": " shipping it."}, {"speaker": "JOE", "phrase": "PAUSE"}, {"speaker": "JIM", "phrase": " Well"}, {"speaker": "JIM", "phrase": " what hap pened."}, {"speaker": "JOE", "phrase": "PAUSE"}, {"speaker": "JIM", "phrase": " They should have gotten into the business"}, {"speaker": "JIM", "phrase": " hindsight's twenty twenty"}, {"speaker": "JIM", "phrase": " They should've gotten into the business in let's say August"}, {"speaker": "JIM", "phrase": " and then they would've had Christmas season."}, {"speaker": "JIM", "phrase": " There was."}, {"speaker": "JIM", "phrase": " It got to be real complicated"}, {"speaker": "JIM", "phrase": " and they didn't get in until February."}, {"speaker": "JIM", "phrase": " Well February they had nothing to do and"}, {"speaker": "JIM", "phrase": " and I think they."}, {"speaker": "FRED", "phrase": " Yeah."}, {"speaker": "JIM", "phrase": " They hung in there for year and half."}, {"speaker": "JIM", "phrase": " And they just couldn't."}, {"speaker": "JIM", "phrase": " couldn't see end to it."}, {"speaker": "FRED", "phrase": "..."}, {"speaker": "KURT", "phrase": " February nobody's shipping anything."}, {"speaker": "KURT", "phrase": "PAUSE"}, {"speaker": "FRED", "phrase": " I'll."}, {"speaker": "FRED", "phrase": " I'll second then Joe."}, {"speaker": "KURT", "phrase": "PAUSE"}, {"speaker": "JOE", "phrase": " Okay."}, {"speaker": "JIM", "phrase": " So it's moved and seconded to uh."}, {"speaker": "JOE", "phrase": " approve that loan subject to the"}, {"speaker": "JOE", "phrase": " uh"}, {"speaker": "JOE", "phrase": " appraisal by certified appraisal."}, {"speaker": "FRED", "phrase": "And the max is eighty four?"}, {"speaker": "JOE", "phrase": " Mhm."}, {"speaker": "FRED", "phrase": " Okay."}, {"speaker": "JIM", "phrase": " Okay."}, {"speaker": "JIM", "phrase": " All in favor aye."}, {"speaker": "FRED", "phrase": " Aye."}, {"speaker": "KURT", "phrase": " Aye."}, {"speaker": "JOE", "phrase": " Aye."}, {"speaker": "JIM", "phrase": " Opposed same sign."}, {"speaker": "JIM", "phrase": " Motion carries."}, {"speaker": "FRED", "phrase": "PAUSE"}, {"speaker": "FRED", "phrase": " Is that the only one ?"}, {"speaker": "JOE", "phrase": " That's the only loan I have."}, {"speaker": "FRED", "phrase": " Okay."}, {"speaker": "FRED", "phrase": " I got one small one."}, {"speaker": "FRED", "phrase": " The only reason it's in here"}, {"speaker": "FRED", "phrase": " is because the borrowers already have"}, {"speaker": "FRED", "phrase": " threehundred three thousand borrowed"}, {"speaker": "FRED", "phrase": " so it has to be approved by the board"}, {"speaker": "FRED", "phrase": " but if we"}, {"speaker": "FRED", "phrase": " if Jim and Kurt approve it today"}, {"speaker": "FRED", "phrase": " that'd be two"}, {"speaker": "FRED", "phrase": " and then I'll have to call two more."}, {"speaker": "FRED", "phrase": " Uh"}, {"speaker": "FRED", "phrase": " they wanna borrow forty."}, {"speaker": "FRED", "phrase": " Well"}, {"speaker": "FRED", "phrase": "Dave wants to borrow forty five hundred dollars to"}, {"speaker": "FRED", "phrase": " finish paying off the renovation"}, {"speaker": "FRED", "phrase": " and upgrade necessary on the daycare."}, {"speaker": "FRED", "phrase": " And"}, {"speaker": "FRED", "phrase": " he had initially thought what he borrowed would do it"}, {"speaker": "FRED", "phrase": " and then he borrowed some money from his uncle"}, {"speaker": "FRED", "phrase": " and he wants to repay his uncle and get that out of the way."}, {"speaker": "FRED", "phrase": " He wants to set it up on year"}, {"speaker": "FRED", "phrase": " uh"}, {"speaker": "FRED", "phrase": " it would be secured via three vehicles"}, {"speaker": "FRED", "phrase": " um"}, {"speaker": "FRED", "phrase": " you know his debt to income is relatively high"}, {"speaker": "FRED", "phrase": " but his income's going up"}, {"speaker": "FRED", "phrase": " the daycare is scheduled to open week after the fifth."}, {"speaker": "FRED", "phrase": " So around the twelfth to fifteenth of January"}, {"speaker": "FRED", "phrase": " he thought he's been."}, {"speaker": "FRED", "phrase": " he thought he was already opened"}, {"speaker": "FRED", "phrase": " and then they came back in and told him he couldn't open."}, {"speaker": "FRED", "phrase": " Cause there was articles in the paper"}, {"speaker": "FRED", "phrase": " and they showed kids at the daycare and"}, {"speaker": "FRED", "phrase": " he had his ads out and everything"}, {"speaker": "FRED", "phrase": " but he didn't have all the i's dotted and t's crossed"}, {"speaker": "FRED", "phrase": " and state came back in and said"}, {"speaker": "FRED", "phrase": " well"}, {"speaker": "FRED", "phrase": " no"}, {"speaker": "FRED", "phrase": " you can't really do that."}, {"speaker": "FRED", "phrase": " So"}, {"speaker": "FRED", "phrase": " one group of state people"}, {"speaker": "FRED", "phrase": " the people that do all the."}, {"speaker": "FRED", "phrase": " do the testing for"}, {"speaker": "FRED", "phrase": " electrical and safety and stuff have been there"}, {"speaker": "FRED", "phrase": " and now the state inspector's got to come in"}, {"speaker": "FRED", "phrase": " I guess they just look at the quality of the facility."}, {"speaker": "FRED", "phrase": " Not necessarily the wiring plumbing and heating"}, {"speaker": "FRED", "phrase": " but"}, {"speaker": "FRED", "phrase": " is it clean"}, {"speaker": "FRED", "phrase": " and is it safe"}, {"speaker": "FRED", "phrase": " and that sort of thing."}, {"speaker": "FRED", "phrase": " They're supposed to be there the fifth"}, {"speaker": "FRED", "phrase": " and he said"}, {"speaker": "FRED", "phrase": " that the lady told him"}, {"speaker": "FRED", "phrase": " that it usually takes week"}, {"speaker": "FRED", "phrase": " for them to send report in"}, {"speaker": "FRED", "phrase": " and for their license to come back."}, {"speaker": "FRED", "phrase": " So"}, {"speaker": "FRED", "phrase": " he anticipates that they'll be open no later than the twelfth to fifteenth"}, {"speaker": "FRED", "phrase": " he gave me some numbers"}, {"speaker": "FRED", "phrase": " I can't remember"}, {"speaker": "FRED", "phrase": " they've got like"}, {"speaker": "FRED", "phrase": " thirteen or fourteen kids they're already taking care of"}, {"speaker": "FRED", "phrase": " mostly out of their house"}, {"speaker": "FRED", "phrase": " until they can getthemmoved down there"}, {"speaker": "FRED", "phrase": " and then they've got eight or nine more."}, {"speaker": "FRED", "phrase": " So they fully expect income to exceed the projection"}, {"speaker": "FRED", "phrase": " but right now they don't have any income"}, {"speaker": "FRED", "phrase": " other than from his job."}, {"speaker": "FRED", "phrase": " So"}, {"speaker": "FRED", "phrase": " uh"}, {"speaker": "FRED", "phrase": "PAUSE"}, {"speaker": "JIM", "phrase": " That's fairly large scale."}, {"speaker": "JIM", "phrase": " What."}, {"speaker": "JIM", "phrase": " And he's gonna have twentyfive people."}, {"speaker": "JOE", "phrase": " The building is..."}, {"speaker": "JIM", "phrase": " or something ?"}, {"speaker": "JOE", "phrase": " Yeah."}, {"speaker": "JOE", "phrase": " At east twentyfive children."}, {"speaker": "FRED", "phrase": " Yeah."}, {"speaker": "JIM", "phrase": " Twentyfive..."}, {"speaker": "FRED", "phrase": " See they're."}, {"speaker": "FRED", "phrase": " Yeah."}, {"speaker": "FRED", "phrase": " They're expecting that many fairly quickly."}, {"speaker": "FRED", "phrase": " And then"}, {"speaker": "FRED", "phrase": " he hopes to get up around fifty."}, {"speaker": "FRED", "phrase": " See they're looking at four people"}, {"speaker": "FRED", "phrase": " plus."}, {"speaker": "JOE", "phrase": " I've gone through the building."}, {"speaker": "FRED", "phrase": " you know"}, {"speaker": "FRED", "phrase": " plus his wife."}, {"speaker": "JOE", "phrase": " and it is uh"}, {"speaker": "JOE", "phrase": " very very nicely done operation."}, {"speaker": "JOE", "phrase": " I mean there's nothing shoddy about the workmanship"}, {"speaker": "JOE", "phrase": " or the quality of the material"}, {"speaker": "JOE", "phrase": " or the cleanliness of the"}, {"speaker": "JOE", "phrase": " of the building."}, {"speaker": "JOE", "phrase": "PAUSE"}, {"speaker": "JIM", "phrase": " Is it attached onto storage facility ?"}, {"speaker": "JOE", "phrase": " No."}, {"speaker": "JOE", "phrase": " It's separate building."}, {"speaker": "JIM", "phrase": " Oh it's freestanding building."}, {"speaker": "FRED", "phrase": " Yeah."}, {"speaker": "JOE", "phrase": " Separate building."}, {"speaker": "FRED", "phrase": " See it's."}, {"speaker": "JIM", "phrase": " They..."}, {"speaker": "FRED", "phrase": " It's building his dad had"}, {"speaker": "FRED", "phrase": " where he was."}, {"speaker": "FRED", "phrase": " where he had his..."}, {"speaker": "JOE", "phrase": " his cabinet shop."}, {"speaker": "JIM", "phrase": " Okay."}, {"speaker": "FRED", "phrase": " shop"}, {"speaker": "FRED", "phrase": " and."}, {"speaker": "JIM", "phrase": " Okay."}, {"speaker": "FRED", "phrase": " And was living in it"}, {"speaker": "FRED", "phrase": " and they converted the living quarters and all that into this thing."}, {"speaker": "FRED", "phrase": " It's like anything"}, {"speaker": "FRED", "phrase": " when you're dealing with."}, {"speaker": "FRED", "phrase": " you know"}, {"speaker": "FRED", "phrase": " regulators and the state"}, {"speaker": "FRED", "phrase": " they"}, {"speaker": "FRED", "phrase": " you know"}, {"speaker": "FRED", "phrase": " he said they got two ladies for nine counties"}, {"speaker": "FRED", "phrase": " and they."}, {"speaker": "FRED", "phrase": " There's lot of this going on"}, {"speaker": "FRED", "phrase": " and they can only get to so many."}, {"speaker": "FRED", "phrase": " So"}, {"speaker": "FRED", "phrase": " I would move"}, {"speaker": "FRED", "phrase": "since it's secured for forty five hundred"}, {"speaker": "FRED", "phrase": " it's on twelvemonth repayment"}, {"speaker": "FRED", "phrase": " which is relatively short"}, {"speaker": "FRED", "phrase": " I would move that we advance the funds."}, {"speaker": "KURT", "phrase": " I'll second it."}, {"speaker": "KURT", "phrase": " Except"}, {"speaker": "KURT", "phrase": " they owe pretty much"}, {"speaker": "KURT", "phrase": " don't they ?"}, {"speaker": "FRED", "phrase": " Threehundred three thousand"}, {"speaker": "FRED", "phrase": " and some odd dollars."}, {"speaker": "FRED", "phrase": " But he's always serviced"}, {"speaker": "FRED", "phrase": " I mean"}, {"speaker": "FRED", "phrase": " he's never been late"}, {"speaker": "FRED", "phrase": " he's always paid as agreed"}, {"speaker": "FRED", "phrase": " uh"}, {"speaker": "FRED", "phrase": " and they do have the income"}, {"speaker": "FRED", "phrase": " it just"}, {"speaker": "FRED", "phrase": " right now"}, {"speaker": "FRED", "phrase": " the income doesn't."}, {"speaker": "FRED", "phrase": " Well"}, {"speaker": "FRED", "phrase": " I say they have it."}, {"speaker": "FRED", "phrase": " Once the daycare gets up to twenty people"}, {"speaker": "FRED", "phrase": " they'll have enough income to."}, {"speaker": "KURT", "phrase": " Mhm."}, {"speaker": "FRED", "phrase": " They'll fall back under the forty percent"}, {"speaker": "FRED", "phrase": " But right now they're over the forty"}, {"speaker": "FRED", "phrase": " because we can't show any income from the daycare."}, {"speaker": "FRED", "phrase": " Um"}, {"speaker": "FRED", "phrase": " but"}, {"speaker": "FRED", "phrase": " you know"}, {"speaker": "FRED", "phrase": " it it."}, {"speaker": "FRED", "phrase": " you know"}, {"speaker": "FRED", "phrase": " I feel comfortable that it's there"}, {"speaker": "FRED", "phrase": " and like I say"}, {"speaker": "FRED", "phrase": " he's always serviced debt as agreed"}, {"speaker": "FRED", "phrase": " and"}, {"speaker": "FRED", "phrase": " and his overall debt is working down"}, {"speaker": "FRED", "phrase": " it's just quite bit of debt."}, {"speaker": "KURT", "phrase": " You just"}, {"speaker": "KURT", "phrase": " I guess you can't say too much if they're paying on time."}, {"speaker": "KURT", "phrase": " Uh uh."}, {"speaker": "FRED", "phrase": " Yeah."}, {"speaker": "KURT", "phrase": " and."}, {"speaker": "FRED", "phrase": " And I think they're about to the point..."}, {"speaker": "KURT", "phrase": " as long as everything works out good."}, {"speaker": "JOE", "phrase": "PAUSE"}, {"speaker": "KURT", "phrase": "PAUSE"}, {"speaker": "FRED", "phrase": " Yeah"}, {"speaker": "FRED", "phrase": " I think if."}, {"speaker": "FRED", "phrase": " you know"}, {"speaker": "FRED", "phrase": "PAUSE"}, {"speaker": "FRED", "phrase": " He's already talking"}, {"speaker": "FRED", "phrase": " if this thing goes like they think it is"}, {"speaker": "FRED", "phrase": " next fall he's wanting to"}, {"speaker": "FRED", "phrase": " start looking at expanding that storage facility."}, {"speaker": "FRED", "phrase": " It's one of those things"}, {"speaker": "FRED", "phrase": " I think there's."}, {"speaker": "FRED", "phrase": " they're always gonna have quite bit of debt"}, {"speaker": "FRED", "phrase": " so long as cash flow'll keep up with it."}, {"speaker": "FRED", "phrase": " Cause"}, {"speaker": "FRED", "phrase": " you know he's."}, {"speaker": "FRED", "phrase": " that's kind of their"}, {"speaker": "FRED", "phrase": " you know he's looking at that as his retirement income"}, {"speaker": "FRED", "phrase": " and an investment"}, {"speaker": "FRED", "phrase": " and this whole bit"}, {"speaker": "FRED", "phrase": " you know"}, {"speaker": "FRED", "phrase": " like some of the people do here."}, {"speaker": "JIM", "phrase": " \u0294uh Well it's been moved and seconded"}, {"speaker": "JIM", "phrase": " um"}, {"speaker": "JIM", "phrase": " to approve"}, {"speaker": "JIM", "phrase": " but that"}, {"speaker": "JIM", "phrase": " \u0294uh we can't really disburse on that."}, {"speaker": "JIM", "phrase": " That"}, {"speaker": "JIM", "phrase": " due to his size"}, {"speaker": "JIM", "phrase": " of the loan."}, {"speaker": "JOE", "phrase": " until we have all..."}, {"speaker": "JIM", "phrase": " They need..."}, {"speaker": "KURT", "phrase": " all the board members ?"}, {"speaker": "JOE", "phrase": " majority of board member."}, {"speaker": "FRED", "phrase": " Yeah."}, {"speaker": "JIM", "phrase": " Four."}, {"speaker": "JIM", "phrase": " uh."}, {"speaker": "JIM", "phrase": " At least two more board members"}, {"speaker": "JIM", "phrase": " because I'm voting."}, {"speaker": "FRED", "phrase": " Yeah."}, {"speaker": "JIM", "phrase": " all in."}, {"speaker": "JIM", "phrase": " I'm voting in favor of it."}, {"speaker": "FRED", "phrase": " In favor."}, {"speaker": "JIM", "phrase": " and."}, {"speaker": "FRED", "phrase": " Yeah."}, {"speaker": "FRED", "phrase": " See I was..."}, {"speaker": "JIM", "phrase": " since you seconded it"}, {"speaker": "JIM", "phrase": " I assume so are you."}, {"speaker": "FRED", "phrase": " Yeah."}, {"speaker": "KURT", "phrase": " Yeah."}, {"speaker": "FRED", "phrase": " So see I've got two."}, {"speaker": "FRED", "phrase": " and then I'll try to"}, {"speaker": "FRED", "phrase": " I'll get hold of two more."}, {"speaker": "FRED", "phrase": " I was gonna see Wilbur"}, {"speaker": "FRED", "phrase": " but he didn't."}, {"speaker": "FRED", "phrase": " Dave didn't get in here until"}, {"speaker": "FRED", "phrase": " after he was gone"}, {"speaker": "FRED", "phrase": " so"}, {"speaker": "FRED", "phrase": " that's the only one I have."}, {"speaker": "JIM", "phrase": " Any other loans."}, {"speaker": "JOE", "phrase": " No other loans to be discussed."}, {"speaker": "JIM", "phrase": " I got couple things here"}, {"speaker": "JIM", "phrase": " but uh"}, {"speaker": "JIM", "phrase": " we'll um"}, {"speaker": "JIM", "phrase": " the one"}, {"speaker": "JIM", "phrase": " is in regard to"}, {"speaker": "JIM", "phrase": " the retail"}, {"speaker": "JIM", "phrase": " nondeposit investment"}, {"speaker": "JIM", "phrase": " just to kind of bring us up to speed"}, {"speaker": "JIM", "phrase": " Matt has tentatively accepted our offer for employment"}, {"speaker": "JIM", "phrase": " but since he's going to be dual employee"}, {"speaker": "JIM", "phrase": "PAUSE"}, {"speaker": "JIM", "phrase": " you really don't need to put this in the minutes."}, {"speaker": "JIM", "phrase": "..."}, {"speaker": "JOE", "phrase": " Hm."}, {"speaker": "JOE", "phrase": " Okay."}, {"speaker": "JIM", "phrase": " I'll I'll."}, {"speaker": "JIM", "phrase": " I'll catch up the board up to speed"}, {"speaker": "JIM", "phrase": " I just want us to know"}, {"speaker": "JIM", "phrase": " because it has some loan relevance."}, {"speaker": "JIM", "phrase": " Uh he was interviewed by LCL"}, {"speaker": "JIM", "phrase": " Larry Harb interviewed him over the telephone yesterday"}, {"speaker": "JIM", "phrase": " and"}, {"speaker": "JIM", "phrase": " Larry called me this morning"}, {"speaker": "JIM", "phrase": " that's who had called about seventhirty"}, {"speaker": "JIM", "phrase": " and said everything went fine."}, {"speaker": "JIM", "phrase": " Um"}, {"speaker": "JIM", "phrase": " what."}, {"speaker": "JIM", "phrase": " what we have set up is"}, {"speaker": "JIM", "phrase": " Matt's going up to Chicago"}, {"speaker": "JIM", "phrase": " at LCL's office"}, {"speaker": "JIM", "phrase": " on uh"}, {"speaker": "JIM", "phrase": " for Monday evening"}, {"speaker": "JIM", "phrase": " Tuesday"}, {"speaker": "JIM", "phrase": " and Wednesday training."}, {"speaker": "JIM", "phrase": " The."}, {"speaker": "JIM", "phrase": " The Monday evening and Tuesday training"}, {"speaker": "JIM", "phrase": " will be very specific for him"}, {"speaker": "JIM", "phrase": " their workflow"}, {"speaker": "JIM", "phrase": " their forms"}, {"speaker": "JIM", "phrase": " he'll get to meet these people."}, {"speaker": "JIM", "phrase": " On Wednesday then"}, {"speaker": "JIM", "phrase": " he'll be in little bit of larger group"}, {"speaker": "JIM", "phrase": " there may be four or five other asset managers with him"}, {"speaker": "JIM", "phrase": " discussing sails motivations and"}, {"speaker": "JIM", "phrase": " and and sales approaches and strategies"}, {"speaker": "JIM", "phrase": " \u0294uh Larry said"}, {"speaker": "JIM", "phrase": " he doesn't know how Matt's gonna plug into us"}, {"speaker": "JIM", "phrase": " philosophically"}, {"speaker": "JIM", "phrase": " and how well he's known in the area."}, {"speaker": "JIM", "phrase": " He said that's our decision."}, {"speaker": "JIM", "phrase": " Of which"}, {"speaker": "JIM", "phrase": " you know"}, {"speaker": "JIM", "phrase": " I'm comfortable with."}, {"speaker": "JIM", "phrase": " I wanted Larry to tell me how he thinks he's gonna do"}, {"speaker": "JIM", "phrase": " plugging into the selling"}, {"speaker": "JIM", "phrase": " and he said oh"}, {"speaker": "JIM", "phrase": " you."}, {"speaker": "JIM", "phrase": " he should be."}, {"speaker": "JIM", "phrase": " he should do very well."}, {"speaker": "JIM", "phrase": " So I'm"}, {"speaker": "JIM", "phrase": " um"}, {"speaker": "JIM", "phrase": "PAUSE"}, {"speaker": "JIM", "phrase": " that looks good."}, {"speaker": "JIM", "phrase": " What I did"}, {"speaker": "JIM", "phrase": " kind of"}, {"speaker": "JIM", "phrase": " in regard to that"}, {"speaker": "JIM", "phrase": " was"}, {"speaker": "JIM", "phrase": " and"}, {"speaker": "JIM", "phrase": " I don't have this date finalized"}, {"speaker": "JIM", "phrase": " but"}, {"speaker": "JIM", "phrase": "PAUSE"}, {"speaker": "JIM", "phrase": " I'm trying to go maybe the second week of January"}, {"speaker": "JIM", "phrase": " to have representative of Bankers Systems"}, {"speaker": "JIM", "phrase": " come here."}, {"speaker": "JIM", "phrase": " to do some specialized training"}, {"speaker": "JIM", "phrase": " within the qualified retirement plan area."}, {"speaker": "JIM", "phrase": " Matt needs"}, {"speaker": "JIM", "phrase": " Matt needs an understanding of"}, {"speaker": "JIM", "phrase": " not detailed understanding"}, {"speaker": "JIM", "phrase": " but how all these qualified plans work"}, {"speaker": "JIM", "phrase": " so that he can have"}, {"speaker": "JIM", "phrase": " so he understands how"}, {"speaker": "JIM", "phrase": " his products plug into the to the selfdirected IRAs"}, {"speaker": "JIM", "phrase": " SEPs"}, {"speaker": "JIM", "phrase": " and the like."}, {"speaker": "JIM", "phrase": " We also"}, {"speaker": "JIM", "phrase": " it would do us good to know what products we can offer"}, {"speaker": "JIM", "phrase": " under those qualified retirement plans."}, {"speaker": "JIM", "phrase": " So"}, {"speaker": "JIM", "phrase": " uh."}, {"speaker": "JIM", "phrase": " Ray Galino I I believe is his name is"}, {"speaker": "JIM", "phrase": " supposed to come down"}, {"speaker": "JIM", "phrase": " I haven't set up date"}, {"speaker": "JIM", "phrase": " but"}, {"speaker": "JIM", "phrase": " he'll be here on."}, {"speaker": "JIM", "phrase": " for day"}, {"speaker": "JIM", "phrase": " and I wanted him to talk with Matt"}, {"speaker": "JIM", "phrase": " Vivian"}, {"speaker": "JIM", "phrase": " myself"}, {"speaker": "JIM", "phrase": " and"}, {"speaker": "JIM", "phrase": " sometime during the day to the two of you."}, {"speaker": "JIM", "phrase": " Because as loan officers"}, {"speaker": "JIM", "phrase": " you have good handle on borrowers and"}, {"speaker": "JIM", "phrase": " and can kind of tell them of these SEPs"}, {"speaker": "JIM", "phrase": " and some of the other products."}, {"speaker": "JIM", "phrase": " Uh"}, {"speaker": "JIM", "phrase": " we've kind of hesitated in in offering those."}, {"speaker": "X", "phrase": "PAUSE"}, {"speaker": "JIM", "phrase": " well"}, {"speaker": "JIM", "phrase": " we have not offered the selfdirected."}, {"speaker": "JOE", "phrase": " Hm."}, {"speaker": "JIM", "phrase": " Offering the selfdirected we're getting"}, {"speaker": "JIM", "phrase": " is simply"}, {"speaker": "JIM", "phrase": " we need to get."}, {"speaker": "JIM", "phrase": " fifty different forms."}, {"speaker": "JIM", "phrase": " Instead of called an IRA"}, {"speaker": "JIM", "phrase": " it's called an IRA SD"}, {"speaker": "JIM", "phrase": " for selfdirected."}, {"speaker": "JIM", "phrase": " And then"}, {"speaker": "JIM", "phrase": " that will allow people"}, {"speaker": "JIM", "phrase": " to"}, {"speaker": "JIM", "phrase": " if they don't want all their funds in bank CD"}, {"speaker": "JIM", "phrase": " as as are custodial IRA arrangements."}, {"speaker": "JIM", "phrase": " See"}, {"speaker": "JIM", "phrase": " the existing IRA says"}, {"speaker": "JIM", "phrase": " all those funds have to be in First National Bank of Hillsdale."}, {"speaker": "JIM", "phrase": " The selfdirected"}, {"speaker": "JIM", "phrase": " the the participant signs an investment direction"}, {"speaker": "JIM", "phrase": " or"}, {"speaker": "JIM", "phrase": " where where he directs the investments."}, {"speaker": "JIM", "phrase": " They sign the form"}, {"speaker": "JIM", "phrase": " and then you invest in whatever they want to."}, {"speaker": "JOE", "phrase": " Yeah."}, {"speaker": "JOE", "phrase": "PAUSE"}, {"speaker": "JIM", "phrase": " Uh"}, {"speaker": "JIM", "phrase": " the"}, {"speaker": "JIM", "phrase": " what."}, {"speaker": "JIM", "phrase": " How that works like with the SEPs"}, {"speaker": "JIM", "phrase": " the SEP has vehicle"}, {"speaker": "JIM", "phrase": " has to be connected to the IRA."}, {"speaker": "JIM", "phrase": " So we take the SEP off the shelf"}, {"speaker": "JIM", "phrase": " and then if the person wants that money put into bank CD"}, {"speaker": "JIM", "phrase": " then we just use our custodial IRA forms."}, {"speaker": "JIM", "phrase": " If they want selfdirected SEP"}, {"speaker": "JIM", "phrase": " you take the same SEP form off"}, {"speaker": "JIM", "phrase": " but you're using different IRA."}, {"speaker": "JIM", "phrase": " You're not using the custodial IRA arrangement."}, {"speaker": "FRED", "phrase": " Oh"}, {"speaker": "FRED", "phrase": " okay."}, {"speaker": "JIM", "phrase": " \u0294uh An SEP must have an IRA attached to it."}, {"speaker": "JIM", "phrase": " So..."}, {"speaker": "FRED", "phrase": " So"}, {"speaker": "FRED", "phrase": " the IRAs all fit in the same plan."}, {"speaker": "FRED", "phrase": " They're just different boxes checked off of this overall plan."}, {"speaker": "FRED", "phrase": " And that"}, {"speaker": "FRED", "phrase": " the overall plan is what you're talking about goes back"}, {"speaker": "FRED", "phrase": " that's what the IRS has blessed."}, {"speaker": "JIM", "phrase": " Right."}, {"speaker": "JIM", "phrase": " They..."}, {"speaker": "FRED", "phrase": " is the framework"}, {"speaker": "FRED", "phrase": " and so long as you stay within the framework in some combination"}, {"speaker": "FRED", "phrase": " you're okay."}, {"speaker": "JIM", "phrase": " Exactly."}, {"speaker": "JIM", "phrase": " So"}, {"speaker": "JIM", "phrase": " I I had talked with with Rick uh Brady today."}, {"speaker": "FRED", "phrase": "PAUSE"}, {"speaker": "JIM", "phrase": " and"}, {"speaker": "JIM", "phrase": " he's gonna send me those forms"}, {"speaker": "JIM", "phrase": "so we can take look at them"}, {"speaker": "JIM", "phrase": " The other."}, {"speaker": "JIM", "phrase": " The thing which makes it little more complicated"}, {"speaker": "JIM", "phrase": " but it's really not cost"}, {"speaker": "JIM", "phrase": " it's kind of flipflop"}, {"speaker": "JIM", "phrase": " in that"}, {"speaker": "JIM", "phrase": " he recommended we don't try and do the account maintenance on those selfdirected IRAs ourselves."}, {"speaker": "JIM", "phrase": " Because of how complicated the law is in all this."}, {"speaker": "FRED", "phrase": " Mhm."}, {"speaker": "JIM", "phrase": " so."}, {"speaker": "FRED", "phrase": " Mhm."}, {"speaker": "JIM", "phrase": "PAUSE"}, {"speaker": "JIM", "phrase": " I mean"}, {"speaker": "JIM", "phrase": " coincidentally Banker Systems offers comprehensive account maintainance services."}, {"speaker": "FRED", "phrase": "PAUSE"}, {"speaker": "JOE", "phrase": " You're kidding."}, {"speaker": "JIM", "phrase": " Isn't that..."}, {"speaker": "FRED", "phrase": "PAUSE"}, {"speaker": "JOE", "phrase": " Well"}, {"speaker": "JOE", "phrase": " is n't that surprise ?"}, {"speaker": "FRED", "phrase": "PAUSE"}, {"speaker": "JIM", "phrase": " that's such surprise."}, {"speaker": "JOE", "phrase": " Yeah."}, {"speaker": "FRED", "phrase": "PAUSE"}, {"speaker": "JIM", "phrase": " And"}, {"speaker": "JIM", "phrase": " what we would do is"}, {"speaker": "JIM", "phrase": " they would take care of the account maintainance."}, {"speaker": "FRED", "phrase": "PAUSE"}, {"speaker": "JIM", "phrase": " In similar manner"}, {"speaker": "JIM", "phrase": " if you will"}, {"speaker": "JIM", "phrase": " as they take care of the"}, {"speaker": "JIM", "phrase": " the other qualified plans."}, {"speaker": "JOE", "phrase": " Mhm."}, {"speaker": "JIM", "phrase": "PAUSE"}, {"speaker": "JIM", "phrase": "PAUSE"}, {"speaker": "JIM", "phrase": " We send them the information"}, {"speaker": "JIM", "phrase": "..."}, {"speaker": "JOE", "phrase": " But they print it"}, {"speaker": "JOE", "phrase": " and."}, {"speaker": "JIM", "phrase": " They."}, {"speaker": "JIM", "phrase": " They crank out the numbers."}, {"speaker": "JOE", "phrase": " qualify it"}, {"speaker": "JOE", "phrase": " and."}, {"speaker": "JIM", "phrase": " And"}, {"speaker": "JIM", "phrase": " and they file whatever needs to be filed."}, {"speaker": "JOE", "phrase": " disclose it"}, {"speaker": "JOE", "phrase": " Mhm."}, {"speaker": "JIM", "phrase": " The."}, {"speaker": "JIM", "phrase": " It's really not gonna cost us"}, {"speaker": "JIM", "phrase": " it it's gonna be pretty much of swap."}, {"speaker": "JIM", "phrase": " Right now"}, {"speaker": "JIM", "phrase": " we use their eighthundred number"}, {"speaker": "JIM", "phrase": " and their"}, {"speaker": "JIM", "phrase": " uh"}, {"speaker": "JIM", "phrase": "PAUSE"}, {"speaker": "JIM", "phrase": " their newsletter."}, {"speaker": "JIM", "phrase": " for the IRAs."}, {"speaker": "JIM", "phrase": " We don't have their comprehensive service"}, {"speaker": "JIM", "phrase": " we have their IRA service."}, {"speaker": "JIM", "phrase": " And that runs about threehundred dollars year."}, {"speaker": "JIM", "phrase": " If you go to the comprehensive account maintenance"}, {"speaker": "JIM", "phrase": " the eighthundred number is included"}, {"speaker": "JIM", "phrase": " and the."}, {"speaker": "JIM", "phrase": " and the newsletter is included."}, {"speaker": "JIM", "phrase": " So we would drop threehundred dollars off."}, {"speaker": "JIM", "phrase": " The account maintenance"}, {"speaker": "JIM", "phrase": " comprehensive account maintenance"}, {"speaker": "JIM", "phrase": " maintenance would cost us fivehundred dollars."}, {"speaker": "JIM", "phrase": " But"}, {"speaker": "JIM", "phrase": " what you do is"}, {"speaker": "JIM", "phrase": "PAUSE"}, {"speaker": "JIM", "phrase": " he estimates it'd be fivehundred dollars"}, {"speaker": "JIM", "phrase": " for minimal number of accounts"}, {"speaker": "JIM", "phrase": " Banker System charges thirtyfive dollars an account."}, {"speaker": "JIM", "phrase": " And he said under selfdirected arrangement"}, {"speaker": "JIM", "phrase": " he's seen charges"}, {"speaker": "JIM", "phrase": " to maintain selfdirected IRA"}, {"speaker": "JIM", "phrase": " anywhere from forty to hundred fifty dollars."}, {"speaker": "JIM", "phrase": " Now I think hundred fifty dollars is lot"}, {"speaker": "JIM", "phrase": " to maintain selfdirected IRA."}, {"speaker": "FRED", "phrase": " Mhm."}, {"speaker": "FRED", "phrase": " So you mean."}, {"speaker": "JIM", "phrase": " \u0294uh..."}, {"speaker": "FRED", "phrase": " that you."}, {"speaker": "FRED", "phrase": " we could pass that back to the customer ?"}, {"speaker": "FRED", "phrase": " That's what you're saying."}, {"speaker": "JIM", "phrase": " Right."}, {"speaker": "JIM", "phrase": " Right."}, {"speaker": "JIM", "phrase": " We..."}, {"speaker": "FRED", "phrase": " They charge us fivehundred plus thirtyfive per account ?"}, {"speaker": "JIM", "phrase": " Well he thought."}, {"speaker": "JIM", "phrase": " he's gonna send me down the information"}, {"speaker": "JIM", "phrase": " you know how the typical salesman"}, {"speaker": "JIM", "phrase": " they"}, {"speaker": "JIM", "phrase": " they they d talk in kind of nebulous terms."}, {"speaker": "FRED", "phrase": " Yeah."}, {"speaker": "JIM", "phrase": " but he thought."}, {"speaker": "FRED", "phrase": " Okay."}, {"speaker": "JIM", "phrase": " they."}, {"speaker": "JIM", "phrase": " they have minimum number of accounts"}, {"speaker": "JIM", "phrase": " \u0294uh."}, {"speaker": "FRED", "phrase": " Oh"}, {"speaker": "FRED", "phrase": " with."}, {"speaker": "FRED", "phrase": " is covered if you will by the hundred."}, {"speaker": "JIM", "phrase": " Yes."}, {"speaker": "FRED", "phrase": " Okay."}, {"speaker": "JIM", "phrase": " And so he said"}, {"speaker": "JIM", "phrase": " \u0294uh \u0294uh \u0294uh way I understood it would"}, {"speaker": "JIM", "phrase": " let's say fivehundred would would cover the eighthundred"}, {"speaker": "JIM", "phrase": " which is very very helpful service."}, {"speaker": "FRED", "phrase": " Mhm."}, {"speaker": "JIM", "phrase": " and uh"}, {"speaker": "JIM", "phrase": " the maintenance for let's say twenty accounts."}, {"speaker": "JIM", "phrase": " Well"}, {"speaker": "JIM", "phrase": " if we had ten accounts."}, {"speaker": "FRED", "phrase": " Okay."}, {"speaker": "JIM", "phrase": " we would charge \u0294uh fivehundred fifty dollars on on an account"}, {"speaker": "JIM", "phrase": " it would be fivehundred dollars"}, {"speaker": "JIM", "phrase": " it's really kind of switch around but"}, {"speaker": "JIM", "phrase": " what what that would."}, {"speaker": "JIM", "phrase": " I think it would be good for the five or six of us"}, {"speaker": "JIM", "phrase": " to"}, {"speaker": "JIM", "phrase": " to have Galino down here"}, {"speaker": "JIM", "phrase": " can kind of explain what products"}, {"speaker": "JIM", "phrase": " we can offer from the bank side."}, {"speaker": "JOE", "phrase": " Hm."}, {"speaker": "JIM", "phrase": " Matt needs to know that"}, {"speaker": "JIM", "phrase": " and and we all need to know that"}, {"speaker": "JIM", "phrase": " and then"}, {"speaker": "JIM", "phrase": " we can figure out how Matt's"}, {"speaker": "JIM", "phrase": " the products that LCL's gonna offer will plug into that."}, {"speaker": "JIM", "phrase": " And it's."}, {"speaker": "JIM", "phrase": " I was thinking of sending Matt up there for week"}, {"speaker": "JIM", "phrase": " but"}, {"speaker": "JIM", "phrase": " you know he's up there week"}, {"speaker": "JIM", "phrase": " he's gonna learn lot of very technical information"}, {"speaker": "JIM", "phrase": " such as like those section fourfifteen Ses."}, {"speaker": "JIM", "phrase": " That that laugh I was talking about."}, {"speaker": "JIM", "phrase": " You really don't need to know the the technical"}, {"speaker": "JIM", "phrase": " nittygritty about it"}, {"speaker": "JIM", "phrase": " because"}, {"speaker": "JIM", "phrase": " that's what Bankers Systems does."}, {"speaker": "JIM", "phrase": " They take care of the nittygritty."}, {"speaker": "JOE", "phrase": " Hm."}, {"speaker": "JIM", "phrase": " So"}, {"speaker": "JIM", "phrase": " it's gonna be less expensive"}, {"speaker": "JIM", "phrase": " to have Galino come here"}, {"speaker": "JIM", "phrase": " instead of one person going up to to Minnesota for week"}, {"speaker": "JIM", "phrase": " and then trying to bring back the information"}, {"speaker": "JIM", "phrase": " we're gonna have Galino come down here for day"}, {"speaker": "JIM", "phrase": " and"}, {"speaker": "JIM", "phrase": " he won't."}, {"speaker": "JIM", "phrase": " he won't touch any specific complicated items."}, {"speaker": "JIM", "phrase": " Such as fourfifteen Ses or"}, {"speaker": "JIM", "phrase": " or ACP testing or that."}, {"speaker": "JIM", "phrase": " Cause Vivian and I kind of know that"}, {"speaker": "JIM", "phrase": " but if we don't know that."}, {"speaker": "JOE", "phrase": "PAUSE"}, {"speaker": "JIM", "phrase": " like that fourfifteen uh S."}, {"speaker": "FRED", "phrase": " Mhm."}, {"speaker": "JIM", "phrase": " I called the eighthundred number"}, {"speaker": "JIM", "phrase": " and and they went through the explanation"}, {"speaker": "JIM", "phrase": " where the IRS changed the the deduction."}, {"speaker": "FRED", "phrase": " Just."}, {"speaker": "FRED", "phrase": " Just question."}, {"speaker": "FRED", "phrase": " from mechanics."}, {"speaker": "FRED", "phrase": " Who's gonna hold the account."}, {"speaker": "FRED", "phrase": " Is LCL gonna hold the account"}, {"speaker": "FRED", "phrase": " is the bank gonna hold the account"}, {"speaker": "FRED", "phrase": " Who."}, {"speaker": "FRED", "phrase": " You know"}, {"speaker": "FRED", "phrase": " you're talking about bank products"}, {"speaker": "FRED", "phrase": " and and LCL products"}, {"speaker": "FRED", "phrase": " like before"}, {"speaker": "FRED", "phrase": " the trust department"}, {"speaker": "FRED", "phrase": " if you will"}, {"speaker": "FRED", "phrase": " held the account."}, {"speaker": "FRED", "phrase": " That that's physically where it was."}, {"speaker": "JIM", "phrase": " Mhm."}, {"speaker": "FRED", "phrase": " you know"}, {"speaker": "FRED", "phrase": " Is is it's."}, {"speaker": "FRED", "phrase": " \u0294uh is the plan \u0294uh \u0294uh gonna be in the bank"}, {"speaker": "FRED", "phrase": " or will the plan be in LCL"}, {"speaker": "FRED", "phrase": " or is the plan \u0294uh just kind of nebulous."}, {"speaker": "JIM", "phrase": " Well."}, {"speaker": "JIM", "phrase": " well the the SEP and the IRA"}, {"speaker": "JIM", "phrase": " will be First National Bank of Hillsdale."}, {"speaker": "FRED", "phrase": " Okay."}, {"speaker": "FRED", "phrase": " That's what I meant."}, {"speaker": "JIM", "phrase": " But but those..."}, {"speaker": "FRED", "phrase": " They're bank products."}, {"speaker": "FRED", "phrase": " if you will."}, {"speaker": "FRED", "phrase": " We offer those"}, {"speaker": "FRED", "phrase": " and then LCL"}, {"speaker": "FRED", "phrase": " if will have"}, {"speaker": "FRED", "phrase": " within that plan"}, {"speaker": "FRED", "phrase": " they'll have things you can buy"}, {"speaker": "FRED", "phrase": " if you want to direct it that way."}, {"speaker": "FRED", "phrase": " If you don't want CD."}, {"speaker": "JIM", "phrase": "..."}, {"speaker": "FRED", "phrase": " or if you want something else"}, {"speaker": "FRED", "phrase": " you could direct that"}, {"speaker": "FRED", "phrase": " that the monies be used to buy some mutual fund"}, {"speaker": "FRED", "phrase": " or some bond fund or something."}, {"speaker": "JIM", "phrase": " Right."}, {"speaker": "JIM", "phrase": " And how I envision that then."}, {"speaker": "FRED", "phrase": " Okay."}, {"speaker": "JIM", "phrase": " we would get the statement from LCL"}, {"speaker": "JIM", "phrase": " for the mutual fund holdings"}, {"speaker": "JIM", "phrase": " let's say the person also had CD."}, {"speaker": "FRED", "phrase": " Okay."}, {"speaker": "FRED", "phrase": " Mhm."}, {"speaker": "JIM", "phrase": " Let's."}, {"speaker": "JIM", "phrase": " You know"}, {"speaker": "JIM", "phrase": " it doesn't matter how they split it."}, {"speaker": "FRED", "phrase": " Like we do now."}, {"speaker": "JIM", "phrase": " And then then"}, {"speaker": "JIM", "phrase": " what what we would have to do is"}, {"speaker": "JIM", "phrase": " pull that information together."}, {"speaker": "JIM", "phrase": " We would get LCL's statement"}, {"speaker": "JIM", "phrase": " as of the end of the year."}, {"speaker": "JIM", "phrase": " What the income was"}, {"speaker": "JIM", "phrase": " and what the balance was"}, {"speaker": "JIM", "phrase": " we would then have to"}, {"speaker": "JIM", "phrase": " if they had CD"}, {"speaker": "JIM", "phrase": " pull that in"}, {"speaker": "JIM", "phrase": " we would report that up to Bankers Systems."}, {"speaker": "FRED", "phrase": " Okay."}, {"speaker": "JIM", "phrase": " and they would then combine that"}, {"speaker": "JIM", "phrase": " and produce the report."}, {"speaker": "JIM", "phrase": " It."}, {"speaker": "JIM", "phrase": " That's why there's normally cost in those selfdirected"}, {"speaker": "JIM", "phrase": " because"}, {"speaker": "JIM", "phrase": " it's not"}, {"speaker": "JIM", "phrase": " with our CDs now"}, {"speaker": "JIM", "phrase": " that information"}, {"speaker": "JIM", "phrase": " that's the whole account"}, {"speaker": "JIM", "phrase": " and whatever's out there on the on the"}, {"speaker": "JIM", "phrase": " on the RAP record"}, {"speaker": "JIM", "phrase": " just passes right up"}, {"speaker": "JIM", "phrase": " and and the CD and the RAP information"}, {"speaker": "JIM", "phrase": " retirement account processing system talk together."}, {"speaker": "FRED", "phrase": " Mhm."}, {"speaker": "JIM", "phrase": " When you get another vendor in here"}, {"speaker": "JIM", "phrase": " like LCL"}, {"speaker": "JIM", "phrase": " we physically have to put the papers together."}, {"speaker": "JIM", "phrase": " But it's not that complicated."}, {"speaker": "JOE", "phrase": " But the name of his office is gonna be LCL."}, {"speaker": "JIM", "phrase": "..."}, {"speaker": "JOE", "phrase": " It's not gonna be First National Bank"}, {"speaker": "JOE", "phrase": "PAUSE"}, {"speaker": "JIM", "phrase": " Right."}, {"speaker": "JIM", "phrase": " Right."}, {"speaker": "JOE", "phrase": " Anything."}, {"speaker": "JIM", "phrase": " the."}, {"speaker": "JIM", "phrase": " I got."}, {"speaker": "JIM", "phrase": " Oh."}, {"speaker": "JIM", "phrase": " Yeah"}, {"speaker": "JIM", "phrase": " I love expansions of business."}, {"speaker": "JIM", "phrase": "It took me forty five minutes to get phone number."}, {"speaker": "FRED", "phrase": "PAUSE"}, {"speaker": "JIM", "phrase": " The phone number by the way is."}, {"speaker": "JOE", "phrase": " For LCL."}, {"speaker": "JOE", "phrase": " Yeah."}, {"speaker": "JIM", "phrase": " Five Five Five"}, {"speaker": "JIM", "phrase": " Five Five Five Five."}, {"speaker": "JIM", "phrase": " Is what the phone number will be."}, {"speaker": "JIM", "phrase": " But"}, {"speaker": "JIM", "phrase": " this is things that"}, {"speaker": "JIM", "phrase": " I'm I'm anxious for Matt to get here"}, {"speaker": "JIM", "phrase": " because I'm getting"}, {"speaker": "JIM", "phrase": " I'm getting tuckered out"}, {"speaker": "JIM", "phrase": " trying to get all these nittygritty things."}, {"speaker": "FRED", "phrase": "PAUSE"}, {"speaker": "JIM", "phrase": " It's not tough to get the phone number."}, {"speaker": "JIM", "phrase": " But see they need the phone number in order to order letterhead."}, {"speaker": "JOE", "phrase": " Mhm."}, {"speaker": "JIM", "phrase": " in order to \u0294uh have business cards."}, {"speaker": "JIM", "phrase": " LCL in in Chicago needs that."}, {"speaker": "FRED", "phrase": " Mhm."}, {"speaker": "JIM", "phrase": " to get that process going."}, {"speaker": "JOE", "phrase": " Hm."}, {"speaker": "JIM", "phrase": " Uh."}, {"speaker": "JOE", "phrase": " Uh is there LCL accounts gonna be maintained here."}, {"speaker": "JIM", "phrase": " cause cause actually..."}, {"speaker": "JOE", "phrase": " I mean"}, {"speaker": "JOE", "phrase": " or is there gonna be separate"}, {"speaker": "JOE", "phrase": " They're gonna have an account in Chicago"}, {"speaker": "JOE", "phrase": " for the funds to pass through ?"}, {"speaker": "JOE", "phrase": " Or is it gonna be passthrough funds here at the bank ?"}, {"speaker": "JOE", "phrase": " Or"}, {"speaker": "JOE", "phrase": " is that \u0294uh..."}, {"speaker": "JIM", "phrase": " Well"}, {"speaker": "JIM", "phrase": " what we'll do is"}, {"speaker": "JIM", "phrase": " those'll probably wire transfer out."}, {"speaker": "JOE", "phrase": " Through Boltmans or something."}, {"speaker": "JIM", "phrase": " Well"}, {"speaker": "JIM", "phrase": " through the Fed"}, {"speaker": "JIM", "phrase": " what."}, {"speaker": "JIM", "phrase": " I think what will happen"}, {"speaker": "JIM", "phrase": " but we."}, {"speaker": "JIM", "phrase": " Matt'll find this out"}, {"speaker": "JIM", "phrase": " and"}, {"speaker": "JIM", "phrase": " I mean"}, {"speaker": "JIM", "phrase": " we'll get involved in it"}, {"speaker": "JIM", "phrase": " and I'm."}, {"speaker": "JIM", "phrase": " I'm not."}, {"speaker": "JIM", "phrase": " whichever way it goes is fine"}, {"speaker": "JIM", "phrase": " but probably the most sophisticated way"}, {"speaker": "JIM", "phrase": " will be"}, {"speaker": "JIM", "phrase": " everyone who makes."}, {"speaker": "JIM", "phrase": " who buys fund"}, {"speaker": "JIM", "phrase": " or whatever"}, {"speaker": "JIM", "phrase": " that money will go into a clearing account here."}, {"speaker": "JIM", "phrase": " And then"}, {"speaker": "JIM", "phrase": " we will"}, {"speaker": "JIM", "phrase": " either LCL will will ACH it out of us."}, {"speaker": "JOE", "phrase": "PAUSE"}, {"speaker": "JIM", "phrase": " Or"}, {"speaker": "JIM", "phrase": " we'll physically wire it up there."}, {"speaker": "JIM", "phrase": " You know"}, {"speaker": "JIM", "phrase": " there may be hundred thousand dollars in there"}, {"speaker": "JIM", "phrase": " which may represent three people's"}, {"speaker": "JIM", "phrase": " or four people's purchases."}, {"speaker": "JOE", "phrase": " Mhm."}, {"speaker": "JIM", "phrase": " and then Matt faxes the paperwork up to LCL"}, {"speaker": "JIM", "phrase": " and they do the suitability testing"}, {"speaker": "JIM", "phrase": " and then they know what products have been bought"}, {"speaker": "JIM", "phrase": " and then on the other side"}, {"speaker": "JIM", "phrase": " we do wire transfer"}, {"speaker": "JIM", "phrase": " to physically get the money up there."}, {"speaker": "JIM", "phrase": " I think that's how it's gonna work."}, {"speaker": "FRED", "phrase": " similar to Fannie Mae."}, {"speaker": "JIM", "phrase": "PAUSE"}, {"speaker": "JIM", "phrase": " Uh yes."}, {"speaker": "JOE", "phrase": " Mhm."}, {"speaker": "JIM", "phrase": " same type of thing."}, {"speaker": "JOE", "phrase": " Yeah."}, {"speaker": "FRED", "phrase": " We we we collect monies."}, {"speaker": "JOE", "phrase": " Custodial account."}, {"speaker": "FRED", "phrase": " we collect monies."}, {"speaker": "JOE", "phrase": " and."}, {"speaker": "FRED", "phrase": " put it in account"}, {"speaker": "FRED", "phrase": " and then"}, {"speaker": "FRED", "phrase": " we tell them how much of it is theirs"}, {"speaker": "FRED", "phrase": " and"}, {"speaker": "FRED", "phrase": " by calling up there."}, {"speaker": "JOE", "phrase": "PAUSE"}, {"speaker": "FRED", "phrase": " and that dial deal"}, {"speaker": "FRED", "phrase": " and then they zap it the next day."}, {"speaker": "JIM", "phrase": " Yeah."}, {"speaker": "JIM", "phrase": " I don't know if."}, {"speaker": "JOE", "phrase": " Okay."}, {"speaker": "JIM", "phrase": " \u0294uh like"}, {"speaker": "JIM", "phrase": " that's the same way that uh American Express with the traveler's checks work."}, {"speaker": "JIM", "phrase": " When we sell Traveler's Checks"}, {"speaker": "JIM", "phrase": " we put that money in clearing account"}, {"speaker": "JIM", "phrase": " and then Jo Anne"}, {"speaker": "JIM", "phrase": " or Grace"}, {"speaker": "JIM", "phrase": " or Tom"}, {"speaker": "JIM", "phrase": " or somebody calls"}, {"speaker": "JIM", "phrase": " whosever doing that job"}, {"speaker": "JIM", "phrase": " calls number."}, {"speaker": "FRED", "phrase": " Mhm."}, {"speaker": "JIM", "phrase": " and"}, {"speaker": "JIM", "phrase": " we report"}, {"speaker": "JIM", "phrase": " how much in sales we had"}, {"speaker": "JIM", "phrase": " and they."}, {"speaker": "JIM", "phrase": " they hit the account the next day and take the money out."}, {"speaker": "JIM", "phrase": " But that's."}, {"speaker": "JIM", "phrase": " that's kind of the the mechanics of the of the flow of funds."}, {"speaker": "JIM", "phrase": " But"}, {"speaker": "JIM", "phrase": " to answer your question Joe"}, {"speaker": "JIM", "phrase": " is that"}, {"speaker": "JIM", "phrase": " LCL"}, {"speaker": "JIM", "phrase": " that office will not say First National Bank of Hillsdale"}, {"speaker": "JIM", "phrase": " \u0294uh or anything of the nature."}, {"speaker": "JOE", "phrase": " Anywhere."}, {"speaker": "JOE", "phrase": " Yeah."}, {"speaker": "JIM", "phrase": " Uh"}, {"speaker": "JIM", "phrase": " the."}, {"speaker": "JIM", "phrase": " his his card will be LCL investments"}, {"speaker": "JIM", "phrase": " at First National Bank of Hillsdale."}, {"speaker": "JIM", "phrase": " Um"}, {"speaker": "JIM", "phrase": " letterhead will be LCL"}, {"speaker": "JIM", "phrase": " there needs to be separate phone line"}, {"speaker": "JIM", "phrase": " going to that office."}, {"speaker": "JIM", "phrase": " And we'll."}, {"speaker": "JIM", "phrase": " we'll be"}, {"speaker": "JIM", "phrase": " when we get this receptionist set up"}, {"speaker": "JIM", "phrase": " the receptionist will also answer it"}, {"speaker": "JIM", "phrase": " but when they pick up the phone"}, {"speaker": "JIM", "phrase": " you know we'll put it on red line"}, {"speaker": "JIM", "phrase": " or blue line or something like that"}, {"speaker": "JIM", "phrase": " when they pick up that line"}, {"speaker": "JIM", "phrase": " like we do with with with Bill's number"}, {"speaker": "JIM", "phrase": " you know they they pick up"}, {"speaker": "JIM", "phrase": " and they'll say LCL investments."}, {"speaker": "JIM", "phrase": " They also."}, {"speaker": "JIM", "phrase": " and it's also requirements by uh"}, {"speaker": "JIM", "phrase": " uh \u0294I guess NASDAQ or whomever"}, {"speaker": "JIM", "phrase": " and the comptroller that"}, {"speaker": "JIM", "phrase": " they don't want us"}, {"speaker": "JIM", "phrase": " when that line rings"}, {"speaker": "JIM", "phrase": " we're not gonna pick it up and go"}, {"speaker": "JIM", "phrase": " hello"}, {"speaker": "JIM", "phrase": " First National Bank of Hillsdale"}, {"speaker": "JIM", "phrase": " and they go"}, {"speaker": "JIM", "phrase": " oh yeah"}, {"speaker": "JIM", "phrase": " I wanted to talk about mutual fund"}, {"speaker": "JIM", "phrase": " oh I'm sorry"}, {"speaker": "JIM", "phrase": " yeah"}, {"speaker": "JIM", "phrase": " you do have LCL investments."}, {"speaker": "JIM", "phrase": " I mean"}, {"speaker": "JIM", "phrase": " these are some of the nittygritty things."}, {"speaker": "JOE", "phrase": " Yeah."}, {"speaker": "JIM", "phrase": " They they talk about in the regulation"}, {"speaker": "JIM", "phrase": " and I'm pretty confident they'll they'll implement those out."}, {"speaker": "JIM", "phrase": " But."}, {"speaker": "JOE", "phrase": " Is Matt gonna carry on his other livelihood that he had before"}, {"speaker": "JOE", "phrase": " through that office ?"}, {"speaker": "JOE", "phrase": " Or"}, {"speaker": "JOE", "phrase": " is he totally out of the insurance business."}, {"speaker": "JIM", "phrase": " N"}, {"speaker": "JIM", "phrase": " He was meeting."}, {"speaker": "JIM", "phrase": " they had regional"}, {"speaker": "JIM", "phrase": " or"}, {"speaker": "JIM", "phrase": " meeting with their regional manager today"}, {"speaker": "JIM", "phrase": " and he was going to to tell him"}, {"speaker": "JIM", "phrase": " that"}, {"speaker": "JIM", "phrase": " he's plans to take job here."}, {"speaker": "JIM", "phrase": " Common courtesy says"}, {"speaker": "JIM", "phrase": " that he \u0294uh needs to givethemtwo weeks notice."}, {"speaker": "JIM", "phrase": " But"}, {"speaker": "JIM", "phrase": " the practice within the the industry"}, {"speaker": "JIM", "phrase": " and Larry."}, {"speaker": "JIM", "phrase": " Matt said this"}, {"speaker": "JIM", "phrase": " and also Larry Harb said this."}, {"speaker": "JIM", "phrase": " So"}, {"speaker": "JIM", "phrase": " I know it's not Matt's employer"}, {"speaker": "JIM", "phrase": " it's just within that industry"}, {"speaker": "JIM", "phrase": " as soon as person says"}, {"speaker": "JIM", "phrase": " I've decided to move on to another."}, {"speaker": "JIM", "phrase": " another uh uh customer."}, {"speaker": "JOE", "phrase": "PAUSE"}, {"speaker": "JIM", "phrase": " or another employer."}, {"speaker": "ENV", "phrase": "PAUSE"}, {"speaker": "JIM", "phrase": "PAUSE"}, {"speaker": "JIM", "phrase": " Come in."}, {"speaker": "ENV", "phrase": "PAUSE"}, {"speaker": "VIVI", "phrase": " Did you need to talk to Genevieve."}, {"speaker": "JIM", "phrase": " \u0294uh I'll."}, {"speaker": "JIM", "phrase": " see if she's gonna be"}, {"speaker": "JIM", "phrase": "at number where I could talk to her in maybe half an hour or forty five minutes."}, {"speaker": "VIVI", "phrase": " Okay."}, {"speaker": "JIM", "phrase": " Or else I'll give her call tomorrow."}, {"speaker": "VIVI", "phrase": " Okay."}, {"speaker": "JIM", "phrase": " Um."}, {"speaker": "ENV", "phrase": "PAUSE"}, {"speaker": "JIM", "phrase": " as soon as they get notice"}, {"speaker": "JIM", "phrase": " they typically say well fine"}, {"speaker": "JIM", "phrase": " thanks for the two weeks notice"}, {"speaker": "JIM", "phrase": " but it's effective today."}, {"speaker": "JIM", "phrase": " And then they electronically transfer his licenses"}, {"speaker": "JIM", "phrase": " to."}, {"speaker": "JIM", "phrase": " to to LCL."}]}