{"text": [{"speaker": "X", "phrase": "PAUSE"}, {"speaker": "JUDG", "phrase": " Okay"}, {"speaker": "JUDG", "phrase": " the next case will be uh"}, {"speaker": "JUDG", "phrase": " Walter Komak versus Rose Black ?"}, {"speaker": "BAIL", "phrase": " Is this contested ?"}, {"speaker": "X", "phrase": " No"}, {"speaker": "X", "phrase": " Just witnesses and case."}, {"speaker": "ROSE", "phrase": " No."}, {"speaker": "BAIL", "phrase": " Oh okay."}, {"speaker": "X", "phrase": "PAUSE"}, {"speaker": "BAIL", "phrase": " Are you."}, {"speaker": "BAIL", "phrase": " Are you the uh plaintiff ?"}, {"speaker": "ROSE", "phrase": " Yes."}, {"speaker": "ROSE", "phrase": " No."}, {"speaker": "ROSE", "phrase": " I'm the defendant."}, {"speaker": "BAIL", "phrase": " Oh."}, {"speaker": "ROSE", "phrase": " But I 'm the plaintiff"}, {"speaker": "ROSE", "phrase": " on the countersuit."}, {"speaker": "X", "phrase": "PAUSE"}, {"speaker": "BAIL", "phrase": " Oh."}, {"speaker": "X", "phrase": " Let me have this pen for minute."}, {"speaker": "X_2", "phrase": " Oh laugh."}, {"speaker": "X_3", "phrase": "PAUSE"}, {"speaker": "X", "phrase": " that's never worked."}, {"speaker": "X_2", "phrase": " Yeah laugh."}, {"speaker": "ROSE", "phrase": " Sign here ?"}, {"speaker": "X", "phrase": " Yes."}, {"speaker": "JUDG", "phrase": " Okay now"}, {"speaker": "JUDG", "phrase": " this is case that."}, {"speaker": "JUDG", "phrase": " originally was filed by Walter Komak"}, {"speaker": "JUDG", "phrase": " who is now present"}, {"speaker": "JUDG", "phrase": " \u0294uh not present"}, {"speaker": "JUDG", "phrase": " against Rose Black"}, {"speaker": "JUDG", "phrase": " um"}, {"speaker": "JUDG", "phrase": " asking for security deposit"}, {"speaker": "JUDG", "phrase": " and since he's not here"}, {"speaker": "JUDG", "phrase": " uh"}, {"speaker": "JUDG", "phrase": " we will not rule in favor of him"}, {"speaker": "JUDG", "phrase": " and then there was cross complaint"}, {"speaker": "JUDG", "phrase": " defendant's claim"}, {"speaker": "JUDG", "phrase": " uh"}, {"speaker": "JUDG", "phrase": " by uh Rose Black"}, {"speaker": "JUDG", "phrase": " for fivehundred and thirtythree dollars"}, {"speaker": "JUDG", "phrase": " balance of rent due"}, {"speaker": "JUDG", "phrase": " at the end of the lease."}, {"speaker": "JUDG", "phrase": " And Miss Black"}, {"speaker": "JUDG", "phrase": " I presume you're the landlord."}, {"speaker": "JUDG", "phrase": " Is that correct ?"}, {"speaker": "ROSE", "phrase": " Yes."}, {"speaker": "ROSE", "phrase": " Mhm."}, {"speaker": "JUDG", "phrase": " And was there uh written agreement"}, {"speaker": "JUDG", "phrase": " or uh lease ?"}, {"speaker": "ROSE", "phrase": " Yes."}, {"speaker": "JUDG", "phrase": " Was it."}, {"speaker": "JUDG", "phrase": " uh month to month"}, {"speaker": "JUDG", "phrase": " or uh."}, {"speaker": "ROSE", "phrase": " A year."}, {"speaker": "JUDG", "phrase": "A one year lease."}, {"speaker": "ROSE", "phrase": " One year lease."}, {"speaker": "JUDG", "phrase": " Let me see that please."}, {"speaker": "JUDG", "phrase": " Okay."}, {"speaker": "JUDG", "phrase": " So now"}, {"speaker": "JUDG", "phrase": " uh"}, {"speaker": "JUDG", "phrase": " how do you arrive at the five thirtythree"}, {"speaker": "JUDG", "phrase": " you say that they"}, {"speaker": "JUDG", "phrase": " that Mister Komak owes you."}, {"speaker": "ROSE", "phrase": " Uh this was the"}, {"speaker": "ROSE", "phrase": " um"}, {"speaker": "ROSE", "phrase": " breakdown of the security deposit."}, {"speaker": "JUDG", "phrase": " Let me see that please."}, {"speaker": "JUDG", "phrase": " So there was original security deposit of eighteenhundred and seventyfive dollars."}, {"speaker": "ROSE", "phrase": " That's correct."}, {"speaker": "JUDG", "phrase": " And then you did some repairs on uh"}, {"speaker": "JUDG", "phrase": " reinstalling screens ?"}, {"speaker": "ROSE", "phrase": " Right."}, {"speaker": "JUDG", "phrase": " Okay."}, {"speaker": "JUDG", "phrase": " How come they were."}, {"speaker": "JUDG", "phrase": " it was necessary to do that ?"}, {"speaker": "ROSE", "phrase": " \u0294uh They had removed the screens."}, {"speaker": "JUDG", "phrase": " Okay."}, {"speaker": "JUDG", "phrase": " Alright."}, {"speaker": "JUDG", "phrase": " And then um"}, {"speaker": "JUDG", "phrase": " they owed some rent."}, {"speaker": "JUDG", "phrase": " They were behind in their rent ?"}, {"speaker": "ROSE", "phrase": " Uh"}, {"speaker": "ROSE", "phrase": " they were not behind in the rent"}, {"speaker": "ROSE", "phrase": " the."}, {"speaker": "ROSE", "phrase": " The lease was terminated"}, {"speaker": "ROSE", "phrase": " because of their behavior."}, {"speaker": "ROSE", "phrase": " They broke uh one of the conditions of the lease"}, {"speaker": "ROSE", "phrase": " which was not to disturb the other tenants there."}, {"speaker": "JUDG", "phrase": " Okay."}, {"speaker": "ROSE", "phrase": "So I had to give them three day notice to leave."}, {"speaker": "JUDG", "phrase": " uh"}, {"speaker": "JUDG", "phrase": "three day notice to..."}, {"speaker": "ROSE", "phrase": " Quit."}, {"speaker": "JUDG", "phrase": " Well I know"}, {"speaker": "JUDG", "phrase": " but"}, {"speaker": "JUDG", "phrase": " normally you would givethemthreeday notice to perform uh."}, {"speaker": "ROSE", "phrase": "PAUSE"}, {"speaker": "ROSE", "phrase": " O kay."}, {"speaker": "JUDG", "phrase": " One of the covenants"}, {"speaker": "JUDG", "phrase": " such as uh."}, {"speaker": "X", "phrase": "PAUSE"}, {"speaker": "JUDG", "phrase": " keep quiet."}, {"speaker": "ROSE", "phrase": "PAUSE"}, {"speaker": "ROSE", "phrase": " They were not able to be quiet."}, {"speaker": "ROSE", "phrase": " \u0294uh \u0294uh Um what..."}, {"speaker": "JUDG", "phrase": " Okay"}, {"speaker": "JUDG", "phrase": " so then they."}, {"speaker": "JUDG", "phrase": " So then they left within that three days ?"}, {"speaker": "ROSE", "phrase": " No."}, {"speaker": "ROSE", "phrase": " They left month later."}, {"speaker": "ROSE", "phrase": " At the end of June."}, {"speaker": "ROSE", "phrase": " They paid the rent for June."}, {"speaker": "JUDG", "phrase": " Okay."}, {"speaker": "ROSE", "phrase": " and they left"}, {"speaker": "ROSE", "phrase": " uh July first."}, {"speaker": "ROSE", "phrase": " And there were two months left of the lease."}, {"speaker": "JUDG", "phrase": "..."}, {"speaker": "ROSE", "phrase": "PAUSE"}, {"speaker": "JUDG", "phrase": " And rent's uh"}, {"speaker": "JUDG", "phrase": " thousand uh"}, {"speaker": "JUDG", "phrase": " twohundred..."}, {"speaker": "ROSE", "phrase": " Twelve five."}, {"speaker": "JUDG", "phrase": " five."}, {"speaker": "JUDG", "phrase": " Okay."}, {"speaker": "ROSE", "phrase": " Mhm."}, {"speaker": "JUDG", "phrase": " Now"}, {"speaker": "JUDG", "phrase": " um"}, {"speaker": "JUDG", "phrase": " did you rerent the."}, {"speaker": "JUDG", "phrase": " rerent the premises."}, {"speaker": "ROSE", "phrase": " Yes I did."}, {"speaker": "ROSE", "phrase": " As of August twentyeighth."}, {"speaker": "ROSE", "phrase": " So it reduced"}, {"speaker": "ROSE", "phrase": " uh"}, {"speaker": "ROSE", "phrase": " that sevenhundred three"}, {"speaker": "ROSE", "phrase": " to five thirtythree."}, {"speaker": "JUDG", "phrase": " Uh"}, {"speaker": "JUDG", "phrase": " seven thirty"}, {"speaker": "JUDG", "phrase": " I'm not sure where the seven thirtythree comes in."}, {"speaker": "ROSE", "phrase": " Seven three was the balance that they owed me."}, {"speaker": "JUDG", "phrase": " Seven three."}, {"speaker": "ROSE", "phrase": " after they moved out."}, {"speaker": "JUDG", "phrase": " Right."}, {"speaker": "JUDG", "phrase": " But there's credit"}, {"speaker": "JUDG", "phrase": " because they."}, {"speaker": "JUDG", "phrase": " you got..."}, {"speaker": "ROSE", "phrase": " That's correct."}, {"speaker": "JUDG", "phrase": " Okay."}, {"speaker": "JUDG", "phrase": " So you're giving threeday's uh credit"}, {"speaker": "JUDG", "phrase": " and how much is the daily rent ?"}, {"speaker": "ROSE", "phrase": " Mm"}, {"speaker": "ROSE", "phrase": " It was fortytwo fifty."}, {"speaker": "JUDG", "phrase": " Okay."}, {"speaker": "JUDG", "phrase": " So"}, {"speaker": "JUDG", "phrase": " how much do you say they now owe you ?"}, {"speaker": "ROSE", "phrase": " Fivehundred and thirtythree."}, {"speaker": "JUDG", "phrase": " And I don't."}, {"speaker": "JUDG", "phrase": " and that's what you put down on your cross complaint."}, {"speaker": "ROSE", "phrase": " That's correct."}, {"speaker": "JUDG", "phrase": " I see."}, {"speaker": "ROSE", "phrase": " Mhm."}, {"speaker": "JUDG", "phrase": " Okay."}, {"speaker": "JUDG", "phrase": " Well that seems uh"}, {"speaker": "JUDG", "phrase": " fundamentally fair"}, {"speaker": "JUDG", "phrase": " and they're not disputing it"}, {"speaker": "JUDG", "phrase": " so I will grant you your request."}, {"speaker": "JUDG", "phrase": " And I will hand back your documents."}, {"speaker": "ROSE", "phrase": " Thank you very much."}, {"speaker": "ROSE", "phrase": " And how do I get them to pay."}, {"speaker": "ROSE", "phrase": "PAUSE"}, {"speaker": "BAIL", "phrase": " Go to the small claims court office"}, {"speaker": "BAIL", "phrase": " they have some paper work."}, {"speaker": "ROSE", "phrase": " Thank you."}, {"speaker": "X", "phrase": "PAUSE"}, {"speaker": "BAIL", "phrase": " There's smallclaims advisor that you can ask."}, {"speaker": "ROSE", "phrase": " Thank you."}, {"speaker": "JUDG", "phrase": " Okay"}, {"speaker": "JUDG", "phrase": " the next case will be uh"}, {"speaker": "JUDG", "phrase": " Mitchell Roberts"}, {"speaker": "JUDG", "phrase": " versus uh Matthew Collins"}, {"speaker": "JUDG", "phrase": " ABC Builders Interiors ?"}, {"speaker": "BAIL", "phrase": " This."}, {"speaker": "BAIL", "phrase": " both sides are here ?"}, {"speaker": "BAIL", "phrase": " Is this contested ?"}, {"speaker": "MITC", "phrase": "PAUSE"}, {"speaker": "BAIL", "phrase": " Who's Mitchell Roberts."}, {"speaker": "MITC", "phrase": " Right here."}, {"speaker": "BAIL", "phrase": " Okay."}, {"speaker": "BAIL", "phrase": " Sit on this side here."}, {"speaker": "BAIL", "phrase": "PAUSE"}, {"speaker": "X", "phrase": " Sure."}, {"speaker": "BAIL", "phrase": " Who's the party being served."}, {"speaker": "BAIL", "phrase": " You are ?"}, {"speaker": "X", "phrase": " Thank you."}, {"speaker": "BAIL", "phrase": " Nice pen."}, {"speaker": "BAIL", "phrase": " Alright laugh."}, {"speaker": "JUDG", "phrase": " Okay"}, {"speaker": "JUDG", "phrase": " let's see"}, {"speaker": "JUDG", "phrase": " who's here now."}, {"speaker": "JUDG", "phrase": " Mister Roberts ?"}, {"speaker": "MITC", "phrase": " Right here."}, {"speaker": "JUDG", "phrase": " And you brought an action"}, {"speaker": "JUDG", "phrase": " against uh Matthew Collins"}, {"speaker": "JUDG", "phrase": " for um"}, {"speaker": "JUDG", "phrase": " roughly sevenhundred dollars"}, {"speaker": "JUDG", "phrase": " for labor installing carpet."}, {"speaker": "JUDG", "phrase": " uh"}, {"speaker": "JUDG", "phrase": " during last uh August to September"}, {"speaker": "JUDG", "phrase": " okay"}, {"speaker": "JUDG", "phrase": " and uh"}, {"speaker": "JUDG", "phrase": " just tell me about how you arrived at uh this claim."}, {"speaker": "MITC", "phrase": " Uh I was called by Matthew here"}, {"speaker": "MITC", "phrase": " to do the job for him."}, {"speaker": "MITC", "phrase": " So I went out and looked at the job."}, {"speaker": "JUDG", "phrase": " Okay"}, {"speaker": "JUDG", "phrase": " you run."}, {"speaker": "JUDG", "phrase": " you run a carpet business I presume ?"}, {"speaker": "MITC", "phrase": " Yes."}, {"speaker": "MITC", "phrase": " I'm licensed contractor."}, {"speaker": "JUDG", "phrase": " Okay."}, {"speaker": "MITC", "phrase": " Um"}, {"speaker": "MITC", "phrase": " the job was out at UCSB"}, {"speaker": "MITC", "phrase": " I went and estimated the job for myself"}, {"speaker": "MITC", "phrase": " to see if I could take the job"}, {"speaker": "MITC", "phrase": " for what he wanted to pay for it"}, {"speaker": "MITC", "phrase": " and I let him know that I could not."}, {"speaker": "MITC", "phrase": " Do the job."}, {"speaker": "MITC", "phrase": " I wouldn't make any money."}, {"speaker": "MITC", "phrase": " So uh"}, {"speaker": "MITC", "phrase": " upon me telling him that"}, {"speaker": "MITC", "phrase": " he offered"}, {"speaker": "MITC", "phrase": " to pay my employees"}, {"speaker": "MITC", "phrase": " fill out"}, {"speaker": "MITC", "phrase": "he had them fill out double-u two forms all of them"}, {"speaker": "MITC", "phrase": " and he paid him"}, {"speaker": "MITC", "phrase": " to lessen the burden of payment on me"}, {"speaker": "MITC", "phrase": " so that I in turn would make more money off the job."}, {"speaker": "MITC", "phrase": " I agreed to that"}, {"speaker": "MITC", "phrase": " after about..."}, {"speaker": "JUDG", "phrase": " \u0294uh is that normal procedure."}, {"speaker": "MITC", "phrase": " Not at all."}, {"speaker": "MITC", "phrase": " He wanted me to do the job"}, {"speaker": "MITC", "phrase": " so he offered to take some of the monitory burden off my back"}, {"speaker": "MITC", "phrase": " so that I could do it for the agreed amounts that we were gonna do it on."}, {"speaker": "JUDG", "phrase": " So in other words"}, {"speaker": "JUDG", "phrase": " your."}, {"speaker": "JUDG", "phrase": " your helpers would really be his employees for the purpose of this job."}, {"speaker": "MITC", "phrase": " That's correct."}, {"speaker": "MITC", "phrase": " He hadthemall fill out the proper forms."}, {"speaker": "JUDG", "phrase": " So then your costs would be reduced there as far as."}, {"speaker": "MITC", "phrase": " That's correct."}, {"speaker": "JUDG", "phrase": " Alright."}, {"speaker": "MITC", "phrase": " Uh"}, {"speaker": "MITC", "phrase": " I went to receive my check"}, {"speaker": "MITC", "phrase": " of which"}, {"speaker": "MITC", "phrase": " we had agreed"}, {"speaker": "MITC", "phrase": " that he would deduct"}, {"speaker": "MITC", "phrase": " the amount of the hourly wage"}, {"speaker": "MITC", "phrase": " that he was..."}, {"speaker": "JUDG", "phrase": " Was this agreement in writing"}, {"speaker": "JUDG", "phrase": " or verbal."}, {"speaker": "MITC", "phrase": " Completely verbal."}, {"speaker": "MITC", "phrase": " I've been working with him for like six years."}, {"speaker": "MITC", "phrase": " Uh"}, {"speaker": "MITC", "phrase": " upon uh."}, {"speaker": "MITC", "phrase": " uh receiving my check"}, {"speaker": "MITC", "phrase": " uh"}, {"speaker": "MITC", "phrase": " for about two and half weeks of work"}, {"speaker": "MITC", "phrase": " approximately between fifty and seventy hours"}, {"speaker": "MITC", "phrase": " I was paid threehundred and sixteen dollars and fiftyone cents."}, {"speaker": "MITC", "phrase": " So I approached him with it"}, {"speaker": "MITC", "phrase": " and he handed me this yellow piece of paper here"}, {"speaker": "MITC", "phrase": " and noted that"}, {"speaker": "MITC", "phrase": " what the employees made"}, {"speaker": "MITC", "phrase": " and uh"}, {"speaker": "MITC", "phrase": " at twentysix percent less deduction on these two employees."}, {"speaker": "MITC", "phrase": " Which was the employer contribution."}, {"speaker": "MITC", "phrase": " So I noted to him that he was supposed to pay that"}, {"speaker": "MITC", "phrase": " he said"}, {"speaker": "MITC", "phrase": " uh"}, {"speaker": "MITC", "phrase": " no"}, {"speaker": "MITC", "phrase": " you're gonna pay it."}, {"speaker": "MITC", "phrase": " So I said that's not as per our agreement"}, {"speaker": "MITC", "phrase": " he said yes it is"}, {"speaker": "MITC", "phrase": " he handed me my check"}, {"speaker": "MITC", "phrase": " rolled up his window"}, {"speaker": "MITC", "phrase": " and drove off."}, {"speaker": "MITC", "phrase": " And he's there to state"}, {"speaker": "MITC", "phrase": " he's."}, {"speaker": "MITC", "phrase": " he saw that"}, {"speaker": "MITC", "phrase": " and was witness to that."}, {"speaker": "MITC", "phrase": " I have letter."}, {"speaker": "JUDG", "phrase": " \u0294I I don't think it's relevant that he rolled up his window and drove off."}, {"speaker": "MITC", "phrase": " Well"}, {"speaker": "MITC", "phrase": " I know."}, {"speaker": "MITC", "phrase": " But"}, {"speaker": "MITC", "phrase": "PAUSE"}, {"speaker": "MITC", "phrase": " that was the end of our thing"}, {"speaker": "MITC", "phrase": " I tried to contact him everything"}, {"speaker": "MITC", "phrase": " finally I uh contacted my attorney"}, {"speaker": "MITC", "phrase": " I'd like to present this letter to you here."}, {"speaker": "JUDG", "phrase": " Okay."}, {"speaker": "JUDG", "phrase": " If I may look at that."}, {"speaker": "JUDG", "phrase": " And"}, {"speaker": "JUDG", "phrase": " have you shown that to uh Mister Collins ?"}, {"speaker": "MITC", "phrase": " Yes please."}, {"speaker": "MITC", "phrase": " Yes."}, {"speaker": "MITC", "phrase": " He has."}, {"speaker": "MITC", "phrase": " he has received copy of that letter."}, {"speaker": "X", "phrase": "PAUSE"}, {"speaker": "JUDG", "phrase": " Now Stu Roberts is an attorney."}, {"speaker": "JUDG", "phrase": " Is that correct ?"}, {"speaker": "MITC", "phrase": " Yes sir."}, {"speaker": "JUDG", "phrase": " You're uh."}, {"speaker": "MITC", "phrase": " I'm his nephew."}, {"speaker": "JUDG", "phrase": " You're his nephew."}, {"speaker": "JUDG", "phrase": " And you're Nick Roberts' nephew too then."}, {"speaker": "MITC", "phrase": " That's correct."}, {"speaker": "JUDG", "phrase": " Okay."}, {"speaker": "JUDG", "phrase": " So uh your uncle then wrote uh Builders uh letter"}, {"speaker": "JUDG", "phrase": " that's what I'm reading now."}, {"speaker": "MITC", "phrase": " Yes sir."}, {"speaker": "JUDG", "phrase": " Uh I do emphasize that I'm reading it"}, {"speaker": "JUDG", "phrase": " this is not evidence"}, {"speaker": "JUDG", "phrase": " this is only your story"}, {"speaker": "JUDG", "phrase": " that you've told Mister Roberts."}, {"speaker": "MITC", "phrase": " That's correct"}, {"speaker": "MITC", "phrase": " That's correct."}, {"speaker": "JUDG", "phrase": " Okay."}, {"speaker": "JUDG", "phrase": " So really the dispute then boils down to this twentysix percent."}, {"speaker": "MITC", "phrase": " That's it sir."}, {"speaker": "JUDG", "phrase": " Okay."}, {"speaker": "MITC", "phrase": " That's the reason why I had him fill out that portion of"}, {"speaker": "MITC", "phrase": " or he wanted to write those checks."}, {"speaker": "MITC", "phrase": " Was so I would save that money"}, {"speaker": "MITC", "phrase": " so I would do that job."}, {"speaker": "JUDG", "phrase": " Okay."}, {"speaker": "MITC", "phrase": " At the end of the job."}, {"speaker": "JUDG", "phrase": " Mister Collins I know you're"}, {"speaker": "JUDG", "phrase": " biting at the bit there"}, {"speaker": "JUDG", "phrase": " you wanna say something"}, {"speaker": "JUDG", "phrase": " so why don't you go ahead."}, {"speaker": "MATT", "phrase": " Okay thank you your honor."}, {"speaker": "MATT", "phrase": " Um"}, {"speaker": "MATT", "phrase": " uh pretty much"}, {"speaker": "MATT", "phrase": " um"}, {"speaker": "MATT", "phrase": " what Mitchell has stated is untrue."}, {"speaker": "MATT", "phrase": " Mitchell"}, {"speaker": "MATT", "phrase": " uh did do some work for me out at the college"}, {"speaker": "MATT", "phrase": " we did the Anacapa Residential Hall."}, {"speaker": "MATT", "phrase": " And this is"}, {"speaker": "MATT", "phrase": " eightthousandyard job"}, {"speaker": "MATT", "phrase": " that we did this summer."}, {"speaker": "MATT", "phrase": " It required us to"}, {"speaker": "MATT", "phrase": " employ"}, {"speaker": "MATT", "phrase": " oh five or six crews"}, {"speaker": "MATT", "phrase": " uh Mitchell Roberts was one of them that we used"}, {"speaker": "MATT", "phrase": " on the job"}, {"speaker": "MATT", "phrase": " Uh Mitchell expressed desire to do the work out there"}, {"speaker": "MATT", "phrase": " he expressed"}, {"speaker": "MATT", "phrase": " he did not know how to handle the payroll."}, {"speaker": "MATT", "phrase": " Most of the uh contractors here in town"}, {"speaker": "MATT", "phrase": " that are independents like Mitchell"}, {"speaker": "MATT", "phrase": " don't know how to do prevailing wage statements."}, {"speaker": "X", "phrase": "PAUSE"}, {"speaker": "MATT", "phrase": " The college is statefunded uh uh remodel"}, {"speaker": "MATT", "phrase": " and on statefunded remodels"}, {"speaker": "MATT", "phrase": " we're required"}, {"speaker": "MATT", "phrase": " to pay prevailing wages."}, {"speaker": "MATT", "phrase": " Uh prevailing wages"}, {"speaker": "MATT", "phrase": " that"}, {"speaker": "MATT", "phrase": " um"}, {"speaker": "MATT", "phrase": " that indicate different levels of agility"}, {"speaker": "MATT", "phrase": " of the different men working."}, {"speaker": "MATT", "phrase": " And so"}, {"speaker": "MATT", "phrase": " uh lot of the crews"}, {"speaker": "MATT", "phrase": " uh"}, {"speaker": "MATT", "phrase": " like Mitchell"}, {"speaker": "MATT", "phrase": " who have people that work under him"}, {"speaker": "MATT", "phrase": " around town"}, {"speaker": "MATT", "phrase": " in regular situations"}, {"speaker": "MATT", "phrase": " come to the people like me"}, {"speaker": "MATT", "phrase": " and ask us to do payroll for them."}, {"speaker": "MATT", "phrase": " When we do the payroll for them"}, {"speaker": "MATT", "phrase": " we state to them up front"}, {"speaker": "MATT", "phrase": " that uh"}, {"speaker": "MATT", "phrase": " we will pay the payroll"}, {"speaker": "MATT", "phrase": " we will make the deductions"}, {"speaker": "MATT", "phrase": " and then the employer contribution"}, {"speaker": "MATT", "phrase": " which is approximately twentysix percent"}, {"speaker": "MATT", "phrase": " over and above the hourly wage"}, {"speaker": "MATT", "phrase": " is also deducted"}, {"speaker": "MATT", "phrase": " from the um subcontractor's check."}, {"speaker": "JUDG", "phrase": " Now this uh twentysix percent"}, {"speaker": "JUDG", "phrase": " that'd be be social security"}, {"speaker": "JUDG", "phrase": " and what else would it include."}, {"speaker": "MATT", "phrase": " Um."}, {"speaker": "JUDG", "phrase": " Sorta like um."}, {"speaker": "MITC", "phrase": " That's anything above that."}, {"speaker": "MATT", "phrase": " Well you have."}, {"speaker": "MATT", "phrase": " You have."}, {"speaker": "X", "phrase": "PAUSE"}, {"speaker": "MATT", "phrase": " you have that."}, {"speaker": "MATT", "phrase": " I have breakdown here"}, {"speaker": "MATT", "phrase": " of what we paid Mitchell's men."}, {"speaker": "JUDG", "phrase": "PAUSE"}, {"speaker": "MATT", "phrase": " if you'd like to see that."}, {"speaker": "JUDG", "phrase": " Okay."}, {"speaker": "JUDG", "phrase": " I mean"}, {"speaker": "JUDG", "phrase": " do."}, {"speaker": "JUDG", "phrase": " yeah"}, {"speaker": "JUDG", "phrase": " you got total of uh"}, {"speaker": "JUDG", "phrase": " seven point six five percent employer contributions on the."}, {"speaker": "MATT", "phrase": " Um"}, {"speaker": "MATT", "phrase": " that explains it pretty well"}, {"speaker": "MATT", "phrase": " there's quite few deductions"}, {"speaker": "MATT", "phrase": " of."}, {"speaker": "MATT", "phrase": "PAUSE"}, {"speaker": "JUDG", "phrase": " Oh and and the oh the."}, {"speaker": "JUDG", "phrase": " the."}, {"speaker": "JUDG", "phrase": " the annual unemployment insurance"}, {"speaker": "JUDG", "phrase": " and uh."}, {"speaker": "MATT", "phrase": " Right."}, {"speaker": "JUDG", "phrase": " Okay."}, {"speaker": "MATT", "phrase": " worker's compensation."}, {"speaker": "JUDG", "phrase": " Right."}, {"speaker": "MATT", "phrase": " FUDA FICA"}, {"speaker": "MATT", "phrase": " et cetera."}, {"speaker": "MATT", "phrase": " Now that's"}, {"speaker": "MATT", "phrase": " um"}, {"speaker": "MATT", "phrase": " in any payroll deduction situation"}, {"speaker": "MATT", "phrase": " you have"}, {"speaker": "MATT", "phrase": " the employee contribution"}, {"speaker": "MATT", "phrase": " which is deducted from the employee's wages"}, {"speaker": "MATT", "phrase": " gross wages"}, {"speaker": "MATT", "phrase": " and then you have the employer's contribution"}, {"speaker": "MATT", "phrase": " which is over and above that."}, {"speaker": "X", "phrase": "PAUSE"}, {"speaker": "MATT", "phrase": " Which the employer has to pay."}, {"speaker": "MATT", "phrase": " Now the agreement that we had made"}, {"speaker": "MATT", "phrase": " with all of the um"}, {"speaker": "MATT", "phrase": " subcontractors"}, {"speaker": "MATT", "phrase": " uh"}, {"speaker": "MATT", "phrase": " Mark Preston's sitting here"}, {"speaker": "MATT", "phrase": " which is testifying for Mitch Roberts"}, {"speaker": "MATT", "phrase": " also did work for me"}, {"speaker": "MATT", "phrase": " and he was treated the same way."}, {"speaker": "MATT", "phrase": " We paid him"}, {"speaker": "MATT", "phrase": " we took his deductions out"}, {"speaker": "MATT", "phrase": " as well as that"}, {"speaker": "MATT", "phrase": " and"}, {"speaker": "MATT", "phrase": " so we"}, {"speaker": "MATT", "phrase": " uh did that"}, {"speaker": "MATT", "phrase": " with everybody."}, {"speaker": "JUDG", "phrase": " Okay \u0294uh."}, {"speaker": "JUDG", "phrase": " I wanna make sure now."}, {"speaker": "JUDG", "phrase": " \u0294uh That would be fine if that was the agreement."}, {"speaker": "JUDG", "phrase": " Now you say that the."}, {"speaker": "JUDG", "phrase": " you."}, {"speaker": "JUDG", "phrase": " you explained that to Mister Roberts ?"}, {"speaker": "MATT", "phrase": " Uh yes sir."}, {"speaker": "MATT", "phrase": " Before he went to work."}, {"speaker": "JUDG", "phrase": " Okay."}, {"speaker": "JUDG", "phrase": " Mister Roberts"}, {"speaker": "JUDG", "phrase": " did you have any conversations."}, {"speaker": "MITC", "phrase": " Absolutely not."}, {"speaker": "JUDG", "phrase": " with Matthew Collins about that."}, {"speaker": "MITC", "phrase": " The reason"}, {"speaker": "MITC", "phrase": " and I stress this."}, {"speaker": "MITC", "phrase": " And I don't like to waste the court's time."}, {"speaker": "MITC", "phrase": " But"}, {"speaker": "MITC", "phrase": " my total"}, {"speaker": "MITC", "phrase": " I agree."}, {"speaker": "MITC", "phrase": " If whatever he just said right there was true"}, {"speaker": "MITC", "phrase": " with withholding and everything."}, {"speaker": "JUDG", "phrase": " Right I'm..."}, {"speaker": "MITC", "phrase": " That was fine."}, {"speaker": "JUDG", "phrase": " It really boils down."}, {"speaker": "MITC", "phrase": " But..."}, {"speaker": "JUDG", "phrase": " what was the discussion the agreement regarding this."}, {"speaker": "MITC", "phrase": " The discussion."}, {"speaker": "JUDG", "phrase": "PAUSE"}, {"speaker": "MITC", "phrase": " The agreement would be"}, {"speaker": "MITC", "phrase": " that he would pay everything."}, {"speaker": "MITC", "phrase": " So that I wouldn't..."}, {"speaker": "JUDG", "phrase": " Did he say everything."}, {"speaker": "MITC", "phrase": " everything."}, {"speaker": "MITC", "phrase": " So that I wouldn't end up making"}, {"speaker": "MITC", "phrase": " after fifty fifty hours work"}, {"speaker": "MITC", "phrase": " which I knew I was gonna make"}, {"speaker": "MITC", "phrase": " when I had to play my part of an employer contribution"}, {"speaker": "MITC", "phrase": " I have my own payroll service."}, {"speaker": "MITC", "phrase": " They do all that for me"}, {"speaker": "MITC", "phrase": " and they're very familiar with all types of pay."}, {"speaker": "MITC", "phrase": " This is why I didn't wanna take the job to begin with."}, {"speaker": "JUDG", "phrase": " Uh I can..."}, {"speaker": "MITC", "phrase": " He in turn..."}, {"speaker": "JUDG", "phrase": " I can appreciate that."}, {"speaker": "JUDG", "phrase": " now."}, {"speaker": "MITC", "phrase": " Okay."}, {"speaker": "JUDG", "phrase": " Mister Collins says"}, {"speaker": "JUDG", "phrase": " he denies that you said"}, {"speaker": "JUDG", "phrase": " everything."}, {"speaker": "JUDG", "phrase": " Right ?"}, {"speaker": "JUDG", "phrase": " He just..."}, {"speaker": "MITC", "phrase": " I wouldn't've."}, {"speaker": "MITC", "phrase": " I wouldn't've done it."}, {"speaker": "MATT", "phrase": " Well."}, {"speaker": "JUDG", "phrase": " You have different story"}, {"speaker": "JUDG", "phrase": " on what the agreement was."}, {"speaker": "MATT", "phrase": " Right."}, {"speaker": "MATT", "phrase": " Um"}, {"speaker": "MATT", "phrase": " uh Karen here"}, {"speaker": "MATT", "phrase": " uh"}, {"speaker": "MATT", "phrase": " does all the payroll"}, {"speaker": "MATT", "phrase": " and uh"}, {"speaker": "MATT", "phrase": " she's here to testify about conversation"}, {"speaker": "MATT", "phrase": " that her and Mitchell had"}, {"speaker": "MATT", "phrase": " in our office"}, {"speaker": "MATT", "phrase": " about this very thing"}, {"speaker": "MATT", "phrase": " and I'd like to..."}, {"speaker": "JUDG", "phrase": " Before or after the agreement was entered into."}, {"speaker": "MATT", "phrase": " After the agreement was entered into"}, {"speaker": "MATT", "phrase": " he had been on the job for about week or so"}, {"speaker": "MATT", "phrase": " and"}, {"speaker": "MATT", "phrase": " it was time"}, {"speaker": "MATT", "phrase": " I believe for"}, {"speaker": "MATT", "phrase": " first or second pay period for his men"}, {"speaker": "MATT", "phrase": " Uh he came into the office"}, {"speaker": "MATT", "phrase": " and had conversation with Karen"}, {"speaker": "MATT", "phrase": " about"}, {"speaker": "MATT", "phrase": " A the payroll"}, {"speaker": "MATT", "phrase": " and B this twentysix percent that we're talking about."}, {"speaker": "MATT", "phrase": " And she'd be happy to tell you..."}, {"speaker": "JUDG", "phrase": " Okay ma'am"}, {"speaker": "JUDG", "phrase": " why don't you please"}, {"speaker": "JUDG", "phrase": " explain the conversation you had with Mister Roberts."}, {"speaker": "KARE", "phrase": " Okay."}, {"speaker": "KARE", "phrase": " Um"}, {"speaker": "KARE", "phrase": " he was."}, {"speaker": "KARE", "phrase": " we were going over the wages for Phil Nigel"}, {"speaker": "KARE", "phrase": " who was one of the gentlemen on there"}, {"speaker": "KARE", "phrase": " as to how much Phil was to get"}, {"speaker": "KARE", "phrase": " for the job."}, {"speaker": "KARE", "phrase": " On an hourly basis."}, {"speaker": "KARE", "phrase": " And"}, {"speaker": "KARE", "phrase": " he had mentioned to me"}, {"speaker": "KARE", "phrase": " that he was wanting him to get ex amount"}, {"speaker": "KARE", "phrase": " and I said okay"}, {"speaker": "KARE", "phrase": " if it's ex amount to Phil"}, {"speaker": "KARE", "phrase": " then"}, {"speaker": "KARE", "phrase": " plus twentysix percent means"}, {"speaker": "KARE", "phrase": " I take out this amount"}, {"speaker": "KARE", "phrase": " from your check."}, {"speaker": "KARE", "phrase": " And he goes oh."}, {"speaker": "KARE", "phrase": " Well then no"}, {"speaker": "KARE", "phrase": " I don't wanna have the"}, {"speaker": "KARE", "phrase": " you know"}, {"speaker": "KARE", "phrase": " take out that much."}, {"speaker": "KARE", "phrase": " So we were going back and forth with the figures"}, {"speaker": "KARE", "phrase": " and so finally"}, {"speaker": "KARE", "phrase": " this is the"}, {"speaker": "KARE", "phrase": " uh"}, {"speaker": "KARE", "phrase": " wage that we came up with"}, {"speaker": "KARE", "phrase": " which was thirteen fifty to Phil."}, {"speaker": "X", "phrase": "PAUSE"}, {"speaker": "KARE", "phrase": " And then have seventeen dollars an hour"}, {"speaker": "KARE", "phrase": " taken out of Mitch 's check."}, {"speaker": "KARE", "phrase": " Mitch Roberts' check."}, {"speaker": "KARE", "phrase": " And this is the note that I'd written down on that."}, {"speaker": "KARE", "phrase": " And then"}, {"speaker": "KARE", "phrase": " you can see that thirteen fifty plus twentysix percent"}, {"speaker": "KARE", "phrase": " which is three fiftyone"}, {"speaker": "KARE", "phrase": " would actually equal to seventeen one"}, {"speaker": "KARE", "phrase": " and I said."}, {"speaker": "MATT", "phrase": " Why don't you show him the note."}, {"speaker": "KARE", "phrase": " You know"}, {"speaker": "KARE", "phrase": " just the seventeen was fine."}, {"speaker": "JUDG", "phrase": " Oh this."}, {"speaker": "JUDG", "phrase": " So"}, {"speaker": "JUDG", "phrase": " did you have that conversation."}, {"speaker": "MITC", "phrase": " I don't."}, {"speaker": "MITC", "phrase": " I had that perfect conversation with her."}, {"speaker": "MITC", "phrase": " And that's very true"}, {"speaker": "MITC", "phrase": " exactly what you said."}, {"speaker": "MITC", "phrase": " But she never told me anything about"}, {"speaker": "MITC", "phrase": " this twentysix percent"}, {"speaker": "MITC", "phrase": " that was coming come out of my check."}, {"speaker": "MITC", "phrase": "PAUSE"}, {"speaker": "MITC", "phrase": " It's..."}, {"speaker": "X", "phrase": " go ahead."}, {"speaker": "MARK", "phrase": " I was offered"}, {"speaker": "MARK", "phrase": " Matthew offered me"}, {"speaker": "MARK", "phrase": " I'm Mark Preston"}, {"speaker": "MARK", "phrase": " I'm licensed contractor also"}, {"speaker": "MARK", "phrase": " and Matthew offered me the same situation."}, {"speaker": "MARK", "phrase": " And it was my understanding"}, {"speaker": "MARK", "phrase": " that he was to pay everything."}, {"speaker": "MARK", "phrase": " Supply the glue"}, {"speaker": "MARK", "phrase": " supply."}, {"speaker": "MARK", "phrase": " and take care of my guys"}, {"speaker": "MARK", "phrase": " and make the payroll"}, {"speaker": "MARK", "phrase": " and pay all of the employer's stuff."}, {"speaker": "MARK", "phrase": " If you're an employer"}, {"speaker": "MARK", "phrase": " you gotta pay the stuff."}, {"speaker": "MARK", "phrase": " You gotta pay all the extra things."}, {"speaker": "JUDG", "phrase": " But"}, {"speaker": "JUDG", "phrase": " you don't have any."}, {"speaker": "JUDG", "phrase": " you can't testify."}, {"speaker": "X", "phrase": "PAUSE"}, {"speaker": "JUDG", "phrase": " unless I'm wrong"}, {"speaker": "JUDG", "phrase": " about the conversation those two had."}, {"speaker": "JUDG", "phrase": " You weren't there."}, {"speaker": "JUDG", "phrase": " Is that correct ?"}, {"speaker": "MARK", "phrase": " I know for fact that"}, {"speaker": "MARK", "phrase": " Mitch was..."}, {"speaker": "MATT", "phrase": " He was not there."}, {"speaker": "MARK", "phrase": "PAUSE"}, {"speaker": "MARK", "phrase": " he just mentioned that he."}, {"speaker": "MARK", "phrase": " Matthew just mentioned that he deducted the same out of my check ?"}, {"speaker": "MARK", "phrase": " He did not."}, {"speaker": "MARK", "phrase": " I worked strictly by the yard"}, {"speaker": "MARK", "phrase": " and I paid my people."}, {"speaker": "MARK", "phrase": " Prevailing wages."}, {"speaker": "JUDG", "phrase": " Well any agreement he had with you is not relevant to the agreement he had with Mister Roberts."}, {"speaker": "MARK", "phrase": " Well"}, {"speaker": "MARK", "phrase": " \u0294uh\u0294uh I saw the people's checks"}, {"speaker": "MARK", "phrase": " and"}, {"speaker": "MARK", "phrase": " I'm just drawing"}, {"speaker": "MARK", "phrase": " verify what Mitch said."}, {"speaker": "MARK", "phrase": " Mister Collins was supposed to pay everything."}, {"speaker": "MITC", "phrase": " He approached him with the same."}, {"speaker": "MARK", "phrase": "PAUSE"}, {"speaker": "MARK", "phrase": " with the exact same thing"}, {"speaker": "MARK", "phrase": " And he."}, {"speaker": "MARK", "phrase": " Jerry Stillman he did the same thing"}, {"speaker": "MARK", "phrase": " he did the same thing with Marco Villaremo."}, {"speaker": "MARK", "phrase": " Who're all licensed contractors."}, {"speaker": "JUDG", "phrase": " But I still."}, {"speaker": "JUDG", "phrase": " I still don't know..."}, {"speaker": "MARK", "phrase": "PAUSE"}, {"speaker": "JUDG", "phrase": " that may have been on other cases"}, {"speaker": "JUDG", "phrase": " the question is"}, {"speaker": "JUDG", "phrase": " did he do it in this case."}, {"speaker": "MITC", "phrase": " He."}, {"speaker": "MITC", "phrase": " it would be"}, {"speaker": "MITC", "phrase": " if it may please you"}, {"speaker": "MITC", "phrase": " \u0294uh"}, {"speaker": "MITC", "phrase": " the whole reason why I'm here."}, {"speaker": "MITC", "phrase": " Is because he took that twentysix percent out"}, {"speaker": "MITC", "phrase": " that he told me he wasn't gonna take"}, {"speaker": "MITC", "phrase": " he used it as"}, {"speaker": "MITC", "phrase": " more or less bait me to do the job"}, {"speaker": "MITC", "phrase": " and went ahead and withheld it from me."}, {"speaker": "MITC", "phrase": " Without saying word to it"}, {"speaker": "MITC", "phrase": " I had nothing"}, {"speaker": "MITC", "phrase": " I was expecting to make about thousand dollars on the job."}, {"speaker": "JUDG", "phrase": " I understand that."}, {"speaker": "MITC", "phrase": " And"}, {"speaker": "MITC", "phrase": " when he wrote my check."}, {"speaker": "MITC", "phrase": " He wrote my check to me"}, {"speaker": "MITC", "phrase": " handed it to me through window"}, {"speaker": "MITC", "phrase": " says that's the way it is"}, {"speaker": "MITC", "phrase": " and."}, {"speaker": "MITC", "phrase": " and and you know."}, {"speaker": "MITC", "phrase": " it wasn't."}, {"speaker": "MITC", "phrase": " he \u0294uh totally evaded me"}, {"speaker": "MITC", "phrase": " he has to this day evaded me."}, {"speaker": "JUDG", "phrase": " Mister Roberts."}, {"speaker": "JUDG", "phrase": " That's beside the point."}, {"speaker": "JUDG", "phrase": " What I'm trying to \u0294uh."}, {"speaker": "JUDG", "phrase": " We have to really hone in"}, {"speaker": "JUDG", "phrase": " what was the agreement."}, {"speaker": "JUDG", "phrase": " Not how he paid you."}, {"speaker": "MITC", "phrase": " The agreement was."}, {"speaker": "JUDG", "phrase": " If he..."}, {"speaker": "MITC", "phrase": " That."}, {"speaker": "JUDG", "phrase": " You know"}, {"speaker": "JUDG", "phrase": " I don't care if he folded an airplane and."}, {"speaker": "JUDG", "phrase": " and sailed it through the air."}, {"speaker": "MITC", "phrase": " He would pay all my employees."}, {"speaker": "MITC", "phrase": " That was the agreement."}, {"speaker": "MITC", "phrase": " Everything."}, {"speaker": "JUDG", "phrase": " But he."}, {"speaker": "JUDG", "phrase": " he disputes that."}, {"speaker": "MITC", "phrase": " Well"}, {"speaker": "MITC", "phrase": " I understand that."}, {"speaker": "MITC", "phrase": " That's why we're here your honor."}, {"speaker": "JUDG", "phrase": " Okay."}, {"speaker": "JUDG", "phrase": " But"}, {"speaker": "JUDG", "phrase": " you're the plaintiff."}, {"speaker": "JUDG", "phrase": " You have the burden of proving your case."}, {"speaker": "JUDG", "phrase": " That's the problem I have is"}, {"speaker": "JUDG", "phrase": " you've gotta convince me by preponderance of evidence"}, {"speaker": "JUDG", "phrase": " that what you're saying is true."}, {"speaker": "MITC", "phrase": " Well then if..."}, {"speaker": "JUDG", "phrase": "PAUSE"}, {"speaker": "JUDG", "phrase": " more likely than not."}, {"speaker": "JUDG", "phrase": " Now you say one thing"}, {"speaker": "JUDG", "phrase": " and he says another."}, {"speaker": "MITC", "phrase": " Then."}, {"speaker": "MITC", "phrase": " when person fills out"}, {"speaker": "MITC", "phrase": "or has other employees fill out the double-u two forms and everything"}, {"speaker": "MITC", "phrase": " why would I become liable"}, {"speaker": "MITC", "phrase": " for that contribution."}, {"speaker": "MITC", "phrase": " When when he in fact by law"}, {"speaker": "MITC", "phrase": " is now employing those employees."}, {"speaker": "MITC", "phrase": " He's the employer."}, {"speaker": "MITC", "phrase": " I am doing nothing."}, {"speaker": "MITC", "phrase": " Isn't there law that states that fact ?"}, {"speaker": "MITC", "phrase": " When you have"}, {"speaker": "MITC", "phrase": " uh people"}, {"speaker": "MITC", "phrase": " work for you"}, {"speaker": "MITC", "phrase": " and fill out specific forms to the state"}, {"speaker": "MITC", "phrase": " stating that ?"}, {"speaker": "JUDG", "phrase": " Tell me again."}, {"speaker": "JUDG", "phrase": "PAUSE"}, {"speaker": "JUDG", "phrase": " what were the."}, {"speaker": "JUDG", "phrase": " what was the agreement again ?"}, {"speaker": "JUDG", "phrase": " go through the."}, {"speaker": "JUDG", "phrase": " conversation as you saw it."}, {"speaker": "MITC", "phrase": " Conversation was"}, {"speaker": "MITC", "phrase": " Mitch"}, {"speaker": "MITC", "phrase": " if you do this job"}, {"speaker": "MITC", "phrase": " I'll go ahead and pay all your employees"}, {"speaker": "MITC", "phrase": " and you in turn will be able to make more money."}, {"speaker": "JUDG", "phrase": " That was pretty much it."}, {"speaker": "MITC", "phrase": " That's it."}, {"speaker": "MITC", "phrase": " That's to the point."}, {"speaker": "JUDG", "phrase": " Oh so he in effect said."}, {"speaker": "MITC", "phrase": " And that's it."}, {"speaker": "JUDG", "phrase": " I will pay your employees."}, {"speaker": "MITC", "phrase": " That's correct."}, {"speaker": "MITC", "phrase": " And he did sir."}, {"speaker": "MITC", "phrase": " And then when it came to the employer contribution"}, {"speaker": "MITC", "phrase": " without my knowledge or anything"}, {"speaker": "MITC", "phrase": " until I received this check"}, {"speaker": "MITC", "phrase": " he just yanked that right out of my check."}, {"speaker": "JUDG", "phrase": " And Mister Collins \u0294uh"}, {"speaker": "JUDG", "phrase": " that."}, {"speaker": "JUDG", "phrase": " tell me about the conversation you believe happened."}, {"speaker": "MATT", "phrase": " Well"}, {"speaker": "MATT", "phrase": " um"}, {"speaker": "MATT", "phrase": " Mitch and I"}, {"speaker": "MATT", "phrase": " um"}, {"speaker": "MATT", "phrase": " Mitch had come to me and said he would do the work out there"}, {"speaker": "MATT", "phrase": " but he wanted to do the work under the basis that I paid his men"}, {"speaker": "MATT", "phrase": " and I told him about"}, {"speaker": "MATT", "phrase": " what I said earlier here."}, {"speaker": "JUDG", "phrase": " About the twentysix percent ?"}, {"speaker": "MATT", "phrase": " Yes."}, {"speaker": "JUDG", "phrase": " That was mentioned to him."}, {"speaker": "KARE", "phrase": " Always."}, {"speaker": "MATT", "phrase": " Oh yes."}, {"speaker": "MATT", "phrase": " Uh"}, {"speaker": "MATT", "phrase": " always"}, {"speaker": "MATT", "phrase": " it was mentioned with Karen here"}, {"speaker": "MATT", "phrase": " on her note of nine two ninetythree"}, {"speaker": "MATT", "phrase": " that she wrote down her note that she talked with him."}, {"speaker": "RADI", "phrase": " Twelve fourteen."}, {"speaker": "MATT", "phrase": " and at uh"}, {"speaker": "MATT", "phrase": " at every juncture."}, {"speaker": "MATT", "phrase": " He was."}, {"speaker": "MATT", "phrase": " uh made aware of"}, {"speaker": "MATT", "phrase": " the uh"}, {"speaker": "MATT", "phrase": " the contributions"}, {"speaker": "MATT", "phrase": " were made by the employer."}, {"speaker": "MATT", "phrase": " These were his men"}, {"speaker": "MATT", "phrase": " and we were doing service for him"}, {"speaker": "MATT", "phrase": " under this agreement that we had between us."}, {"speaker": "JUDG", "phrase": " Now just."}, {"speaker": "JUDG", "phrase": " \u0294uh just seems from logical standpoint"}, {"speaker": "JUDG", "phrase": " I wasn't there obviously"}, {"speaker": "JUDG", "phrase": " it seems like if you had said that to him"}, {"speaker": "JUDG", "phrase": " he would've said wait minute"}, {"speaker": "JUDG", "phrase": " it's not worth it to me."}, {"speaker": "MITC", "phrase": " That's correct."}, {"speaker": "JUDG", "phrase": " Would you."}, {"speaker": "JUDG", "phrase": " Would you think he would say that."}, {"speaker": "MATT", "phrase": " Yes"}, {"speaker": "MATT", "phrase": " I would think he would."}, {"speaker": "MATT", "phrase": " Why would he do the work."}, {"speaker": "JUDG", "phrase": " Okay."}, {"speaker": "MITC", "phrase": " So you would trick me into doing it."}, {"speaker": "MITC", "phrase": "..."}, {"speaker": "JUDG", "phrase": " Well not if he"}, {"speaker": "JUDG", "phrase": " not if he said to you."}, {"speaker": "MITC", "phrase": " No"}, {"speaker": "MITC", "phrase": " but then."}, {"speaker": "MATT", "phrase": "PAUSE"}, {"speaker": "MITC", "phrase": " Then"}, {"speaker": "MITC", "phrase": " with all my."}, {"speaker": "MITC", "phrase": " with my fourteen years experience."}, {"speaker": "MITC", "phrase": " Why would I do that amount amount of work"}, {"speaker": "MITC", "phrase": " and knowingly for over fifty hours of work."}, {"speaker": "JUDG", "phrase": " Well I..."}, {"speaker": "MITC", "phrase": " know I was gonna take him three hundred and sixteen dollars to do it."}, {"speaker": "JUDG", "phrase": " That may be like buyer's remorse"}, {"speaker": "JUDG", "phrase": " so I."}, {"speaker": "JUDG", "phrase": " uh I don't..."}, {"speaker": "MITC", "phrase": " Well that's not."}, {"speaker": "MITC", "phrase": " I have fourteen years experience in the trade."}, {"speaker": "MITC", "phrase": " That's why I turned the the job down to begin with."}, {"speaker": "MITC", "phrase": " Without doing any work at all."}, {"speaker": "JUDG", "phrase": " Well"}, {"speaker": "JUDG", "phrase": " I'll tell you."}, {"speaker": "JUDG", "phrase": " \u0294uh if Mister Roberts' testimony is correct he should win"}, {"speaker": "JUDG", "phrase": " and Mister Collins' testimony is correct then he should prevail."}, {"speaker": "MITC", "phrase": " And I agree with you."}, {"speaker": "JUDG", "phrase": "..."}, {"speaker": "MITC", "phrase": " But the fact remains"}, {"speaker": "MITC", "phrase": " that I would not have done the work"}, {"speaker": "MITC", "phrase": " for this amount of money."}, {"speaker": "MITC", "phrase": " That's why I turned the job down to begin with."}, {"speaker": "MITC", "phrase": " That's why I'm here in the court today"}, {"speaker": "MITC", "phrase": " to make the court decide."}, {"speaker": "MITC", "phrase": " It shouldn't."}, {"speaker": "MITC", "phrase": " It shouldn't be legal for guys to do this."}, {"speaker": "JUDG", "phrase": " Well I'm gonna make."}, {"speaker": "JUDG", "phrase": " \u0294uh."}, {"speaker": "JUDG", "phrase": " I'm gonna make"}, {"speaker": "JUDG", "phrase": " uh"}, {"speaker": "JUDG", "phrase": " in my mind"}, {"speaker": "JUDG", "phrase": " bad decision today."}, {"speaker": "JUDG", "phrase": " Now"}, {"speaker": "JUDG", "phrase": " you both seem very truthful and honest."}, {"speaker": "JUDG", "phrase": " I wasn't there."}, {"speaker": "MITC", "phrase": " But"}, {"speaker": "MITC", "phrase": " I'm the one that's bearing the burden of this monetary amount."}, {"speaker": "JUDG", "phrase": " you have to bear the burden \u0294uh proving it"}, {"speaker": "JUDG", "phrase": " but."}, {"speaker": "MITC", "phrase": " I understand that."}, {"speaker": "JUDG", "phrase": " \u0294uh I'm gonna award"}, {"speaker": "JUDG", "phrase": " um"}, {"speaker": "JUDG", "phrase": " Mister Roberts"}, {"speaker": "JUDG", "phrase": " threehundred fifty dollars."}, {"speaker": "JUDG", "phrase": " Approximately half."}, {"speaker": "JUDG", "phrase": " Now Mister Collins may not like that."}, {"speaker": "JUDG", "phrase": " now."}, {"speaker": "JUDG", "phrase": " if he doesn't like it"}, {"speaker": "JUDG", "phrase": " then he can go ahead appeal it across the street superior court."}, {"speaker": "JUDG", "phrase": " Running the risk that he might face"}, {"speaker": "JUDG", "phrase": " the full amount of sevenhundred and four dollars."}, {"speaker": "MATT", "phrase": " I will appeal."}, {"speaker": "JUDG", "phrase": " Okay laugh."}, {"speaker": "JUDG", "phrase": " But I'm going to get it."}, {"speaker": "JUDG", "phrase": " and \u0294uh award mister Roberts"}, {"speaker": "JUDG", "phrase": " \u0294uh threehundred and fifty dollars"}, {"speaker": "JUDG", "phrase": " and if neither party is happy"}, {"speaker": "JUDG", "phrase": " maybe there's an old saying in court that"}, {"speaker": "JUDG", "phrase": " both parties are unhappy"}, {"speaker": "JUDG", "phrase": " the judge made good decision."}, {"speaker": "JUDG", "phrase": " So."}, {"speaker": "MATT", "phrase": " Thank you your honor."}, {"speaker": "JUDG", "phrase": " Make it for the uh"}, {"speaker": "JUDG", "phrase": " plaintiff of thr eefifty."}, {"speaker": "X", "phrase": " There's some."}, {"speaker": "JUDG", "phrase": " And I will allow the court costs of twenty dollars and thirty cents."}, {"speaker": "X", "phrase": " I think there's some papers up there."}, {"speaker": "MITC", "phrase": " Thank you your honor."}, {"speaker": "X", "phrase": "PAUSE"}, {"speaker": "X", "phrase": "PAUSE"}]}