{"text": [{"speaker": "KIRS", "phrase": " Um"}, {"speaker": "KIRS", "phrase": " first of all"}, {"speaker": "KIRS", "phrase": " maybe you guys"}, {"speaker": "KIRS", "phrase": " can tell me"}, {"speaker": "KIRS", "phrase": " we talked little bit about it"}, {"speaker": "KIRS", "phrase": " last time you were here ?"}, {"speaker": "KIRS", "phrase": " Or did we not"}, {"speaker": "KIRS", "phrase": " talk about the history of the penguins."}, {"speaker": "AMY", "phrase": " Thanks."}, {"speaker": "DON", "phrase": " I wasn't here that weekend."}, {"speaker": "LORI", "phrase": " No."}, {"speaker": "LORI", "phrase": " No."}, {"speaker": "KIRS", "phrase": " Okay."}, {"speaker": "LORI", "phrase": " We talked about the endangered species."}, {"speaker": "KIRS", "phrase": " Okay."}, {"speaker": "KIRS", "phrase": " We have."}, {"speaker": "LORI", "phrase": "PAUSE"}, {"speaker": "KIRS", "phrase": " on exhibit now"}, {"speaker": "KIRS", "phrase": " about twentyfive of the thirty penguin chicks."}, {"speaker": "AMY", "phrase": " Wow."}, {"speaker": "AMY", "phrase": "PAUSE"}, {"speaker": "KIRS", "phrase": " That you have."}, {"speaker": "ENV", "phrase": "PAUSE"}, {"speaker": "KIRS", "phrase": " Um."}, {"speaker": "LORI", "phrase": " Oops."}, {"speaker": "LORI", "phrase": "PAUSE"}, {"speaker": "KIRS", "phrase": " Last year"}, {"speaker": "KIRS", "phrase": " I want to say around Christmas time"}, {"speaker": "KIRS", "phrase": " we went down"}, {"speaker": "KIRS", "phrase": " the Shed Aquarium"}, {"speaker": "KIRS", "phrase": " as well as other researchers and scientists"}, {"speaker": "KIRS", "phrase": " went down to Antarctica"}, {"speaker": "KIRS", "phrase": " to collect."}, {"speaker": "LORI", "phrase": " Mm."}, {"speaker": "KIRS", "phrase": " Gentu penguin eggs."}, {"speaker": "KIRS", "phrase": " Okay"}, {"speaker": "KIRS", "phrase": " so"}, {"speaker": "KIRS", "phrase": " I want to go into little bit about"}, {"speaker": "KIRS", "phrase": " the history of the Gentus here"}, {"speaker": "KIRS", "phrase": " um"}, {"speaker": "KIRS", "phrase": " for."}, {"speaker": "KIRS", "phrase": " For Don and Lori"}, {"speaker": "KIRS", "phrase": " where."}, {"speaker": "KIRS", "phrase": " Where did our original Gentu penguins come from."}, {"speaker": "DON", "phrase": " Uh"}, {"speaker": "DON", "phrase": " Faulklands."}, {"speaker": "DON", "phrase": " Wasn't it ?"}, {"speaker": "KIRS", "phrase": " Where did the."}, {"speaker": "KIRS", "phrase": " But"}, {"speaker": "KIRS", "phrase": " specifically..."}, {"speaker": "DON", "phrase": " Oh specifically"}, {"speaker": "DON", "phrase": " in the islands ?"}, {"speaker": "KIRS", "phrase": " Where did we get them"}, {"speaker": "KIRS", "phrase": "for display here at the Shed Aquarium."}, {"speaker": "DON", "phrase": " Oh."}, {"speaker": "DON", "phrase": " From the um"}, {"speaker": "DON", "phrase": " was it Edinburgh uh Zoo ?"}, {"speaker": "KIRS", "phrase": " Yeah."}, {"speaker": "KIRS", "phrase": " Great."}, {"speaker": "DON", "phrase": " Yeah."}, {"speaker": "KIRS", "phrase": " In Scotland."}, {"speaker": "DON", "phrase": " Yeah."}, {"speaker": "DON", "phrase": " Right."}, {"speaker": "KIRS", "phrase": " Okay ?"}, {"speaker": "AMY", "phrase": " Are those the ones that don't like people ?"}, {"speaker": "AMY", "phrase": " The handsoff ones."}, {"speaker": "KIRS", "phrase": " Handsoff ones."}, {"speaker": "AMY", "phrase": " That came from."}, {"speaker": "AMY", "phrase": " Where's Ten from."}, {"speaker": "KIRS", "phrase": " There."}, {"speaker": "AMY", "phrase": " Or is that."}, {"speaker": "AMY", "phrase": " Oh okay."}, {"speaker": "KIRS", "phrase": " Yeah."}, {"speaker": "AMY", "phrase": " Well is."}, {"speaker": "AMY", "phrase": " What's the other species."}, {"speaker": "KIRS", "phrase": " Rockhoppers."}, {"speaker": "AMY", "phrase": " The."}, {"speaker": "AMY", "phrase": " No."}, {"speaker": "KIRS", "phrase": " Magellanics."}, {"speaker": "DON", "phrase": " Magellanic."}, {"speaker": "LORI", "phrase": "PAUSE"}, {"speaker": "AMY", "phrase": " Yeah."}, {"speaker": "AMY", "phrase": " Okay."}, {"speaker": "KIRS", "phrase": "PAUSE"}, {"speaker": "KIRS", "phrase": " Magellanics came"}, {"speaker": "KIRS", "phrase": " from the John Ball Zoo"}, {"speaker": "KIRS", "phrase": " in Grand Rapids Michigan."}, {"speaker": "DON", "phrase": " Mhm."}, {"speaker": "KIRS", "phrase": " So"}, {"speaker": "KIRS", "phrase": " the Gentus"}, {"speaker": "KIRS", "phrase": " which."}, {"speaker": "KIRS", "phrase": " I take it you work mammals as well ?"}, {"speaker": "AMY", "phrase": " Yeah."}, {"speaker": "KIRS", "phrase": " Okay"}, {"speaker": "KIRS", "phrase": " so feel free to add in."}, {"speaker": "AMY", "phrase": " I worked with the baby penguins"}, {"speaker": "AMY", "phrase": " when"}, {"speaker": "AMY", "phrase": " cause I've only worked like weekend"}, {"speaker": "AMY", "phrase": " but both days were spent with the penguins."}, {"speaker": "AMY", "phrase": " Feeding the baby penguins and then"}, {"speaker": "AMY", "phrase": " Ten and"}, {"speaker": "AMY", "phrase": " all of them."}, {"speaker": "KIRS", "phrase": " Great."}, {"speaker": "KIRS", "phrase": " Great."}, {"speaker": "KIRS", "phrase": " So"}, {"speaker": "KIRS", "phrase": " feel free"}, {"speaker": "KIRS", "phrase": " after I've go through this information"}, {"speaker": "KIRS", "phrase": " you know."}, {"speaker": "LORI", "phrase": "PAUSE"}, {"speaker": "KIRS", "phrase": " share any information you might have."}, {"speaker": "LORI", "phrase": " Mhm."}, {"speaker": "AMY", "phrase": " Well I'll probably have lot of questions for you laugh."}, {"speaker": "AMY", "phrase": "PAUSE"}, {"speaker": "KIRS", "phrase": " from your experiences."}, {"speaker": "AMY", "phrase": " Okay."}, {"speaker": "KIRS", "phrase": " Cause that's"}, {"speaker": "KIRS", "phrase": " \u0294uh you know."}, {"speaker": "LORI", "phrase": " Mhm."}, {"speaker": "KIRS", "phrase": " usually the best way that we can get"}, {"speaker": "KIRS", "phrase": " some good detailed information is from"}, {"speaker": "KIRS", "phrase": " volunteers"}, {"speaker": "KIRS", "phrase": " that actually work"}, {"speaker": "KIRS", "phrase": " \u0294uh in mammals."}, {"speaker": "KIRS", "phrase": " So"}, {"speaker": "KIRS", "phrase": " we love that."}, {"speaker": "KIRS", "phrase": " Um"}, {"speaker": "KIRS", "phrase": " anyway"}, {"speaker": "KIRS", "phrase": " so"}, {"speaker": "KIRS", "phrase": " we got the penguins"}, {"speaker": "KIRS", "phrase": " our original batch of penguins"}, {"speaker": "KIRS", "phrase": " from"}, {"speaker": "KIRS", "phrase": " from this zoo in Scotland"}, {"speaker": "KIRS", "phrase": " \u0294uh and"}, {"speaker": "KIRS", "phrase": " um"}, {"speaker": "KIRS", "phrase": " you know"}, {"speaker": "KIRS", "phrase": " as you know"}, {"speaker": "KIRS", "phrase": " you ship them over"}, {"speaker": "KIRS", "phrase": " and they go into quarantine period."}, {"speaker": "KIRS", "phrase": " And"}, {"speaker": "KIRS", "phrase": " I do believe it was thirty days."}, {"speaker": "KIRS", "phrase": " Don't don't"}, {"speaker": "KIRS", "phrase": " it's in my literature right there"}, {"speaker": "KIRS", "phrase": " I'll check for certain."}, {"speaker": "KIRS", "phrase": " Uh"}, {"speaker": "KIRS", "phrase": " that is required by the USDA"}, {"speaker": "KIRS", "phrase": " basically there's"}, {"speaker": "KIRS", "phrase": " there's disease called Newcastle's Disease"}, {"speaker": "KIRS", "phrase": " that"}, {"speaker": "KIRS", "phrase": " is is very contagious apparently"}, {"speaker": "KIRS", "phrase": " and so there's always the potential"}, {"speaker": "KIRS", "phrase": " of"}, {"speaker": "KIRS", "phrase": " when you bring bird over"}, {"speaker": "KIRS", "phrase": "PAUSE"}, {"speaker": "KIRS", "phrase": " Contaminating the poultry."}, {"speaker": "AMY", "phrase": " Mm."}, {"speaker": "KIRS", "phrase": " Business."}, {"speaker": "KIRS", "phrase": " Okay"}, {"speaker": "KIRS", "phrase": " and so that is"}, {"speaker": "KIRS", "phrase": " background information"}, {"speaker": "KIRS", "phrase": " for the reason for quarantining."}, {"speaker": "KIRS", "phrase": " Um"}, {"speaker": "KIRS", "phrase": " with our other penguins"}, {"speaker": "KIRS", "phrase": " uh we brought them over"}, {"speaker": "KIRS", "phrase": " from Scotland"}, {"speaker": "KIRS", "phrase": " and"}, {"speaker": "KIRS", "phrase": " as it turned out"}, {"speaker": "KIRS", "phrase": " in quarantine period that they had"}, {"speaker": "KIRS", "phrase": " that."}, {"speaker": "KIRS", "phrase": " or I should say fungus"}, {"speaker": "KIRS", "phrase": " okay this Aspergillosis fungus"}, {"speaker": "KIRS", "phrase": " had come to fruition"}, {"speaker": "KIRS", "phrase": " and we had lost"}, {"speaker": "KIRS", "phrase": " you know good portion of penguins."}, {"speaker": "KIRS", "phrase": " So."}, {"speaker": "AMY", "phrase": " Wow."}, {"speaker": "KIRS", "phrase": " okay"}, {"speaker": "KIRS", "phrase": " now it's time to consider replacing these penguins"}, {"speaker": "KIRS", "phrase": " how do we want to go about doing that."}, {"speaker": "KIRS", "phrase": " Well"}, {"speaker": "KIRS", "phrase": " really didn't want to go"}, {"speaker": "KIRS", "phrase": " through"}, {"speaker": "KIRS", "phrase": " transporting the birds."}, {"speaker": "KIRS", "phrase": " Didn't work last time"}, {"speaker": "KIRS", "phrase": " potential for bringing over diseases"}, {"speaker": "KIRS", "phrase": " is obviously there"}, {"speaker": "KIRS", "phrase": " so"}, {"speaker": "KIRS", "phrase": " the thought was okay let's get some eggs."}, {"speaker": "KIRS", "phrase": " Um"}, {"speaker": "KIRS", "phrase": " Sea World San Diego has Gentus"}, {"speaker": "KIRS", "phrase": " and"}, {"speaker": "KIRS", "phrase": " apparently just not enough eggs to share."}, {"speaker": "KIRS", "phrase": " If they had them they would gladly."}, {"speaker": "KIRS", "phrase": " Same situation with the Edinburgh Zoo"}, {"speaker": "KIRS", "phrase": " they would gladly send us birds"}, {"speaker": "KIRS", "phrase": " but"}, {"speaker": "KIRS", "phrase": " they didn't feel that they had enough eggs"}, {"speaker": "KIRS", "phrase": " to send over."}, {"speaker": "KIRS", "phrase": " So"}, {"speaker": "KIRS", "phrase": " we really didn't want to go the bird route"}, {"speaker": "KIRS", "phrase": " and so"}, {"speaker": "KIRS", "phrase": " that left us the choice of going down to Antarctica"}, {"speaker": "KIRS", "phrase": " and collecting some."}, {"speaker": "KIRS", "phrase": " some penguin eggs ourselves."}, {"speaker": "KIRS", "phrase": " So they went to"}, {"speaker": "KIRS", "phrase": " and I don't know if this is pronounced correctly"}, {"speaker": "KIRS", "phrase": " Wiencke Island."}, {"speaker": "LORI", "phrase": " Yeah"}, {"speaker": "LORI", "phrase": "that's where lot of seals are from as well."}, {"speaker": "DON", "phrase": " Hm."}, {"speaker": "KIRS", "phrase": " Okay."}, {"speaker": "LORI", "phrase": " Mhm."}, {"speaker": "KIRS", "phrase": " Cool."}, {"speaker": "LORI", "phrase": " Mhm ?"}, {"speaker": "KIRS", "phrase": " Cool."}, {"speaker": "DON", "phrase": " That'll fit in with your class."}, {"speaker": "LORI", "phrase": " I know laugh."}, {"speaker": "LORI", "phrase": "PAUSE"}, {"speaker": "KIRS", "phrase": " Yeah laugh."}, {"speaker": "ALIC", "phrase": " Nicole is here."}, {"speaker": "KIRS", "phrase": " Hi"}, {"speaker": "KIRS", "phrase": " Nicole."}, {"speaker": "NICO", "phrase": " Hi."}, {"speaker": "ALIC", "phrase": " Hey let me..."}, {"speaker": "KIRS", "phrase": " how you doing."}, {"speaker": "ALIC", "phrase": " Can I just interrupt for one minute."}, {"speaker": "NICO", "phrase": " Oh okay."}, {"speaker": "ALIC", "phrase": " can I see your ID."}, {"speaker": "NICO", "phrase": " Mine ?"}, {"speaker": "ALIC", "phrase": " I don't think Darren put anything on it."}, {"speaker": "NICO", "phrase": " Mhm."}, {"speaker": "ALIC", "phrase": " Right."}, {"speaker": "ALIC", "phrase": " Okay."}, {"speaker": "KIRS", "phrase": " Why don't you have seat."}, {"speaker": "NICO", "phrase": " Sure."}, {"speaker": "LORI", "phrase": "PAUSE"}, {"speaker": "LORI", "phrase": " Oh I'm tired."}, {"speaker": "KIRS", "phrase": " So"}, {"speaker": "KIRS", "phrase": " they went to Wiencke Island"}, {"speaker": "KIRS", "phrase": " where lot of seals are from"}, {"speaker": "KIRS", "phrase": " and."}, {"speaker": "LORI", "phrase": " Mhm."}, {"speaker": "AMY", "phrase": "PAUSE"}, {"speaker": "LORI", "phrase": "PAUSE"}, {"speaker": "NICO", "phrase": "..."}, {"speaker": "KIRS", "phrase": " collected eggs."}, {"speaker": "LORI", "phrase": " Mhm."}, {"speaker": "KIRS", "phrase": " Okay"}, {"speaker": "KIRS", "phrase": " so"}, {"speaker": "KIRS", "phrase": " the process was"}, {"speaker": "KIRS", "phrase": " I'm just gonna finish up on my story"}, {"speaker": "KIRS", "phrase": " the process was"}, {"speaker": "KIRS", "phrase": " was they"}, {"speaker": "KIRS", "phrase": " um"}, {"speaker": "KIRS", "phrase": " they went to the nest"}, {"speaker": "KIRS", "phrase": " okay from our staff"}, {"speaker": "KIRS", "phrase": " it was Mark Ryan from marine mammals"}, {"speaker": "KIRS", "phrase": " and Mike Mulligan from fishes"}, {"speaker": "KIRS", "phrase": " and"}, {"speaker": "KIRS", "phrase": " frankly I'm not quite sure who the entourage of other people were."}, {"speaker": "KIRS", "phrase": " But"}, {"speaker": "KIRS", "phrase": " they went to the nest"}, {"speaker": "KIRS", "phrase": " and basically"}, {"speaker": "KIRS", "phrase": " waited for the penguin to stand up"}, {"speaker": "KIRS", "phrase": " and checked to see if there were two eggs there."}, {"speaker": "AMY", "phrase": " Hm."}, {"speaker": "KIRS", "phrase": " Gentu penguins"}, {"speaker": "KIRS", "phrase": " and this."}, {"speaker": "KIRS", "phrase": " isn't true of all penguins"}, {"speaker": "KIRS", "phrase": " often"}, {"speaker": "KIRS", "phrase": " when penguin lays eggs"}, {"speaker": "KIRS", "phrase": " if it lays two"}, {"speaker": "KIRS", "phrase": " one is smaller than the other."}, {"speaker": "KIRS", "phrase": " Gentus lay two equally sized eggs."}, {"speaker": "KIRS", "phrase": " Okay"}, {"speaker": "KIRS", "phrase": " um."}, {"speaker": "LORI", "phrase": " Hm."}, {"speaker": "KIRS", "phrase": " the reason I mentioned that was"}, {"speaker": "KIRS", "phrase": " if one was smaller"}, {"speaker": "KIRS", "phrase": " he would have went for the smaller egg."}, {"speaker": "KIRS", "phrase": " Okay."}, {"speaker": "DON", "phrase": " Why."}, {"speaker": "KIRS", "phrase": " Because that would probably mean that."}, {"speaker": "LORI", "phrase": " Female ?"}, {"speaker": "KIRS", "phrase": " Do you remember reading"}, {"speaker": "KIRS", "phrase": " in the exhibit for the Rockhopper penguins"}, {"speaker": "KIRS", "phrase": " downstairs"}, {"speaker": "KIRS", "phrase": " they lay two different sized eggs."}, {"speaker": "DON", "phrase": " Mhm."}, {"speaker": "KIRS", "phrase": " Depending on the year"}, {"speaker": "KIRS", "phrase": " and depending on the conditions of light"}, {"speaker": "KIRS", "phrase": " um"}, {"speaker": "KIRS", "phrase": " if it's bad year"}, {"speaker": "KIRS", "phrase": " or there's just not lot of food resources"}, {"speaker": "KIRS", "phrase": " um"}, {"speaker": "KIRS", "phrase": " environmental conditions are rough"}, {"speaker": "KIRS", "phrase": " it's stormy bad year."}, {"speaker": "LORI", "phrase": " Mhm."}, {"speaker": "KIRS", "phrase": " A penguin might lay two eggs"}, {"speaker": "KIRS", "phrase": " and at that point"}, {"speaker": "KIRS", "phrase": " I don't."}, {"speaker": "KIRS", "phrase": " I don't really wanna use the word decide."}, {"speaker": "LORI", "phrase": " Mhm."}, {"speaker": "KIRS", "phrase": " that's kind of anthropomorphic"}, {"speaker": "KIRS", "phrase": " but"}, {"speaker": "KIRS", "phrase": " somehow figure out"}, {"speaker": "KIRS", "phrase": " at this point I'm gonna kick out an egg."}, {"speaker": "LORI", "phrase": " Determine ?"}, {"speaker": "DON", "phrase": " Ah."}, {"speaker": "LORI", "phrase": " Mhm."}, {"speaker": "KIRS", "phrase": " I'm going to determine"}, {"speaker": "KIRS", "phrase": " through whatever."}, {"speaker": "AMY", "phrase": " Mm."}, {"speaker": "KIRS", "phrase": " however it does determine to do so."}, {"speaker": "NICO", "phrase": " Hm."}, {"speaker": "KIRS", "phrase": " will kick out an egg."}, {"speaker": "NICO", "phrase": "PAUSE"}, {"speaker": "KIRS", "phrase": " Otherwise"}, {"speaker": "KIRS", "phrase": " it will brood the two eggs"}, {"speaker": "KIRS", "phrase": " and hatchthemout."}, {"speaker": "KIRS", "phrase": " It's not uncommon that"}, {"speaker": "KIRS", "phrase": " at this point"}, {"speaker": "KIRS", "phrase": " they'll kick out the smaller chick."}, {"speaker": "DON", "phrase": " Right."}, {"speaker": "KIRS", "phrase": "If at that point conditions don't seem to be sufficient to support raising two of them"}, {"speaker": "KIRS", "phrase": " it's kind of like"}, {"speaker": "KIRS", "phrase": " hey"}, {"speaker": "KIRS", "phrase": " why bother."}, {"speaker": "LORI", "phrase": " Mhm."}, {"speaker": "KIRS", "phrase": " And kick out"}, {"speaker": "KIRS", "phrase": " one of."}, {"speaker": "KIRS", "phrase": " One of the chicks."}, {"speaker": "KIRS", "phrase": " If it's great year"}, {"speaker": "KIRS", "phrase": " on fat"}, {"speaker": "KIRS", "phrase": " there's food"}, {"speaker": "KIRS", "phrase": " \u0294it's beautiful day."}, {"speaker": "DON", "phrase": " It's called penguin euthanasia."}, {"speaker": "LORI", "phrase": "PAUSE"}, {"speaker": "KIRS", "phrase": " Okay."}, {"speaker": "DON", "phrase": "PAUSE"}, {"speaker": "KIRS", "phrase": "PAUSE"}, {"speaker": "DON", "phrase": "PAUSE"}, {"speaker": "KIRS", "phrase": " They'll they'll"}, {"speaker": "KIRS", "phrase": " they'll try to raise both."}, {"speaker": "LORI", "phrase": "PAUSE"}, {"speaker": "KIRS", "phrase": " So."}, {"speaker": "LORI", "phrase": "PAUSE"}, {"speaker": "KIRS", "phrase": " I didn't catch that."}, {"speaker": "KIRS", "phrase": " What..."}, {"speaker": "DON", "phrase": " It's called penguin euthanasia."}, {"speaker": "KIRS", "phrase": " Sh."}, {"speaker": "LORI", "phrase": "PAUSE"}, {"speaker": "KIRS", "phrase": " Ch"}, {"speaker": "KIRS", "phrase": " Yeah."}, {"speaker": "LORI", "phrase": "PAUSE"}, {"speaker": "KIRS", "phrase": " Um"}, {"speaker": "KIRS", "phrase": " so"}, {"speaker": "KIRS", "phrase": " anyway."}, {"speaker": "KIRS", "phrase": " Apparently what what they."}, {"speaker": "KIRS", "phrase": " Now at this point they wanted to see"}, {"speaker": "KIRS", "phrase": " okay"}, {"speaker": "KIRS", "phrase": " now"}, {"speaker": "KIRS", "phrase": " is there actually fertile."}, {"speaker": "KIRS", "phrase": " Is there fertile chick"}, {"speaker": "KIRS", "phrase": " or developing chick inside."}, {"speaker": "LORI", "phrase": " Mhm."}, {"speaker": "KIRS", "phrase": " And"}, {"speaker": "KIRS", "phrase": " apparently it was very very muddy"}, {"speaker": "KIRS", "phrase": " it was abnormally warm"}, {"speaker": "KIRS", "phrase": " and it was just big mudbath out there"}, {"speaker": "KIRS", "phrase": " and they couldn't."}, {"speaker": "KIRS", "phrase": " They couldn't clean off the mud enough"}, {"speaker": "KIRS", "phrase": " to be able to see inside."}, {"speaker": "KIRS", "phrase": " To see if"}, {"speaker": "KIRS", "phrase": " if it was viable."}, {"speaker": "KIRS", "phrase": " So"}, {"speaker": "KIRS", "phrase": " they took an egg from nests"}, {"speaker": "KIRS", "phrase": " that had two eggs."}, {"speaker": "KIRS", "phrase": " And I think this this report says"}, {"speaker": "KIRS", "phrase": " within thirtyone hours"}, {"speaker": "KIRS", "phrase": " the eggs were back here in Chicago."}, {"speaker": "LORI", "phrase": " Wow."}, {"speaker": "KIRS", "phrase": " That's pretty neat."}, {"speaker": "NICO", "phrase": " Oh."}, {"speaker": "KIRS", "phrase": " And then"}, {"speaker": "KIRS", "phrase": " they took them to an offsite incubation area"}, {"speaker": "KIRS", "phrase": " in Addison."}, {"speaker": "KIRS", "phrase": " Is anybody from Addison ?"}, {"speaker": "KIRS", "phrase": " I don't know where Addison is."}, {"speaker": "NICO", "phrase": " I don't either."}, {"speaker": "X", "phrase": " It's west suburb."}, {"speaker": "KIRS", "phrase": " West ?"}, {"speaker": "AMY", "phrase": " Yes."}, {"speaker": "KIRS", "phrase": " So they were out in the west suburbs."}, {"speaker": "KIRS", "phrase": " And incubated there."}, {"speaker": "X", "phrase": "PAUSE"}, {"speaker": "AMY", "phrase": "PAUSE"}, {"speaker": "LORI", "phrase": " Mm."}, {"speaker": "AMY", "phrase": "PAUSE"}, {"speaker": "KIRS", "phrase": " A nd"}, {"speaker": "KIRS", "phrase": " apparently now they're about"}, {"speaker": "KIRS", "phrase": " six to seven weeks old ?"}, {"speaker": "NICO", "phrase": " Wow."}, {"speaker": "AMY", "phrase": " When I was here two weeks ago"}, {"speaker": "AMY", "phrase": " they were sixty days."}, {"speaker": "KIRS", "phrase": " two weeks ago it was sixty days ?"}, {"speaker": "AMY", "phrase": " I think"}, {"speaker": "AMY", "phrase": " maybe it was four weeks ago."}, {"speaker": "KIRS", "phrase": " Okay."}, {"speaker": "AMY", "phrase": " Yeah."}, {"speaker": "KIRS", "phrase": " I think"}, {"speaker": "KIRS", "phrase": " I think they're around six weeks old."}, {"speaker": "LORI", "phrase": " Mm."}, {"speaker": "KIRS", "phrase": " Okay ?"}, {"speaker": "KIRS", "phrase": " But when you see them"}, {"speaker": "KIRS", "phrase": " you'll see that they're just about as big as number ten."}, {"speaker": "KIRS", "phrase": " They're big."}, {"speaker": "LORI", "phrase": " kay."}, {"speaker": "AMY", "phrase": " Yeah."}, {"speaker": "AMY", "phrase": " When I."}, {"speaker": "AMY", "phrase": " Yeah"}, {"speaker": "AMY", "phrase": " when I was here they had"}, {"speaker": "AMY", "phrase": " they were losing all of their hair."}, {"speaker": "AMY", "phrase": " And they looked"}, {"speaker": "AMY", "phrase": " the two oldest ones looked like Ten."}, {"speaker": "KIRS", "phrase": " Right."}, {"speaker": "KIRS", "phrase": " Right."}, {"speaker": "KIRS", "phrase": " So basically"}, {"speaker": "KIRS", "phrase": " what the process has been is"}, {"speaker": "KIRS", "phrase": " we brought them here as chicks"}, {"speaker": "KIRS", "phrase": " but they still had their downy feathers."}, {"speaker": "KIRS", "phrase": " Okay"}, {"speaker": "KIRS", "phrase": " so"}, {"speaker": "KIRS", "phrase": " as they lost their downy feathers"}, {"speaker": "KIRS", "phrase": " they became eligible to go out onto exhibit."}, {"speaker": "KIRS", "phrase": " And so what they did last time you guys were here"}, {"speaker": "KIRS", "phrase": " there was maybe ten."}, {"speaker": "KIRS", "phrase": " That were"}, {"speaker": "KIRS", "phrase": " you know"}, {"speaker": "KIRS", "phrase": " I say eligible"}, {"speaker": "KIRS", "phrase": " to be out on exhibit."}, {"speaker": "NICO", "phrase": "PAUSE"}, {"speaker": "KIRS", "phrase": " and what they would do is"}, {"speaker": "KIRS", "phrase": " they would carry them in"}, {"speaker": "KIRS", "phrase": " let them hang out for about half an hour"}, {"speaker": "KIRS", "phrase": " get acclimated to what was going on"}, {"speaker": "KIRS", "phrase": " and then take them off."}, {"speaker": "KIRS", "phrase": " And do this."}, {"speaker": "KIRS", "phrase": " Now they're out."}, {"speaker": "KIRS", "phrase": " Now they're"}, {"speaker": "KIRS", "phrase": " they are out on exhibit."}, {"speaker": "DON", "phrase": " All of them."}, {"speaker": "KIRS", "phrase": " \u0294uh Almost all of em."}, {"speaker": "KIRS", "phrase": " Two days ago there was twentyfive out on exhibit."}, {"speaker": "KIRS", "phrase": " So we have thirty chicks total."}, {"speaker": "DON", "phrase": " Right."}, {"speaker": "LORI", "phrase": " Hm."}, {"speaker": "KIRS", "phrase": " So"}, {"speaker": "KIRS", "phrase": " twentyfive plus are out on exhibit."}, {"speaker": "DON", "phrase": " Okay."}, {"speaker": "KIRS", "phrase": " Um"}, {"speaker": "KIRS", "phrase": " thing of it is"}, {"speaker": "KIRS", "phrase": " is let's think little bit about penguin natural history."}, {"speaker": "KIRS", "phrase": " Okay ?"}, {"speaker": "KIRS", "phrase": " How"}, {"speaker": "KIRS", "phrase": " how long do penguins spend on land."}, {"speaker": "DON", "phrase": " Three months I think."}, {"speaker": "KIRS", "phrase": " What's your guess."}, {"speaker": "LORI", "phrase": " Uh."}, {"speaker": "DON", "phrase": " Three or is it"}, {"speaker": "DON", "phrase": " three to six months ?"}, {"speaker": "KIRS", "phrase": " Okay."}, {"speaker": "LORI", "phrase": " Um"}, {"speaker": "LORI", "phrase": " four ?"}, {"speaker": "LORI", "phrase": " Five ?"}, {"speaker": "KIRS", "phrase": " Six."}, {"speaker": "DON", "phrase": " Six ?"}, {"speaker": "KIRS", "phrase": " Okay ?"}, {"speaker": "NICO", "phrase": " Six months ?"}, {"speaker": "KIRS", "phrase": " So"}, {"speaker": "KIRS", "phrase": " it's it's basically."}, {"speaker": "NICO", "phrase": " Wow."}, {"speaker": "KIRS", "phrase": " it's an even even split."}, {"speaker": "DON", "phrase": "PAUSE"}, {"speaker": "KIRS", "phrase": " between"}, {"speaker": "KIRS", "phrase": " life out at sea and life on land."}, {"speaker": "KIRS", "phrase": " So the sequence of events is"}, {"speaker": "KIRS", "phrase": " they come on to shore"}, {"speaker": "KIRS", "phrase": " springtime"}, {"speaker": "KIRS", "phrase": " they hook up with their mate"}, {"speaker": "KIRS", "phrase": " they build nest"}, {"speaker": "KIRS", "phrase": " they mate"}, {"speaker": "KIRS", "phrase": " they lay their eggs"}, {"speaker": "KIRS", "phrase": " they brood their eggs"}, {"speaker": "KIRS", "phrase": " they hatch their chicks"}, {"speaker": "KIRS", "phrase": " they brood their chicks"}, {"speaker": "KIRS", "phrase": " they feed their chicks"}, {"speaker": "KIRS", "phrase": " they molt"}, {"speaker": "KIRS", "phrase": " and then they're out to sea."}, {"speaker": "KIRS", "phrase": " So all of that has to happen"}, {"speaker": "KIRS", "phrase": " within that sixmonth period"}, {"speaker": "KIRS", "phrase": " that's pretty busy bird."}, {"speaker": "LORI", "phrase": "PAUSE"}, {"speaker": "NICO", "phrase": "PAUSE"}, {"speaker": "KIRS", "phrase": " so."}, {"speaker": "DON", "phrase": "PAUSE"}, {"speaker": "KIRS", "phrase": " the penguins need to grow"}, {"speaker": "KIRS", "phrase": " the chicks"}, {"speaker": "KIRS", "phrase": " in order to be ready"}, {"speaker": "KIRS", "phrase": " to go out there"}, {"speaker": "KIRS", "phrase": " for six months out at sea"}, {"speaker": "KIRS", "phrase": " really need to be very well suited for that."}, {"speaker": "DON", "phrase": "PAUSE"}, {"speaker": "KIRS", "phrase": " So they need to be big"}, {"speaker": "KIRS", "phrase": " they need to be hefty"}, {"speaker": "KIRS", "phrase": " they need to have their adult feathers"}, {"speaker": "KIRS", "phrase": " so."}, {"speaker": "AMY", "phrase": " Mm."}, {"speaker": "KIRS", "phrase": " between the time that they actually hatch out"}, {"speaker": "KIRS", "phrase": " and the time that they're ready to go out to sea"}, {"speaker": "KIRS", "phrase": " is just couple of months."}, {"speaker": "NICO", "phrase": " How long does it take for them to hatch."}, {"speaker": "KIRS", "phrase": " Well the incubation period."}, {"speaker": "NICO", "phrase": " Or um"}, {"speaker": "NICO", "phrase": " to have experience."}, {"speaker": "KIRS", "phrase": " is anywhere"}, {"speaker": "KIRS", "phrase": " depends on the species"}, {"speaker": "KIRS", "phrase": " it's it's one month to two months."}, {"speaker": "NICO", "phrase": " Oh okay."}, {"speaker": "KIRS", "phrase": " Okay"}, {"speaker": "KIRS", "phrase": " so"}, {"speaker": "KIRS", "phrase": " therefore"}, {"speaker": "KIRS", "phrase": " you know basically"}, {"speaker": "KIRS", "phrase": " between building nest"}, {"speaker": "KIRS", "phrase": " and mating"}, {"speaker": "KIRS", "phrase": " and all of that other stuff"}, {"speaker": "KIRS", "phrase": " you know they"}, {"speaker": "KIRS", "phrase": " I would say that they have three months"}, {"speaker": "KIRS", "phrase": " to grow and get ready."}, {"speaker": "KIRS", "phrase": " Okay."}, {"speaker": "KIRS", "phrase": " So they're big."}, {"speaker": "KIRS", "phrase": " Now the funny thing is"}, {"speaker": "KIRS", "phrase": " is that"}, {"speaker": "KIRS", "phrase": " according to Mark Ryan"}, {"speaker": "KIRS", "phrase": " well"}, {"speaker": "KIRS", "phrase": " hmm."}, {"speaker": "NICO", "phrase": "PAUSE"}, {"speaker": "KIRS", "phrase": " Or just interesting."}, {"speaker": "KIRS", "phrase": " I laugh guess laugh"}, {"speaker": "KIRS", "phrase": " Go watch them"}, {"speaker": "KIRS", "phrase": " um."}, {"speaker": "LORI", "phrase": " Mhm."}, {"speaker": "KIRS", "phrase": " if you watch the trainers"}, {"speaker": "KIRS", "phrase": " they walk into the exhibit"}, {"speaker": "KIRS", "phrase": " and they start throwing penguins into the water ?"}, {"speaker": "KIRS", "phrase": " And pushing them in"}, {"speaker": "KIRS", "phrase": " and they're all over the place"}, {"speaker": "KIRS", "phrase": " um."}, {"speaker": "NICO", "phrase": "PAUSE"}, {"speaker": "KIRS", "phrase": " they try to get out"}, {"speaker": "KIRS", "phrase": " sometimes they make it"}, {"speaker": "KIRS", "phrase": " sometimes they fall back in"}, {"speaker": "KIRS", "phrase": " Gentus usually dive in head first"}, {"speaker": "KIRS", "phrase": " these guys are falling in."}, {"speaker": "AMY", "phrase": "PAUSE"}, {"speaker": "KIRS", "phrase": " jumping in"}, {"speaker": "KIRS", "phrase": " diving in"}, {"speaker": "KIRS", "phrase": " so their behaviors if you will are"}, {"speaker": "KIRS", "phrase": " are really interesting."}, {"speaker": "KIRS", "phrase": " Okay ?"}, {"speaker": "LORI", "phrase": " Mhm."}, {"speaker": "KIRS", "phrase": " It's just"}, {"speaker": "KIRS", "phrase": " it's just lot of fun to watch them."}, {"speaker": "KIRS", "phrase": " Um"}, {"speaker": "KIRS", "phrase": " they're doing something different with these chicks than we've done with the other penguins"}, {"speaker": "KIRS", "phrase": " is that they're trying to feed them crill."}, {"speaker": "KIRS", "phrase": " Um"}, {"speaker": "KIRS", "phrase": " yesterday I think is is is when they tried it for the first time"}, {"speaker": "KIRS", "phrase": " and that crill"}, {"speaker": "KIRS", "phrase": " is about as big as."}, {"speaker": "LORI", "phrase": " Mhm."}, {"speaker": "KIRS", "phrase": " you know from my joint"}, {"speaker": "KIRS", "phrase": " up to the top of my finger here"}, {"speaker": "KIRS", "phrase": "so it's very  haha difficult for person to hold crill."}, {"speaker": "NICO", "phrase": "PAUSE"}, {"speaker": "KIRS", "phrase": " and drop it into penguin's mouth."}, {"speaker": "KIRS", "phrase": " So"}, {"speaker": "KIRS", "phrase": " very good food source for them"}, {"speaker": "KIRS", "phrase": " that's what they would feed on in the wild"}, {"speaker": "KIRS", "phrase": " in addition to other things"}, {"speaker": "KIRS", "phrase": " so"}, {"speaker": "KIRS", "phrase": " what they're trying to do is"}, {"speaker": "KIRS", "phrase": " they're throwing the crill into the water"}, {"speaker": "KIRS", "phrase": " and seeing if the chicks'll go for it."}, {"speaker": "KIRS", "phrase": " So they tried it yesterday"}, {"speaker": "KIRS", "phrase": " and they had some mixed success"}, {"speaker": "KIRS", "phrase": " you know some animals were interested"}, {"speaker": "KIRS", "phrase": " others weren't."}, {"speaker": "KIRS", "phrase": " So"}, {"speaker": "KIRS", "phrase": " apparently they'll keep doing this."}, {"speaker": "KIRS", "phrase": " So."}, {"speaker": "KIRS", "phrase": " Did."}, {"speaker": "KIRS", "phrase": " Were they weren't doing that when you were in there."}, {"speaker": "AMY", "phrase": " No."}, {"speaker": "AMY", "phrase": " No no no."}, {"speaker": "KIRS", "phrase": " Okay."}, {"speaker": "KIRS", "phrase": " When they were chicks"}, {"speaker": "KIRS", "phrase": " cause what is it."}, {"speaker": "KIRS", "phrase": " How does mother feed penguin chick."}, {"speaker": "LORI", "phrase": " Doesn't she bring food to it ?"}, {"speaker": "AMY", "phrase": " She regurgitates it."}, {"speaker": "KIRS", "phrase": " She regurgitates it."}, {"speaker": "LORI", "phrase": " Oh."}, {"speaker": "KIRS", "phrase": " I shouldn't say she"}, {"speaker": "KIRS", "phrase": " cause mother and father share."}, {"speaker": "LORI", "phrase": " Both."}, {"speaker": "NICO", "phrase": " Oh."}, {"speaker": "KIRS", "phrase": " share the duties"}, {"speaker": "KIRS", "phrase": " okay ?"}, {"speaker": "KIRS", "phrase": " But yeah"}, {"speaker": "KIRS", "phrase": " they go out"}, {"speaker": "KIRS", "phrase": " they feed"}, {"speaker": "KIRS", "phrase": " and they regurgitate up the food"}, {"speaker": "KIRS", "phrase": " and that's how they feed the chicks."}, {"speaker": "NICO", "phrase": " Mm."}, {"speaker": "LORI", "phrase": " Actually other birds do that as well."}, {"speaker": "KIRS", "phrase": " A lot."}, {"speaker": "AMY", "phrase": " Mhm."}, {"speaker": "LORI", "phrase": " Don't they"}, {"speaker": "LORI", "phrase": " lot of bird do."}, {"speaker": "AMY", "phrase": " Yeah."}, {"speaker": "KIRS", "phrase": " Yeah."}, {"speaker": "KIRS", "phrase": " A lot of birds do."}, {"speaker": "LORI", "phrase": " That's right."}, {"speaker": "LORI", "phrase": "PAUSE"}, {"speaker": "KIRS", "phrase": " They never really did any"}, {"speaker": "KIRS", "phrase": " well"}, {"speaker": "KIRS", "phrase": " we didn't regurgitate for them"}, {"speaker": "KIRS", "phrase": " but laugh."}, {"speaker": "LORI", "phrase": "PAUSE"}, {"speaker": "KIRS", "phrase": " they started them off with um strips of fish"}, {"speaker": "KIRS", "phrase": " and they actually dipped it in vitamin and um pureed crill batter."}, {"speaker": "LORI", "phrase": " Mm."}, {"speaker": "NICO", "phrase": "PAUSE"}, {"speaker": "KIRS", "phrase": " Dipped it in"}, {"speaker": "KIRS", "phrase": " and then gave it to the penguin chicks."}, {"speaker": "KIRS", "phrase": " So they've been on solid food."}, {"speaker": "LORI", "phrase": " Hm."}, {"speaker": "KIRS", "phrase": " for quite some time"}, {"speaker": "KIRS", "phrase": " and now it's just interesting to see if they'll just go for the crill itself."}, {"speaker": "AMY", "phrase": " Are they"}, {"speaker": "AMY", "phrase": " I mean"}, {"speaker": "AMY", "phrase": " are they being hesitant about it ?"}, {"speaker": "KIRS", "phrase": " I didn't see it."}, {"speaker": "KIRS", "phrase": " Yesterday was the first time."}, {"speaker": "AMY", "phrase": " Because."}, {"speaker": "KIRS", "phrase": " they did it at eleven thirty and four o'clock."}, {"speaker": "KIRS", "phrase": " Where the..."}, {"speaker": "AMY", "phrase": " That's really interesting"}, {"speaker": "AMY", "phrase": " because"}, {"speaker": "AMY", "phrase": " I mean"}, {"speaker": "AMY", "phrase": " going from being handfed."}, {"speaker": "KIRS", "phrase": " Right."}, {"speaker": "KIRS", "phrase": " Right."}, {"speaker": "KIRS", "phrase": " So I don't know."}, {"speaker": "KIRS", "phrase": " So I would say"}, {"speaker": "KIRS", "phrase": " if you've got the time"}, {"speaker": "KIRS", "phrase": " or if you wanna make the time to be down there at four thirty"}, {"speaker": "KIRS", "phrase": " hopefully they'll do it again today"}, {"speaker": "KIRS", "phrase": " and it'll be interesting to see"}, {"speaker": "KIRS", "phrase": " so."}, {"speaker": "KIRS", "phrase": " I'll find out from Mark."}, {"speaker": "KIRS", "phrase": " Um"}, {"speaker": "KIRS", "phrase": " you know what the response with that is."}, {"speaker": "LORI", "phrase": " So four thirty's chick feeding ?"}, {"speaker": "KIRS", "phrase": " Yes."}, {"speaker": "DON", "phrase": " Are there any particular trainers working with the penguins"}, {"speaker": "DON", "phrase": " uh"}, {"speaker": "DON", "phrase": " hm."}, {"speaker": "DON", "phrase": " Are all the trainers allowed to work with the penguins ?"}, {"speaker": "KIRS", "phrase": " Yeah."}, {"speaker": "KIRS", "phrase": " Well basically here"}, {"speaker": "KIRS", "phrase": " um"}, {"speaker": "KIRS", "phrase": " all of the trainers work with all of the animals."}, {"speaker": "KIRS", "phrase": " So"}, {"speaker": "KIRS", "phrase": " they rotate them around"}, {"speaker": "KIRS", "phrase": " basically"}, {"speaker": "KIRS", "phrase": " Excuse me."}, {"speaker": "KIRS", "phrase": " So that the animals don't get attached to one person."}, {"speaker": "KIRS", "phrase": " Because if that person decides to leave"}, {"speaker": "KIRS", "phrase": " then"}, {"speaker": "KIRS", "phrase": " that could be detrimental to the animals."}, {"speaker": "KIRS", "phrase": " But"}, {"speaker": "KIRS", "phrase": " we do have lead"}, {"speaker": "KIRS", "phrase": " lead person for each animal."}, {"speaker": "LORI", "phrase": "PAUSE"}, {"speaker": "KIRS", "phrase": " Mark Ryan is lead penguins."}, {"speaker": "DON", "phrase": " Mhm."}, {"speaker": "KIRS", "phrase": " Meg is lead otter."}, {"speaker": "KIRS", "phrase": " Lisa Takaki was lead lag."}, {"speaker": "DON", "phrase": "PAUSE"}, {"speaker": "LORI", "phrase": " Mhm."}, {"speaker": "KIRS", "phrase": " Greg is lead seal."}, {"speaker": "KIRS", "phrase": " So"}, {"speaker": "KIRS", "phrase": " Mark is basically calling the shots"}, {"speaker": "KIRS", "phrase": " for how the program's gonna be structured."}, {"speaker": "KIRS", "phrase": " So he's"}, {"speaker": "KIRS", "phrase": " he's the penguin trivia guy."}, {"speaker": "KIRS", "phrase": " So"}, {"speaker": "KIRS", "phrase": " it's neat story."}, {"speaker": "LORI", "phrase": " Mhm ?"}, {"speaker": "KIRS", "phrase": " it's it's very neat background story"}, {"speaker": "KIRS", "phrase": " and"}, {"speaker": "KIRS", "phrase": " I think"}, {"speaker": "KIRS", "phrase": " you know"}, {"speaker": "KIRS", "phrase": " for for some of us"}, {"speaker": "KIRS", "phrase": " underwater viewing gallery has not been your favorite place"}, {"speaker": "KIRS", "phrase": " so"}, {"speaker": "KIRS", "phrase": " this could"}, {"speaker": "KIRS", "phrase": " \u0294uh \u0294uh this could bring new light to the underwater viewing gallery."}, {"speaker": "LORI", "phrase": " Could be gift."}, {"speaker": "KIRS", "phrase": " and actually"}, {"speaker": "KIRS", "phrase": " just give new focus on the penguins."}, {"speaker": "KIRS", "phrase": " We haven't done as much interpretation with the penguins"}, {"speaker": "KIRS", "phrase": " as we do with the other animals"}, {"speaker": "KIRS", "phrase": " so"}, {"speaker": "KIRS", "phrase": " you actually have some kinda neat things to interpret here."}, {"speaker": "KIRS", "phrase": " As far as what's going on."}, {"speaker": "KIRS", "phrase": " Some other things that you might see"}, {"speaker": "KIRS", "phrase": " the penguins segregate themselves."}, {"speaker": "KIRS", "phrase": " The species don't intermix."}, {"speaker": "KIRS", "phrase": " Okay"}, {"speaker": "KIRS", "phrase": " if you've noticed that before."}, {"speaker": "NICO", "phrase": " Mm."}, {"speaker": "KIRS", "phrase": " the Rockhoppers pretty much station themselves in the center"}, {"speaker": "KIRS", "phrase": " the Magellanics used to be off to the right."}, {"speaker": "DON", "phrase": "PAUSE"}, {"speaker": "KIRS", "phrase": " and then"}, {"speaker": "KIRS", "phrase": " well number ten"}, {"speaker": "KIRS", "phrase": " could do whatever she wanted laugh."}, {"speaker": "AMY", "phrase": "PAUSE"}, {"speaker": "DON", "phrase": " The Gentu."}, {"speaker": "KIRS", "phrase": " But."}, {"speaker": "NICO", "phrase": " What's number ten."}, {"speaker": "NICO", "phrase": " I..."}, {"speaker": "KIRS", "phrase": " I'm sorry."}, {"speaker": "NICO", "phrase": " I I..."}, {"speaker": "AMY", "phrase": "PAUSE"}, {"speaker": "NICO", "phrase": " I I keep going."}, {"speaker": "KIRS", "phrase": " Number ten."}, {"speaker": "NICO", "phrase": " what's number ten here."}, {"speaker": "AMY", "phrase": "PAUSE"}, {"speaker": "NICO", "phrase": "PAUSE"}, {"speaker": "KIRS", "phrase": " Kay"}, {"speaker": "KIRS", "phrase": " the the penguins are numbered."}, {"speaker": "NICO", "phrase": " Oh okay."}, {"speaker": "KIRS", "phrase": " Each penguin is numbered."}, {"speaker": "NICO", "phrase": "PAUSE"}, {"speaker": "KIRS", "phrase": " And on"}, {"speaker": "KIRS", "phrase": " on the arm."}, {"speaker": "LORI", "phrase": " Wing."}, {"speaker": "DON", "phrase": "PAUSE"}, {"speaker": "KIRS", "phrase": " okay"}, {"speaker": "KIRS", "phrase": " the the joint here"}, {"speaker": "KIRS", "phrase": " well"}, {"speaker": "KIRS", "phrase": " what do you call this."}, {"speaker": "DON", "phrase": " The wing."}, {"speaker": "DON", "phrase": " Humerus."}, {"speaker": "DON", "phrase": " Hm."}, {"speaker": "KIRS", "phrase": " At the humerus ?"}, {"speaker": "DON", "phrase": "..."}, {"speaker": "KIRS", "phrase": " We would have tag."}, {"speaker": "LORI", "phrase": " Mhm."}, {"speaker": "KIRS", "phrase": " and they're colorcoded"}, {"speaker": "KIRS", "phrase": " so"}, {"speaker": "KIRS", "phrase": " if you were like to see"}, {"speaker": "KIRS", "phrase": " well how does it work."}, {"speaker": "KIRS", "phrase": " Give me number."}, {"speaker": "AMY", "phrase": " Well they wear colors."}, {"speaker": "AMY", "phrase": " When I was there."}, {"speaker": "KIRS", "phrase": " Okay."}, {"speaker": "KIRS", "phrase": " They're colors but."}, {"speaker": "AMY", "phrase": " Just seven."}, {"speaker": "AMY", "phrase": " Did they movethemto numbers ?"}, {"speaker": "KIRS", "phrase": "PAUSE"}, {"speaker": "AMY", "phrase": " They were going to."}, {"speaker": "KIRS", "phrase": " What it is is that"}, {"speaker": "KIRS", "phrase": " green"}, {"speaker": "KIRS", "phrase": " let's say for example"}, {"speaker": "KIRS", "phrase": " green stands for one"}, {"speaker": "KIRS", "phrase": " black stands for two."}, {"speaker": "KIRS", "phrase": " That's number twelve."}, {"speaker": "AMY", "phrase": " Is that how it works ?"}, {"speaker": "KIRS", "phrase": " Yeah."}, {"speaker": "AMY", "phrase": " Okay."}, {"speaker": "KIRS", "phrase": " So"}, {"speaker": "KIRS", "phrase": " they number them"}, {"speaker": "KIRS", "phrase": " so that"}, {"speaker": "KIRS", "phrase": " when they're feeding them"}, {"speaker": "KIRS", "phrase": " and they're taking down the records of"}, {"speaker": "KIRS", "phrase": " okay number twelve ate five Columbia River smelts"}, {"speaker": "KIRS", "phrase": " and two."}, {"speaker": "NICO", "phrase": "PAUSE"}, {"speaker": "KIRS", "phrase": " Capelands."}, {"speaker": "LORI", "phrase": " Mhm."}, {"speaker": "KIRS", "phrase": " They can keep record of what the animal eats."}, {"speaker": "KIRS", "phrase": " Okay"}, {"speaker": "KIRS", "phrase": " so they don't have names"}, {"speaker": "KIRS", "phrase": " but"}, {"speaker": "KIRS", "phrase": " she"}, {"speaker": "KIRS", "phrase": " because."}, {"speaker": "KIRS", "phrase": " Because she's the lone feisty penguin"}, {"speaker": "KIRS", "phrase": " number ten has become kind of famous"}, {"speaker": "KIRS", "phrase": " in the penguin world downstairs."}, {"speaker": "KIRS", "phrase": " So"}, {"speaker": "KIRS", "phrase": " it it it's female."}, {"speaker": "NICO", "phrase": "PAUSE"}, {"speaker": "KIRS", "phrase": " the only female Gentu penguin"}, {"speaker": "KIRS", "phrase": " that we had prior to the chicks coming in."}, {"speaker": "NICO", "phrase": " \u0294Okay."}, {"speaker": "KIRS", "phrase": " Okay"}, {"speaker": "KIRS", "phrase": " so"}, {"speaker": "KIRS", "phrase": " um"}, {"speaker": "KIRS", "phrase": " now you'll see that they're segregated"}, {"speaker": "KIRS", "phrase": " actually the Gentus have kind of broken up into clumps"}, {"speaker": "KIRS", "phrase": " and there's."}, {"speaker": "KIRS", "phrase": " From what I saw yesterday"}, {"speaker": "KIRS", "phrase": " three different clumps"}, {"speaker": "KIRS", "phrase": " um"}, {"speaker": "KIRS", "phrase": " let's see."}, {"speaker": "KIRS", "phrase": " Let's."}, {"speaker": "KIRS", "phrase": "PAUSE"}, {"speaker": "KIRS", "phrase": " Let's interpret some of the behaviors we might see."}, {"speaker": "KIRS", "phrase": " Okay"}, {"speaker": "KIRS", "phrase": " what is"}, {"speaker": "KIRS", "phrase": " what is penguin standing out with its arms like this."}, {"speaker": "KIRS", "phrase": " I shouldn't say arms."}, {"speaker": "KIRS", "phrase": " Its..."}, {"speaker": "NICO", "phrase": "PAUSE"}, {"speaker": "LORI", "phrase": " Wings."}, {"speaker": "AMY", "phrase": "PAUSE"}, {"speaker": "DON", "phrase": " Wings."}, {"speaker": "KIRS", "phrase": " Its wings."}, {"speaker": "NICO", "phrase": " Wings."}, {"speaker": "AMY", "phrase": "PAUSE"}, {"speaker": "KIRS", "phrase": "PAUSE"}, {"speaker": "LORI", "phrase": "PAUSE"}, {"speaker": "KIRS", "phrase": " Right."}, {"speaker": "LORI", "phrase": " Um."}, {"speaker": "DON", "phrase": " Perspiring ?"}, {"speaker": "LORI", "phrase": " actually cooling off."}, {"speaker": "DON", "phrase": " Cooling off."}, {"speaker": "LORI", "phrase": " isn't it ?"}, {"speaker": "KIRS", "phrase": " Yeah."}, {"speaker": "KIRS", "phrase": " Yeah."}, {"speaker": "LORI", "phrase": " Mhm."}, {"speaker": "KIRS", "phrase": " So right here"}, {"speaker": "KIRS", "phrase": " is where you don't"}, {"speaker": "KIRS", "phrase": " where the penguins don't have a dense covering of feathers."}, {"speaker": "KIRS", "phrase": " So if they wanna cool off"}, {"speaker": "KIRS", "phrase": " they tend to do this."}, {"speaker": "KIRS", "phrase": " Okay if I was to see penguin doing this"}, {"speaker": "KIRS", "phrase": " lifting one leg up."}, {"speaker": "LORI", "phrase": " It's resting."}, {"speaker": "LORI", "phrase": " Isn't it ?"}, {"speaker": "KIRS", "phrase": " What else could it be."}, {"speaker": "AMY", "phrase": " Sleeping ?"}, {"speaker": "AMY", "phrase": " No ?"}, {"speaker": "NICO", "phrase": " Balance ?"}, {"speaker": "NICO", "phrase": " I laugh guess laugh."}, {"speaker": "KIRS", "phrase": " It's balancing."}, {"speaker": "AMY", "phrase": "PAUSE"}, {"speaker": "KIRS", "phrase": " it's doing thinking tricks."}, {"speaker": "NICO", "phrase": "PAUSE"}, {"speaker": "DON", "phrase": "PAUSE"}, {"speaker": "AMY", "phrase": "PAUSE"}, {"speaker": "KIRS", "phrase": " Um."}, {"speaker": "NICO", "phrase": "PAUSE"}, {"speaker": "KIRS", "phrase": " actually"}, {"speaker": "KIRS", "phrase": " it would be conserving heat."}, {"speaker": "KIRS", "phrase": " Okay ?"}, {"speaker": "NICO", "phrase": " Oh."}, {"speaker": "DON", "phrase": " Hm."}, {"speaker": "KIRS", "phrase": " So"}, {"speaker": "KIRS", "phrase": " the wings"}, {"speaker": "KIRS", "phrase": " and the f legs"}, {"speaker": "KIRS", "phrase": " feet."}, {"speaker": "LORI", "phrase": " Mhm."}, {"speaker": "KIRS", "phrase": " there's no dense feather coverage on the"}, {"speaker": "KIRS", "phrase": " on the legs"}, {"speaker": "KIRS", "phrase": " so they might be conserving heat."}, {"speaker": "KIRS", "phrase": " Okay"}, {"speaker": "KIRS", "phrase": " um"}, {"speaker": "KIRS", "phrase": " if"}, {"speaker": "KIRS", "phrase": " I saw penguin"}, {"speaker": "KIRS", "phrase": "PAUSE"}, {"speaker": "KIRS", "phrase": " sneezing."}, {"speaker": "NICO", "phrase": "PAUSE"}, {"speaker": "KIRS", "phrase": " What might be happening there."}, {"speaker": "NICO", "phrase": " Allergic ?"}, {"speaker": "NICO", "phrase": " To laugh food laugh ?"}, {"speaker": "KIRS", "phrase": "PAUSE"}, {"speaker": "AMY", "phrase": " Sick laugh."}, {"speaker": "DON", "phrase": " I've never heard penguin sneezing but."}, {"speaker": "AMY", "phrase": "PAUSE"}, {"speaker": "NICO", "phrase": "PAUSE"}, {"speaker": "AMY", "phrase": "PAUSE"}, {"speaker": "NICO", "phrase": " Cold."}, {"speaker": "DON", "phrase": "PAUSE"}, {"speaker": "KIRS", "phrase": " Okay."}, {"speaker": "DON", "phrase": "PAUSE"}, {"speaker": "LORI", "phrase": " It actually kind of sneezes."}, {"speaker": "NICO", "phrase": " I know"}, {"speaker": "NICO", "phrase": " could you hear it ?"}, {"speaker": "NICO", "phrase": "PAUSE"}, {"speaker": "AMY", "phrase": "PAUSE"}, {"speaker": "NICO", "phrase": " How can you tell from it"}, {"speaker": "NICO", "phrase": " like shaking his head."}, {"speaker": "KIRS", "phrase": " You'll."}, {"speaker": "NICO", "phrase": " or sneezing."}, {"speaker": "KIRS", "phrase": " you'll see him."}, {"speaker": "KIRS", "phrase": " You'll see him"}, {"speaker": "KIRS", "phrase": " just like what person sneezing."}, {"speaker": "NICO", "phrase": " Oh"}, {"speaker": "NICO", "phrase": " okay."}, {"speaker": "KIRS", "phrase": " you can tell."}, {"speaker": "DON", "phrase": " Mhm."}, {"speaker": "KIRS", "phrase": " When they jerk their head like that."}, {"speaker": "KIRS", "phrase": " How was"}, {"speaker": "KIRS", "phrase": " how does penguin get its fresh water."}, {"speaker": "KIRS", "phrase": " How does penguin drink."}, {"speaker": "NICO", "phrase": " Oh."}, {"speaker": "LORI", "phrase": " I haven't studied penguins in while ?"}, {"speaker": "LORI", "phrase": " Don"}, {"speaker": "LORI", "phrase": " do you know ?"}, {"speaker": "DON", "phrase": " No."}, {"speaker": "LORI", "phrase": " Hmmm."}, {"speaker": "DON", "phrase": " From."}, {"speaker": "DON", "phrase": " I thought way."}, {"speaker": "DON", "phrase": " Drank from pools."}, {"speaker": "DON", "phrase": " Just..."}, {"speaker": "KIRS", "phrase": " They'll drink salt water."}, {"speaker": "DON", "phrase": " Salt water."}, {"speaker": "KIRS", "phrase": " \u0294uh also"}, {"speaker": "KIRS", "phrase": " you know"}, {"speaker": "KIRS", "phrase": " like the dolphins"}, {"speaker": "KIRS", "phrase": " they actually metabolize the water"}, {"speaker": "KIRS", "phrase": " that's stored in in the fat of the fish that they eat."}, {"speaker": "KIRS", "phrase": " And that's how they get their water source."}, {"speaker": "LORI", "phrase": " Mhm."}, {"speaker": "KIRS", "phrase": " But basically"}, {"speaker": "KIRS", "phrase": " you've gotta separate"}, {"speaker": "KIRS", "phrase": " the fresh water from the salt water"}, {"speaker": "KIRS", "phrase": " actually just have to separate out that salt."}, {"speaker": "KIRS", "phrase": " So they have special s..."}, {"speaker": "NICO", "phrase": " They have to do that ?"}, {"speaker": "LORI", "phrase": " So that's how they're..."}, {"speaker": "NICO", "phrase": " Oh."}, {"speaker": "LORI", "phrase": " That's what they're doing when they sneeze"}, {"speaker": "LORI", "phrase": " is they're getting rid of the sa lt."}, {"speaker": "KIRS", "phrase": " Salt."}, {"speaker": "NICO", "phrase": " Oh."}, {"speaker": "KIRS", "phrase": " That they have accumulated."}, {"speaker": "KIRS", "phrase": " They have salt gland."}, {"speaker": "KIRS", "phrase": " In the beak."}, {"speaker": "KIRS", "phrase": " And that is what separates the salt out."}, {"speaker": "DON", "phrase": " Did you know that before."}, {"speaker": "KIRS", "phrase": " And to get rid of that salt they."}, {"speaker": "LORI", "phrase": " Hmmm."}, {"speaker": "DON", "phrase": " Me neither."}, {"speaker": "KIRS", "phrase": "PAUSE"}, {"speaker": "KIRS", "phrase": " they sneeze."}, {"speaker": "LORI", "phrase": " Yeah actually."}, {"speaker": "NICO", "phrase": " Oh"}, {"speaker": "NICO", "phrase": " I never even thought of that."}, {"speaker": "LORI", "phrase": " I remember doing the penguin thing year ago"}, {"speaker": "LORI", "phrase": "but I don't remember that adaptation."}, {"speaker": "DON", "phrase": " No."}, {"speaker": "LORI", "phrase": " Oh well."}, {"speaker": "KIRS", "phrase": " Um"}, {"speaker": "KIRS", "phrase": " we're gonna have to go up and do Q and A"}, {"speaker": "KIRS", "phrase": " in three minutes."}, {"speaker": "KIRS", "phrase": "PAUSE"}, {"speaker": "KIRS", "phrase": " Just looking at the clock."}, {"speaker": "LORI", "phrase": " Who's..."}, {"speaker": "KIRS", "phrase": " I'm facing the clock."}, {"speaker": "LORI", "phrase": " Who's the diver."}, {"speaker": "KIRS", "phrase": " I don't."}, {"speaker": "KIRS", "phrase": " Oh"}, {"speaker": "KIRS", "phrase": " probably Bernie."}, {"speaker": "KIRS", "phrase": " Um."}, {"speaker": "NICO", "phrase": " Do they have different divers"}, {"speaker": "NICO", "phrase": " every."}, {"speaker": "LORI", "phrase": " Mhm."}, {"speaker": "NICO", "phrase": " time."}, {"speaker": "KIRS", "phrase": " Yeah"}, {"speaker": "KIRS", "phrase": " every day."}, {"speaker": "KIRS", "phrase": " Every day."}, {"speaker": "NICO", "phrase": " Oh."}, {"speaker": "KIRS", "phrase": " So that would be excreting salt."}, {"speaker": "KIRS", "phrase": " Um"}, {"speaker": "KIRS", "phrase": " when I see penguin picking its butt."}, {"speaker": "KIRS", "phrase": " What is it doing."}, {"speaker": "NICO", "phrase": "PAUSE"}, {"speaker": "AMY", "phrase": "PAUSE"}, {"speaker": "LORI", "phrase": " Preening ?"}, {"speaker": "LORI", "phrase": " Kinda like"}, {"speaker": "LORI", "phrase": " picking at its feathers ?"}, {"speaker": "DON", "phrase": " Preening."}, {"speaker": "DON", "phrase": " Preening."}, {"speaker": "KIRS", "phrase": " Okay."}, {"speaker": "LORI", "phrase": " Preening."}, {"speaker": "KIRS", "phrase": " It's preening"}, {"speaker": "KIRS", "phrase": " what is it doing."}, {"speaker": "KIRS", "phrase": " What's at the base of the tail."}, {"speaker": "DON", "phrase": " \u0294uh."}, {"speaker": "KIRS", "phrase": " This is fun you guys."}, {"speaker": "DON", "phrase": " Yeah"}, {"speaker": "DON", "phrase": " right."}, {"speaker": "AMY", "phrase": "PAUSE"}, {"speaker": "LORI", "phrase": " It's at the..."}, {"speaker": "NICO", "phrase": " It is fun."}, {"speaker": "KIRS", "phrase": "PAUSE"}, {"speaker": "DON", "phrase": "PAUSE"}, {"speaker": "LORI", "phrase": "PAUSE"}, {"speaker": "KIRS", "phrase": " What's at the base of the tail."}, {"speaker": "NICO", "phrase": " I wouldn't've even thought of these things."}, {"speaker": "DON", "phrase": " Well the anus is at the end of the tail."}, {"speaker": "NICO", "phrase": " it's like"}, {"speaker": "NICO", "phrase": " oh"}, {"speaker": "NICO", "phrase": " didn't know they had meaning."}, {"speaker": "KIRS", "phrase": " Pardon me ?"}, {"speaker": "DON", "phrase": " Right ?"}, {"speaker": "DON", "phrase": " The anus is at the end of the tail."}, {"speaker": "KIRS", "phrase": " That is"}, {"speaker": "KIRS", "phrase": " that is very true."}, {"speaker": "DON", "phrase": " Right."}, {"speaker": "KIRS", "phrase": " but."}, {"speaker": "DON", "phrase": " But."}, {"speaker": "KIRS", "phrase": " let's say near the anus."}, {"speaker": "KIRS", "phrase": " What might be there."}, {"speaker": "DON", "phrase": " Why don't you answer this question."}, {"speaker": "LORI", "phrase": " I got preening."}, {"speaker": "DON", "phrase": "PAUSE"}, {"speaker": "LORI", "phrase": "PAUSE"}, {"speaker": "NICO", "phrase": " Ah laugh."}, {"speaker": "KIRS", "phrase": " It's okay."}, {"speaker": "LORI", "phrase": " It's..."}, {"speaker": "KIRS", "phrase": " It's the preening gland."}, {"speaker": "DON", "phrase": " Yeah."}, {"speaker": "LORI", "phrase": " Oh"}, {"speaker": "LORI", "phrase": " okay."}, {"speaker": "KIRS", "phrase": " Okay"}, {"speaker": "KIRS", "phrase": " so it's gland"}, {"speaker": "KIRS", "phrase": " that stores oil"}, {"speaker": "KIRS", "phrase": " so what penguin will do"}, {"speaker": "KIRS", "phrase": " is it'll go back"}, {"speaker": "KIRS", "phrase": " it'll squeeze the gland."}, {"speaker": "DON", "phrase": "PAUSE"}, {"speaker": "KIRS", "phrase": " it'll get some oil on its beak"}, {"speaker": "KIRS", "phrase": " and then"}, {"speaker": "KIRS", "phrase": " it's rubbing that waterproofing."}, {"speaker": "LORI", "phrase": " So it can keep itself waterproof"}, {"speaker": "LORI", "phrase": " righ t."}, {"speaker": "DON", "phrase": " Mm."}, {"speaker": "KIRS", "phrase": " waterproofing."}, {"speaker": "LORI", "phrase": " Mhm."}, {"speaker": "NICO", "phrase": " Oh."}, {"speaker": "KIRS", "phrase": " all over its feathers."}, {"speaker": "AMY", "phrase": " Hm."}, {"speaker": "LORI", "phrase": " Mhm."}, {"speaker": "KIRS", "phrase": " Preening"}, {"speaker": "KIRS", "phrase": " also consists of"}, {"speaker": "KIRS", "phrase": " working an air layer"}, {"speaker": "KIRS", "phrase": " at the base of the feathers"}, {"speaker": "KIRS", "phrase": " because air is better insulator than water."}, {"speaker": "KIRS", "phrase": " If there was water touching the skin."}, {"speaker": "LORI", "phrase": " Hm."}, {"speaker": "KIRS", "phrase": " water is like vacuum cleaner."}, {"speaker": "KIRS", "phrase": " It is just gonna suck the heat away."}, {"speaker": "LORI", "phrase": " Mhm."}, {"speaker": "KIRS", "phrase": " so by having the air there"}, {"speaker": "KIRS", "phrase": " it's better insulator."}, {"speaker": "KIRS", "phrase": " So when I see penguin dive into the water"}, {"speaker": "KIRS", "phrase": " and I see all of these little air bubbles coming out"}, {"speaker": "KIRS", "phrase": " what am I seeing."}, {"speaker": "LORI", "phrase": " The air is."}, {"speaker": "LORI", "phrase": " Is."}, {"speaker": "DON", "phrase": " Escaping from the feathers."}, {"speaker": "LORI", "phrase": " escaping."}, {"speaker": "LORI", "phrase": " Right."}, {"speaker": "KIRS", "phrase": " Is compressed out."}, {"speaker": "LORI", "phrase": " From the..."}, {"speaker": "KIRS", "phrase": "PAUSE"}, {"speaker": "KIRS", "phrase": " so the penguin comes up on land"}, {"speaker": "KIRS", "phrase": " and let's start again."}, {"speaker": "LORI", "phrase": " Mhm."}, {"speaker": "KIRS", "phrase": " And will start preening"}, {"speaker": "KIRS", "phrase": " working that air layer in"}, {"speaker": "KIRS", "phrase": " getting some oil."}, {"speaker": "LORI", "phrase": "PAUSE"}, {"speaker": "KIRS", "phrase": " spreading it out."}, {"speaker": "LORI", "phrase": " How often do the..."}, {"speaker": "DON", "phrase": " Mm."}, {"speaker": "LORI", "phrase": " How often does the bird molt."}, {"speaker": "KIRS", "phrase": "PAUSE"}, {"speaker": "LORI", "phrase": " Once year ?"}, {"speaker": "KIRS", "phrase": " Once year."}, {"speaker": "LORI", "phrase": " Okay."}, {"speaker": "KIRS", "phrase": " Some species'll molt twice."}, {"speaker": "LORI", "phrase": " \u0294uh\u0294uh Twice."}, {"speaker": "KIRS", "phrase": " But basically"}, {"speaker": "KIRS", "phrase": " if you think about it"}, {"speaker": "KIRS", "phrase": " you know"}, {"speaker": "KIRS", "phrase": " year"}, {"speaker": "KIRS", "phrase": " of picking at the feathers"}, {"speaker": "KIRS", "phrase": " the feathers are gonna wear out."}, {"speaker": "LORI", "phrase": " Mhm."}, {"speaker": "KIRS", "phrase": " So the last thing that penguin does"}, {"speaker": "KIRS", "phrase": " before it goes out to sea"}, {"speaker": "KIRS", "phrase": " is."}, {"speaker": "LORI", "phrase": " Shed its"}, {"speaker": "LORI", "phrase": " yeah."}, {"speaker": "NICO", "phrase": " Okay."}, {"speaker": "KIRS", "phrase": " It does clean sweep."}, {"speaker": "LORI", "phrase": " Mhm."}, {"speaker": "KIRS", "phrase": " And"}, {"speaker": "KIRS", "phrase": " molts all of its feathers off."}, {"speaker": "KIRS", "phrase": " And then gets the new feathers on."}, {"speaker": "KIRS", "phrase": " Okay."}, {"speaker": "KIRS", "phrase": " So"}, {"speaker": "KIRS", "phrase": " other than that"}, {"speaker": "KIRS", "phrase": " um"}, {"speaker": "KIRS", "phrase": " really the only training ?"}, {"speaker": "KIRS", "phrase": " That they do with the penguins ?"}, {"speaker": "KIRS", "phrase": " You know"}, {"speaker": "KIRS", "phrase": " we train all kinds of behaviors"}, {"speaker": "KIRS", "phrase": " with the other animals."}, {"speaker": "KIRS", "phrase": " the training that they do with the penguins"}, {"speaker": "KIRS", "phrase": " is basically"}, {"speaker": "KIRS", "phrase": " that they have feeding stations for them."}, {"speaker": "DON", "phrase": " Hm."}, {"speaker": "KIRS", "phrase": " Uh Rockhoppers' is here"}, {"speaker": "KIRS", "phrase": " uh Gentus' is here"}, {"speaker": "KIRS", "phrase": " Magellanics' is here"}, {"speaker": "KIRS", "phrase": " and you are not gonna get fish"}, {"speaker": "KIRS", "phrase": " unless you come to your feeding station."}, {"speaker": "LORI", "phrase": " Do they pretty much know that by now ?"}, {"speaker": "LORI", "phrase": " Have they pretty much adapted to that ?"}, {"speaker": "AMY", "phrase": " They were still in the room."}, {"speaker": "KIRS", "phrase": " Okay."}, {"speaker": "AMY", "phrase": " When"}, {"speaker": "AMY", "phrase": " when I was here."}, {"speaker": "AMY", "phrase": " And"}, {"speaker": "AMY", "phrase": " they were"}, {"speaker": "AMY", "phrase": " they were pretty random about it"}, {"speaker": "AMY", "phrase": " because Mark would take"}, {"speaker": "AMY", "phrase": " you know bucket over here."}, {"speaker": "KIRS", "phrase": " Right."}, {"speaker": "KIRS", "phrase": " And that was with the chicks."}, {"speaker": "AMY", "phrase": " and then"}, {"speaker": "AMY", "phrase": "whoever"}, {"speaker": "AMY", "phrase": " yeah."}, {"speaker": "KIRS", "phrase": " Okay."}, {"speaker": "AMY", "phrase": " With the"}, {"speaker": "AMY", "phrase": " yeah"}, {"speaker": "AMY", "phrase": " I mean"}, {"speaker": "AMY", "phrase": " the ones that were in there."}, {"speaker": "LORI", "phrase": " The adult penguins."}, {"speaker": "AMY", "phrase": " they"}, {"speaker": "AMY", "phrase": " yeah"}, {"speaker": "AMY", "phrase": " the adult ones were fine about it."}, {"speaker": "LORI", "phrase": " Mhm."}, {"speaker": "AMY", "phrase": " you know"}, {"speaker": "AMY", "phrase": " someone set up over here"}, {"speaker": "AMY", "phrase": " and someone over here"}, {"speaker": "AMY", "phrase": " and they pretty much went"}, {"speaker": "AMY", "phrase": " where they were supposed to."}, {"speaker": "LORI", "phrase": " So they knew"}, {"speaker": "LORI", "phrase": " to go to station one."}, {"speaker": "AMY", "phrase": " Yeah."}, {"speaker": "LORI", "phrase": " Versus station two."}, {"speaker": "KIRS", "phrase": " Right."}, {"speaker": "AMY", "phrase": " Yeah."}, {"speaker": "LORI", "phrase": " Okay."}, {"speaker": "KIRS", "phrase": " So"}, {"speaker": "KIRS", "phrase": " I guess."}, {"speaker": "KIRS", "phrase": "PAUSE"}, {"speaker": "KIRS", "phrase": " Not I'm not."}, {"speaker": "KIRS", "phrase": " I'm not sure"}, {"speaker": "KIRS", "phrase": " but"}, {"speaker": "KIRS", "phrase": " it's just kind of interesting"}, {"speaker": "KIRS", "phrase": " because"}, {"speaker": "KIRS", "phrase": " other facilities"}, {"speaker": "KIRS", "phrase": " as far as I'm aware"}, {"speaker": "KIRS", "phrase": " it's like with the sea otters as well"}, {"speaker": "KIRS", "phrase": " you know"}, {"speaker": "KIRS", "phrase": " \u0294uh the training that they do with these animals is pretty minimal."}, {"speaker": "KIRS", "phrase": " With the sea otters"}, {"speaker": "KIRS", "phrase": " they're pretty."}, {"speaker": "KIRS", "phrase": " They can be aggressive"}, {"speaker": "KIRS", "phrase": " they have big teeth."}, {"speaker": "KIRS", "phrase": " People have historically done more training"}, {"speaker": "KIRS", "phrase": " with cetaceans"}, {"speaker": "KIRS", "phrase": " than they have with other animals"}, {"speaker": "KIRS", "phrase": " and we"}, {"speaker": "KIRS", "phrase": " we really do some pretty unique training here"}, {"speaker": "KIRS", "phrase": " with our penguins"}, {"speaker": "KIRS", "phrase": " with our sea otters"}, {"speaker": "KIRS", "phrase": " and with our seals."}, {"speaker": "LORI", "phrase": " Mhm."}, {"speaker": "KIRS", "phrase": " So."}, {"speaker": "KIRS", "phrase": " It's kinda neat stuff."}, {"speaker": "LORI", "phrase": " Cool."}, {"speaker": "KIRS", "phrase": " Anything else ?"}, {"speaker": "KIRS", "phrase": " About penguins"}, {"speaker": "KIRS", "phrase": " that we should discuss ?"}, {"speaker": "KIRS", "phrase": " For you guys"}, {"speaker": "KIRS", "phrase": " the key to the penguin cart"}, {"speaker": "KIRS", "phrase": " if you."}, {"speaker": "KIRS", "phrase": " Well"}, {"speaker": "KIRS", "phrase": " I don't."}, {"speaker": "LORI", "phrase": " The puffin cart ?"}, {"speaker": "KIRS", "phrase": " \u0294uh"}, {"speaker": "KIRS", "phrase": " Are."}, {"speaker": "KIRS", "phrase": " Yeah the..."}, {"speaker": "DON", "phrase": " Puffin cart ?"}, {"speaker": "LORI", "phrase": " Mhm."}, {"speaker": "KIRS", "phrase": " Is on"}, {"speaker": "KIRS", "phrase": " is behind the tide pool."}, {"speaker": "KIRS", "phrase": " On one of the reserve tanks."}, {"speaker": "KIRS", "phrase": " So if you choose to pick specimen"}, {"speaker": "KIRS", "phrase": " you don't have to bring the whole cart out."}, {"speaker": "KIRS", "phrase": " If you wanna grab specimen."}, {"speaker": "DON", "phrase": " Hm."}, {"speaker": "KIRS", "phrase": " and bring it out to the exhibit"}, {"speaker": "KIRS", "phrase": " that's fine."}, {"speaker": "KIRS", "phrase": " But"}, {"speaker": "KIRS", "phrase": " I suggest that you check it out today"}, {"speaker": "KIRS", "phrase": " anyway"}, {"speaker": "KIRS", "phrase": " um"}, {"speaker": "KIRS", "phrase": " there's just."}, {"speaker": "KIRS", "phrase": " There's some neat things to interpret."}, {"speaker": "KIRS", "phrase": " So."}, {"speaker": "KIRS", "phrase": " Check it out."}, {"speaker": "LORI", "phrase": " You've got underwater viewing."}, {"speaker": "DON", "phrase": " Yeah."}, {"speaker": "DON", "phrase": " At three."}, {"speaker": "KIRS", "phrase": " Check it out."}, {"speaker": "KIRS", "phrase": " So if there's time"}, {"speaker": "KIRS", "phrase": " you know for Lori to go do it"}, {"speaker": "KIRS", "phrase": "PAUSE"}, {"speaker": "LORI", "phrase": " Well I'll probably go between coastal"}, {"speaker": "LORI", "phrase": " I'll probably meander coastal downstairs."}, {"speaker": "KIRS", "phrase": " Okay."}, {"speaker": "LORI", "phrase": " Cause there's presentation close to four thirty."}, {"speaker": "KIRS", "phrase": " Okay."}, {"speaker": "KIRS", "phrase": " Great."}, {"speaker": "LORI", "phrase": " Oh wait."}, {"speaker": "LORI", "phrase": " Never mind."}, {"speaker": "LORI", "phrase": " I'll do it then."}, {"speaker": "LORI", "phrase": " When there's presentation at three."}, {"speaker": "KIRS", "phrase": " Perfect."}, {"speaker": "LORI", "phrase": " Mhm."}, {"speaker": "KIRS", "phrase": " So that is penguin stuff."}, {"speaker": "KIRS", "phrase": " Um"}, {"speaker": "KIRS", "phrase": " I hate to say it"}, {"speaker": "KIRS", "phrase": " but"}, {"speaker": "KIRS", "phrase": " can you guys go do Q and A"}, {"speaker": "KIRS", "phrase": " or who."}, {"speaker": "KIRS", "phrase": " Or Lori are you doing Q and A ?"}, {"speaker": "LORI", "phrase": " No"}, {"speaker": "LORI", "phrase": " I don't think anyone signed up for Q and A."}, {"speaker": "DON", "phrase": " Nobody signed up for Q and A."}, {"speaker": "LORI", "phrase": "PAUSE"}, {"speaker": "KIRS", "phrase": " Nobody's gonna do Q and A ?"}, {"speaker": "LORI", "phrase": "PAUSE"}, {"speaker": "KIRS", "phrase": " I should've cancelled it then."}, {"speaker": "KIRS", "phrase": " Guys why won't somebody do Q and A."}, {"speaker": "LORI", "phrase": " Well"}, {"speaker": "LORI", "phrase": " both of us."}, {"speaker": "KIRS", "phrase": " Do it together."}, {"speaker": "DON", "phrase": " You wanna do it ?"}, {"speaker": "LORI", "phrase": " Yeah"}, {"speaker": "LORI", "phrase": " cause I can't remember the questions."}, {"speaker": "KIRS", "phrase": " Do it together."}, {"speaker": "LORI", "phrase": " You have to remind me the question."}, {"speaker": "DON", "phrase": " I gotta be down at the tide pool at two thirty."}, {"speaker": "LORI", "phrase": " Alright."}, {"speaker": "LORI", "phrase": " That's okay."}, {"speaker": "KIRS", "phrase": " Okay."}, {"speaker": "KIRS", "phrase": " Okay."}, {"speaker": "LORI", "phrase": " We'll do Q and A."}, {"speaker": "LORI", "phrase": " And if it's..."}, {"speaker": "KIRS", "phrase": " Thanks guys."}, {"speaker": "LORI", "phrase": " \u0294Uh what time is Q and A"}, {"speaker": "LORI", "phrase": " two twenty."}, {"speaker": "KIRS", "phrase": " Now."}, {"speaker": "LORI", "phrase": " And."}, {"speaker": "DON", "phrase": " Right now."}, {"speaker": "LORI", "phrase": " tell me when I can get checked out on seals."}, {"speaker": "DON", "phrase": " Two fifteen."}, {"speaker": "KIRS", "phrase": " Okay."}, {"speaker": "KIRS", "phrase": " I'll find you."}, {"speaker": "LORI", "phrase": " Today."}, {"speaker": "DON", "phrase": " Where's the um."}, {"speaker": "KIRS", "phrase": " I will find you."}, {"speaker": "LORI", "phrase": " I don't wanna do it in two weeks"}, {"speaker": "LORI", "phrase": " I'll forget."}, {"speaker": "DON", "phrase": " where's the..."}, {"speaker": "LORI", "phrase": "PAUSE"}, {"speaker": "KIRS", "phrase": " No I won't"}, {"speaker": "KIRS", "phrase": " \u0294I promise."}]}