{"text": [{"speaker": "LENO", "phrase": " Disgusting."}, {"speaker": "ALIN", "phrase": " Well you know."}, {"speaker": "LENO", "phrase": "PAUSE"}, {"speaker": "ALIN", "phrase": " remember Tyke ?"}, {"speaker": "ALIN", "phrase": " Lived next door to Mom ?"}, {"speaker": "LENO", "phrase": " \u0294uh Yeah."}, {"speaker": "ALIN", "phrase": " Okay."}, {"speaker": "ALIN", "phrase": " Two weeks ago I'm watching TV"}, {"speaker": "ALIN", "phrase": " and David Horowitz is going to have"}, {"speaker": "ALIN", "phrase": " this former car radio thief on ?"}, {"speaker": "LENO", "phrase": " It's her boyfriend ?"}, {"speaker": "ALIN", "phrase": " Yeah"}, {"speaker": "ALIN", "phrase": "her ex-boyfriend."}, {"speaker": "ALIN", "phrase": " Mike."}, {"speaker": "ALIN", "phrase": " He's the one that stole Hector's radio."}, {"speaker": "LENO", "phrase": " How do you know."}, {"speaker": "ALIN", "phrase": " Well"}, {"speaker": "ALIN", "phrase": " cause well"}, {"speaker": "ALIN", "phrase": " he."}, {"speaker": "ALIN", "phrase": " he was cocaine addict."}, {"speaker": "ALIN", "phrase": " So he's talking about"}, {"speaker": "ALIN", "phrase": " he."}, {"speaker": "ALIN", "phrase": " you know he's"}, {"speaker": "ALIN", "phrase": " yeah man"}, {"speaker": "ALIN", "phrase": " he's gonna show us"}, {"speaker": "ALIN", "phrase": " you know"}, {"speaker": "ALIN", "phrase": " how not."}, {"speaker": "LENO", "phrase": "PAUSE"}, {"speaker": "ALIN", "phrase": " to protect your car"}, {"speaker": "ALIN", "phrase": " not to get it"}, {"speaker": "ALIN", "phrase": " you know"}, {"speaker": "ALIN", "phrase": " ripped off man."}, {"speaker": "ALIN", "phrase": " Cause"}, {"speaker": "ALIN", "phrase": " you know"}, {"speaker": "ALIN", "phrase": " I."}, {"speaker": "ALIN", "phrase": " yeah"}, {"speaker": "ALIN", "phrase": " I was into it"}, {"speaker": "ALIN", "phrase": " uh let me show you how easy it was."}, {"speaker": "ALIN", "phrase": " He's actually pretty intelligent."}, {"speaker": "ALIN", "phrase": " You know he just."}, {"speaker": "ALIN", "phrase": " uneducated"}, {"speaker": "ALIN", "phrase": " so"}, {"speaker": "ALIN", "phrase": " um"}, {"speaker": "ALIN", "phrase": " yeah."}, {"speaker": "ALIN", "phrase": " Hector's radio"}, {"speaker": "ALIN", "phrase": " with."}, {"speaker": "ALIN", "phrase": " it was broken"}, {"speaker": "ALIN", "phrase": " we were gonna."}, {"speaker": "ALIN", "phrase": " take it out and send it back to the factory"}, {"speaker": "ALIN", "phrase": " to get new factory"}, {"speaker": "ALIN", "phrase": " radio"}, {"speaker": "ALIN", "phrase": " we never got chance"}, {"speaker": "ALIN", "phrase": " because"}, {"speaker": "ALIN", "phrase": " the back window was broken"}, {"speaker": "ALIN", "phrase": " and they stole it."}, {"speaker": "ALIN", "phrase": " The radio."}, {"speaker": "ALIN", "phrase": " And you can't send something back to the factory"}, {"speaker": "ALIN", "phrase": " that isn't there anymore."}, {"speaker": "LENO", "phrase": "PAUSE"}, {"speaker": "ALIN", "phrase": " right ?"}, {"speaker": "ALIN", "phrase": " So he never got his radio."}, {"speaker": "LENO", "phrase": " It's really hard."}, {"speaker": "ALIN", "phrase": "PAUSE"}, {"speaker": "LENO", "phrase": " Oh."}, {"speaker": "LENO", "phrase": " Shit."}, {"speaker": "ALIN", "phrase": " So he got another radio this summer."}, {"speaker": "LENO", "phrase": "PAUSE"}, {"speaker": "ALIN", "phrase": " but of course that got ripped off also."}, {"speaker": "ALIN", "phrase": " But never mind."}, {"speaker": "ALIN", "phrase": "PAUSE"}, {"speaker": "LENO", "phrase": " He's having bad luck with that car."}, {"speaker": "LENO", "phrase": " What what what is this."}, {"speaker": "ALIN", "phrase": " I don't know."}, {"speaker": "LENO", "phrase": " So."}, {"speaker": "LENO", "phrase": "PAUSE"}, {"speaker": "LENO", "phrase": " it's obvious now that this guy."}, {"speaker": "LENO", "phrase": " This was the one who stole Hector's"}, {"speaker": "LENO", "phrase": " I mean"}, {"speaker": "LENO", "phrase": " nobody came out and told you"}, {"speaker": "LENO", "phrase": " guess what."}, {"speaker": "ALIN", "phrase": "PAUSE"}, {"speaker": "LENO", "phrase": " I confess."}, {"speaker": "ALIN", "phrase": " Oh"}, {"speaker": "ALIN", "phrase": " we knew."}, {"speaker": "ALIN", "phrase": " We knew."}, {"speaker": "ALIN", "phrase": " We figured it had to be Michael."}, {"speaker": "ALIN", "phrase": "PAUSE"}, {"speaker": "LENO", "phrase": " Oh shit."}, {"speaker": "ALIN", "phrase": " Mhm."}, {"speaker": "ALIN", "phrase": "PAUSE"}, {"speaker": "ALIN", "phrase": " So Mom didn't want me to."}, {"speaker": "ALIN", "phrase": " We had to go see Jan last Sunday ?"}, {"speaker": "ALIN", "phrase": " at her house for dinner ?"}, {"speaker": "ALIN", "phrase": "PAUSE"}, {"speaker": "ALIN", "phrase": " or breakfast ?"}, {"speaker": "ALIN", "phrase": " And Mom said"}, {"speaker": "ALIN", "phrase": " you know"}, {"speaker": "ALIN", "phrase": " don't bring it up to Linda"}, {"speaker": "ALIN", "phrase": " don't tell her about Mike."}, {"speaker": "ALIN", "phrase": " So."}, {"speaker": "ALIN", "phrase": " That's like waving red flag."}, {"speaker": "ALIN", "phrase": " Yeah"}, {"speaker": "ALIN", "phrase": " hello Tyke"}, {"speaker": "ALIN", "phrase": " did you see Mike on TV ?"}, {"speaker": "ALIN", "phrase": "PAUSE"}, {"speaker": "LENO", "phrase": " Did she ?"}, {"speaker": "ALIN", "phrase": " Yeah."}, {"speaker": "ALIN", "phrase": " She said"}, {"speaker": "ALIN", "phrase": " they were sitting there watching TV"}, {"speaker": "ALIN", "phrase": " and the next thing she know"}, {"speaker": "ALIN", "phrase": " there's Mike."}, {"speaker": "ALIN", "phrase": " on the."}, {"speaker": "ALIN", "phrase": " on TV."}, {"speaker": "ALIN", "phrase": " And she goes"}, {"speaker": "ALIN", "phrase": "PAUSE"}, {"speaker": "ALIN", "phrase": " And of course John"}, {"speaker": "ALIN", "phrase": " who's just as bad"}, {"speaker": "ALIN", "phrase": " is sitting there going"}, {"speaker": "ALIN", "phrase": " oh"}, {"speaker": "ALIN", "phrase": " did you see Mike"}, {"speaker": "ALIN", "phrase": "your ex-boyfriend?"}, {"speaker": "ALIN", "phrase": " But he's no better."}, {"speaker": "ALIN", "phrase": " He does other goofy things."}, {"speaker": "LENO", "phrase": " Goofy."}, {"speaker": "ALIN", "phrase": " Yeah."}, {"speaker": "ALIN", "phrase": " A little goofy \u0294uh."}, {"speaker": "LENO", "phrase": " Graft."}, {"speaker": "LENO", "phrase": " Goofy."}, {"speaker": "ALIN", "phrase": " I know."}, {"speaker": "LENO", "phrase": " Hee."}, {"speaker": "LENO", "phrase": " Sleepy."}, {"speaker": "ALIN", "phrase": "PAUSE"}, {"speaker": "ALIN", "phrase": " Stealing cars"}, {"speaker": "ALIN", "phrase": " but"}, {"speaker": "ALIN", "phrase": " you know"}, {"speaker": "ALIN", "phrase": " it's okay."}, {"speaker": "ALIN", "phrase": " At least it's not car radios"}, {"speaker": "ALIN", "phrase": " it's the whole car."}, {"speaker": "LENO", "phrase": " It's the whole car."}, {"speaker": "ALIN", "phrase": "PAUSE"}, {"speaker": "LENO", "phrase": " Go big"}, {"speaker": "LENO", "phrase": " or don't go at all."}, {"speaker": "LENO", "phrase": " Shoot."}, {"speaker": "ALIN", "phrase": " I know it."}, {"speaker": "LENO", "phrase": "PAUSE"}, {"speaker": "ALIN", "phrase": " I know."}, {"speaker": "LENO", "phrase": "PAUSE"}, {"speaker": "LENO", "phrase": " It's amazing."}, {"speaker": "LENO", "phrase": " No"}, {"speaker": "LENO", "phrase": " Jan talked the whole time"}, {"speaker": "LENO", "phrase": " in voice like this."}, {"speaker": "LENO", "phrase": "PAUSE"}, {"speaker": "LENO", "phrase": "PAUSE"}, {"speaker": "ALIN", "phrase": " Hi Mar Alina"}, {"speaker": "ALIN", "phrase": " Alina I'm so happy to see you."}, {"speaker": "LENO", "phrase": "PAUSE"}, {"speaker": "ALIN", "phrase": " And we're going."}, {"speaker": "LENO", "phrase": "PAUSE"}, {"speaker": "ALIN", "phrase": " God"}, {"speaker": "ALIN", "phrase": " turn the volume down"}, {"speaker": "ALIN", "phrase": " let laugh me out of here."}, {"speaker": "LENO", "phrase": "PAUSE"}, {"speaker": "ALIN", "phrase": " And I kept"}, {"speaker": "ALIN", "phrase": " looking over at Mar."}, {"speaker": "LENO", "phrase": "PAUSE"}, {"speaker": "ALIN", "phrase": " and she's going."}, {"speaker": "LENO", "phrase": "PAUSE"}, {"speaker": "ALIN", "phrase": "PAUSE"}, {"speaker": "LENO", "phrase": "PAUSE"}, {"speaker": "ALIN", "phrase": "PAUSE"}, {"speaker": "ALIN", "phrase": " cause she didn't wanna go."}, {"speaker": "LENO", "phrase": "PAUSE"}, {"speaker": "ALIN", "phrase": " and I she."}, {"speaker": "ALIN", "phrase": " I said"}, {"speaker": "ALIN", "phrase": " Mom"}, {"speaker": "ALIN", "phrase": " we gotta go"}, {"speaker": "ALIN", "phrase": " so we never have to go again"}, {"speaker": "ALIN", "phrase": " right ?"}, {"speaker": "ALIN", "phrase": " So"}, {"speaker": "ALIN", "phrase": " \u0294uh well at least we had good time Saturday"}, {"speaker": "ALIN", "phrase": " we went to see Oba Oba."}, {"speaker": "LENO", "phrase": "PAUSE"}, {"speaker": "ALIN", "phrase": " You know"}, {"speaker": "ALIN", "phrase": " Ruben loved it."}, {"speaker": "ALIN", "phrase": " They kinda..."}, {"speaker": "LENO", "phrase": " Ola Ola"}, {"speaker": "LENO", "phrase": " what'd he call it ?"}, {"speaker": "ALIN", "phrase": " Oba Oba ?"}, {"speaker": "ALIN", "phrase": " That..."}, {"speaker": "LENO", "phrase": " What."}, {"speaker": "LENO", "phrase": " He..."}, {"speaker": "ALIN", "phrase": " Oh"}, {"speaker": "ALIN", "phrase": " he called it Oho Oho."}, {"speaker": "LENO", "phrase": "PAUSE"}, {"speaker": "ALIN", "phrase": " They."}, {"speaker": "ALIN", "phrase": " They came and grabbed everybody"}, {"speaker": "ALIN", "phrase": " and got you dancing in the aisles"}, {"speaker": "ALIN", "phrase": " and they were just nice people."}, {"speaker": "LENO", "phrase": "PAUSE"}, {"speaker": "ALIN", "phrase": " They were really happy to be doing it."}, {"speaker": "LENO", "phrase": "PAUSE"}, {"speaker": "ALIN", "phrase": " One of the."}, {"speaker": "ALIN", "phrase": " The male athletes were incredible"}, {"speaker": "ALIN", "phrase": " but one of the guys"}, {"speaker": "ALIN", "phrase": " his entrance"}, {"speaker": "ALIN", "phrase": "PAUSE"}, {"speaker": "ALIN", "phrase": " on to the stage is he"}, {"speaker": "ALIN", "phrase": " comes sliding across on his head."}, {"speaker": "ALIN", "phrase": " And Hector"}, {"speaker": "ALIN", "phrase": " of course"}, {"speaker": "ALIN", "phrase": " looks over at me and goes"}, {"speaker": "ALIN", "phrase": "PAUSE"}, {"speaker": "ALIN", "phrase": " I couldn't do that Lina"}, {"speaker": "ALIN", "phrase": " otherwise I'd have no hair left."}, {"speaker": "ALIN", "phrase": "PAUSE"}, {"speaker": "LENO", "phrase": "PAUSE"}, {"speaker": "ALIN", "phrase": "PAUSE"}, {"speaker": "ALIN", "phrase": " But there was hardly anybody there."}, {"speaker": "LENO", "phrase": "PAUSE"}, {"speaker": "ALIN", "phrase": " It was the matinee"}, {"speaker": "ALIN", "phrase": " the place was completely empty."}, {"speaker": "LENO", "phrase": " Really."}, {"speaker": "ALIN", "phrase": " That's why Marcia and Jim could get up and move."}, {"speaker": "LENO", "phrase": "PAUSE"}, {"speaker": "ALIN", "phrase": " They."}, {"speaker": "ALIN", "phrase": " They."}, {"speaker": "ALIN", "phrase": " They feed off of all these..."}, {"speaker": "LENO", "phrase": "PAUSE"}, {"speaker": "ALIN", "phrase": " the friend that was there with them"}, {"speaker": "ALIN", "phrase": " is this older guy with this young chick."}, {"speaker": "LENO", "phrase": "PAUSE"}, {"speaker": "ALIN", "phrase": " And she was like real pill"}, {"speaker": "ALIN", "phrase": " you know."}, {"speaker": "LENO", "phrase": "PAUSE"}, {"speaker": "ALIN", "phrase": " she's sitting there"}, {"speaker": "ALIN", "phrase": " with this hair pulled back"}, {"speaker": "ALIN", "phrase": " in little pony tail."}, {"speaker": "LENO", "phrase": "PAUSE"}, {"speaker": "ALIN", "phrase": " And she's like sitting there and"}, {"speaker": "ALIN", "phrase": " he said"}, {"speaker": "ALIN", "phrase": " I would have been here"}, {"speaker": "ALIN", "phrase": " but she was so late."}, {"speaker": "ALIN", "phrase": " And getting her any place on time"}, {"speaker": "ALIN", "phrase": " she's going"}, {"speaker": "ALIN", "phrase": " well"}, {"speaker": "ALIN", "phrase": " I had to get ready."}, {"speaker": "ALIN", "phrase": " I don't know why."}, {"speaker": "LENO", "phrase": "PAUSE"}, {"speaker": "ALIN", "phrase": "PAUSE"}, {"speaker": "ALIN", "phrase": " Nothing was gonna help her."}, {"speaker": "ALIN", "phrase": " No makeup"}, {"speaker": "ALIN", "phrase": " no nothing."}, {"speaker": "ALIN", "phrase": " Cause she's the little girl"}, {"speaker": "ALIN", "phrase": " and he's the older man"}, {"speaker": "ALIN", "phrase": " and he's taking care of me."}, {"speaker": "LENO", "phrase": "PAUSE"}, {"speaker": "ALIN", "phrase": "PAUSE"}, {"speaker": "LENO", "phrase": " God."}, {"speaker": "ALIN", "phrase": "PAUSE"}, {"speaker": "LENO", "phrase": " It sounds like the tape I made last night"}, {"speaker": "LENO", "phrase": " and these guys \u0294uh start talking about."}, {"speaker": "ALIN", "phrase": "PAUSE"}, {"speaker": "LENO", "phrase": " you know"}, {"speaker": "LENO", "phrase": " some"}, {"speaker": "LENO", "phrase": " you know"}, {"speaker": "LENO", "phrase": " she's so vulnerable."}, {"speaker": "ALIN", "phrase": "PAUSE"}, {"speaker": "LENO", "phrase": " She's probably like twentysix"}, {"speaker": "LENO", "phrase": " and she looks thirteen"}, {"speaker": "LENO", "phrase": " and it's just so."}, {"speaker": "ALIN", "phrase": "PAUSE"}, {"speaker": "LENO", "phrase": " it's like"}, {"speaker": "LENO", "phrase": " what did."}, {"speaker": "LENO", "phrase": " They said something like"}, {"speaker": "LENO", "phrase": " you know what."}, {"speaker": "ALIN", "phrase": "PAUSE"}, {"speaker": "LENO", "phrase": " it's the butterfly"}, {"speaker": "LENO", "phrase": " you can't catch..."}, {"speaker": "ALIN", "phrase": "PAUSE"}, {"speaker": "LENO", "phrase": " And I'm like"}, {"speaker": "LENO", "phrase": " I'm trying not to vomit"}, {"speaker": "LENO", "phrase": " listening to this."}, {"speaker": "ALIN", "phrase": " Give me break."}, {"speaker": "LENO", "phrase": "PAUSE"}, {"speaker": "ALIN", "phrase": " Give me break."}, {"speaker": "ALIN", "phrase": "PAUSE"}, {"speaker": "LENO", "phrase": "PAUSE"}, {"speaker": "ALIN", "phrase": " That stupid little bitch."}, {"speaker": "ALIN", "phrase": " She just married daddy to take care of her."}, {"speaker": "LENO", "phrase": "PAUSE"}, {"speaker": "ALIN", "phrase": " They all live down like in Del Mar ?"}, {"speaker": "ALIN", "phrase": " Super ritzy area."}, {"speaker": "LENO", "phrase": "PAUSE"}, {"speaker": "LENO", "phrase": " I know."}, {"speaker": "LENO", "phrase": " What about uh."}, {"speaker": "ALIN", "phrase": "PAUSE"}, {"speaker": "ALIN", "phrase": " What."}, {"speaker": "LENO", "phrase": " the other L Perrizo in this world."}, {"speaker": "LENO", "phrase": "PAUSE"}, {"speaker": "ALIN", "phrase": " Oh"}, {"speaker": "ALIN", "phrase": " Liza ?"}, {"speaker": "ALIN", "phrase": " Oh"}, {"speaker": "ALIN", "phrase": " God."}, {"speaker": "LENO", "phrase": "PAUSE"}, {"speaker": "ALIN", "phrase": "..."}, {"speaker": "LENO", "phrase": "PAUSE"}, {"speaker": "ALIN", "phrase": " like."}, {"speaker": "ALIN", "phrase": " Did I tell you"}, {"speaker": "ALIN", "phrase": " about when Mom was having Arnold and Lisabeth over for lunch"}, {"speaker": "ALIN", "phrase": " finally."}, {"speaker": "ALIN", "phrase": " Okay"}, {"speaker": "ALIN", "phrase": " well"}, {"speaker": "ALIN", "phrase": " Mom laugh."}, {"speaker": "ALIN", "phrase": " They call up in August"}, {"speaker": "ALIN", "phrase": " and go"}, {"speaker": "ALIN", "phrase": " I mean it's"}, {"speaker": "ALIN", "phrase": " Daddy's been dead what"}, {"speaker": "ALIN", "phrase": " seven years"}, {"speaker": "ALIN", "phrase": " and finally it dawns on Lisabeth"}, {"speaker": "ALIN", "phrase": " that she doesn't see Mom that much."}, {"speaker": "ALIN", "phrase": " Well"}, {"speaker": "ALIN", "phrase": " it's cause she."}, {"speaker": "ALIN", "phrase": " I know"}, {"speaker": "ALIN", "phrase": " she never calls her"}, {"speaker": "ALIN", "phrase": " right ?"}, {"speaker": "ALIN", "phrase": " So Mom..."}, {"speaker": "LENO", "phrase": "PAUSE"}, {"speaker": "ALIN", "phrase": " She just goes"}, {"speaker": "ALIN", "phrase": " I feel like you've got whole other world outside of us"}, {"speaker": "ALIN", "phrase": " like you don't even need us Mar"}, {"speaker": "ALIN", "phrase": " and that you have whole other life."}, {"speaker": "LENO", "phrase": "PAUSE"}, {"speaker": "ALIN", "phrase": " Mom said I do."}, {"speaker": "ALIN", "phrase": "PAUSE"}, {"speaker": "ALIN", "phrase": " Well."}, {"speaker": "LENO", "phrase": " Poor Lisabeth."}, {"speaker": "ALIN", "phrase": " you've hurt my feelings"}, {"speaker": "ALIN", "phrase": " and bu h."}, {"speaker": "LENO", "phrase": "PAUSE"}, {"speaker": "ALIN", "phrase": " Mom's..."}, {"speaker": "LENO", "phrase": " Maybe she's just kind of dense."}, {"speaker": "LENO", "phrase": " Hunh."}, {"speaker": "ALIN", "phrase": " Well"}, {"speaker": "ALIN", "phrase": " she wants everything on her terms."}, {"speaker": "LENO", "phrase": "PAUSE"}, {"speaker": "ALIN", "phrase": " You know."}, {"speaker": "LENO", "phrase": " Is she vicious or dense."}, {"speaker": "ALIN", "phrase": " She's dope."}, {"speaker": "ALIN", "phrase": "PAUSE"}, {"speaker": "LENO", "phrase": "PAUSE"}, {"speaker": "ALIN", "phrase": " So."}, {"speaker": "LENO", "phrase": " Explains that."}, {"speaker": "LENO", "phrase": "PAUSE"}, {"speaker": "ALIN", "phrase": " Exactly."}, {"speaker": "ALIN", "phrase": " So"}, {"speaker": "ALIN", "phrase": " Mom said"}, {"speaker": "ALIN", "phrase": " you know"}, {"speaker": "ALIN", "phrase": " \u0294uh she goes"}, {"speaker": "ALIN", "phrase": " when can I see you."}, {"speaker": "ALIN", "phrase": "PAUSE"}, {"speaker": "ALIN", "phrase": " So Mom said."}, {"speaker": "LENO", "phrase": "PAUSE"}, {"speaker": "ALIN", "phrase": " well my next free day's like October fourth."}, {"speaker": "ALIN", "phrase": " So that was when."}, {"speaker": "LENO", "phrase": "PAUSE"}, {"speaker": "ALIN", "phrase": " they set up two months in advance to have lunch."}, {"speaker": "ALIN", "phrase": " So October fourth rolls around."}, {"speaker": "LENO", "phrase": "PAUSE"}, {"speaker": "ALIN", "phrase": " and Liza had to go do something"}, {"speaker": "ALIN", "phrase": " so they're stuck babysitting Cassandra."}, {"speaker": "ALIN", "phrase": " Great."}, {"speaker": "ALIN", "phrase": " You know"}, {"speaker": "ALIN", "phrase": " just your big thrill in the world."}, {"speaker": "LENO", "phrase": " How old is she now."}, {"speaker": "ALIN", "phrase": " this little piss ass."}, {"speaker": "ALIN", "phrase": " Four"}, {"speaker": "ALIN", "phrase": " five"}, {"speaker": "ALIN", "phrase": " some place around there"}, {"speaker": "ALIN", "phrase": " I can't remember."}, {"speaker": "ALIN", "phrase": " ever."}, {"speaker": "ALIN", "phrase": " Cause it's just."}, {"speaker": "ALIN", "phrase": " She's such nightmare to me."}, {"speaker": "ALIN", "phrase": " So"}, {"speaker": "ALIN", "phrase": " anyway"}, {"speaker": "ALIN", "phrase": " Mom."}, {"speaker": "ALIN", "phrase": " They had to cancel"}, {"speaker": "ALIN", "phrase": " they."}, {"speaker": "ALIN", "phrase": " they make arrangements"}, {"speaker": "ALIN", "phrase": " for like couple weeks later"}, {"speaker": "ALIN", "phrase": " and I wanted to surprise Mom"}, {"speaker": "ALIN", "phrase": " and bring over some nice pastries from La Conversation."}, {"speaker": "ALIN", "phrase": " So I go into La Conversation"}, {"speaker": "ALIN", "phrase": " and I picked out all this stuff for Uncle Arnold."}, {"speaker": "ALIN", "phrase": " And it was just supposed to be Mom"}, {"speaker": "ALIN", "phrase": " Ruben"}, {"speaker": "ALIN", "phrase": " Arnold and Lisabeth."}, {"speaker": "ALIN", "phrase": " And I was gonna sit down and talk with them and split."}, {"speaker": "ALIN", "phrase": " So I'm driving up to the house"}, {"speaker": "ALIN", "phrase": " and there's car in front of me"}, {"speaker": "ALIN", "phrase": " and the guy is just like sitting there"}, {"speaker": "ALIN", "phrase": " in the middle of the road"}, {"speaker": "ALIN", "phrase": " and he's not moving"}, {"speaker": "ALIN", "phrase": " and"}, {"speaker": "ALIN", "phrase": " you know I wanna park the car."}, {"speaker": "LENO", "phrase": "PAUSE"}, {"speaker": "ALIN", "phrase": " you know"}, {"speaker": "ALIN", "phrase": " and."}, {"speaker": "ALIN", "phrase": " there's no parking either"}, {"speaker": "ALIN", "phrase": " \u0294uh on one of those sides"}, {"speaker": "ALIN", "phrase": " because it's street sweeping day"}, {"speaker": "ALIN", "phrase": " or something"}, {"speaker": "ALIN", "phrase": " it's like"}, {"speaker": "ALIN", "phrase": " Would you move"}, {"speaker": "ALIN", "phrase": " so I can come park my car."}, {"speaker": "ALIN", "phrase": " And then I realized"}, {"speaker": "ALIN", "phrase": " it's Liza and Antonio."}, {"speaker": "LENO", "phrase": "PAUSE"}, {"speaker": "ALIN", "phrase": " And there's Cassandra"}, {"speaker": "ALIN", "phrase": " jumping around"}, {"speaker": "ALIN", "phrase": " jumping around"}, {"speaker": "ALIN", "phrase": " jumping around"}, {"speaker": "ALIN", "phrase": " inside the car."}, {"speaker": "ALIN", "phrase": " nyah nyah nyah nyah nyah nyah."}, {"speaker": "ALIN", "phrase": "PAUSE"}, {"speaker": "LENO", "phrase": "PAUSE"}, {"speaker": "ALIN", "phrase": " So it turns out"}, {"speaker": "ALIN", "phrase": " that"}, {"speaker": "ALIN", "phrase": " she wouldn't get out of the car with Arnold and Lisabeth"}, {"speaker": "ALIN", "phrase": " so Liza and Antonio followed them over there"}, {"speaker": "ALIN", "phrase": " to pick up Cassandra"}, {"speaker": "ALIN", "phrase": " and take her for day in the park."}, {"speaker": "ALIN", "phrase": " But then Liza wanted Antonio to see Mom's house."}, {"speaker": "ALIN", "phrase": " So they go barging in on Mar."}, {"speaker": "ALIN", "phrase": " So Mom felt obligated"}, {"speaker": "ALIN", "phrase": " to ask those two idiots to lunch."}, {"speaker": "ALIN", "phrase": " Also"}, {"speaker": "ALIN", "phrase": " thereby"}, {"speaker": "ALIN", "phrase": " having to invite"}, {"speaker": "ALIN", "phrase": " dear Cassandra"}, {"speaker": "ALIN", "phrase": " who we did not want there in the first place"}, {"speaker": "ALIN", "phrase": " cause she's such little piss ass."}, {"speaker": "ALIN", "phrase": " So the first thing"}, {"speaker": "ALIN", "phrase": " I get inside the house"}, {"speaker": "ALIN", "phrase": " and there's Cassandra"}, {"speaker": "ALIN", "phrase": " jumping up and down."}, {"speaker": "ALIN", "phrase": " Jump"}, {"speaker": "ALIN", "phrase": " jump"}, {"speaker": "ALIN", "phrase": " jump"}, {"speaker": "ALIN", "phrase": " jump"}, {"speaker": "ALIN", "phrase": " jump"}, {"speaker": "ALIN", "phrase": " jump"}, {"speaker": "ALIN", "phrase": " jump."}, {"speaker": "ALIN", "phrase": " And I grabbed her"}, {"speaker": "ALIN", "phrase": " and I held her down."}, {"speaker": "LENO", "phrase": "PAUSE"}, {"speaker": "ALIN", "phrase": " and I go."}, {"speaker": "LENO", "phrase": "PAUSE"}, {"speaker": "ALIN", "phrase": " listen you little piss ass"}, {"speaker": "ALIN", "phrase": " this is my house"}, {"speaker": "ALIN", "phrase": " and today you are not going to jump."}, {"speaker": "ALIN", "phrase": " Today you're gonna act like human."}, {"speaker": "ALIN", "phrase": " You got that ?"}, {"speaker": "LENO", "phrase": "PAUSE"}, {"speaker": "ALIN", "phrase": " She just looks at me."}, {"speaker": "LENO", "phrase": "PAUSE"}, {"speaker": "ALIN", "phrase": " she kind of nods her head."}, {"speaker": "LENO", "phrase": " \u0294uh She's terrified."}, {"speaker": "ALIN", "phrase": " and she's going"}, {"speaker": "ALIN", "phrase": " Ah"}, {"speaker": "ALIN", "phrase": " shit."}, {"speaker": "LENO", "phrase": "PAUSE"}, {"speaker": "ALIN", "phrase": " Auntie Lina's here again"}, {"speaker": "ALIN", "phrase": " I am leaving."}, {"speaker": "ALIN", "phrase": " So laugh she laugh wants to go out on the balcony."}, {"speaker": "LENO", "phrase": "PAUSE"}, {"speaker": "ALIN", "phrase": " I grab her again"}, {"speaker": "ALIN", "phrase": " and I go."}, {"speaker": "LENO", "phrase": "PAUSE"}, {"speaker": "ALIN", "phrase": " no kids on the balcony."}, {"speaker": "ALIN", "phrase": " You wanna go outside ?"}, {"speaker": "ALIN", "phrase": " You gotta go downstairs."}, {"speaker": "LENO", "phrase": "PAUSE"}, {"speaker": "ALIN", "phrase": " but you're not going out on the balcony."}, {"speaker": "ALIN", "phrase": " Cause knowing you"}, {"speaker": "ALIN", "phrase": " you're gonna fall off."}, {"speaker": "LENO", "phrase": " Aw."}, {"speaker": "ALIN", "phrase": "PAUSE"}, {"speaker": "LENO", "phrase": " wouldn't that be pity laugh."}, {"speaker": "ALIN", "phrase": "PAUSE"}, {"speaker": "ALIN", "phrase": " Oh"}, {"speaker": "ALIN", "phrase": " I know."}, {"speaker": "ALIN", "phrase": " So and."}, {"speaker": "LENO", "phrase": "PAUSE"}, {"speaker": "ALIN", "phrase": " for Arnold and Lisabeth"}, {"speaker": "ALIN", "phrase": " of course I said"}, {"speaker": "ALIN", "phrase": " Cassandra"}, {"speaker": "ALIN", "phrase": " you wanna play one bounce off the balcony ?"}, {"speaker": "LENO", "phrase": "PAUSE"}, {"speaker": "ALIN", "phrase": "Hunh haha."}, {"speaker": "LENO", "phrase": "PAUSE"}, {"speaker": "ALIN", "phrase": " Auntie didn't laugh."}, {"speaker": "ALIN", "phrase": " The little shit."}, {"speaker": "LENO", "phrase": "PAUSE"}, {"speaker": "ALIN", "phrase": " She wouldn't eat her lunch"}, {"speaker": "ALIN", "phrase": " because she wanted dessert."}, {"speaker": "ALIN", "phrase": " Dessert comes around"}, {"speaker": "ALIN", "phrase": " Mom had cut all the pastries in half ?"}, {"speaker": "ALIN", "phrase": " Cassandra takes five of them."}, {"speaker": "ALIN", "phrase": " She took a bite"}, {"speaker": "ALIN", "phrase": " from each one."}, {"speaker": "ALIN", "phrase": " That was it."}, {"speaker": "ALIN", "phrase": " I don't want any more."}, {"speaker": "LENO", "phrase": " Cause she gets away with it."}, {"speaker": "ALIN", "phrase": " Gets away with it."}, {"speaker": "ALIN", "phrase": " She was taking the silverware"}, {"speaker": "ALIN", "phrase": " and digging it into the table."}, {"speaker": "LENO", "phrase": " Oh"}, {"speaker": "LENO", "phrase": " that's cute."}, {"speaker": "ALIN", "phrase": " I said"}, {"speaker": "ALIN", "phrase": " excuse me"}, {"speaker": "ALIN", "phrase": " Cassandra ?"}, {"speaker": "LENO", "phrase": "PAUSE"}, {"speaker": "ALIN", "phrase": " You wanna try that one more time ?"}, {"speaker": "LENO", "phrase": " those tables are museums"}, {"speaker": "LENO", "phrase": " could you please"}, {"speaker": "LENO", "phrase": " chill out in the uh art."}, {"speaker": "LENO", "phrase": " art work here."}, {"speaker": "LENO", "phrase": "PAUSE"}, {"speaker": "ALIN", "phrase": " I said try it again."}, {"speaker": "ALIN", "phrase": " One more time"}, {"speaker": "ALIN", "phrase": " I'm gonna come over there."}, {"speaker": "LENO", "phrase": "PAUSE"}, {"speaker": "ALIN", "phrase": " and I'm gonna take that"}, {"speaker": "ALIN", "phrase": " and I'm gonna dig it into you."}, {"speaker": "LENO", "phrase": "PAUSE"}, {"speaker": "ALIN", "phrase": " And meanwhile"}, {"speaker": "ALIN", "phrase": " Lisabeth's going."}, {"speaker": "LENO", "phrase": "PAUSE"}, {"speaker": "ALIN", "phrase": " maybe Cassandra wants to go outside again."}, {"speaker": "LENO", "phrase": "PAUSE"}, {"speaker": "ALIN", "phrase": " And I said"}, {"speaker": "ALIN", "phrase": " yeah"}, {"speaker": "ALIN", "phrase": " that's good spot for her."}, {"speaker": "LENO", "phrase": "PAUSE"}, {"speaker": "LENO", "phrase": "PAUSE"}, {"speaker": "ALIN", "phrase": " Antonio had on white shoes."}, {"speaker": "LENO", "phrase": "PAUSE"}, {"speaker": "LENO", "phrase": " I'm sorry."}, {"speaker": "ALIN", "phrase": " I don't care if he is Italian."}, {"speaker": "LENO", "phrase": "PAUSE"}, {"speaker": "LENO", "phrase": "PAUSE"}, {"speaker": "ALIN", "phrase": " I laugh don't laugh care."}, {"speaker": "ALIN", "phrase": " That was the ugliest set of shoes I ever saw in my life."}, {"speaker": "ALIN", "phrase": "PAUSE"}, {"speaker": "ALIN", "phrase": " One of the kids at work laugh said."}, {"speaker": "LENO", "phrase": "PAUSE"}, {"speaker": "ALIN", "phrase": " but laugh Alina it doesn't count"}, {"speaker": "ALIN", "phrase": " unless he had white belt."}, {"speaker": "ALIN", "phrase": "PAUSE"}, {"speaker": "LENO", "phrase": "PAUSE"}, {"speaker": "ALIN", "phrase": " And he did."}, {"speaker": "LENO", "phrase": " He did."}, {"speaker": "ALL", "phrase": "PAUSE"}, {"speaker": "ALIN", "phrase": "PAUSE"}, {"speaker": "LENO", "phrase": "PAUSE"}, {"speaker": "ALIN", "phrase": " I don't care if it's white suit."}, {"speaker": "LENO", "phrase": "PAUSE"}, {"speaker": "ALIN", "phrase": " put something else..."}, {"speaker": "LENO", "phrase": "PAUSE"}, {"speaker": "ALIN", "phrase": " He had on white suit"}, {"speaker": "ALIN", "phrase": " Liza had on um"}, {"speaker": "ALIN", "phrase": " black suit"}, {"speaker": "ALIN", "phrase": " and then he stands there and tells her how it's not."}, {"speaker": "ALIN", "phrase": " it needs to be baggier here"}, {"speaker": "ALIN", "phrase": " and they're."}, {"speaker": "ALIN", "phrase": " They are so superficial."}, {"speaker": "LENO", "phrase": "PAUSE"}, {"speaker": "ALIN", "phrase": " They are into all this clothing."}, {"speaker": "LENO", "phrase": " He has restaurant or something"}, {"speaker": "LENO", "phrase": " or what does he do."}, {"speaker": "ALIN", "phrase": "PAUSE"}, {"speaker": "LENO", "phrase": " or."}, {"speaker": "LENO", "phrase": " Who is he."}, {"speaker": "ALIN", "phrase": " He's waiter."}, {"speaker": "ALIN", "phrase": " He's waiter at Rosa's."}, {"speaker": "ALIN", "phrase": " out there in Ontario."}, {"speaker": "LENO", "phrase": "PAUSE"}, {"speaker": "ALIN", "phrase": " which is very nice restaurant I'm sure"}, {"speaker": "ALIN", "phrase": " but"}, {"speaker": "ALIN", "phrase": " he wants to open his own restaurant someday"}, {"speaker": "ALIN", "phrase": " and he thinks"}, {"speaker": "ALIN", "phrase": " we're gonna finance it."}, {"speaker": "LENO", "phrase": "PAUSE"}, {"speaker": "ALIN", "phrase": " Actually thinks Cathy and Jawahar are"}, {"speaker": "ALIN", "phrase": " or"}, {"speaker": "ALIN", "phrase": " Jonathan is"}, {"speaker": "ALIN", "phrase": " cause they're the wealthy ones."}, {"speaker": "LENO", "phrase": " I tried to explain to Cathy that"}, {"speaker": "LENO", "phrase": " life had changed now."}, {"speaker": "ALIN", "phrase": "PAUSE"}, {"speaker": "ALIN", "phrase": "PAUSE"}, {"speaker": "LENO", "phrase": " for her."}, {"speaker": "ALIN", "phrase": " that..."}, {"speaker": "LENO", "phrase": " and that there \u0294uh"}, {"speaker": "LENO", "phrase": " gonna be"}, {"speaker": "LENO", "phrase": " all sorts of"}, {"speaker": "LENO", "phrase": " parasitic relatives distant or whatever."}, {"speaker": "ALIN", "phrase": "PAUSE"}, {"speaker": "ALIN", "phrase": " Like Jonathan ?"}, {"speaker": "LENO", "phrase": " coming up and saying."}, {"speaker": "ALIN", "phrase": " Did she tell you about Jonathan ?"}, {"speaker": "LENO", "phrase": " Yes."}, {"speaker": "LENO", "phrase": " Trying to get him job ?"}, {"speaker": "ALIN", "phrase": "PAUSE"}, {"speaker": "ALIN", "phrase": " Oh yeah."}, {"speaker": "ALIN", "phrase": " Well"}, {"speaker": "ALIN", "phrase": " then see that's another thing."}, {"speaker": "LENO", "phrase": " She doesn't understand it."}, {"speaker": "LENO", "phrase": " Well."}, {"speaker": "ALIN", "phrase": " Tommy Spencer."}, {"speaker": "LENO", "phrase": " Well why."}, {"speaker": "ALIN", "phrase": "PAUSE"}, {"speaker": "LENO", "phrase": "PAUSE"}, {"speaker": "LENO", "phrase": " Uh Cathy"}, {"speaker": "LENO", "phrase": " don't you understand that"}, {"speaker": "LENO", "phrase": " you know"}, {"speaker": "LENO", "phrase": " things are different now"}, {"speaker": "LENO", "phrase": " you have this mega house"}, {"speaker": "LENO", "phrase": " and uh"}, {"speaker": "LENO", "phrase": " you know"}, {"speaker": "LENO", "phrase": " you have this."}, {"speaker": "ALIN", "phrase": "PAUSE"}, {"speaker": "LENO", "phrase": " you know"}, {"speaker": "LENO", "phrase": " things are different."}, {"speaker": "ALIN", "phrase": " But they..."}, {"speaker": "LENO", "phrase": "PAUSE"}, {"speaker": "ALIN", "phrase": " they."}, {"speaker": "ALIN", "phrase": "PAUSE"}, {"speaker": "ALIN", "phrase": " they kind of thrive on that."}, {"speaker": "ALIN", "phrase": " They like having people having to owe."}, {"speaker": "ALIN", "phrase": " That's part of the reason they're not burning their bridges"}, {"speaker": "ALIN", "phrase": " right ?"}, {"speaker": "ALIN", "phrase": "PAUSE"}, {"speaker": "LENO", "phrase": "PAUSE"}, {"speaker": "ALIN", "phrase": " So."}, {"speaker": "LENO", "phrase": " To where."}, {"speaker": "ALIN", "phrase": "PAUSE"}, {"speaker": "LENO", "phrase": " That is great line laugh."}, {"speaker": "ALIN", "phrase": " To where."}, {"speaker": "ALIN", "phrase": " Is that hilarious."}, {"speaker": "ALIN", "phrase": " That's typical Thompson."}, {"speaker": "ALIN", "phrase": " He is so funny."}, {"speaker": "LENO", "phrase": "PAUSE"}, {"speaker": "ALIN", "phrase": " But um"}, {"speaker": "ALIN", "phrase": " my husband."}, {"speaker": "ALIN", "phrase": " Not your professor."}, {"speaker": "LENO", "phrase": "PAUSE"}, {"speaker": "ALIN", "phrase": " Um"}, {"speaker": "ALIN", "phrase": "PAUSE"}, {"speaker": "ALIN", "phrase": " No."}, {"speaker": "ALIN", "phrase": " For this stupid New Year's Eve party then."}, {"speaker": "LENO", "phrase": "PAUSE"}, {"speaker": "ALIN", "phrase": " Tommy Spencer"}, {"speaker": "ALIN", "phrase": " who's up there"}, {"speaker": "ALIN", "phrase": " who was Jonathan and Loren's best friend"}, {"speaker": "ALIN", "phrase": " right ?"}, {"speaker": "ALIN", "phrase": " He"}, {"speaker": "ALIN", "phrase": " opens his big mouth to Jonathan"}, {"speaker": "ALIN", "phrase": " that Cathy and Jawahar are having this party."}, {"speaker": "ALIN", "phrase": " So Cathy calls me up"}, {"speaker": "ALIN", "phrase": " and she wants Jonathan's address."}, {"speaker": "ALIN", "phrase": " And I go"}, {"speaker": "ALIN", "phrase": " for what."}, {"speaker": "ALIN", "phrase": " She goes well we have to invite him to the New Year's Eve party."}, {"speaker": "LENO", "phrase": "PAUSE"}, {"speaker": "ALIN", "phrase": " And I go why."}, {"speaker": "ALIN", "phrase": " She goes well Tommy Spencer opened his big mouth."}, {"speaker": "ALIN", "phrase": " And I said"}, {"speaker": "ALIN", "phrase": " oh."}, {"speaker": "ALIN", "phrase": " So you're going to host them are you ?"}, {"speaker": "ALIN", "phrase": " She goes what do you mean"}, {"speaker": "ALIN", "phrase": " host them."}, {"speaker": "ALIN", "phrase": " I said if you invite them up there for party"}, {"speaker": "ALIN", "phrase": " they're gonna assume"}, {"speaker": "ALIN", "phrase": " that they are staying with you"}, {"speaker": "ALIN", "phrase": " right ?"}, {"speaker": "ALIN", "phrase": " She goes no they're not."}, {"speaker": "ALIN", "phrase": " nya."}, {"speaker": "ALIN", "phrase": " And I said"}, {"speaker": "ALIN", "phrase": " well that's what they're gonna think."}, {"speaker": "ALIN", "phrase": " And I said"}, {"speaker": "ALIN", "phrase": " if you invite them"}, {"speaker": "ALIN", "phrase": " you'll also have to invite Liza and Antonio."}, {"speaker": "ALIN", "phrase": " You want them staying at the house too ?"}, {"speaker": "ALIN", "phrase": " So next thing you know"}, {"speaker": "ALIN", "phrase": " they dropped."}, {"speaker": "ALIN", "phrase": " At least that bridge"}, {"speaker": "ALIN", "phrase": " they weren't too unhappy about burning."}, {"speaker": "LENO", "phrase": " Hm"}, {"speaker": "LENO", "phrase": " God."}, {"speaker": "ALIN", "phrase": "PAUSE"}, {"speaker": "ALIN", "phrase": " But Keith and Sally"}, {"speaker": "ALIN", "phrase": " those two b drips"}, {"speaker": "ALIN", "phrase": " the one that told me I was shoveling my food"}, {"speaker": "ALIN", "phrase": " and I didn't need fork."}, {"speaker": "LENO", "phrase": "PAUSE"}, {"speaker": "ALIN", "phrase": " um"}, {"speaker": "ALIN", "phrase": "PAUSE"}, {"speaker": "ALIN", "phrase": " They're friends with this other friend of theirs"}, {"speaker": "ALIN", "phrase": " and they're trying to \u0294uh..."}, {"speaker": "LENO", "phrase": "PAUSE"}, {"speaker": "ALIN", "phrase": "PAUSE"}, {"speaker": "ALIN", "phrase": " That they don't talk to anymore"}, {"speaker": "ALIN", "phrase": " and I mean"}, {"speaker": "ALIN", "phrase": " Campbell's cocaine user"}, {"speaker": "ALIN", "phrase": " abuser"}, {"speaker": "ALIN", "phrase": " dealer"}, {"speaker": "ALIN", "phrase": " that's all he does."}, {"speaker": "ALIN", "phrase": " Campbell's lawyer."}, {"speaker": "ALIN", "phrase": " You know"}, {"speaker": "ALIN", "phrase": " he's just"}, {"speaker": "ALIN", "phrase": " no good."}, {"speaker": "ALIN", "phrase": " So"}, {"speaker": "ALIN", "phrase": "PAUSE"}, {"speaker": "ALIN", "phrase": " They're trying to"}, {"speaker": "ALIN", "phrase": " b you know"}, {"speaker": "ALIN", "phrase": " have them be friends again."}, {"speaker": "ALIN", "phrase": " Well what what for"}, {"speaker": "ALIN", "phrase": " Cathy."}, {"speaker": "ALIN", "phrase": " Why are you gonna go."}, {"speaker": "ALIN", "phrase": " They were gonna go to this dinner party."}, {"speaker": "LENO", "phrase": "PAUSE"}, {"speaker": "ALIN", "phrase": " Saturday night"}, {"speaker": "ALIN", "phrase": " to see them"}, {"speaker": "ALIN", "phrase": " I go"}, {"speaker": "ALIN", "phrase": " what are you gonna do that for."}, {"speaker": "ALIN", "phrase": " Who cares."}, {"speaker": "ALIN", "phrase": "PAUSE"}, {"speaker": "LENO", "phrase": " \u0294uh Does she have any friends you think ?"}, {"speaker": "ALIN", "phrase": " No."}, {"speaker": "LENO", "phrase": " up there ?"}, {"speaker": "ALIN", "phrase": " No."}, {"speaker": "LENO", "phrase": " Why."}, {"speaker": "ALIN", "phrase": " Cathy."}, {"speaker": "ALIN", "phrase": " She's not good friend herself."}, {"speaker": "LENO", "phrase": " Jawahar's really nice guy."}, {"speaker": "ALIN", "phrase": "PAUSE"}, {"speaker": "LENO", "phrase": " He is nice guy."}, {"speaker": "ALIN", "phrase": " He is"}, {"speaker": "ALIN", "phrase": " but"}, {"speaker": "ALIN", "phrase": " he doesn't understand how to mix friends at all."}, {"speaker": "ALIN", "phrase": " We already went through that."}, {"speaker": "ALIN", "phrase": " When I first got back from Italy"}, {"speaker": "ALIN", "phrase": " and I was up there."}, {"speaker": "LENO", "phrase": "PAUSE"}, {"speaker": "ALIN", "phrase": " he."}, {"speaker": "ALIN", "phrase": " we were friends with this one Australian guy"}, {"speaker": "ALIN", "phrase": " and he was friends with this other idiot from New Zealand"}, {"speaker": "ALIN", "phrase": " Dennis."}, {"speaker": "ALIN", "phrase": " And one night"}, {"speaker": "ALIN", "phrase": " he figured"}, {"speaker": "ALIN", "phrase": " oh"}, {"speaker": "ALIN", "phrase": " both part of the same world."}, {"speaker": "ALIN", "phrase": " You know"}, {"speaker": "ALIN", "phrase": " New Zealand"}, {"speaker": "ALIN", "phrase": " Australia."}, {"speaker": "ALIN", "phrase": " So he invited Doctor Spargo out with Dennis."}, {"speaker": "ALIN", "phrase": " Well I didn't get along with Dennis at all"}, {"speaker": "ALIN", "phrase": " he was jerk."}, {"speaker": "ALIN", "phrase": " I did not like him."}, {"speaker": "ALIN", "phrase": " Period."}, {"speaker": "ALIN", "phrase": " And Spargo was okay."}, {"speaker": "ALIN", "phrase": " And we go out"}, {"speaker": "ALIN", "phrase": " and"}, {"speaker": "ALIN", "phrase": "PAUSE"}, {"speaker": "ALIN", "phrase": " or we went out"}, {"speaker": "ALIN", "phrase": " and these."}, {"speaker": "ALIN", "phrase": " they were at each other's throats"}, {"speaker": "ALIN", "phrase": " the whole night long."}, {"speaker": "ALIN", "phrase": " Competition galore."}, {"speaker": "LENO", "phrase": " Really."}, {"speaker": "ALIN", "phrase": " Oh yeah."}, {"speaker": "ALIN", "phrase": " Each one was fighting for our affections."}, {"speaker": "LENO", "phrase": " \u0294uh."}, {"speaker": "ALIN", "phrase": " That was very apparent."}, {"speaker": "ALIN", "phrase": " I knew that was gonna happen."}, {"speaker": "ALIN", "phrase": " Plus they didn't like each other."}, {"speaker": "ALIN", "phrase": "PAUSE"}, {"speaker": "ALIN", "phrase": " Well Spargo was older"}, {"speaker": "ALIN", "phrase": " you know"}, {"speaker": "ALIN", "phrase": " and he was real bright"}, {"speaker": "ALIN", "phrase": " and he knew that this guy was jerk."}, {"speaker": "ALIN", "phrase": " If we went to parties"}, {"speaker": "ALIN", "phrase": " and there was somebody who came up to try to talk to us"}, {"speaker": "ALIN", "phrase": " he'd keepthemaway."}, {"speaker": "ALIN", "phrase": " Just like little"}, {"speaker": "ALIN", "phrase": " um"}, {"speaker": "ALIN", "phrase": " Australian sheep dog."}, {"speaker": "ALIN", "phrase": " Running around."}, {"speaker": "ALIN", "phrase": " rar rar rar rar rar rar."}, {"speaker": "LENO", "phrase": "PAUSE"}, {"speaker": "ALIN", "phrase": " All this protective stuff going on."}, {"speaker": "ENV", "phrase": "PAUSE"}, {"speaker": "ALIN", "phrase": " It was lot of fun."}, {"speaker": "LENO", "phrase": "PAUSE"}, {"speaker": "ALIN", "phrase": " Whoops"}, {"speaker": "ALIN", "phrase": " I'm sorry"}, {"speaker": "ALIN", "phrase": " knocked me off."}, {"speaker": "ALIN", "phrase": " \u0294But"}, {"speaker": "ALIN", "phrase": " Cathy and Jawahar don't understand how to mix their friends at all."}, {"speaker": "ALIN", "phrase": " They don't understand"}, {"speaker": "ALIN", "phrase": " that it's also okay"}, {"speaker": "ALIN", "phrase": " not to have everybody at the same party."}, {"speaker": "ALIN", "phrase": "PAUSE"}, {"speaker": "LENO", "phrase": " Is she working."}, {"speaker": "ALIN", "phrase": " You can't."}, {"speaker": "LENO", "phrase": " or doing anything."}, {"speaker": "ALIN", "phrase": " No"}, {"speaker": "ALIN", "phrase": " she works for Jawahar."}, {"speaker": "LENO", "phrase": "PAUSE"}, {"speaker": "ALIN", "phrase": " but."}, {"speaker": "LENO", "phrase": "PAUSE"}, {"speaker": "ALIN", "phrase": " you know."}, {"speaker": "LENO", "phrase": "PAUSE"}, {"speaker": "ALIN", "phrase": " so then um."}, {"speaker": "LENO", "phrase": " What does this mean."}, {"speaker": "LENO", "phrase": "PAUSE"}, {"speaker": "ALIN", "phrase": " Well"}, {"speaker": "ALIN", "phrase": " she answers phones."}, {"speaker": "LENO", "phrase": " Wasn't she."}, {"speaker": "LENO", "phrase": " She said she wanted to go back to school"}, {"speaker": "LENO", "phrase": " or something"}, {"speaker": "LENO", "phrase": " do something with her life"}, {"speaker": "LENO", "phrase": " or"}, {"speaker": "LENO", "phrase": " she's too into computers."}, {"speaker": "ALIN", "phrase": "PAUSE"}, {"speaker": "ALIN", "phrase": " They're boring."}, {"speaker": "LENO", "phrase": "PAUSE"}, {"speaker": "ALIN", "phrase": " You know"}, {"speaker": "ALIN", "phrase": " aren't they boring"}, {"speaker": "ALIN", "phrase": " they're so boring."}, {"speaker": "LENO", "phrase": "PAUSE"}, {"speaker": "ALIN", "phrase": " I mean it's like"}, {"speaker": "ALIN", "phrase": " who care."}, {"speaker": "LENO", "phrase": "PAUSE"}, {"speaker": "ALIN", "phrase": " No offense"}, {"speaker": "ALIN", "phrase": " but I think that you can get caught up in computers"}, {"speaker": "ALIN", "phrase": " like"}, {"speaker": "ALIN", "phrase": " within"}, {"speaker": "ALIN", "phrase": " what."}, {"speaker": "LENO", "phrase": "PAUSE"}, {"speaker": "ALIN", "phrase": " Five weeks or something ?"}, {"speaker": "LENO", "phrase": "PAUSE"}, {"speaker": "ALIN", "phrase": " You gotta sit there"}, {"speaker": "ALIN", "phrase": " and"}, {"speaker": "ALIN", "phrase": " you you know"}, {"speaker": "ALIN", "phrase": " oh you..."}, {"speaker": "LENO", "phrase": " you space out on it."}, {"speaker": "LENO", "phrase": " She's like talking about ROM"}, {"speaker": "LENO", "phrase": " and RAM"}, {"speaker": "LENO", "phrase": " and"}, {"speaker": "LENO", "phrase": " you know."}, {"speaker": "ALIN", "phrase": "PAUSE"}, {"speaker": "LENO", "phrase": " and she."}, {"speaker": "LENO", "phrase": " I know."}, {"speaker": "LENO", "phrase": " She's passionate about it."}, {"speaker": "ALIN", "phrase": "PAUSE"}, {"speaker": "LENO", "phrase": " I'm like."}, {"speaker": "ALIN", "phrase": " \u0294uh."}, {"speaker": "LENO", "phrase": " I can't relate."}, {"speaker": "LENO", "phrase": " Leave me alone laugh."}, {"speaker": "ALIN", "phrase": " I can't relate at all."}, {"speaker": "LENO", "phrase": "PAUSE"}, {"speaker": "ALIN", "phrase": " I just."}, {"speaker": "ALIN", "phrase": " I don't care."}, {"speaker": "ALIN", "phrase": " I really don't care."}, {"speaker": "ALIN", "phrase": " I."}, {"speaker": "ALIN", "phrase": " This party I went to Friday night"}, {"speaker": "ALIN", "phrase": " where Joy was jamming on that harmonica ?"}, {"speaker": "ALIN", "phrase": " That was."}, {"speaker": "ALIN", "phrase": " Well first of all"}, {"speaker": "ALIN", "phrase": " it's \u0294paddlers."}, {"speaker": "ALIN", "phrase": " And I thought"}, {"speaker": "ALIN", "phrase": " oh"}, {"speaker": "ALIN", "phrase": " it's going to be boring"}, {"speaker": "ALIN", "phrase": " I don't wanna go"}, {"speaker": "ALIN", "phrase": " Hector wouldn't go."}, {"speaker": "ALIN", "phrase": " He said"}, {"speaker": "ALIN", "phrase": " I'm working late Lina."}, {"speaker": "ALIN", "phrase": " You go if you want."}, {"speaker": "ALIN", "phrase": " Okay sweets"}, {"speaker": "ALIN", "phrase": " I'll go if I want."}, {"speaker": "ALIN", "phrase": " And I don't."}, {"speaker": "ALIN", "phrase": " Joy I like."}, {"speaker": "ALIN", "phrase": " Cause she's really interesting."}, {"speaker": "ALIN", "phrase": " But lot of those other paddlers are idiots."}, {"speaker": "ALIN", "phrase": " I did not wanna go."}, {"speaker": "ALIN", "phrase": " So I walk in"}, {"speaker": "ALIN", "phrase": " she's changing apartments"}, {"speaker": "ALIN", "phrase": " she's moving into her own condo."}, {"speaker": "ALIN", "phrase": " I walk in"}, {"speaker": "ALIN", "phrase": " and the first hint that there's."}, {"speaker": "ALIN", "phrase": " \u0294uh this is gonna be something little bit unusual"}, {"speaker": "ALIN", "phrase": " is there's all these helium balloons ?"}, {"speaker": "ALIN", "phrase": "PAUSE"}, {"speaker": "ALIN", "phrase": " up at the ceiling ?"}, {"speaker": "ALIN", "phrase": " With uh metallic colored streamers coming down"}, {"speaker": "ALIN", "phrase": " three streamers"}, {"speaker": "ALIN", "phrase": " each balloon"}, {"speaker": "ALIN", "phrase": " I mean the whole ceiling is just packed with these helium balloons."}, {"speaker": "ALIN", "phrase": " It was so much fun."}, {"speaker": "ALIN", "phrase": " So I walk in and I see"}, {"speaker": "ALIN", "phrase": " two of the paddlers I definitely don't wanna see."}, {"speaker": "LENO", "phrase": "PAUSE"}, {"speaker": "ALIN", "phrase": " One of which had Halloween party"}, {"speaker": "ALIN", "phrase": " I told her we're coming"}, {"speaker": "ALIN", "phrase": " we show up"}, {"speaker": "ALIN", "phrase": " she'd already left for another party."}, {"speaker": "ALIN", "phrase": " I said why the hell didn't you tell me you were leaving."}, {"speaker": "ALIN", "phrase": " Oh"}, {"speaker": "ALIN", "phrase": " well I thought you'd"}, {"speaker": "ALIN", "phrase": " you know"}, {"speaker": "ALIN", "phrase": " I didn't think you were coming Alina."}, {"speaker": "ALIN", "phrase": " I said if I say I'm showing up"}, {"speaker": "ALIN", "phrase": " I show up."}, {"speaker": "ALIN", "phrase": " We had to go some place for Hector's work first"}, {"speaker": "ALIN", "phrase": " you know"}, {"speaker": "ALIN", "phrase": " The Wonder Years."}, {"speaker": "ALIN", "phrase": " where I got insulted"}, {"speaker": "ALIN", "phrase": " by this other little assistant twat"}, {"speaker": "ALIN", "phrase": " who since has been fired"}, {"speaker": "ALIN", "phrase": " thank God."}, {"speaker": "ALIN", "phrase": " But anyway"}, {"speaker": "ALIN", "phrase": " um"}, {"speaker": "ALIN", "phrase": "PAUSE"}, {"speaker": "ALIN", "phrase": " then"}, {"speaker": "ALIN", "phrase": " you know"}, {"speaker": "ALIN", "phrase": " we showed up there and they were all gone."}, {"speaker": "ALIN", "phrase": " That really irritated me."}, {"speaker": "ALIN", "phrase": " You know ?"}, {"speaker": "ALIN", "phrase": "PAUSE"}, {"speaker": "ALIN", "phrase": " What do you mean"}, {"speaker": "ALIN", "phrase": " yes"}, {"speaker": "ALIN", "phrase": "PAUSE"}, {"speaker": "ALIN", "phrase": " I'm having party"}, {"speaker": "ALIN", "phrase": " come and you show up"}, {"speaker": "ALIN", "phrase": " and there's nobody there."}, {"speaker": "LENO", "phrase": "PAUSE"}, {"speaker": "ALIN", "phrase": " But anyway."}, {"speaker": "LENO", "phrase": "PAUSE"}, {"speaker": "ALIN", "phrase": " um."}, {"speaker": "LENO", "phrase": "PAUSE"}, {"speaker": "ALIN", "phrase": " she's sitting there"}, {"speaker": "ALIN", "phrase": " and this other girl"}, {"speaker": "ALIN", "phrase": " who's always nyah nyah nyah."}, {"speaker": "LENO", "phrase": "PAUSE"}, {"speaker": "ALIN", "phrase": " So I have this pair of suede pants that I got"}, {"speaker": "ALIN", "phrase": " you've seen them probably ninety million times."}, {"speaker": "ALIN", "phrase": " I got those from Sak's Fifth off"}, {"speaker": "ALIN", "phrase": " they're men's."}, {"speaker": "LENO", "phrase": "PAUSE"}, {"speaker": "ALIN", "phrase": " You know there's nothing great about those pants."}, {"speaker": "LENO", "phrase": "PAUSE"}, {"speaker": "ALIN", "phrase": " and they're filthy."}, {"speaker": "ALIN", "phrase": " And there's parts in them"}, {"speaker": "ALIN", "phrase": " you know."}, {"speaker": "LENO", "phrase": "PAUSE"}, {"speaker": "ALIN", "phrase": " where."}, {"speaker": "ALIN", "phrase": " I mean they use substandard stuff."}, {"speaker": "LENO", "phrase": "PAUSE"}, {"speaker": "ALIN", "phrase": " so there's \u0294uh."}, {"speaker": "ALIN", "phrase": " you know"}, {"speaker": "ALIN", "phrase": " these goofy little white spots"}, {"speaker": "ALIN", "phrase": " and everything"}, {"speaker": "ALIN", "phrase": " and they're going"}, {"speaker": "ALIN", "phrase": " oh"}, {"speaker": "ALIN", "phrase": " Alina"}, {"speaker": "ALIN", "phrase": " you look so chic."}, {"speaker": "LENO", "phrase": "PAUSE"}, {"speaker": "ALIN", "phrase": " in your suede pants."}, {"speaker": "ALIN", "phrase": " And I'm going"}, {"speaker": "ALIN", "phrase": " oh"}, {"speaker": "ALIN", "phrase": " yeah"}, {"speaker": "ALIN", "phrase": " real chic."}, {"speaker": "ALIN", "phrase": " You know"}, {"speaker": "ALIN", "phrase": " my hair's dirty"}, {"speaker": "ALIN", "phrase": " I have it pulled back in pony tail"}, {"speaker": "ALIN", "phrase": " I know I look lovely."}, {"speaker": "ALIN", "phrase": " So I'm sitting there talking to these idiots for while."}, {"speaker": "LENO", "phrase": "PAUSE"}, {"speaker": "LENO", "phrase": "PAUSE"}, {"speaker": "ALIN", "phrase": " Then."}, {"speaker": "LENO", "phrase": "PAUSE"}, {"speaker": "ALIN", "phrase": " this new wave of people comes in."}, {"speaker": "LENO", "phrase": "PAUSE"}, {"speaker": "ALIN", "phrase": " And these three guys walk in and"}, {"speaker": "ALIN", "phrase": " one guy"}, {"speaker": "ALIN", "phrase": " was so geeky"}, {"speaker": "ALIN", "phrase": " he's in suit."}, {"speaker": "ALIN", "phrase": " Who the hell do you know"}, {"speaker": "ALIN", "phrase": " goes to party in suit."}, {"speaker": "ALIN", "phrase": " I mean who is this geek."}, {"speaker": "ALIN", "phrase": " So anyway"}, {"speaker": "ALIN", "phrase": " the other guy had real nice shirt on"}, {"speaker": "ALIN", "phrase": " and then there was some other geek."}, {"speaker": "ALIN", "phrase": " So the guy with the nice shirt came in"}, {"speaker": "ALIN", "phrase": " and started talking to me"}, {"speaker": "ALIN", "phrase": " and he his name's like Billy Mulholland"}, {"speaker": "ALIN", "phrase": " or something"}, {"speaker": "ALIN", "phrase": " and he's um"}, {"speaker": "ALIN", "phrase": " from Bakersfield originally"}, {"speaker": "ALIN", "phrase": " and Joy's father had hired him."}, {"speaker": "ALIN", "phrase": " to sell"}, {"speaker": "ALIN", "phrase": " or Joy had actually hired him to sell jewelry"}, {"speaker": "ALIN", "phrase": " in Hawaii."}, {"speaker": "ALIN", "phrase": " from her father's store."}, {"speaker": "ALIN", "phrase": " But now he's sells real estate in Malibu"}, {"speaker": "ALIN", "phrase": " and he's got painting \u0294uh contracting whatever"}, {"speaker": "ALIN", "phrase": " and"}, {"speaker": "ALIN", "phrase": " \u0294uh one of the things that they're doing"}, {"speaker": "ALIN", "phrase": " is um"}, {"speaker": "ALIN", "phrase": " is painting this building on Melrose"}, {"speaker": "ALIN", "phrase": " so it looks like you can see through the wall"}, {"speaker": "ALIN", "phrase": " cause there's"}, {"speaker": "ALIN", "phrase": " you know"}, {"speaker": "ALIN", "phrase": " plastic first"}, {"speaker": "ALIN", "phrase": " and then"}, {"speaker": "ALIN", "phrase": " this stuff behind it or whatever it is."}, {"speaker": "ALIN", "phrase": " But his renditions of homosexuals"}, {"speaker": "ALIN", "phrase": " I thought I was gonna die."}, {"speaker": "ALIN", "phrase": " And I."}, {"speaker": "ALIN", "phrase": " I hadn't."}, {"speaker": "ALIN", "phrase": " you know"}, {"speaker": "ALIN", "phrase": " I just looked at him."}, {"speaker": "ALIN", "phrase": " He was going on and on"}, {"speaker": "ALIN", "phrase": " about"}, {"speaker": "ALIN", "phrase": " how these guys"}, {"speaker": "ALIN", "phrase": " at his work"}, {"speaker": "ALIN", "phrase": " cause he's down there supervising work"}, {"speaker": "ALIN", "phrase": " and he looks out and these guys"}, {"speaker": "ALIN", "phrase": " and he starts talking about their Gstrings are showing through their tight leather pants"}, {"speaker": "ALIN", "phrase": " and"}, {"speaker": "ALIN", "phrase": " he was just going on and on and on."}, {"speaker": "ALIN", "phrase": " And I was getting hysterical."}, {"speaker": "ALIN", "phrase": " I was laughing so hard"}, {"speaker": "ALIN", "phrase": " and I just finally looked at him"}, {"speaker": "ALIN", "phrase": " and I said"}, {"speaker": "ALIN", "phrase": " hey"}, {"speaker": "ALIN", "phrase": " I never even thought about it."}, {"speaker": "ALIN", "phrase": " Because I grew up in the Swiss Alps."}, {"speaker": "ALIN", "phrase": " You know ?"}, {"speaker": "LENO", "phrase": "PAUSE"}, {"speaker": "ALIN", "phrase": " We have been here our whole lives"}, {"speaker": "ALIN", "phrase": " and I said I never knew anybody who was in the closet"}, {"speaker": "ALIN", "phrase": " because as far as I'm concerned they've always been \u0294out of the closet."}, {"speaker": "ALIN", "phrase": " Well he couldn't handle this."}, {"speaker": "ALIN", "phrase": " That I actually knew gay people."}, {"speaker": "ALIN", "phrase": " He walked away from me."}, {"speaker": "LENO", "phrase": " God."}, {"speaker": "ALIN", "phrase": " So."}, {"speaker": "ALIN", "phrase": "PAUSE"}, {"speaker": "LENO", "phrase": "PAUSE"}, {"speaker": "ALIN", "phrase": " The next guy that comes up and starts talking to me is the guy in the suit."}, {"speaker": "LENO", "phrase": "PAUSE"}, {"speaker": "ALIN", "phrase": " and it turns out he's from Georgia"}, {"speaker": "ALIN", "phrase": " Atlanta Georgia"}, {"speaker": "ALIN", "phrase": " and he's talking away to me"}, {"speaker": "ALIN", "phrase": " and \u0294his name is DR."}, {"speaker": "ALIN", "phrase": " And I said"}, {"speaker": "ALIN", "phrase": " oh"}, {"speaker": "ALIN", "phrase": " like doctor ?"}, {"speaker": "ALIN", "phrase": " And he goes exactly right."}, {"speaker": "ALIN", "phrase": " He's thoracic surgeon."}, {"speaker": "LENO", "phrase": "PAUSE"}, {"speaker": "ALIN", "phrase": " or some horse manure."}, {"speaker": "LENO", "phrase": "PAUSE"}, {"speaker": "ALIN", "phrase": " but"}, {"speaker": "ALIN", "phrase": " meanwhile"}, {"speaker": "ALIN", "phrase": " it's just like"}, {"speaker": "ALIN", "phrase": " this."}, {"speaker": "ALIN", "phrase": " right here in my face."}, {"speaker": "ALIN", "phrase": " And I kept backing up"}, {"speaker": "ALIN", "phrase": " backing up."}, {"speaker": "LENO", "phrase": " \u0294uh."}, {"speaker": "ALIN", "phrase": " and he's right here in my face."}, {"speaker": "LENO", "phrase": "PAUSE"}, {"speaker": "ALIN", "phrase": " and he keeps staring at my chest"}, {"speaker": "ALIN", "phrase": " and it's like."}, {"speaker": "LENO", "phrase": "PAUSE"}, {"speaker": "ALIN", "phrase": " You know"}, {"speaker": "ALIN", "phrase": " fuck you"}, {"speaker": "ALIN", "phrase": " asshole"}, {"speaker": "ALIN", "phrase": " why don't you look at my fa ce."}, {"speaker": "LENO", "phrase": " Oh shit."}, {"speaker": "ALIN", "phrase": " But he didn't believe me I was married."}, {"speaker": "LENO", "phrase": "PAUSE"}, {"speaker": "ALIN", "phrase": " I kept."}, {"speaker": "ALIN", "phrase": " He's talking about how we should carry on conversation later."}, {"speaker": "LENO", "phrase": "PAUSE"}, {"speaker": "LENO", "phrase": "PAUSE"}, {"speaker": "ALIN", "phrase": " and I'm going"}, {"speaker": "ALIN", "phrase": " no"}, {"speaker": "ALIN", "phrase": " no"}, {"speaker": "ALIN", "phrase": " I said I don't."}, {"speaker": "ALIN", "phrase": " You know I really don't think my husband would appreciate that."}, {"speaker": "LENO", "phrase": "PAUSE"}, {"speaker": "ALIN", "phrase": " I said"}, {"speaker": "ALIN", "phrase": " you know"}, {"speaker": "ALIN", "phrase": " it's little difficult having three in the same bedroom."}, {"speaker": "LENO", "phrase": "PAUSE"}, {"speaker": "LENO", "phrase": "PAUSE"}, {"speaker": "ALIN", "phrase": "PAUSE"}, {"speaker": "ALIN", "phrase": " You know"}, {"speaker": "ALIN", "phrase": " at least that's not my shtick."}, {"speaker": "ALIN", "phrase": " But um."}, {"speaker": "LENO", "phrase": "PAUSE"}, {"speaker": "ALIN", "phrase": "PAUSE"}, {"speaker": "ALIN", "phrase": " he's..."}, {"speaker": "LENO", "phrase": "PAUSE"}, {"speaker": "ALIN", "phrase": " he didn't believe me."}, {"speaker": "ALIN", "phrase": " That I was married."}, {"speaker": "ALIN", "phrase": "He thought I was giving him the brush-off."}, {"speaker": "ALIN", "phrase": " That's cool."}, {"speaker": "ALIN", "phrase": " So they had their other friend come over and meet me"}, {"speaker": "ALIN", "phrase": " who's lawyer."}, {"speaker": "ALIN", "phrase": " And it's really bizarre"}, {"speaker": "ALIN", "phrase": " cause I guessed all of their ages"}, {"speaker": "ALIN", "phrase": " and they were like blown away."}, {"speaker": "ALIN", "phrase": " They were saying"}, {"speaker": "ALIN", "phrase": " well that's what happens when you're this elderly age."}, {"speaker": "ALIN", "phrase": " But um"}, {"speaker": "ALIN", "phrase": " meanwhile"}, {"speaker": "ALIN", "phrase": " in had walked these two really."}, {"speaker": "ALIN", "phrase": " kind of scruffy looking guys"}, {"speaker": "ALIN", "phrase": " you know not."}, {"speaker": "ALIN", "phrase": " Cause these guys were all like"}, {"speaker": "ALIN", "phrase": " you know"}, {"speaker": "ALIN", "phrase": " Mister Hip."}, {"speaker": "ALIN", "phrase": " And here comes these two other guys."}, {"speaker": "ALIN", "phrase": " One's Black guy"}, {"speaker": "ALIN", "phrase": " and one's this uh White guy with this beard."}, {"speaker": "LENO", "phrase": " oh."}, {"speaker": "ALIN", "phrase": " And he's got like Lorimar sweatshirt on."}, {"speaker": "ALIN", "phrase": " So I'm sitting there and."}, {"speaker": "ALIN", "phrase": " \u0294uh the."}, {"speaker": "ALIN", "phrase": "..."}, {"speaker": "LENO", "phrase": " Lorimar."}, {"speaker": "ALIN", "phrase": " DR kept trying to talk to me."}, {"speaker": "LENO", "phrase": "PAUSE"}, {"speaker": "ALIN", "phrase": " talk to me"}, {"speaker": "ALIN", "phrase": " you know..."}, {"speaker": "LENO", "phrase": " DR."}, {"speaker": "ALIN", "phrase": " DR doctor."}, {"speaker": "ALIN", "phrase": " He is doctor."}, {"speaker": "ALIN", "phrase": " Yeah but that's all he'd give his name for."}, {"speaker": "LENO", "phrase": "PAUSE"}, {"speaker": "LENO", "phrase": " Oh."}, {"speaker": "ALIN", "phrase": " But."}, {"speaker": "LENO", "phrase": " God."}, {"speaker": "ALIN", "phrase": " he's had an interesting command of the English language"}, {"speaker": "ALIN", "phrase": " because all double entendres."}, {"speaker": "ALIN", "phrase": " You know"}, {"speaker": "ALIN", "phrase": " but if you didn't understand your English"}, {"speaker": "ALIN", "phrase": " you didn't understand what he was saying."}, {"speaker": "LENO", "phrase": "PAUSE"}, {"speaker": "ALIN", "phrase": " so he was actually lot of fun to talk to."}, {"speaker": "LENO", "phrase": "PAUSE"}, {"speaker": "ALIN", "phrase": " I had good time with him."}, {"speaker": "ALIN", "phrase": " That's actually even"}, {"speaker": "ALIN", "phrase": " how we even started talking."}, {"speaker": "ALIN", "phrase": " And he started talking to one of the other paddlers"}, {"speaker": "ALIN", "phrase": " who's probably going through divorce this year"}, {"speaker": "ALIN", "phrase": " and he used the same lines on her"}, {"speaker": "ALIN", "phrase": " and she didn't get it."}, {"speaker": "LENO", "phrase": " Oh laugh well laugh."}, {"speaker": "ALIN", "phrase": " So you know."}, {"speaker": "LENO", "phrase": "PAUSE"}, {"speaker": "ALIN", "phrase": " he was like really bored and left."}, {"speaker": "ALIN", "phrase": " But anyway."}, {"speaker": "LENO", "phrase": "PAUSE"}, {"speaker": "ALIN", "phrase": " I started talking to the Black guy."}, {"speaker": "ALIN", "phrase": " when DR walked off"}, {"speaker": "ALIN", "phrase": " and."}, {"speaker": "ALIN", "phrase": " \u0294uh you know"}, {"speaker": "ALIN", "phrase": " all of sudden you're realizing"}, {"speaker": "ALIN", "phrase": " this guy is stringing sentences"}, {"speaker": "ALIN", "phrase": " complicated sentences together"}, {"speaker": "ALIN", "phrase": " and."}, {"speaker": "ALIN", "phrase": " he knows what you're talking about"}, {"speaker": "ALIN", "phrase": " and"}, {"speaker": "ALIN", "phrase": " he's dropping"}, {"speaker": "ALIN", "phrase": " literary terms"}, {"speaker": "ALIN", "phrase": " and names"}, {"speaker": "ALIN", "phrase": " and you're kind of going."}, {"speaker": "LENO", "phrase": "PAUSE"}, {"speaker": "ALIN", "phrase": " where are you from."}, {"speaker": "ALIN", "phrase": " He's."}, {"speaker": "ALIN", "phrase": " He's a army brat."}, {"speaker": "ALIN", "phrase": " And has."}, {"speaker": "ALIN", "phrase": " He speaks fluent German."}, {"speaker": "ALIN", "phrase": " He's lived in about thirty places."}, {"speaker": "ALIN", "phrase": " And I said God"}, {"speaker": "ALIN", "phrase": " you know"}, {"speaker": "ALIN", "phrase": " that must have really made you."}, {"speaker": "ALIN", "phrase": " \u0294uh you know"}, {"speaker": "ALIN", "phrase": " it's."}, {"speaker": "ALIN", "phrase": " you must have good time at making new friends"}, {"speaker": "ALIN", "phrase": " it's easy for you"}, {"speaker": "ALIN", "phrase": " and he said"}, {"speaker": "ALIN", "phrase": " oh yeah"}, {"speaker": "ALIN", "phrase": " he had that"}, {"speaker": "ALIN", "phrase": " but"}, {"speaker": "ALIN", "phrase": " also what it'd done"}, {"speaker": "ALIN", "phrase": " is it caused him to be introverted"}, {"speaker": "ALIN", "phrase": " so he read lot."}, {"speaker": "ALIN", "phrase": " when he was kid."}, {"speaker": "ALIN", "phrase": " So he's really self taught"}, {"speaker": "ALIN", "phrase": " and"}, {"speaker": "ALIN", "phrase": " you know"}, {"speaker": "ALIN", "phrase": " kind of"}, {"speaker": "ALIN", "phrase": " one of the things he did was he"}, {"speaker": "ALIN", "phrase": " kind of took up the guitar at twelve ?"}, {"speaker": "ALIN", "phrase": " Now he's thirtyfive"}, {"speaker": "ALIN", "phrase": " you ought to hear that guy on the guitar."}, {"speaker": "ALIN", "phrase": " He's absolutely amazing."}, {"speaker": "ALIN", "phrase": " The guy with the beard"}, {"speaker": "ALIN", "phrase": " was his good buddy."}, {"speaker": "ALIN", "phrase": " They both work for the phone company."}, {"speaker": "ALIN", "phrase": " The guy with the beard must be about"}, {"speaker": "ALIN", "phrase": " six four"}, {"speaker": "ALIN", "phrase": " six five"}, {"speaker": "ALIN", "phrase": " and uh"}, {"speaker": "ALIN", "phrase": " he got his first degree in fire science."}, {"speaker": "ALIN", "phrase": " His parents were."}, {"speaker": "ALIN", "phrase": "His mother was forty eight when he was born."}, {"speaker": "ALIN", "phrase": " His father was fiftyone."}, {"speaker": "ALIN", "phrase": " They died when he was thirteen"}, {"speaker": "ALIN", "phrase": " He put."}, {"speaker": "ALIN", "phrase": " He graduated from high school early"}, {"speaker": "ALIN", "phrase": " went through fire science major at UCLA."}, {"speaker": "ALIN", "phrase": " I forgot"}, {"speaker": "ALIN", "phrase": " the people from the West Side do that lot."}, {"speaker": "ALIN", "phrase": " They go through this stupid fire science major out at UCLA."}, {"speaker": "ALIN", "phrase": " Become firemen."}, {"speaker": "ALIN", "phrase": " And now."}, {"speaker": "ALIN", "phrase": "You know?"}, {"speaker": "ALIN", "phrase": " and now he works for the phone company"}, {"speaker": "ALIN", "phrase": " and he's."}, {"speaker": "ALIN", "phrase": " he's uh"}, {"speaker": "ALIN", "phrase": " putting himself"}, {"speaker": "ALIN", "phrase": " He's going to be microwave engineer."}, {"speaker": "LENO", "phrase": "PAUSE"}, {"speaker": "LENO", "phrase": "PAUSE"}, {"speaker": "ALIN", "phrase": " And he's going to CSUN"}, {"speaker": "ALIN", "phrase": " because that's the only place you can go at night."}, {"speaker": "ALIN", "phrase": "PAUSE"}, {"speaker": "LENO", "phrase": " Wow."}, {"speaker": "ALIN", "phrase": " Brilliant."}, {"speaker": "ALIN", "phrase": " He's been in there since nineteen eighty."}, {"speaker": "LENO", "phrase": " Hunh."}, {"speaker": "ALIN", "phrase": " I'm sitting there"}, {"speaker": "ALIN", "phrase": " you know"}, {"speaker": "ALIN", "phrase": " he's like thirtyfive now."}, {"speaker": "LENO", "phrase": "PAUSE"}, {"speaker": "ALIN", "phrase": " talking to him"}, {"speaker": "ALIN", "phrase": " he had big old hicky here"}, {"speaker": "ALIN", "phrase": " he told me he was going to another party"}, {"speaker": "ALIN", "phrase": " I said"}, {"speaker": "ALIN", "phrase": " oh"}, {"speaker": "ALIN", "phrase": " you want matching set ?"}, {"speaker": "LENO", "phrase": " Oh laugh God laugh."}, {"speaker": "ALIN", "phrase": "PAUSE"}, {"speaker": "ALIN", "phrase": " The Black guy laughed."}, {"speaker": "ALIN", "phrase": " He."}, {"speaker": "LENO", "phrase": "PAUSE"}, {"speaker": "ALIN", "phrase": " oh"}, {"speaker": "ALIN", "phrase": " you noticed."}, {"speaker": "LENO", "phrase": "PAUSE"}, {"speaker": "ALIN", "phrase": " I said"}, {"speaker": "ALIN", "phrase": " yeah"}, {"speaker": "ALIN", "phrase": " turtlenecks don't hide everything."}, {"speaker": "ALIN", "phrase": "PAUSE"}, {"speaker": "ALIN", "phrase": " But the Black guy's father works with the um"}, {"speaker": "ALIN", "phrase": " CIA."}, {"speaker": "LENO", "phrase": " Oh"}, {"speaker": "LENO", "phrase": " you're kidding."}, {"speaker": "ALIN", "phrase": " So"}, {"speaker": "ALIN", "phrase": " no."}, {"speaker": "LENO", "phrase": "PAUSE"}, {"speaker": "ALIN", "phrase": " He set up"}, {"speaker": "ALIN", "phrase": " so the Black guy set up all the phones during the Olympics."}, {"speaker": "LENO", "phrase": "PAUSE"}, {"speaker": "ALIN", "phrase": " and he was the best like guy out there at the Olympics"}, {"speaker": "ALIN", "phrase": " or"}, {"speaker": "ALIN", "phrase": " you know"}, {"speaker": "ALIN", "phrase": " he had special coverage"}, {"speaker": "ALIN", "phrase": " and special protection"}, {"speaker": "ALIN", "phrase": " and everything."}, {"speaker": "LENO", "phrase": " Wow."}, {"speaker": "ALIN", "phrase": " But they were so much fun to talk to."}, {"speaker": "ALIN", "phrase": " I had ball."}, {"speaker": "ALIN", "phrase": " I ended up"}, {"speaker": "ALIN", "phrase": " you know"}, {"speaker": "ALIN", "phrase": " and \u0294uh."}, {"speaker": "ALIN", "phrase": " all the paddlers were going"}, {"speaker": "ALIN", "phrase": " yeah"}, {"speaker": "ALIN", "phrase": " Alina"}, {"speaker": "ALIN", "phrase": " talking to all the boys."}, {"speaker": "ALIN", "phrase": " Don't they know you're married ?"}, {"speaker": "ALIN", "phrase": " Are you."}, {"speaker": "ALIN", "phrase": " they said"}, {"speaker": "ALIN", "phrase": "PAUSE"}, {"speaker": "ALIN", "phrase": " like I told DR"}, {"speaker": "ALIN", "phrase": " just cause I'm married"}, {"speaker": "ALIN", "phrase": " I ain't dead."}, {"speaker": "LENO", "phrase": "PAUSE"}, {"speaker": "ALIN", "phrase": "PAUSE"}, {"speaker": "ALIN", "phrase": " I still like to go to parties."}, {"speaker": "ALIN", "phrase": " I'm sorry."}, {"speaker": "LENO", "phrase": "PAUSE"}, {"speaker": "ALIN", "phrase": "PAUSE"}, {"speaker": "LENO", "phrase": "PAUSE"}, {"speaker": "LENO", "phrase": " Shit laugh."}, {"speaker": "ALIN", "phrase": "PAUSE"}, {"speaker": "ALIN", "phrase": " And he goes."}, {"speaker": "LENO", "phrase": "PAUSE"}, {"speaker": "ALIN", "phrase": " So you're married."}, {"speaker": "ALIN", "phrase": "PAUSE"}, {"speaker": "ALIN", "phrase": " And I said"}, {"speaker": "ALIN", "phrase": " yeah I'm married."}, {"speaker": "ALIN", "phrase": " And I said"}, {"speaker": "ALIN", "phrase": " so is he."}, {"speaker": "ALIN", "phrase": " He's married too."}, {"speaker": "LENO", "phrase": "PAUSE"}, {"speaker": "ALIN", "phrase": " And he goes"}, {"speaker": "ALIN", "phrase": " oh."}, {"speaker": "ALIN", "phrase": " Well that makes it convenient then"}, {"speaker": "ALIN", "phrase": " uh"}, {"speaker": "ALIN", "phrase": " I always like it when"}, {"speaker": "ALIN", "phrase": " both of you are married to each other."}, {"speaker": "LENO", "phrase": "PAUSE"}, {"speaker": "ALIN", "phrase": " And I said"}, {"speaker": "ALIN", "phrase": " so do I."}, {"speaker": "LENO", "phrase": "PAUSE"}, {"speaker": "ALIN", "phrase": "PAUSE"}, {"speaker": "LENO", "phrase": " Hector."}, {"speaker": "ALIN", "phrase": "PAUSE"}, {"speaker": "LENO", "phrase": " \u0294uh Oh God."}, {"speaker": "ALIN", "phrase": " Poor little Hector."}, {"speaker": "ALIN", "phrase": " He's been having hell of time."}, {"speaker": "ALIN", "phrase": " Pulling his hair out."}, {"speaker": "ALIN", "phrase": " He's been grumpy for three months."}, {"speaker": "LENO", "phrase": " Well"}, {"speaker": "LENO", "phrase": " it's over now."}, {"speaker": "ALIN", "phrase": "PAUSE"}, {"speaker": "LENO", "phrase": " isn't it ?"}, {"speaker": "ALIN", "phrase": " Yeah."}, {"speaker": "ALIN", "phrase": " He was actually talkative tonight."}, {"speaker": "ALIN", "phrase": " when I called him on the phone ?"}, {"speaker": "ALIN", "phrase": " He talked to me."}, {"speaker": "ALIN", "phrase": " for like fifteen minutes tonight."}, {"speaker": "ALIN", "phrase": " Do you know how long it's been since he's been able to talk to me on the phone ?"}, {"speaker": "LENO", "phrase": " Who does he work with now."}, {"speaker": "ALIN", "phrase": "PAUSE"}, {"speaker": "ALIN", "phrase": " Kevin."}, {"speaker": "LENO", "phrase": " Rosenblum."}, {"speaker": "ALIN", "phrase": "PAUSE"}, {"speaker": "ALIN", "phrase": " No."}, {"speaker": "ALIN", "phrase": " Uh well"}, {"speaker": "ALIN", "phrase": " yeah."}, {"speaker": "LENO", "phrase": "PAUSE"}, {"speaker": "ALIN", "phrase": " Rosenblum's down the hall"}, {"speaker": "ALIN", "phrase": " and then it's."}, {"speaker": "ALIN", "phrase": " Kevin's his assistant."}, {"speaker": "LENO", "phrase": "PAUSE"}, {"speaker": "ALIN", "phrase": " and then they don't have the third editor."}, {"speaker": "ALIN", "phrase": " But it's so nice."}, {"speaker": "LENO", "phrase": " Him and Kevin."}, {"speaker": "ALIN", "phrase": "PAUSE"}, {"speaker": "LENO", "phrase": " Essentially."}, {"speaker": "ALIN", "phrase": " Yeah."}, {"speaker": "ALIN", "phrase": " Yeah."}, {"speaker": "ALIN", "phrase": " Kevin's his assistant."}, {"speaker": "ALIN", "phrase": " But they're trying to get Kevin to."}, {"speaker": "ALIN", "phrase": " Kevin's been in production before."}, {"speaker": "ALIN", "phrase": " He's has actually been associate producer before."}, {"speaker": "LENO", "phrase": " And they want Kevin to take Hector's place ?"}, {"speaker": "ALIN", "phrase": " That's possibility"}, {"speaker": "ALIN", "phrase": " but Jake will block it."}, {"speaker": "ALIN", "phrase": " Otherwise known as Nixon."}, {"speaker": "LENO", "phrase": " Who's gonna take Hector's."}, {"speaker": "LENO", "phrase": "PAUSE"}, {"speaker": "ALIN", "phrase": "PAUSE"}, {"speaker": "LENO", "phrase": " Who's gonna..."}, {"speaker": "LENO", "phrase": " Nix"}, {"speaker": "LENO", "phrase": " nix it."}, {"speaker": "LENO", "phrase": " Nixon."}, {"speaker": "ALIN", "phrase": " Nixon."}, {"speaker": "LENO", "phrase": "PAUSE"}, {"speaker": "LENO", "phrase": " So."}, {"speaker": "ALIN", "phrase": "PAUSE"}, {"speaker": "LENO", "phrase": " uh"}, {"speaker": "LENO", "phrase": " who's gonna take Hector's place."}, {"speaker": "ALIN", "phrase": "PAUSE"}, {"speaker": "ALIN", "phrase": " I don't know."}, {"speaker": "ALIN", "phrase": " They'll have to see."}, {"speaker": "LENO", "phrase": " They gonna bring in some"}, {"speaker": "LENO", "phrase": " neurotic laugh from New Jersey ?"}, {"speaker": "ALIN", "phrase": "PAUSE"}, {"speaker": "LENO", "phrase": "PAUSE"}, {"speaker": "ALIN", "phrase": " Yeah sounds like good idea."}, {"speaker": "LENO", "phrase": "PAUSE"}, {"speaker": "ALIN", "phrase": " Somebody that could sit there and take orders"}, {"speaker": "ALIN", "phrase": " and listen to what they have to say"}, {"speaker": "ALIN", "phrase": " and how they wanna do it."}, {"speaker": "ALIN", "phrase": " Part of the problem with this whole thing was"}, {"speaker": "ALIN", "phrase": " that uh"}, {"speaker": "ALIN", "phrase": " how I see it"}, {"speaker": "ALIN", "phrase": " was that Ellen was not relinquishing her duties"}, {"speaker": "ALIN", "phrase": " to let Hector go ahead and run it"}, {"speaker": "ALIN", "phrase": " Jake was feeling threatened"}, {"speaker": "ALIN", "phrase": " because"}, {"speaker": "ALIN", "phrase": " associate producer is supposed to run editorial."}, {"speaker": "ALIN", "phrase": " And it makes sense."}, {"speaker": "ALIN", "phrase": " Hector had an Emmy."}, {"speaker": "ALIN", "phrase": " nomination"}, {"speaker": "ALIN", "phrase": " I would let him run editorial."}, {"speaker": "ALIN", "phrase": " I would let him do anything he wanted to do in editorial."}, {"speaker": "ALIN", "phrase": " They clipped his wings."}, {"speaker": "ALIN", "phrase": " They wouldn't let him do anything."}, {"speaker": "ALIN", "phrase": " There are three shows in trouble."}, {"speaker": "ALIN", "phrase": " He was not allowed to help on any of em."}, {"speaker": "ALIN", "phrase": " None of em."}, {"speaker": "LENO", "phrase": " That's changed now though"}, {"speaker": "LENO", "phrase": " he can be"}, {"speaker": "LENO", "phrase": " like he was before again."}, {"speaker": "ALIN", "phrase": " Yeah."}, {"speaker": "LENO", "phrase": " edit"}, {"speaker": "LENO", "phrase": " and the neurotics are out."}, {"speaker": "ALIN", "phrase": "PAUSE"}, {"speaker": "ALIN", "phrase": " Well"}, {"speaker": "ALIN", "phrase": " what's gonna happen"}, {"speaker": "ALIN", "phrase": " that he is editorial."}, {"speaker": "ALIN", "phrase": " Period."}, {"speaker": "ALIN", "phrase": " Cause Stevie's supposed to leave in February"}, {"speaker": "ALIN", "phrase": " so unless they."}, {"speaker": "ALIN", "phrase": " they."}, {"speaker": "ALIN", "phrase": " They have to look for an editor."}, {"speaker": "LENO", "phrase": " Rosenblum's coming back though isn't he."}, {"speaker": "ALIN", "phrase": " I don't know what he's gonna do."}, {"speaker": "ALIN", "phrase": " He wants to work actually features."}, {"speaker": "ALIN", "phrase": " He doesn't really wanna do TV."}, {"speaker": "LENO", "phrase": "PAUSE"}, {"speaker": "ALIN", "phrase": "PAUSE"}, {"speaker": "LENO", "phrase": " Hm."}, {"speaker": "ALIN", "phrase": " I went and saw their house the other night."}, {"speaker": "LENO", "phrase": " Where is it."}, {"speaker": "ALIN", "phrase": " Their new house."}, {"speaker": "LENO", "phrase": "PAUSE"}, {"speaker": "ALIN", "phrase": " It's um"}, {"speaker": "ALIN", "phrase": " you know where Beverly Glen is ?"}, {"speaker": "LENO", "phrase": "PAUSE"}, {"speaker": "LENO", "phrase": "PAUSE"}, {"speaker": "ALIN", "phrase": " It's one of those streets off of there."}, {"speaker": "LENO", "phrase": "PAUSE"}, {"speaker": "ALIN", "phrase": " It's nice little \u0294uh..."}, {"speaker": "LENO", "phrase": " North"}, {"speaker": "LENO", "phrase": " or south"}, {"speaker": "LENO", "phrase": " of Sunset."}, {"speaker": "ALIN", "phrase": " Oh"}, {"speaker": "ALIN", "phrase": " south"}, {"speaker": "ALIN", "phrase": " of course."}, {"speaker": "ALIN", "phrase": " Way down."}, {"speaker": "LENO", "phrase": " Oh."}, {"speaker": "ALIN", "phrase": " They're right off of Pico and"}, {"speaker": "ALIN", "phrase": " I know."}, {"speaker": "ALIN", "phrase": " How crass."}, {"speaker": "ALIN", "phrase": " True cuz."}, {"speaker": "ALIN", "phrase": " But it's."}, {"speaker": "ALIN", "phrase": " Right next door is Ted Rich"}, {"speaker": "ALIN", "phrase": " who's uh"}, {"speaker": "ALIN", "phrase": " one of the biggies at MTM"}, {"speaker": "ALIN", "phrase": " or"}, {"speaker": "ALIN", "phrase": " Lorimar or MGM"}, {"speaker": "ALIN", "phrase": " oh I forgot which one."}, {"speaker": "LENO", "phrase": "PAUSE"}, {"speaker": "ALIN", "phrase": "PAUSE"}, {"speaker": "LENO", "phrase": " One of them."}, {"speaker": "ALIN", "phrase": " One of those places."}, {"speaker": "ALIN", "phrase": " It all means the same to me."}, {"speaker": "LENO", "phrase": "PAUSE"}, {"speaker": "ALIN", "phrase": " You know."}, {"speaker": "LENO", "phrase": " really."}, {"speaker": "ALIN", "phrase": " I can never tell the difference."}, {"speaker": "ALIN", "phrase": "PAUSE"}, {"speaker": "LENO", "phrase": " MTM"}, {"speaker": "LENO", "phrase": " MGM"}, {"speaker": "LENO", "phrase": " Lorimar."}, {"speaker": "ALIN", "phrase": " Except one day."}, {"speaker": "LENO", "phrase": "PAUSE"}, {"speaker": "ALIN", "phrase": " Hector was."}, {"speaker": "ALIN", "phrase": " you know"}, {"speaker": "ALIN", "phrase": " they were scoring ?"}, {"speaker": "ALIN", "phrase": " the show last week ?"}, {"speaker": "ALIN", "phrase": " And I."}, {"speaker": "ALIN", "phrase": " and I called up to talk to him."}, {"speaker": "LENO", "phrase": "PAUSE"}, {"speaker": "ALIN", "phrase": " and"}, {"speaker": "ALIN", "phrase": " I could hear the um"}, {"speaker": "ALIN", "phrase": " the musicians in the background tuning up their instruments ?"}, {"speaker": "LENO", "phrase": "PAUSE"}, {"speaker": "ALIN", "phrase": " And then"}, {"speaker": "ALIN", "phrase": " you know"}, {"speaker": "ALIN", "phrase": " and it's okay to talk to Hector"}, {"speaker": "ALIN", "phrase": " I could hear him little bit"}, {"speaker": "ALIN", "phrase": " but not too well"}, {"speaker": "ALIN", "phrase": " but you know I still could talk to him"}, {"speaker": "ALIN", "phrase": " and the next thing you hear"}, {"speaker": "ALIN", "phrase": " all these horns blaring."}, {"speaker": "ALIN", "phrase": " So he said"}, {"speaker": "ALIN", "phrase": " Lina"}, {"speaker": "ALIN", "phrase": " I have to go."}, {"speaker": "ALIN", "phrase": " No shit."}, {"speaker": "LENO", "phrase": "PAUSE"}, {"speaker": "ALIN", "phrase": " I can't hear you at all."}, {"speaker": "LENO", "phrase": "PAUSE"}, {"speaker": "ALIN", "phrase": " sweetheart."}, {"speaker": "ALIN", "phrase": "PAUSE"}, {"speaker": "ALIN", "phrase": " Call me"}, {"speaker": "ALIN", "phrase": " when I can hear you."}, {"speaker": "ALIN", "phrase": " It was funny."}, {"speaker": "ALIN", "phrase": " That's the only part I'll miss."}, {"speaker": "LENO", "phrase": " So..."}, {"speaker": "ALIN", "phrase": " but"}, {"speaker": "ALIN", "phrase": "..."}, {"speaker": "LENO", "phrase": " His position is pretty uh."}, {"speaker": "ALIN", "phrase": " \u0294uh stable."}, {"speaker": "ALIN", "phrase": " Yeah."}, {"speaker": "ALIN", "phrase": " Fletcher."}, {"speaker": "ALIN", "phrase": " Well see"}, {"speaker": "ALIN", "phrase": " actually Fletcher was going to ask Hector to move back to editorial"}, {"speaker": "ALIN", "phrase": " but he didn't know how to approach him"}, {"speaker": "ALIN", "phrase": " cause he thought he was so thrilled about being associate producer."}, {"speaker": "ALIN", "phrase": " But Hector really hated it."}, {"speaker": "ALIN", "phrase": " So Hector's the one"}, {"speaker": "ALIN", "phrase": " when was it."}, {"speaker": "ALIN", "phrase": " Two."}, {"speaker": "ALIN", "phrase": " Two weekends ago ?"}, {"speaker": "ALIN", "phrase": " Or last weekend."}, {"speaker": "ALIN", "phrase": " He."}, {"speaker": "ALIN", "phrase": " he."}, {"speaker": "ALIN", "phrase": " He looked at me and he goes"}, {"speaker": "ALIN", "phrase": " so."}, {"speaker": "ALIN", "phrase": " Lina"}, {"speaker": "ALIN", "phrase": " what happens on Hanukkah."}, {"speaker": "ALIN", "phrase": " And I was going"}, {"speaker": "ALIN", "phrase": " I can't exactly remember the story"}, {"speaker": "ALIN", "phrase": " but"}, {"speaker": "ALIN", "phrase": " all I know is you light candle"}, {"speaker": "ALIN", "phrase": " and open present."}, {"speaker": "ALIN", "phrase": " And he goes"}, {"speaker": "ALIN", "phrase": " so"}, {"speaker": "ALIN", "phrase": " if I call Fletcher"}, {"speaker": "ALIN", "phrase": " it wouldn't be any great shakes"}, {"speaker": "ALIN", "phrase": " and I said"}, {"speaker": "ALIN", "phrase": " nope."}, {"speaker": "LENO", "phrase": "PAUSE"}, {"speaker": "ALIN", "phrase": " I said what"}, {"speaker": "ALIN", "phrase": " he."}, {"speaker": "ALIN", "phrase": " never told me why he was calling up Fletcher"}, {"speaker": "ALIN", "phrase": " so."}, {"speaker": "ALIN", "phrase": " um"}, {"speaker": "ALIN", "phrase": " Sunday he looked at me and he goes"}, {"speaker": "ALIN", "phrase": " I'm calling Fletcher"}, {"speaker": "ALIN", "phrase": " I want to go back to editorial."}, {"speaker": "ALIN", "phrase": " I said okay"}, {"speaker": "ALIN", "phrase": " go ahead."}, {"speaker": "ALIN", "phrase": " So he called Fletcher"}, {"speaker": "ALIN", "phrase": " and Fletcher was so relieved."}, {"speaker": "ALIN", "phrase": " Cause he wanted to ask Hector to move back to editorial."}, {"speaker": "ALIN", "phrase": " He's just happy he did it."}, {"speaker": "LENO", "phrase": " Why did he want to ask Hector to move back to editorial."}, {"speaker": "ALIN", "phrase": " Because he's so unhappy with the editorial staff."}, {"speaker": "ALIN", "phrase": " That they couldn't get what they wanted out of Sherry."}, {"speaker": "LENO", "phrase": "PAUSE"}, {"speaker": "ALIN", "phrase": " and they couldn't get what they wanted out of Seppie."}, {"speaker": "ALIN", "phrase": " It's actually not Seppie's fault"}, {"speaker": "ALIN", "phrase": " it's kind of"}, {"speaker": "ALIN", "phrase": " they needed to work with him more"}, {"speaker": "ALIN", "phrase": " but that Sherry was impossible."}, {"speaker": "ALIN", "phrase": " She was witch."}, {"speaker": "ALIN", "phrase": " And then her assistant pulled stunts where she didn't do stuff"}, {"speaker": "ALIN", "phrase": " that everybody knows assistants do."}, {"speaker": "ALIN", "phrase": " which I wouldn't know"}, {"speaker": "ALIN", "phrase": " cause I'm no assistant."}, {"speaker": "ALIN", "phrase": " But"}, {"speaker": "ALIN", "phrase": " things like"}, {"speaker": "ALIN", "phrase": " making sure that the script gets to the people doing the sound effects"}, {"speaker": "ALIN", "phrase": " so that they can follow along"}, {"speaker": "ALIN", "phrase": " and make certain that their sound effects are going in the right spots"}, {"speaker": "ALIN", "phrase": " that kind of thing ?"}, {"speaker": "ALIN", "phrase": " She totally screwed up the show that they're working on now"}, {"speaker": "ALIN", "phrase": " I don't know what number that is."}, {"speaker": "ALIN", "phrase": "PAUSE"}, {"speaker": "ALIN", "phrase": " Sylvia."}, {"speaker": "LENO", "phrase": " What show is being shown now."}, {"speaker": "ALIN", "phrase": " Well"}, {"speaker": "ALIN", "phrase": " it's the one they're working on"}, {"speaker": "ALIN", "phrase": " the one they're working on's not always the one that's being shown."}, {"speaker": "LENO", "phrase": " No."}, {"speaker": "LENO", "phrase": " But what one is tonight."}, {"speaker": "ALIN", "phrase": " Tonight ?"}, {"speaker": "ALIN", "phrase": " I don't know."}, {"speaker": "LENO", "phrase": " Four ?"}, {"speaker": "LENO", "phrase": " Five ?"}, {"speaker": "ALIN", "phrase": "PAUSE"}, {"speaker": "LENO", "phrase": " Six ?"}, {"speaker": "ALIN", "phrase": " This."}, {"speaker": "ALIN", "phrase": " I don't know."}, {"speaker": "ALIN", "phrase": " We'll have to."}, {"speaker": "ALIN", "phrase": " Oh"}, {"speaker": "ALIN", "phrase": " this is the second one in the new season."}, {"speaker": "LENO", "phrase": " Hm."}, {"speaker": "ALIN", "phrase": " but I don't know"}, {"speaker": "ALIN", "phrase": " if this was really number two."}, {"speaker": "LENO", "phrase": " Hm."}, {"speaker": "ALIN", "phrase": " how they placed it"}, {"speaker": "ALIN", "phrase": " or if it was like"}, {"speaker": "ALIN", "phrase": " like you said"}, {"speaker": "ALIN", "phrase": " number three four or five."}, {"speaker": "ALIN", "phrase": " Because they had such hard time with it."}, {"speaker": "ALIN", "phrase": " Like last week's wasn't supposed to be shown"}, {"speaker": "ALIN", "phrase": " even though it was supposed to be number one"}, {"speaker": "ALIN", "phrase": " because it was so poorly done."}, {"speaker": "ALIN", "phrase": " It had so much wrong with it."}, {"speaker": "ALIN", "phrase": " Hector kept trying to get it corrected"}, {"speaker": "ALIN", "phrase": " like month ago ?"}, {"speaker": "ALIN", "phrase": " And they kept stopping him"}, {"speaker": "ALIN", "phrase": " stopping"}, {"speaker": "ALIN", "phrase": " stopping"}, {"speaker": "ALIN", "phrase": " stopping"}, {"speaker": "ALIN", "phrase": " stopping."}, {"speaker": "LENO", "phrase": " Cause of her."}, {"speaker": "ALIN", "phrase": " Cause of her"}, {"speaker": "ALIN", "phrase": " cause of Jake."}, {"speaker": "ALIN", "phrase": " Nixon."}, {"speaker": "ALIN", "phrase": " He didn't want him to do it."}, {"speaker": "ALIN", "phrase": " And it makes him look like an idiot"}, {"speaker": "ALIN", "phrase": " cause he's the director"}, {"speaker": "ALIN", "phrase": " and you can tell where he's missed the shots."}, {"speaker": "ALIN", "phrase": " Has nothing whatsoever to do with anybody else."}, {"speaker": "ALIN", "phrase": " It's Jake."}, {"speaker": "ALIN", "phrase": " But he'll."}, {"speaker": "ALIN", "phrase": " He'd cut off his nose to spite his face."}, {"speaker": "ALIN", "phrase": " That's stupid."}, {"speaker": "ALIN", "phrase": " So now Fletcher's starting to realize what's going on."}, {"speaker": "ALIN", "phrase": " It's hard"}, {"speaker": "ALIN", "phrase": " because"}, {"speaker": "ALIN", "phrase": " the hatchet man actually in the group is Ed."}, {"speaker": "ALIN", "phrase": " Ed's the one that'll come in"}, {"speaker": "ALIN", "phrase": " and he'll go ahead and say"}, {"speaker": "ALIN", "phrase": " this is what needs to be done."}, {"speaker": "ALIN", "phrase": " Okay"}, {"speaker": "ALIN", "phrase": " and."}, {"speaker": "ALIN", "phrase": " or he'll look at you"}, {"speaker": "ALIN", "phrase": " and he'll go"}, {"speaker": "ALIN", "phrase": " that was stupid thing to do"}, {"speaker": "ALIN", "phrase": " why'd you do that."}, {"speaker": "ALIN", "phrase": " You know"}, {"speaker": "ALIN", "phrase": " makes the editor really stop and think."}, {"speaker": "ALIN", "phrase": " Or makes whoever it is stop and think"}, {"speaker": "ALIN", "phrase": " the director."}, {"speaker": "ALIN", "phrase": " But"}, {"speaker": "ALIN", "phrase": " Fletcher'll kind of sit there and kind of go"}, {"speaker": "ALIN", "phrase": " well"}, {"speaker": "ALIN", "phrase": " mhm."}, {"speaker": "ALIN", "phrase": " Well"}, {"speaker": "ALIN", "phrase": " let me see"}, {"speaker": "ALIN", "phrase": " that."}, {"speaker": "ALIN", "phrase": " that seemed to be okay"}, {"speaker": "ALIN", "phrase": " but I'll have to think about it."}, {"speaker": "ALIN", "phrase": " He's real wishywashy."}, {"speaker": "ALIN", "phrase": " He's too uh"}, {"speaker": "ALIN", "phrase": " namby pamby."}, {"speaker": "ALIN", "phrase": " You need somebody to come in and go"}, {"speaker": "ALIN", "phrase": "PAUSE"}, {"speaker": "ALIN", "phrase": "PAUSE"}, {"speaker": "ALIN", "phrase": "PAUSE"}, {"speaker": "LENO", "phrase": " Yeah."}, {"speaker": "ALIN", "phrase": " So"}, {"speaker": "ALIN", "phrase": " they're kind of suffering that."}, {"speaker": "ALIN", "phrase": " \u0294uh from that this year."}, {"speaker": "ALIN", "phrase": " Not having that on there."}, {"speaker": "ALIN", "phrase": " But"}, {"speaker": "ALIN", "phrase": " Fletcher's having to learn how to be more assertive."}, {"speaker": "ALIN", "phrase": " Otherwise his show's just gonna go down the tubes."}, {"speaker": "LENO", "phrase": " Yeah."}, {"speaker": "ALIN", "phrase": " And they can't afford that right now."}, {"speaker": "LENO", "phrase": " How many countries is it in."}, {"speaker": "LENO", "phrase": " Do you know ?"}, {"speaker": "ALIN", "phrase": " Mm."}, {"speaker": "ALIN", "phrase": " All I know is"}, {"speaker": "ALIN", "phrase": " Cathy saw it in France."}, {"speaker": "LENO", "phrase": " Oh really ?"}, {"speaker": "ALIN", "phrase": " Yeah."}, {"speaker": "ALIN", "phrase": " I forgot what it's called."}, {"speaker": "ALIN", "phrase": " Something..."}, {"speaker": "LENO", "phrase": " Huh."}, {"speaker": "ALIN", "phrase": " It's about."}, {"speaker": "ALIN", "phrase": " has to do with the bar generation."}, {"speaker": "ALIN", "phrase": " Um"}, {"speaker": "ALIN", "phrase": "PAUSE"}, {"speaker": "LENO", "phrase": " bar gen..."}, {"speaker": "ALIN", "phrase": " generation."}, {"speaker": "ALIN", "phrase": " Yeah."}, {"speaker": "ALIN", "phrase": " \u0294uh \u0294uh Uh."}, {"speaker": "LENO", "phrase": " What ?"}, {"speaker": "ALIN", "phrase": " what is it."}, {"speaker": "ALIN", "phrase": "PAUSE"}, {"speaker": "LENO", "phrase": " The bar generation ?"}, {"speaker": "LENO", "phrase": " In what sense bar generation."}, {"speaker": "ALIN", "phrase": " Oh no"}, {"speaker": "ALIN", "phrase": " \u0294uh Pub."}, {"speaker": "ALIN", "phrase": " The Pub."}, {"speaker": "ALIN", "phrase": " The Pub Generation."}, {"speaker": "LENO", "phrase": "PAUSE"}, {"speaker": "ALIN", "phrase": " There you go."}, {"speaker": "ALIN", "phrase": "PAUSE"}, {"speaker": "LENO", "phrase": " Pub."}, {"speaker": "ALIN", "phrase": "PAUSE"}, {"speaker": "LENO", "phrase": " French."}, {"speaker": "LENO", "phrase": "PAUSE"}, {"speaker": "ALIN", "phrase": " So Cathy."}, {"speaker": "ALIN", "phrase": " They watched it in French."}, {"speaker": "LENO", "phrase": " g..."}, {"speaker": "ALIN", "phrase": " it was absolutely hilarious."}, {"speaker": "LENO", "phrase": " Oh God."}, {"speaker": "ALIN", "phrase": "PAUSE"}, {"speaker": "ALIN", "phrase": " I know cuz"}, {"speaker": "ALIN", "phrase": " I know"}, {"speaker": "ALIN", "phrase": " I thought that was really funny."}, {"speaker": "LENO", "phrase": " Dorks."}, {"speaker": "ALIN", "phrase": " The pub Generation."}, {"speaker": "LENO", "phrase": " Wow."}, {"speaker": "LENO", "phrase": " Have it in France."}, {"speaker": "ALIN", "phrase": " I know."}, {"speaker": "LENO", "phrase": " That's good."}, {"speaker": "ALIN", "phrase": " And."}, {"speaker": "ALIN", "phrase": " they saw Mako."}, {"speaker": "LENO", "phrase": "PAUSE"}, {"speaker": "ALIN", "phrase": " Did I tell you"}, {"speaker": "ALIN", "phrase": " Harlan's wife ?"}, {"speaker": "LENO", "phrase": " Where."}, {"speaker": "ALIN", "phrase": " They had dinner with her one night."}, {"speaker": "LENO", "phrase": "PAUSE"}, {"speaker": "LENO", "phrase": " Yeah ?"}, {"speaker": "ALIN", "phrase": " And Cathy said"}, {"speaker": "ALIN", "phrase": " oh yeah"}, {"speaker": "ALIN", "phrase": " supposedly Alina's been on this diet and lost weight."}, {"speaker": "LENO", "phrase": "PAUSE"}, {"speaker": "ALIN", "phrase": " She said"}, {"speaker": "ALIN", "phrase": " oh."}, {"speaker": "ALIN", "phrase": " You mean she's not so chubby ?"}, {"speaker": "ALIN", "phrase": " Ooh"}, {"speaker": "ALIN", "phrase": " wait'll I see that bitch again."}, {"speaker": "ALIN", "phrase": " Was that nasty"}, {"speaker": "ALIN", "phrase": " or what."}]}