{"text": [{"speaker": "MANY", "phrase": "PAUSE"}, {"speaker": "PERR", "phrase": " Good afternoon ladies and gentlemen"}, {"speaker": "PERR", "phrase": " It's uh"}, {"speaker": "PERR", "phrase": " truly historic occasion today"}, {"speaker": "PERR", "phrase": " to have \u0294uh among us"}, {"speaker": "PERR", "phrase": " citizen who has contributed so much"}, {"speaker": "PERR", "phrase": " not only to this entire area"}, {"speaker": "PERR", "phrase": " but to the world of ceramics"}, {"speaker": "PERR", "phrase": " and also to the world of literature"}, {"speaker": "PERR", "phrase": " and been part \u0294uh."}, {"speaker": "WOOD", "phrase": "PAUSE"}, {"speaker": "PERR", "phrase": " of one of the great artistic movements"}, {"speaker": "PERR", "phrase": " which revolutionized"}, {"speaker": "PERR", "phrase": " the way art was considered"}, {"speaker": "PERR", "phrase": " and which today still has"}, {"speaker": "PERR", "phrase": " extraordinary resonance"}, {"speaker": "PERR", "phrase": " in the work of younger artists"}, {"speaker": "PERR", "phrase": " who are rediscovering"}, {"speaker": "PERR", "phrase": " something that was discovered"}, {"speaker": "PERR", "phrase": " at the."}, {"speaker": "PERR", "phrase": " almost at the beginning of this century"}, {"speaker": "PERR", "phrase": " and with which Miss Wood"}, {"speaker": "PERR", "phrase": " was so intimately involved."}, {"speaker": "WOOD", "phrase": " ?"}, {"speaker": "PERR", "phrase": " To have the Mother of Dada with us."}, {"speaker": "WOOD", "phrase": "PAUSE"}, {"speaker": "MANY", "phrase": "PAUSE"}, {"speaker": "WOOD", "phrase": " Let's keep"}, {"speaker": "WOOD", "phrase": " Is this it."}, {"speaker": "PERR", "phrase": " is in deed pleasure."}, {"speaker": "PERR", "phrase": " now"}, {"speaker": "PERR", "phrase": " I would like to hold forth"}, {"speaker": "PERR", "phrase": " but I don't think I'm going to be allowed to."}, {"speaker": "MANY", "phrase": "PAUSE"}, {"speaker": "PERR", "phrase": " So."}, {"speaker": "WOOD", "phrase": "PAUSE"}, {"speaker": "PERR", "phrase": " Beatrice \u0294uh"}, {"speaker": "PERR", "phrase": " it is yours."}, {"speaker": "WOOD", "phrase": "PAUSE"}, {"speaker": "PERR", "phrase": "PAUSE"}, {"speaker": "WOOD", "phrase": " Is \u0294uh my voice alright."}, {"speaker": "MANY", "phrase": "PAUSE"}, {"speaker": "WOOD", "phrase": " Like this alright."}, {"speaker": "WOOD", "phrase": " Now"}, {"speaker": "WOOD", "phrase": " referring to that period"}, {"speaker": "WOOD", "phrase": " just mentioned."}, {"speaker": "WOOD", "phrase": " It all touched me"}, {"speaker": "WOOD", "phrase": " by the name no."}, {"speaker": "WOOD", "phrase": " No is the most dangerous word in the English language."}, {"speaker": "WOOD", "phrase": " And"}, {"speaker": "WOOD", "phrase": " it has absolutely changed my life."}, {"speaker": "WOOD", "phrase": " For instance"}, {"speaker": "WOOD", "phrase": " I was brought up"}, {"speaker": "WOOD", "phrase": " very carefully"}, {"speaker": "WOOD", "phrase": " I was good little girl."}, {"speaker": "WOOD", "phrase": " And I was in great revolt."}, {"speaker": "WOOD", "phrase": " My mother saw that I had governess"}, {"speaker": "WOOD", "phrase": " that I went to private schools"}, {"speaker": "WOOD", "phrase": " and I was in."}, {"speaker": "WOOD", "phrase": " I didn't like this at all."}, {"speaker": "WOOD", "phrase": " Now"}, {"speaker": "WOOD", "phrase": " one day"}, {"speaker": "WOOD", "phrase": " I met Elisa."}, {"speaker": "WOOD", "phrase": " A journalist."}, {"speaker": "WOOD", "phrase": " She knew writers"}, {"speaker": "WOOD", "phrase": " she knew artists"}, {"speaker": "WOOD", "phrase": " she lived bohemian life"}, {"speaker": "WOOD", "phrase": " and I was very attracted."}, {"speaker": "WOOD", "phrase": " And interested."}, {"speaker": "WOOD", "phrase": " So I invited her to home"}, {"speaker": "WOOD", "phrase": " for luncheon."}, {"speaker": "WOOD", "phrase": " After she left"}, {"speaker": "WOOD", "phrase": " my mother said to me"}, {"speaker": "WOOD", "phrase": " she's common."}, {"speaker": "MANY", "phrase": "PAUSE"}, {"speaker": "WOOD", "phrase": " That hurt me."}, {"speaker": "WOOD", "phrase": " That was first no."}, {"speaker": "WOOD", "phrase": " Alright"}, {"speaker": "WOOD", "phrase": " So the next time"}, {"speaker": "WOOD", "phrase": " I went to see her"}, {"speaker": "WOOD", "phrase": " and"}, {"speaker": "WOOD", "phrase": " she had little apartment in Greenwich Village"}, {"speaker": "WOOD", "phrase": " and she said"}, {"speaker": "WOOD", "phrase": " there's young musician"}, {"speaker": "WOOD", "phrase": " of twentysix."}, {"speaker": "WOOD", "phrase": " Who's broken his leg"}, {"speaker": "WOOD", "phrase": " he's French"}, {"speaker": "WOOD", "phrase": " he's very lonely"}, {"speaker": "WOOD", "phrase": " you speak French"}, {"speaker": "WOOD", "phrase": " so go see him."}, {"speaker": "WOOD", "phrase": " So \u0294uh"}, {"speaker": "WOOD", "phrase": " I went to see him in the hospital"}, {"speaker": "WOOD", "phrase": " and it was \u0294uh Varese"}, {"speaker": "WOOD", "phrase": " the musician of the avantgarde music"}, {"speaker": "WOOD", "phrase": " and"}, {"speaker": "WOOD", "phrase": " the second time I went to call on him"}, {"speaker": "WOOD", "phrase": " Marcel Duchamp was there."}, {"speaker": "WOOD", "phrase": " The great painter"}, {"speaker": "WOOD", "phrase": " of The Nude Descending the Staircase."}, {"speaker": "WOOD", "phrase": " Alright."}, {"speaker": "WOOD", "phrase": " Marcel Duchamp"}, {"speaker": "WOOD", "phrase": " introduced me"}, {"speaker": "WOOD", "phrase": " to"}, {"speaker": "WOOD", "phrase": " HenriPierre Roche."}, {"speaker": "WOOD", "phrase": " Roche was collector of art"}, {"speaker": "WOOD", "phrase": " and diplomat"}, {"speaker": "WOOD", "phrase": " uh sent by the French government"}, {"speaker": "WOOD", "phrase": " very correct"}, {"speaker": "WOOD", "phrase": " he called on my parents twice"}, {"speaker": "WOOD", "phrase": " and after he left"}, {"speaker": "WOOD", "phrase": " my mother said"}, {"speaker": "WOOD", "phrase": " you're in love with that man."}, {"speaker": "WOOD", "phrase": " You shouldn't see him again."}, {"speaker": "MANY", "phrase": "PAUSE"}, {"speaker": "WOOD", "phrase": " I didn't know whether I was or not."}, {"speaker": "AUD", "phrase": "PAUSE"}, {"speaker": "WOOD", "phrase": " but I was attracted."}, {"speaker": "WOOD", "phrase": " Alright."}, {"speaker": "WOOD", "phrase": " That was her second no."}, {"speaker": "MANY", "phrase": "PAUSE"}, {"speaker": "WOOD", "phrase": " So"}, {"speaker": "WOOD", "phrase": " very politely"}, {"speaker": "WOOD", "phrase": " he called third time"}, {"speaker": "WOOD", "phrase": " and I said"}, {"speaker": "WOOD", "phrase": " oh \u0294uh."}, {"speaker": "WOOD", "phrase": " I was at the phone"}, {"speaker": "WOOD", "phrase": " I'll come to see you."}, {"speaker": "WOOD", "phrase": " He said"}, {"speaker": "WOOD", "phrase": " oh no"}, {"speaker": "WOOD", "phrase": " I just have little apartment in Greenwich Village"}, {"speaker": "WOOD", "phrase": " it's nothing at all"}, {"speaker": "WOOD", "phrase": " I said oh that's alright"}, {"speaker": "WOOD", "phrase": " I don't mind"}, {"speaker": "WOOD", "phrase": " he said"}, {"speaker": "WOOD", "phrase": " no no no"}, {"speaker": "WOOD", "phrase": " it's."}, {"speaker": "WOOD", "phrase": " It's not."}, {"speaker": "WOOD", "phrase": " It's not attractive."}, {"speaker": "WOOD", "phrase": " I said look."}, {"speaker": "WOOD", "phrase": " I'm shopping just around the corner."}, {"speaker": "MANY", "phrase": "PAUSE"}, {"speaker": "WOOD", "phrase": " I see you get the point."}, {"speaker": "AUD", "phrase": "PAUSE"}, {"speaker": "MANY", "phrase": "PAUSE"}, {"speaker": "WOOD", "phrase": " It was lie"}, {"speaker": "WOOD", "phrase": " if I ever said one."}, {"speaker": "MANY", "phrase": "PAUSE"}, {"speaker": "WOOD", "phrase": " So laugh"}, {"speaker": "WOOD", "phrase": " I um"}, {"speaker": "WOOD", "phrase": " decided"}, {"speaker": "WOOD", "phrase": " and I went to see him."}, {"speaker": "WOOD", "phrase": " And I entered his very simple little room"}, {"speaker": "WOOD", "phrase": " I looked around it"}, {"speaker": "WOOD", "phrase": " and I remembered there were very coarse curtains"}, {"speaker": "WOOD", "phrase": " and the sun shone through them"}, {"speaker": "WOOD", "phrase": " made them like gold"}, {"speaker": "WOOD", "phrase": " and I stood in his room"}, {"speaker": "WOOD", "phrase": " and he was very nice gentlemanly man"}, {"speaker": "WOOD", "phrase": " he didn't quite know what to do"}, {"speaker": "WOOD", "phrase": " so he came"}, {"speaker": "WOOD", "phrase": " and he stood opposite me"}, {"speaker": "WOOD", "phrase": " and looked at me"}, {"speaker": "WOOD", "phrase": " And"}, {"speaker": "WOOD", "phrase": " I saw painting on his wall"}, {"speaker": "WOOD", "phrase": " and I saw"}, {"speaker": "WOOD", "phrase": " a glass of water on the table"}, {"speaker": "WOOD", "phrase": " and"}, {"speaker": "WOOD", "phrase": " he wasn't saying anything."}, {"speaker": "WOOD", "phrase": " So"}, {"speaker": "WOOD", "phrase": " finally I looked at him"}, {"speaker": "WOOD", "phrase": " and I said"}, {"speaker": "WOOD", "phrase": " aren't you going to show me your etchings ?"}, {"speaker": "MANY", "phrase": "PAUSE"}, {"speaker": "WOOD", "phrase": " From that time on"}, {"speaker": "WOOD", "phrase": " I was never good little girl."}, {"speaker": "MANY", "phrase": "PAUSE"}, {"speaker": "WOOD", "phrase": " That"}, {"speaker": "WOOD", "phrase": " it was the kind of life I wanted."}, {"speaker": "WOOD", "phrase": " He"}, {"speaker": "WOOD", "phrase": " uh"}, {"speaker": "WOOD", "phrase": " \u0294uh\u0294uh"}, {"speaker": "WOOD", "phrase": " he \u0294uh"}, {"speaker": "WOOD", "phrase": " and Duchamp"}, {"speaker": "WOOD", "phrase": " introduced me to the Arensbergs"}, {"speaker": "WOOD", "phrase": " and I met all the great artists of that day"}, {"speaker": "WOOD", "phrase": " and had wonderful time."}, {"speaker": "WOOD", "phrase": " I was just I think twentytwo"}, {"speaker": "WOOD", "phrase": " going on twentythree"}, {"speaker": "WOOD", "phrase": " so"}, {"speaker": "WOOD", "phrase": " I was of age."}, {"speaker": "WOOD", "phrase": " And my mother couldn't say anything."}, {"speaker": "MANY", "phrase": "PAUSE"}, {"speaker": "WOOD", "phrase": " Now"}, {"speaker": "WOOD", "phrase": " I'm very international"}, {"speaker": "WOOD", "phrase": " in feeling."}, {"speaker": "WOOD", "phrase": " I've traveled quite good deal"}, {"speaker": "WOOD", "phrase": " and"}, {"speaker": "WOOD", "phrase": " to me as I travel"}, {"speaker": "WOOD", "phrase": " people are the same everywhere."}, {"speaker": "WOOD", "phrase": " And in spite of having this feeling for the whole world."}, {"speaker": "WOOD", "phrase": " I love that I'm Californian"}, {"speaker": "WOOD", "phrase": " I..."}, {"speaker": "MANY", "phrase": "PAUSE"}, {"speaker": "WOOD", "phrase": " I was born in San Francisco"}, {"speaker": "WOOD", "phrase": " and one of the reasons I love California so much"}, {"speaker": "WOOD", "phrase": " is"}, {"speaker": "WOOD", "phrase": " that it's kinky."}, {"speaker": "WOOD", "phrase": " And..."}, {"speaker": "MANY", "phrase": "PAUSE"}, {"speaker": "WOOD", "phrase": " But this is very important."}, {"speaker": "WOOD", "phrase": " Because"}, {"speaker": "WOOD", "phrase": " new ideas"}, {"speaker": "WOOD", "phrase": " come up because it's kinky."}, {"speaker": "WOOD", "phrase": " And"}, {"speaker": "WOOD", "phrase": " it's just wonderful"}, {"speaker": "WOOD", "phrase": " the \u0294uh marvelous new ideas that come up."}, {"speaker": "WOOD", "phrase": " And of course"}, {"speaker": "WOOD", "phrase": " what I like about America"}, {"speaker": "WOOD", "phrase": " because"}, {"speaker": "WOOD", "phrase": " in spite of being very international in my feeling"}, {"speaker": "WOOD", "phrase": " I think ours"}, {"speaker": "WOOD", "phrase": " is wonderful country."}, {"speaker": "WOOD", "phrase": " We're quick in friendship."}, {"speaker": "WOOD", "phrase": " We are open to new ideas."}, {"speaker": "WOOD", "phrase": " We made"}, {"speaker": "WOOD", "phrase": " we presented many new inventions."}, {"speaker": "WOOD", "phrase": " But"}, {"speaker": "WOOD", "phrase": " and this is very serious."}, {"speaker": "WOOD", "phrase": " Our"}, {"speaker": "WOOD", "phrase": " um"}, {"speaker": "WOOD", "phrase": " uh"}, {"speaker": "WOOD", "phrase": " athletes"}, {"speaker": "WOOD", "phrase": " our actors \u0294uh"}, {"speaker": "WOOD", "phrase": " are getting millions."}, {"speaker": "WOOD", "phrase": " And our teachers"}, {"speaker": "WOOD", "phrase": " are being cut down."}, {"speaker": "WOOD", "phrase": " And our libraries \u0294uh"}, {"speaker": "WOOD", "phrase": " are being closed."}, {"speaker": "WOOD", "phrase": " This is very very serious"}, {"speaker": "WOOD", "phrase": " it's putting block on knowledge"}, {"speaker": "WOOD", "phrase": " China"}, {"speaker": "WOOD", "phrase": " and other Middle East."}, {"speaker": "WOOD", "phrase": " Not other Middle East but \u0294uh"}, {"speaker": "WOOD", "phrase": " Middle East countries and China"}, {"speaker": "WOOD", "phrase": " and other countries \u0294uh"}, {"speaker": "WOOD", "phrase": " are realizing the importance of education."}, {"speaker": "WOOD", "phrase": " And going after it."}, {"speaker": "WOOD", "phrase": " And we"}, {"speaker": "WOOD", "phrase": " are cutting down."}, {"speaker": "WOOD", "phrase": " In that direction."}, {"speaker": "WOOD", "phrase": " And it worries me great deal."}, {"speaker": "WOOD", "phrase": " Now."}, {"speaker": "WOOD", "phrase": " One of the wonders of America"}, {"speaker": "WOOD", "phrase": " however"}, {"speaker": "WOOD", "phrase": " in spite of the bad things"}, {"speaker": "WOOD", "phrase": " several years ago"}, {"speaker": "WOOD", "phrase": " Tony Prieto"}, {"speaker": "WOOD", "phrase": " uh"}, {"speaker": "WOOD", "phrase": " who taught ceramics"}, {"speaker": "WOOD", "phrase": " I think at Mills College"}, {"speaker": "WOOD", "phrase": " he and his wife"}, {"speaker": "WOOD", "phrase": " \u0294uh went to Europe."}, {"speaker": "WOOD", "phrase": " To learn."}, {"speaker": "WOOD", "phrase": " And we he turned"}, {"speaker": "WOOD", "phrase": " he said"}, {"speaker": "WOOD", "phrase": " Europe shares nothing."}, {"speaker": "WOOD", "phrase": " America shares."}, {"speaker": "WOOD", "phrase": " And because America shares \u0294uh"}, {"speaker": "WOOD", "phrase": " our craft movement."}, {"speaker": "WOOD", "phrase": " Has grown so wonderfully."}, {"speaker": "WOOD", "phrase": " We're doing wonderfully inventive things in craft."}, {"speaker": "WOOD", "phrase": " Uh"}, {"speaker": "WOOD", "phrase": " I have been very fortunate myself"}, {"speaker": "WOOD", "phrase": " I'm not naturally craftsman"}, {"speaker": "WOOD", "phrase": " but"}, {"speaker": "WOOD", "phrase": " I've had \u0294uh four very wonderful craftsmen"}, {"speaker": "WOOD", "phrase": " to help me"}, {"speaker": "WOOD", "phrase": " uh Lukens at USC"}, {"speaker": "WOOD", "phrase": " the Natzlers"}, {"speaker": "WOOD", "phrase": " Otto and Gertrud Natzler"}, {"speaker": "WOOD", "phrase": " great potters"}, {"speaker": "WOOD", "phrase": " when they first came to America"}, {"speaker": "WOOD", "phrase": " Gertrud Natzler"}, {"speaker": "WOOD", "phrase": " would sit by me at the wheel"}, {"speaker": "WOOD", "phrase": " and help me try"}, {"speaker": "WOOD", "phrase": " to see what throwing was about"}, {"speaker": "WOOD", "phrase": " then"}, {"speaker": "WOOD", "phrase": " my colleagues in Ojai"}, {"speaker": "WOOD", "phrase": " Vivika and Otto Heino"}, {"speaker": "WOOD", "phrase": " they've been so generous"}, {"speaker": "WOOD", "phrase": " they're teachers"}, {"speaker": "WOOD", "phrase": " they pass down everything"}, {"speaker": "WOOD", "phrase": " they've helped me"}, {"speaker": "WOOD", "phrase": " and uh"}, {"speaker": "WOOD", "phrase": " I remember Toshiko Takaezu"}, {"speaker": "WOOD", "phrase": " her name's so hard for me to say"}, {"speaker": "WOOD", "phrase": " was visiting me"}, {"speaker": "WOOD", "phrase": " she spent day and half helping me"}, {"speaker": "WOOD", "phrase": " center on the wheel."}, {"speaker": "WOOD", "phrase": " All this sharing."}, {"speaker": "WOOD", "phrase": " In our schools."}, {"speaker": "WOOD", "phrase": " Amongst craftsman themselves."}, {"speaker": "WOOD", "phrase": " Is wonderful thing."}, {"speaker": "WOOD", "phrase": " So the movements go on."}, {"speaker": "WOOD", "phrase": " And of course \u0294uh"}, {"speaker": "WOOD", "phrase": " our museums \u0294uh."}, {"speaker": "WOOD", "phrase": " Are so important."}, {"speaker": "WOOD", "phrase": " I don't know"}, {"speaker": "WOOD", "phrase": " if military minded people"}, {"speaker": "WOOD", "phrase": " hope nobody from the FBI is here."}, {"speaker": "MANY", "phrase": "PAUSE"}, {"speaker": "WOOD", "phrase": " If our military"}, {"speaker": "WOOD", "phrase": " \u0294if \u0294uh"}, {"speaker": "WOOD", "phrase": " realize"}, {"speaker": "WOOD", "phrase": " the importance of museums"}, {"speaker": "WOOD", "phrase": " museums protect all the great art."}, {"speaker": "WOOD", "phrase": " The great invention."}, {"speaker": "WOOD", "phrase": " The creative efforts of man from the beginning of time."}, {"speaker": "WOOD", "phrase": " And"}, {"speaker": "WOOD", "phrase": " they're our inspiration"}, {"speaker": "WOOD", "phrase": " and I think our museums are doing wonderfully now"}, {"speaker": "WOOD", "phrase": " even though"}, {"speaker": "WOOD", "phrase": " we're beginning to cut down on education."}, {"speaker": "WOOD", "phrase": " I \u0294uh"}, {"speaker": "WOOD", "phrase": " I feel"}, {"speaker": "WOOD", "phrase": " about the importance"}, {"speaker": "WOOD", "phrase": " of craft."}, {"speaker": "WOOD", "phrase": " Of bringing beauty."}, {"speaker": "WOOD", "phrase": " Craft into life."}, {"speaker": "WOOD", "phrase": " One day I said to Vivika Heino."}, {"speaker": "WOOD", "phrase": " Because I'm snob about art."}, {"speaker": "WOOD", "phrase": " Ever since child"}, {"speaker": "WOOD", "phrase": " I've been dragged"}, {"speaker": "WOOD", "phrase": " through the museums of Europe"}, {"speaker": "WOOD", "phrase": " and America"}, {"speaker": "WOOD", "phrase": " and my eyes are exposed to great art."}, {"speaker": "WOOD", "phrase": " So I said"}, {"speaker": "WOOD", "phrase": " you know"}, {"speaker": "WOOD", "phrase": " it's mistake"}, {"speaker": "WOOD", "phrase": " to teach"}, {"speaker": "WOOD", "phrase": " \u0294uh pottery"}, {"speaker": "WOOD", "phrase": " in high school."}, {"speaker": "WOOD", "phrase": " The students haven't time to make anything beautiful and important."}, {"speaker": "WOOD", "phrase": " And Vivika Heino so wisely answered"}, {"speaker": "WOOD", "phrase": " that is not the purpose."}, {"speaker": "WOOD", "phrase": " It opens them."}, {"speaker": "WOOD", "phrase": " To aesthetics."}, {"speaker": "WOOD", "phrase": " And that's what right education does."}, {"speaker": "WOOD", "phrase": " Now"}, {"speaker": "WOOD", "phrase": " I wonder."}, {"speaker": "WOOD", "phrase": " We have tremendous population in prison."}, {"speaker": "WOOD", "phrase": " And it's growing"}, {"speaker": "WOOD", "phrase": " we can hardly house them."}, {"speaker": "WOOD", "phrase": " Why."}, {"speaker": "WOOD", "phrase": " We put the cart before the horse."}, {"speaker": "WOOD", "phrase": " We put people in prison."}, {"speaker": "WOOD", "phrase": " Why."}, {"speaker": "WOOD", "phrase": " Because they have not had right education in the beginning."}, {"speaker": "WOOD", "phrase": " And right education"}, {"speaker": "WOOD", "phrase": " is the basis of everything."}, {"speaker": "WOOD", "phrase": " Now I'll end with one other idea"}, {"speaker": "WOOD", "phrase": " and then you can ask me questions"}, {"speaker": "WOOD", "phrase": " and that is this."}, {"speaker": "WOOD", "phrase": " Since there is an Olympic of athletes."}, {"speaker": "WOOD", "phrase": " Why not have an Olympic"}, {"speaker": "WOOD", "phrase": " of ethnic and tribal dancers"}, {"speaker": "WOOD", "phrase": " from countries all over the world."}, {"speaker": "WOOD", "phrase": " Then people could come"}, {"speaker": "WOOD", "phrase": " and meet"}, {"speaker": "WOOD", "phrase": " they'd have beautiful costumes"}, {"speaker": "WOOD", "phrase": " friendships would be made"}, {"speaker": "WOOD", "phrase": " and"}, {"speaker": "WOOD", "phrase": " I don't think we can have peace"}, {"speaker": "WOOD", "phrase": " just with guns."}, {"speaker": "WOOD", "phrase": " Peace comes through friendship."}, {"speaker": "WOOD", "phrase": " And friendships would be made"}, {"speaker": "WOOD", "phrase": " with all these dancers intermingling."}, {"speaker": "WOOD", "phrase": " And even dancing with each other."}, {"speaker": "WOOD", "phrase": " Because"}, {"speaker": "WOOD", "phrase": " when you touch"}, {"speaker": "WOOD", "phrase": " you don't shoot."}, {"speaker": "MANY", "phrase": "PAUSE"}, {"speaker": "MANY", "phrase": "PAUSE"}, {"speaker": "WOOD", "phrase": " And \u0294uh"}, {"speaker": "WOOD", "phrase": " I base this \u0294uh"}, {"speaker": "WOOD", "phrase": " on little experience of my own"}, {"speaker": "WOOD", "phrase": " when I was in"}, {"speaker": "WOOD", "phrase": " \u0294uh \u0294uh Ojai."}, {"speaker": "WOOD", "phrase": " As sweet young thing."}, {"speaker": "WOOD", "phrase": " I would go dancing at the art center."}, {"speaker": "WOOD", "phrase": " I knew all kinds of square dancing"}, {"speaker": "WOOD", "phrase": " folk dancing"}, {"speaker": "WOOD", "phrase": " nobody cared"}, {"speaker": "WOOD", "phrase": " who we were dancing with"}, {"speaker": "WOOD", "phrase": " if it was the rich rancher"}, {"speaker": "WOOD", "phrase": " or"}, {"speaker": "WOOD", "phrase": " man taking care of trash"}, {"speaker": "WOOD", "phrase": " nobody cared."}, {"speaker": "WOOD", "phrase": " As long as he was good dancer."}, {"speaker": "WOOD", "phrase": " And after."}, {"speaker": "PERR", "phrase": "PAUSE"}, {"speaker": "WOOD", "phrase": " every month"}, {"speaker": "WOOD", "phrase": " we had party."}, {"speaker": "WOOD", "phrase": " And all of us"}, {"speaker": "WOOD", "phrase": " mixed together in friendship."}, {"speaker": "WOOD", "phrase": " That is wonderful."}, {"speaker": "WOOD", "phrase": " And"}, {"speaker": "WOOD", "phrase": " something like this could happen."}, {"speaker": "WOOD", "phrase": " If we had great dances."}, {"speaker": "WOOD", "phrase": " So"}, {"speaker": "WOOD", "phrase": " I come back"}, {"speaker": "WOOD", "phrase": " my last word is"}, {"speaker": "WOOD", "phrase": " violence"}, {"speaker": "WOOD", "phrase": " never ends"}, {"speaker": "WOOD", "phrase": " with violence."}, {"speaker": "WOOD", "phrase": " And right education"}, {"speaker": "WOOD", "phrase": " is the basis"}, {"speaker": "WOOD", "phrase": " of everything."}, {"speaker": "MANY", "phrase": "PAUSE"}, {"speaker": "PERR", "phrase": " Well"}, {"speaker": "PERR", "phrase": " I do hope that there is someone from the FBI here"}, {"speaker": "PERR", "phrase": " to relay this message."}, {"speaker": "AUD", "phrase": "PAUSE"}, {"speaker": "PERR", "phrase": " to the State Department."}, {"speaker": "MANY", "phrase": "PAUSE"}, {"speaker": "PERR", "phrase": " Because if the State..."}, {"speaker": "WOOD", "phrase": " Okay ?"}, {"speaker": "PERR", "phrase": " I hope that there is someone from the FBI here"}, {"speaker": "PERR", "phrase": " so that they could tell it to the State Depart ment."}, {"speaker": "WOOD", "phrase": "PAUSE"}, {"speaker": "WOOD", "phrase": "PAUSE"}, {"speaker": "MANY", "phrase": "PAUSE"}, {"speaker": "WOOD", "phrase": "PAUSE"}, {"speaker": "PERR", "phrase": " Miss Wood asked me to inform everyone"}, {"speaker": "PERR", "phrase": " that her hearing was rather difficult"}, {"speaker": "PERR", "phrase": " at the moment"}, {"speaker": "PERR", "phrase": " and so"}, {"speaker": "PERR", "phrase": " \u0294uh"}, {"speaker": "PERR", "phrase": " I will have to speak very loud"}, {"speaker": "PERR", "phrase": " and clearly"}, {"speaker": "PERR", "phrase": " so she can hear what I say."}, {"speaker": "WOOD", "phrase": " Yes"}, {"speaker": "WOOD", "phrase": " I'm very hard of hearing."}, {"speaker": "WOOD", "phrase": " Age."}, {"speaker": "WOOD", "phrase": " There's no getting around it."}, {"speaker": "MANY", "phrase": "PAUSE"}, {"speaker": "WOOD", "phrase": " so"}, {"speaker": "WOOD", "phrase": " Mister Perrot will take questions."}, {"speaker": "PERR", "phrase": " So"}, {"speaker": "PERR", "phrase": " if you will ask your questions clearly"}, {"speaker": "PERR", "phrase": " and please don't make them too long"}, {"speaker": "PERR", "phrase": "PAUSE"}, {"speaker": "PERR", "phrase": " because I might forget"}, {"speaker": "PERR", "phrase": " the beginning"}, {"speaker": "PERR", "phrase": " by the time I reach the end."}, {"speaker": "MANY", "phrase": "PAUSE"}, {"speaker": "PERR", "phrase": " Uh"}, {"speaker": "PERR", "phrase": " then"}, {"speaker": "PERR", "phrase": " I will relay them to Miss Wood."}, {"speaker": "PERR", "phrase": " And"}, {"speaker": "PERR", "phrase": " uh"}, {"speaker": "PERR", "phrase": " as far as I know"}, {"speaker": "PERR", "phrase": " there are no restrictions"}, {"speaker": "PERR", "phrase": " on any questions"}, {"speaker": "PERR", "phrase": " that you could ask."}, {"speaker": "MANY", "phrase": "PAUSE"}, {"speaker": "PERR", "phrase": " Who would like."}, {"speaker": "PERR", "phrase": " Yes."}, {"speaker": "AUD", "phrase": " Beatrice."}, {"speaker": "AUD", "phrase": " when did you first get"}, {"speaker": "AUD", "phrase": " uh"}, {"speaker": "AUD", "phrase": " into living relationship in Paris."}, {"speaker": "AUD", "phrase": " With all those wonderful artists."}, {"speaker": "AUD", "phrase": " At what age."}, {"speaker": "PERR", "phrase": " when did you get into living relationship"}, {"speaker": "PERR", "phrase": " with those artists in Paris"}, {"speaker": "PERR", "phrase": " at what age."}, {"speaker": "WOOD", "phrase": " With artists in Paris."}, {"speaker": "PERR", "phrase": " Yes."}, {"speaker": "WOOD", "phrase": " Um"}, {"speaker": "WOOD", "phrase": " I went to study art in Paris."}, {"speaker": "WOOD", "phrase": " A little bit."}, {"speaker": "WOOD", "phrase": " \u0294uh But I really didn't meet any answers"}, {"speaker": "WOOD", "phrase": " and to answer your question the way I think you would like it answered."}, {"speaker": "MANY", "phrase": "PAUSE"}, {"speaker": "PERR", "phrase": "PAUSE"}, {"speaker": "PERR", "phrase": "PAUSE"}, {"speaker": "WOOD", "phrase": " I was twentythree."}, {"speaker": "WOOD", "phrase": " In New York."}, {"speaker": "AUD", "phrase": "PAUSE"}, {"speaker": "WOOD", "phrase": " Mhm."}, {"speaker": "MANY", "phrase": "PAUSE"}, {"speaker": "PERR", "phrase": "PAUSE"}, {"speaker": "PERR", "phrase": "PAUSE"}, {"speaker": "WOOD", "phrase": " And"}, {"speaker": "WOOD", "phrase": " it was my mother's no."}, {"speaker": "PERR", "phrase": "PAUSE"}, {"speaker": "MANY", "phrase": "PAUSE"}, {"speaker": "WOOD", "phrase": " That"}, {"speaker": "WOOD", "phrase": " I was so"}, {"speaker": "WOOD", "phrase": " \u0294uh really"}, {"speaker": "WOOD", "phrase": " bothered."}, {"speaker": "WOOD", "phrase": " By her remarks."}, {"speaker": "WOOD", "phrase": " That I just broke loose."}, {"speaker": "WOOD", "phrase": " And went"}, {"speaker": "WOOD", "phrase": " in the direction I wanted."}, {"speaker": "WOOD", "phrase": " She wanted"}, {"speaker": "WOOD", "phrase": " different direction."}, {"speaker": "WOOD", "phrase": " Social life."}, {"speaker": "WOOD", "phrase": " Have me married to stock broker."}, {"speaker": "AUD", "phrase": " Oh."}, {"speaker": "MANY", "phrase": "PAUSE"}, {"speaker": "WOOD", "phrase": " I wouldn't be here"}, {"speaker": "WOOD", "phrase": " I would've murdered him."}, {"speaker": "MANY", "phrase": "PAUSE"}, {"speaker": "PERR", "phrase": "PAUSE"}, {"speaker": "PERR", "phrase": "PAUSE"}, {"speaker": "WOOD", "phrase": " I say this"}, {"speaker": "WOOD", "phrase": " in spite of not believing in violence."}, {"speaker": "MANY", "phrase": "PAUSE"}, {"speaker": "WOOD", "phrase": " My whole life changed."}, {"speaker": "WOOD", "phrase": " And I think I was very lucky."}, {"speaker": "WOOD", "phrase": " Because"}, {"speaker": "WOOD", "phrase": " \u0294uh \u0294uh three."}, {"speaker": "WOOD", "phrase": " \u0294uh \u0294uh oh four friends"}, {"speaker": "WOOD", "phrase": " did so much"}, {"speaker": "WOOD", "phrase": " to help my education."}, {"speaker": "WOOD", "phrase": " Marcel Duchamp"}, {"speaker": "WOOD", "phrase": " Roche"}, {"speaker": "WOOD", "phrase": " the collectors"}, {"speaker": "WOOD", "phrase": " the Walter Arensebergs"}, {"speaker": "WOOD", "phrase": " and then"}, {"speaker": "WOOD", "phrase": " my old schoolmate"}, {"speaker": "WOOD", "phrase": " Elizabeth Reynolds Hapgood."}, {"speaker": "WOOD", "phrase": " Hapgood was"}, {"speaker": "WOOD", "phrase": " was uh editor of Collier's"}, {"speaker": "WOOD", "phrase": " close friend of President Wilson"}, {"speaker": "WOOD", "phrase": " and Elizabeth herself"}, {"speaker": "WOOD", "phrase": " spoke Russian."}, {"speaker": "WOOD", "phrase": " So she knew"}, {"speaker": "WOOD", "phrase": " this was years and years ago"}, {"speaker": "WOOD", "phrase": " before even any of your grandmothers were alive."}, {"speaker": "MANY", "phrase": "PAUSE"}, {"speaker": "WOOD", "phrase": " \u0294uh Uh"}, {"speaker": "WOOD", "phrase": " \u0294uh \u0294uh"}, {"speaker": "WOOD", "phrase": " it was uh"}, {"speaker": "WOOD", "phrase": " \u0294uh uh"}, {"speaker": "WOOD", "phrase": " she knew all the Russian ambassadors"}, {"speaker": "WOOD", "phrase": " Pavlova"}, {"speaker": "WOOD", "phrase": " Nijinsky"}, {"speaker": "WOOD", "phrase": " uh"}, {"speaker": "WOOD", "phrase": " Isadora Duncan"}, {"speaker": "WOOD", "phrase": " \u0294uh all those people."}, {"speaker": "WOOD", "phrase": " I met through my own schoolmate"}, {"speaker": "WOOD", "phrase": " Elizabeth Hapgood."}, {"speaker": "WOOD", "phrase": " So I have been very lucky."}, {"speaker": "PERR", "phrase": " Another question ?"}, {"speaker": "WOOD", "phrase": " You fear I'll tell the truth."}, {"speaker": "MANY", "phrase": "PAUSE"}, {"speaker": "PERR", "phrase": " Bravo."}, {"speaker": "WOOD", "phrase": "PAUSE"}, {"speaker": "PERR", "phrase": " Nothing but."}, {"speaker": "AUD", "phrase": " How was your relationship with your mother"}, {"speaker": "AUD", "phrase": " after you broke away from her."}, {"speaker": "PERR", "phrase": " How was your relationship with your mother"}, {"speaker": "PERR", "phrase": " after you broke away from her."}, {"speaker": "WOOD", "phrase": " Um"}, {"speaker": "WOOD", "phrase": " I broke away"}, {"speaker": "WOOD", "phrase": " I was acting then."}, {"speaker": "WOOD", "phrase": " In the French theatre."}, {"speaker": "WOOD", "phrase": " \u0294uh."}, {"speaker": "WOOD", "phrase": " I wasn't really"}, {"speaker": "WOOD", "phrase": " too interested"}, {"speaker": "WOOD", "phrase": " in the stage."}, {"speaker": "WOOD", "phrase": " \u0294uh But"}, {"speaker": "WOOD", "phrase": " in those early years"}, {"speaker": "WOOD", "phrase": " I thought it was the only way I could earn money."}, {"speaker": "WOOD", "phrase": " And I threatened my mother to run away"}, {"speaker": "WOOD", "phrase": " so she said"}, {"speaker": "WOOD", "phrase": " if you really mean that"}, {"speaker": "WOOD", "phrase": " I'll take you to Paris."}, {"speaker": "WOOD", "phrase": " And you can study under the"}, {"speaker": "WOOD", "phrase": " Comedie Francaise."}, {"speaker": "WOOD", "phrase": " Because she thought"}, {"speaker": "WOOD", "phrase": " that if I acted in French"}, {"speaker": "WOOD", "phrase": " it was safer."}, {"speaker": "WOOD", "phrase": " Than if I acted."}, {"speaker": "MANY", "phrase": "PAUSE"}, {"speaker": "WOOD", "phrase": " in America."}, {"speaker": "WOOD", "phrase": " So"}, {"speaker": "WOOD", "phrase": " I"}, {"speaker": "WOOD", "phrase": " \u0294uh \u0294uh"}, {"speaker": "WOOD", "phrase": " I was acting in the French theatre"}, {"speaker": "WOOD", "phrase": " then I."}, {"speaker": "WOOD", "phrase": " I was the ingenue"}, {"speaker": "WOOD", "phrase": " I spoke perfect French"}, {"speaker": "WOOD", "phrase": " had beautiful clothes"}, {"speaker": "WOOD", "phrase": " uh"}, {"speaker": "WOOD", "phrase": " for two years"}, {"speaker": "WOOD", "phrase": " I think I did over sixty parts."}, {"speaker": "WOOD", "phrase": " But I want to act in English."}, {"speaker": "WOOD", "phrase": " And my good friend"}, {"speaker": "WOOD", "phrase": " Elizabeth Hapgood."}, {"speaker": "WOOD", "phrase": " On account of Russian"}, {"speaker": "WOOD", "phrase": " and knowing"}, {"speaker": "WOOD", "phrase": " so many people in the theatre."}, {"speaker": "WOOD", "phrase": " \u0294uh I got many parts offered me"}, {"speaker": "WOOD", "phrase": " and my mother said"}, {"speaker": "WOOD", "phrase": " No."}, {"speaker": "WOOD", "phrase": " You get leading lady"}, {"speaker": "WOOD", "phrase": " or nothing."}, {"speaker": "MANY", "phrase": "PAUSE"}, {"speaker": "WOOD", "phrase": " Now"}, {"speaker": "WOOD", "phrase": " part of me was really"}, {"speaker": "WOOD", "phrase": " good little girl."}, {"speaker": "WOOD", "phrase": " Part of me"}, {"speaker": "WOOD", "phrase": " so I was very subdued."}, {"speaker": "WOOD", "phrase": " And"}, {"speaker": "WOOD", "phrase": " my spirit was being broken."}, {"speaker": "WOOD", "phrase": " Because she'd say"}, {"speaker": "WOOD", "phrase": " no."}, {"speaker": "WOOD", "phrase": " No."}, {"speaker": "WOOD", "phrase": " You can't do that"}, {"speaker": "WOOD", "phrase": " you can't do that."}, {"speaker": "WOOD", "phrase": " And then"}, {"speaker": "WOOD", "phrase": " woman came from Canada."}, {"speaker": "WOOD", "phrase": " And said"}, {"speaker": "WOOD", "phrase": " will you come up for three weeks."}, {"speaker": "WOOD", "phrase": " To Canada"}, {"speaker": "WOOD", "phrase": " and act in the theatre there."}, {"speaker": "WOOD", "phrase": " On salary."}, {"speaker": "WOOD", "phrase": " And I said yes."}, {"speaker": "WOOD", "phrase": " \u0294uh And that's"}, {"speaker": "WOOD", "phrase": " when I broke"}, {"speaker": "WOOD", "phrase": " with my home."}, {"speaker": "WOOD", "phrase": " And"}, {"speaker": "WOOD", "phrase": " my mother"}, {"speaker": "WOOD", "phrase": " had nervous breakdown for two days"}, {"speaker": "WOOD", "phrase": " and my father said"}, {"speaker": "WOOD", "phrase": " you're killing your mother."}, {"speaker": "WOOD", "phrase": " and I said"}, {"speaker": "WOOD", "phrase": " she's killing me."}, {"speaker": "WOOD", "phrase": " And I'm the younger"}, {"speaker": "WOOD", "phrase": " and I have right to live."}, {"speaker": "MANY", "phrase": "PAUSE"}, {"speaker": "WOOD", "phrase": " And I'll always"}, {"speaker": "WOOD", "phrase": " And I'll always"}, {"speaker": "WOOD", "phrase": " let you know"}, {"speaker": "WOOD", "phrase": " where I am."}, {"speaker": "WOOD", "phrase": " Now"}, {"speaker": "WOOD", "phrase": " I should say something nice about my mother."}, {"speaker": "MANY", "phrase": "PAUSE"}, {"speaker": "PERR", "phrase": "PAUSE"}, {"speaker": "WOOD", "phrase": " She was beautiful"}, {"speaker": "WOOD", "phrase": " and very generous"}, {"speaker": "WOOD", "phrase": " but she was in way of thinking"}, {"speaker": "WOOD", "phrase": " you know"}, {"speaker": "WOOD", "phrase": " we didn't have radio"}, {"speaker": "WOOD", "phrase": " we didn't have television"}, {"speaker": "WOOD", "phrase": " life wasn't as open as it is now."}, {"speaker": "WOOD", "phrase": " And"}, {"speaker": "WOOD", "phrase": " any mother"}, {"speaker": "WOOD", "phrase": " would want"}, {"speaker": "WOOD", "phrase": " protected"}, {"speaker": "WOOD", "phrase": " social life for their daughter."}, {"speaker": "WOOD", "phrase": " Probably."}, {"speaker": "WOOD", "phrase": " Now."}, {"speaker": "MANY", "phrase": "PAUSE"}, {"speaker": "WOOD", "phrase": " when she died"}, {"speaker": "WOOD", "phrase": " in thirtysix."}, {"speaker": "WOOD", "phrase": " I had left home then"}, {"speaker": "WOOD", "phrase": " oh"}, {"speaker": "WOOD", "phrase": " for quite few years."}, {"speaker": "WOOD", "phrase": " The last three months of her life we became friends."}, {"speaker": "WOOD", "phrase": " And she let go."}, {"speaker": "WOOD", "phrase": " Of all that kind of thing."}, {"speaker": "WOOD", "phrase": " That didn't interest me"}, {"speaker": "WOOD", "phrase": " and she was very wonderful uh"}, {"speaker": "WOOD", "phrase": " and open"}, {"speaker": "WOOD", "phrase": " and the last day of her life"}, {"speaker": "WOOD", "phrase": " she was dying of cancer"}, {"speaker": "WOOD", "phrase": " she was"}, {"speaker": "WOOD", "phrase": " conscious"}, {"speaker": "WOOD", "phrase": " she knew she was going that night"}, {"speaker": "WOOD", "phrase": " we joked about it"}, {"speaker": "WOOD", "phrase": " and"}, {"speaker": "WOOD", "phrase": " she said"}, {"speaker": "WOOD", "phrase": " now."}, {"speaker": "WOOD", "phrase": " Tomorrow"}, {"speaker": "WOOD", "phrase": " I understand there's wonderful exhibition"}, {"speaker": "WOOD", "phrase": " don't tell any of the others"}, {"speaker": "WOOD", "phrase": " but go see it."}, {"speaker": "WOOD", "phrase": " She knew she wouldn't be here then"}, {"speaker": "WOOD", "phrase": " she was just wonderful."}, {"speaker": "WOOD", "phrase": " So I'm very happy to be say."}, {"speaker": "WOOD", "phrase": " To be able to say"}, {"speaker": "WOOD", "phrase": " we became friends."}, {"speaker": "WOOD", "phrase": " At the end."}, {"speaker": "WOOD", "phrase": " Mhm."}, {"speaker": "MANY", "phrase": "PAUSE"}, {"speaker": "PERR", "phrase": " Yes"}, {"speaker": "PERR", "phrase": " in the back."}, {"speaker": "AUD", "phrase": " Can you expand"}, {"speaker": "AUD", "phrase": " uh"}, {"speaker": "AUD", "phrase": " just bit"}, {"speaker": "AUD", "phrase": " about your thoughts on uh"}, {"speaker": "AUD", "phrase": " bringing art to the prisons."}, {"speaker": "PERR", "phrase": " Could you explain"}, {"speaker": "PERR", "phrase": " little bit"}, {"speaker": "PERR", "phrase": " about bringing art to the prisons \u0294uh."}, {"speaker": "PERR", "phrase": " Your thoughts"}, {"speaker": "PERR", "phrase": " about bringing art"}, {"speaker": "PERR", "phrase": " to the prisons."}, {"speaker": "WOOD", "phrase": " I think it'd be wonderful."}, {"speaker": "WOOD", "phrase": " Uh"}, {"speaker": "WOOD", "phrase": " I've always been"}, {"speaker": "WOOD", "phrase": " concerned about people being in prison"}, {"speaker": "WOOD", "phrase": " but I really don't know"}, {"speaker": "WOOD", "phrase": " very much"}, {"speaker": "WOOD", "phrase": " I just think it's terrible thing."}, {"speaker": "WOOD", "phrase": " That we have so many"}, {"speaker": "WOOD", "phrase": " in prison."}, {"speaker": "WOOD", "phrase": " And I'm sure"}, {"speaker": "WOOD", "phrase": " we could"}, {"speaker": "WOOD", "phrase": " what is called save the lives"}, {"speaker": "WOOD", "phrase": " of endless people"}, {"speaker": "WOOD", "phrase": " if they had creative outlet."}, {"speaker": "WOOD", "phrase": " But what is young person to do."}, {"speaker": "WOOD", "phrase": " Brought up"}, {"speaker": "WOOD", "phrase": " not knowing in any way right from wrong"}, {"speaker": "WOOD", "phrase": " no compassion"}, {"speaker": "WOOD", "phrase": " seeing bing bing bing"}, {"speaker": "WOOD", "phrase": " \u0294uh guns used all the time"}, {"speaker": "WOOD", "phrase": " no money"}, {"speaker": "WOOD", "phrase": " drugs"}, {"speaker": "WOOD", "phrase": " why should they not steal."}, {"speaker": "WOOD", "phrase": " Now"}, {"speaker": "WOOD", "phrase": " I don't know if this has any value"}, {"speaker": "WOOD", "phrase": " it's personal."}, {"speaker": "WOOD", "phrase": " \u0294uh When I left home"}, {"speaker": "WOOD", "phrase": " I made very unhappy marriage"}, {"speaker": "WOOD", "phrase": " in name only."}, {"speaker": "WOOD", "phrase": " But the man"}, {"speaker": "WOOD", "phrase": " it was disaster."}, {"speaker": "WOOD", "phrase": " And I was"}, {"speaker": "WOOD", "phrase": " for quite few years"}, {"speaker": "WOOD", "phrase": " without any money."}, {"speaker": "WOOD", "phrase": " And I mean"}, {"speaker": "WOOD", "phrase": " I sold my own books"}, {"speaker": "WOOD", "phrase": " to get money to eat."}, {"speaker": "WOOD", "phrase": " I know what it is"}, {"speaker": "WOOD", "phrase": " to be"}, {"speaker": "WOOD", "phrase": " at zero."}, {"speaker": "WOOD", "phrase": " I was not trained for the world."}, {"speaker": "WOOD", "phrase": " I didn't know"}, {"speaker": "WOOD", "phrase": " how to relate to the world."}, {"speaker": "WOOD", "phrase": " But uh"}, {"speaker": "WOOD", "phrase": " once week"}, {"speaker": "WOOD", "phrase": " I always went back to see my parents."}, {"speaker": "WOOD", "phrase": " and"}, {"speaker": "WOOD", "phrase": " they never said anything."}, {"speaker": "WOOD", "phrase": " They never blamed me."}, {"speaker": "WOOD", "phrase": " From that time on."}, {"speaker": "WOOD", "phrase": " My mother said"}, {"speaker": "WOOD", "phrase": " \u0294uh she always had very good"}, {"speaker": "WOOD", "phrase": " uh"}, {"speaker": "WOOD", "phrase": " luncheon for me."}, {"speaker": "WOOD", "phrase": " Suspecting"}, {"speaker": "WOOD", "phrase": " that I was hungry."}, {"speaker": "WOOD", "phrase": " And I was."}, {"speaker": "WOOD", "phrase": " One day she said"}, {"speaker": "WOOD", "phrase": " go up to my room"}, {"speaker": "WOOD", "phrase": " and get some information out of my purse."}, {"speaker": "WOOD", "phrase": " I went there"}, {"speaker": "WOOD", "phrase": " I opened her purse"}, {"speaker": "WOOD", "phrase": " it was full of money."}, {"speaker": "MANY", "phrase": "PAUSE"}, {"speaker": "WOOD", "phrase": " And"}, {"speaker": "WOOD", "phrase": " I had the impulse to take some."}, {"speaker": "WOOD", "phrase": " I knew she wouldn't care"}, {"speaker": "WOOD", "phrase": " \u0294uh she probably sent me up almost to take some."}, {"speaker": "WOOD", "phrase": " And I stood."}, {"speaker": "WOOD", "phrase": " And then something in me said"}, {"speaker": "WOOD", "phrase": " no."}, {"speaker": "WOOD", "phrase": " That is not the way to live."}, {"speaker": "WOOD", "phrase": " And I didn't take it."}, {"speaker": "WOOD", "phrase": " Now"}, {"speaker": "WOOD", "phrase": " this is just very poor little example."}, {"speaker": "WOOD", "phrase": " But"}, {"speaker": "WOOD", "phrase": " when you have no education"}, {"speaker": "WOOD", "phrase": " when you haven't read"}, {"speaker": "WOOD", "phrase": " I'd read great deal."}, {"speaker": "WOOD", "phrase": " Of very fine books"}, {"speaker": "WOOD", "phrase": " also lot of trash."}, {"speaker": "WOOD", "phrase": " But I'd enjoyed readings."}, {"speaker": "MANY", "phrase": "PAUSE"}, {"speaker": "WOOD", "phrase": " Now"}, {"speaker": "WOOD", "phrase": " you have no guide"}, {"speaker": "WOOD", "phrase": " when you're young person."}, {"speaker": "WOOD", "phrase": " Why shouldn't you steal"}, {"speaker": "WOOD", "phrase": " why shouldn't you shoot."}, {"speaker": "WOOD", "phrase": " Why shouldn't you go to prison."}, {"speaker": "WOOD", "phrase": " But look what we're paying for people in prison"}, {"speaker": "WOOD", "phrase": " instead of putting this"}, {"speaker": "WOOD", "phrase": " into education."}, {"speaker": "WOOD", "phrase": " You see"}, {"speaker": "WOOD", "phrase": " I feel"}, {"speaker": "WOOD", "phrase": " our culture"}, {"speaker": "WOOD", "phrase": " misses the first sell."}, {"speaker": "WOOD", "phrase": " Which I come back I say"}, {"speaker": "WOOD", "phrase": " is right education."}, {"speaker": "WOOD", "phrase": " And of course"}, {"speaker": "WOOD", "phrase": " \u0294uh from what I know"}, {"speaker": "WOOD", "phrase": " I've never had children"}, {"speaker": "WOOD", "phrase": " so I say this with apology"}, {"speaker": "WOOD", "phrase": " but I understand"}, {"speaker": "WOOD", "phrase": " that it's vital."}, {"speaker": "WOOD", "phrase": " For women to love their infants."}, {"speaker": "WOOD", "phrase": " To cuddle their infants."}, {"speaker": "WOOD", "phrase": " And from what I've read"}, {"speaker": "WOOD", "phrase": " all criminals"}, {"speaker": "WOOD", "phrase": " all abnormal people"}, {"speaker": "WOOD", "phrase": " it's because they've never been loved as"}, {"speaker": "WOOD", "phrase": " \u0294uh youngsters."}, {"speaker": "PERR", "phrase": " Yes."}, {"speaker": "AUD", "phrase": "PAUSE"}, {"speaker": "AUD2", "phrase": " I would like to"}, {"speaker": "AUD2", "phrase": " hear something about"}, {"speaker": "AUD2", "phrase": " how she came to be called"}, {"speaker": "AUD2", "phrase": " the Mother of Dada."}, {"speaker": "PERR", "phrase": " How did you become the Mother of Dada."}, {"speaker": "PERR", "phrase": "PAUSE"}]}