{"text": [{"speaker": "AUD1", "phrase": " Come on Walter."}, {"speaker": "AUD2", "phrase": " amen Walter."}, {"speaker": "AUD3", "phrase": " Walt."}, {"speaker": "AUD4", "phrase": " Amen Walt."}, {"speaker": "AUD5", "phrase": " Walt."}, {"speaker": "AUD6", "phrase": " good job."}, {"speaker": "AUD7", "phrase": "PAUSE"}, {"speaker": "AUD8", "phrase": " Woo."}, {"speaker": "WALT", "phrase": " Good morning."}, {"speaker": "MANY", "phrase": "PAUSE"}, {"speaker": "WALT", "phrase": " Amen."}, {"speaker": "WALT", "phrase": " Well"}, {"speaker": "WALT", "phrase": " It's certainly been"}, {"speaker": "WALT", "phrase": " is MICROPHONE this one working MICROPHONE ?"}, {"speaker": "MANY", "phrase": " Yeah."}, {"speaker": "WALT", "phrase": " Can you hear me okay ?"}, {"speaker": "AUD1", "phrase": " Yeah."}, {"speaker": "AUD2", "phrase": " Amen."}, {"speaker": "WALT", "phrase": " Been great morning"}, {"speaker": "WALT", "phrase": " so far"}, {"speaker": "WALT", "phrase": " um."}, {"speaker": "MANY", "phrase": " Amen."}, {"speaker": "WALT", "phrase": " I really appreciate Brian's"}, {"speaker": "WALT", "phrase": " uh"}, {"speaker": "WALT", "phrase": " communion this morning."}, {"speaker": "AUD", "phrase": " Yeah."}, {"speaker": "MANY", "phrase": " Amen."}, {"speaker": "WALT", "phrase": " Um"}, {"speaker": "WALT", "phrase": " Sometimes we want the blessings"}, {"speaker": "WALT", "phrase": " but we laugh don't laugh wanna laugh drink the cup."}, {"speaker": "WALT", "phrase": " right ?"}, {"speaker": "AUD", "phrase": "PAUSE"}, {"speaker": "MANY", "phrase": " Yeah."}, {"speaker": "WALT", "phrase": " So I don't know about you"}, {"speaker": "WALT", "phrase": " when you were reflecting"}, {"speaker": "WALT", "phrase": " as we were taking the uh"}, {"speaker": "WALT", "phrase": " the wine there"}, {"speaker": "WALT", "phrase": " I was thinking"}, {"speaker": "WALT", "phrase": " Lord"}, {"speaker": "WALT", "phrase": " help me to drink the cups."}, {"speaker": "MANY", "phrase": " Amen."}, {"speaker": "WALT", "phrase": " Help me to drink the cups."}, {"speaker": "WALT", "phrase": " and thank you Brian."}, {"speaker": "AUD", "phrase": "PAUSE"}, {"speaker": "WALT", "phrase": " for reminding us through God's word of the cups."}, {"speaker": "AUD1", "phrase": " amen."}, {"speaker": "AUD2", "phrase": " Yep."}, {"speaker": "WALT", "phrase": " uh that we do need to drink."}, {"speaker": "WALT", "phrase": " that was really great."}, {"speaker": "WALT", "phrase": " thanks."}, {"speaker": "WALT", "phrase": " a couple of announcements"}, {"speaker": "WALT", "phrase": " before we go ahead and uh get started here on the sermon"}, {"speaker": "WALT", "phrase": " Number one is"}, {"speaker": "WALT", "phrase": " uh"}, {"speaker": "WALT", "phrase": " those of you who took those medical forms"}, {"speaker": "WALT", "phrase": " for the Hope Clinic"}, {"speaker": "WALT", "phrase": " downtown Boston"}, {"speaker": "WALT", "phrase": " the medical clinic"}, {"speaker": "WALT", "phrase": " we need to turn those in"}, {"speaker": "WALT", "phrase": " today."}, {"speaker": "WALT", "phrase": " If you do not have them"}, {"speaker": "WALT", "phrase": " I need to turn them in on Tuesday"}, {"speaker": "WALT", "phrase": " at my meeting."}, {"speaker": "WALT", "phrase": " So"}, {"speaker": "WALT", "phrase": " uh"}, {"speaker": "WALT", "phrase": " if you could get them to me"}, {"speaker": "WALT", "phrase": " I would be deeply appreciative."}, {"speaker": "WALT", "phrase": " Also"}, {"speaker": "WALT", "phrase": " uh"}, {"speaker": "WALT", "phrase": " church service next Sunday is at the Boston Garden."}, {"speaker": "WALT", "phrase": " We know that."}, {"speaker": "AUD1", "phrase": " Woo."}, {"speaker": "AUD2", "phrase": " does it start at ten ?"}, {"speaker": "WALT", "phrase": " Okay"}, {"speaker": "WALT", "phrase": " now there's change in time."}, {"speaker": "WALT", "phrase": " It's at nine thirty."}, {"speaker": "AUD", "phrase": " Amen."}, {"speaker": "WALT", "phrase": " It's not at ten"}, {"speaker": "WALT", "phrase": " It's at nine thirty."}, {"speaker": "WALT", "phrase": " What time is it at ?"}, {"speaker": "MANY", "phrase": " nine thirty."}, {"speaker": "WALT", "phrase": " Right."}, {"speaker": "WALT", "phrase": " Okay."}, {"speaker": "WALT", "phrase": " Now we all remember"}, {"speaker": "WALT", "phrase": " it's at nine thirty."}, {"speaker": "AUD", "phrase": "PAUSE"}, {"speaker": "WALT", "phrase": " and"}, {"speaker": "WALT", "phrase": " let me say"}, {"speaker": "WALT", "phrase": " they may examine bags again."}, {"speaker": "AUD", "phrase": " Alright."}, {"speaker": "WALT", "phrase": " Like they did"}, {"speaker": "WALT", "phrase": " uh"}, {"speaker": "WALT", "phrase": " several weeks ago"}, {"speaker": "WALT", "phrase": " so my suggestion is"}, {"speaker": "WALT", "phrase": " that we get there plenty early."}, {"speaker": "AUD", "phrase": " Yep."}, {"speaker": "WALT", "phrase": " Okay ?"}, {"speaker": "AUD", "phrase": " Amen."}, {"speaker": "WALT", "phrase": " Also"}, {"speaker": "WALT", "phrase": " um"}, {"speaker": "WALT", "phrase": " we have the marriage get away."}, {"speaker": "AUD1", "phrase": " Amen."}, {"speaker": "MANY", "phrase": " Amen."}, {"speaker": "WALT", "phrase": " coming up"}, {"speaker": "WALT", "phrase": " the first weekend in April"}, {"speaker": "WALT", "phrase": " please uh"}, {"speaker": "WALT", "phrase": " get your registration"}, {"speaker": "WALT", "phrase": " uh to uh"}, {"speaker": "WALT", "phrase": " Craige Laibi"}, {"speaker": "WALT", "phrase": " uh and that's gonna be really exciting time."}, {"speaker": "WALT", "phrase": " I'm looking forward to that."}, {"speaker": "MANY", "phrase": " Amen."}, {"speaker": "WALT", "phrase": " Also next Saturday"}, {"speaker": "WALT", "phrase": " we have the women's day."}, {"speaker": "WALT", "phrase": " Amen ?"}, {"speaker": "MANY", "phrase": "PAUSE"}, {"speaker": "WALT", "phrase": " and uh"}, {"speaker": "WALT", "phrase": " That's gonna be tremendous time"}, {"speaker": "WALT", "phrase": " if you're visiting with us"}, {"speaker": "WALT", "phrase": " and you are woman"}, {"speaker": "WALT", "phrase": " then uh."}, {"speaker": "AUD", "phrase": "PAUSE"}, {"speaker": "WALT", "phrase": " I would suggest you see someone about it"}, {"speaker": "WALT", "phrase": " because it's really gonna be lifechanging event"}, {"speaker": "WALT", "phrase": " next Saturday."}, {"speaker": "AUD", "phrase": "PAUSE"}, {"speaker": "WALT", "phrase": " Um"}, {"speaker": "WALT", "phrase": " So we're excited about that as well."}, {"speaker": "WALT", "phrase": " Before we go ahead and get started"}, {"speaker": "WALT", "phrase": " let's go to our."}, {"speaker": "WALT", "phrase": " our Father in prayer."}, {"speaker": "WALT", "phrase": " Father God in heaven"}, {"speaker": "WALT", "phrase": " we are just so grateful that we're able to"}, {"speaker": "WALT", "phrase": " \u0294uh \u0294uh just be here."}, {"speaker": "WALT", "phrase": " Lord to have life."}, {"speaker": "WALT", "phrase": " God I'm grateful that I have legs that I can walk on"}, {"speaker": "WALT", "phrase": " and"}, {"speaker": "WALT", "phrase": " eyes that I can see."}, {"speaker": "AUD", "phrase": "PAUSE"}, {"speaker": "WALT", "phrase": " and"}, {"speaker": "WALT", "phrase": " hands that I can touch."}, {"speaker": "WALT", "phrase": " And God I'm just grateful that you've given me children."}, {"speaker": "MANY", "phrase": "PAUSE"}, {"speaker": "WALT", "phrase": " \u0294uh"}, {"speaker": "WALT", "phrase": " that bring me so much joy."}, {"speaker": "WALT", "phrase": " Lord I'm grateful for the wife"}, {"speaker": "WALT", "phrase": " that you've given me"}, {"speaker": "WALT", "phrase": " who has"}, {"speaker": "WALT", "phrase": " truly stuck by my side"}, {"speaker": "WALT", "phrase": " for these last nineteen years."}, {"speaker": "WALT", "phrase": " and half."}, {"speaker": "WALT", "phrase": " God"}, {"speaker": "WALT", "phrase": " I'm just grateful for your church."}, {"speaker": "WALT", "phrase": " I'm grateful for every single brother and sister"}, {"speaker": "WALT", "phrase": " that is here."}, {"speaker": "WALT", "phrase": " Who has impacted and changed my life."}, {"speaker": "WALT", "phrase": " God I'm grateful for those that aren't here that"}, {"speaker": "WALT", "phrase": " have changed my life and impacted me"}, {"speaker": "WALT", "phrase": " and I'm just grateful to be in your kingdom."}, {"speaker": "AUD", "phrase": " Mm."}, {"speaker": "WALT", "phrase": " Lord"}, {"speaker": "WALT", "phrase": " you're such good God."}, {"speaker": "MANY", "phrase": "PAUSE"}, {"speaker": "WALT", "phrase": " You're so patient and kind."}, {"speaker": "WALT", "phrase": " Merciful."}, {"speaker": "WALT", "phrase": " Strong."}, {"speaker": "WALT", "phrase": " Full of wisdom."}, {"speaker": "WALT", "phrase": " And mercy."}, {"speaker": "WALT", "phrase": " And God"}, {"speaker": "WALT", "phrase": " we just owe you our lives"}, {"speaker": "WALT", "phrase": " And we thank you for our lives"}, {"speaker": "WALT", "phrase": " and"}, {"speaker": "WALT", "phrase": " we pray that our lives will be"}, {"speaker": "WALT", "phrase": " \u0294uh in any laugh way we can"}, {"speaker": "WALT", "phrase": " worthy."}, {"speaker": "WALT", "phrase": " of what you've called us to."}, {"speaker": "MANY", "phrase": "PAUSE"}, {"speaker": "WALT", "phrase": " Lord we love you"}, {"speaker": "WALT", "phrase": " we look forward to the day of being in heaven with you."}, {"speaker": "MANY", "phrase": "PAUSE"}, {"speaker": "WALT", "phrase": " celebrating"}, {"speaker": "WALT", "phrase": " partying."}, {"speaker": "AUD", "phrase": " Amen."}, {"speaker": "WALT", "phrase": " in spiritual way."}, {"speaker": "MANY", "phrase": "PAUSE"}, {"speaker": "WALT", "phrase": " uh Lord uh"}, {"speaker": "WALT", "phrase": " the great victories"}, {"speaker": "WALT", "phrase": " that you have brought about."}, {"speaker": "WALT", "phrase": " That have changed the world."}, {"speaker": "WALT", "phrase": " We love you"}, {"speaker": "WALT", "phrase": " Father"}, {"speaker": "WALT", "phrase": " thank you for liking us."}, {"speaker": "WALT", "phrase": " Being our friend"}, {"speaker": "WALT", "phrase": " our support"}, {"speaker": "WALT", "phrase": " our courage"}, {"speaker": "WALT", "phrase": " and our life."}, {"speaker": "WALT", "phrase": " It's in the name of Jesus"}, {"speaker": "WALT", "phrase": " your Son"}, {"speaker": "WALT", "phrase": " our brother"}, {"speaker": "WALT", "phrase": " we pray."}, {"speaker": "WALT", "phrase": " Amen."}, {"speaker": "MANY", "phrase": " Amen."}, {"speaker": "WALT", "phrase": " Mark chapter five."}, {"speaker": "WALT", "phrase": " I'm gonna start over there."}, {"speaker": "WALT", "phrase": " Hey have you ever been afraid of anything."}, {"speaker": "AUD1", "phrase": "PAUSE"}, {"speaker": "MANY", "phrase": "PAUSE"}, {"speaker": "AUD2", "phrase": "PAUSE"}, {"speaker": "WALT", "phrase": " You know I remember some things I was afraid of."}, {"speaker": "AUD1", "phrase": "PAUSE"}, {"speaker": "AUD2", "phrase": "PAUSE"}, {"speaker": "WALT", "phrase": " All of us have been afraid of something"}, {"speaker": "WALT", "phrase": " haven't we ?"}, {"speaker": "MANY", "phrase": "PAUSE"}, {"speaker": "WALT", "phrase": " Or somebody ?"}, {"speaker": "MANY", "phrase": " Yeah."}, {"speaker": "AUD", "phrase": "PAUSE"}, {"speaker": "WALT", "phrase": " You know I remember uh"}, {"speaker": "WALT", "phrase": " when I was kid."}, {"speaker": "WALT", "phrase": " And uh"}, {"speaker": "WALT", "phrase": " maybe Paul'll remember this."}, {"speaker": "WALT", "phrase": " But"}, {"speaker": "WALT", "phrase": " we uh"}, {"speaker": "WALT", "phrase": " we had this one."}, {"speaker": "WALT", "phrase": " we lived in a small cottage"}, {"speaker": "WALT", "phrase": " in back of threetenement house."}, {"speaker": "WALT", "phrase": " on uh Prospect Street in Lynne."}, {"speaker": "WALT", "phrase": " number twentyeight."}, {"speaker": "WALT", "phrase": " You remember that Paul ?"}, {"speaker": "WALT", "phrase": "PAUSE"}, {"speaker": "WALT", "phrase": " And uh."}, {"speaker": "AUD1", "phrase": "PAUSE"}, {"speaker": "AUD2", "phrase": "PAUSE"}, {"speaker": "WALT", "phrase": " it was."}, {"speaker": "AUD", "phrase": "PAUSE"}, {"speaker": "WALT", "phrase": " it was kind of small house upstairs."}, {"speaker": "WALT", "phrase": " it had uh"}, {"speaker": "WALT", "phrase": " one large bedroom"}, {"speaker": "WALT", "phrase": " actually two large bedrooms"}, {"speaker": "WALT", "phrase": " which my mom and dad slept in"}, {"speaker": "WALT", "phrase": " and the other bedroom"}, {"speaker": "WALT", "phrase": " uh"}, {"speaker": "WALT", "phrase": " it was all us five boys"}, {"speaker": "WALT", "phrase": " in that one bedroom."}, {"speaker": "AUD", "phrase": "PAUSE"}, {"speaker": "WALT", "phrase": " with two beds."}, {"speaker": "AUD1", "phrase": "PAUSE"}, {"speaker": "AUD2", "phrase": " Whoa."}, {"speaker": "WALT", "phrase": " You know"}, {"speaker": "WALT", "phrase": " And my sister."}, {"speaker": "AUD1", "phrase": "PAUSE"}, {"speaker": "AUD2", "phrase": "PAUSE"}, {"speaker": "WALT", "phrase": " had her own room"}, {"speaker": "WALT", "phrase": " cause she's the on ly girl."}, {"speaker": "AUD", "phrase": "PAUSE"}, {"speaker": "WALT", "phrase": " But it was little smaller."}, {"speaker": "AUD", "phrase": "PAUSE"}, {"speaker": "WALT", "phrase": " So we had"}, {"speaker": "WALT", "phrase": " uh"}, {"speaker": "WALT", "phrase": " we had this one big bedroom."}, {"speaker": "WALT", "phrase": " and there was two beds in the room"}, {"speaker": "WALT", "phrase": " so that meant"}, {"speaker": "WALT", "phrase": " three of us slept in one bed"}, {"speaker": "WALT", "phrase": " and two of us slept in the other bed."}, {"speaker": "WALT", "phrase": " And uh"}, {"speaker": "WALT", "phrase": " I remember those days"}, {"speaker": "WALT", "phrase": " I remember those days"}, {"speaker": "WALT", "phrase": " \u0294uh \u0294uh"}, {"speaker": "WALT", "phrase": " being with those guys"}, {"speaker": "WALT", "phrase": " trying to get the covers"}, {"speaker": "WALT", "phrase": " and many days I woke up with no covers"}, {"speaker": "WALT", "phrase": " you know what I mean ?"}, {"speaker": "AUD", "phrase": "PAUSE"}, {"speaker": "WALT", "phrase": " And one of my brothers wet the bed"}, {"speaker": "WALT", "phrase": " so"}, {"speaker": "WALT", "phrase": " I mean"}, {"speaker": "WALT", "phrase": " it was like."}, {"speaker": "MANY", "phrase": "PAUSE"}, {"speaker": "AUD", "phrase": " Ugh."}, {"speaker": "WALT", "phrase": " ugh."}, {"speaker": "WALT", "phrase": " One of those days you woke up cold"}, {"speaker": "WALT", "phrase": " and little damp."}, {"speaker": "WALT", "phrase": " You know ?"}, {"speaker": "MANY", "phrase": "PAUSE"}, {"speaker": "AUD", "phrase": " Oh laugh."}, {"speaker": "MANY", "phrase": "PAUSE"}, {"speaker": "WALT", "phrase": " That's kind of gross"}, {"speaker": "WALT", "phrase": " isn't it."}, {"speaker": "AUD", "phrase": "PAUSE"}, {"speaker": "WALT", "phrase": " Well that's how I grew up."}, {"speaker": "WALT", "phrase": " But in this bedroom."}, {"speaker": "MANY", "phrase": "PAUSE"}, {"speaker": "WALT", "phrase": " um"}, {"speaker": "WALT", "phrase": " Maybe that's why I turned out this way"}, {"speaker": "WALT", "phrase": " I don't know."}, {"speaker": "WALT", "phrase": " Just kind of crazy."}, {"speaker": "MANY", "phrase": "PAUSE"}, {"speaker": "WALT", "phrase": " You know ?"}, {"speaker": "WALT", "phrase": " From young age"}, {"speaker": "WALT", "phrase": " I guess."}, {"speaker": "AUD", "phrase": "PAUSE"}, {"speaker": "WALT", "phrase": " But in that"}, {"speaker": "WALT", "phrase": " in that"}, {"speaker": "WALT", "phrase": " uh"}, {"speaker": "WALT", "phrase": " bedroom"}, {"speaker": "WALT", "phrase": " was closet."}, {"speaker": "AUD", "phrase": " Yep."}, {"speaker": "WALT", "phrase": " Well"}, {"speaker": "WALT", "phrase": " Paul's saying"}, {"speaker": "WALT", "phrase": " oh yeah"}, {"speaker": "WALT", "phrase": " I remember laugh that closet."}, {"speaker": "WALT", "phrase": " You know."}, {"speaker": "AUD", "phrase": "PAUSE"}, {"speaker": "WALT", "phrase": " And this closet was there."}, {"speaker": "WALT", "phrase": " And it was this incredible closet."}, {"speaker": "WALT", "phrase": " And uh."}, {"speaker": "AUD", "phrase": "PAUSE"}, {"speaker": "WALT", "phrase": " Every night before I went to bed"}, {"speaker": "WALT", "phrase": " I wanted to make sure"}, {"speaker": "WALT", "phrase": " that closet door"}, {"speaker": "WALT", "phrase": " was closed."}, {"speaker": "AUD", "phrase": " Oh yeah."}, {"speaker": "MANY", "phrase": "PAUSE"}, {"speaker": "WALT", "phrase": " Cause I knew"}, {"speaker": "WALT", "phrase": " if that closet door was open."}, {"speaker": "AUD", "phrase": "PAUSE"}, {"speaker": "WALT", "phrase": " I wasn't gonna sleep."}, {"speaker": "AUD1", "phrase": "PAUSE"}, {"speaker": "AUD2", "phrase": "PAUSE"}, {"speaker": "WALT", "phrase": " Cause inside that closet."}, {"speaker": "AUD", "phrase": "PAUSE"}, {"speaker": "WALT", "phrase": " there was nasty old boogyman."}, {"speaker": "MANY", "phrase": "PAUSE"}, {"speaker": "WALT", "phrase": "PAUSE"}, {"speaker": "WALT", "phrase": " Right Paul ?"}, {"speaker": "AUD", "phrase": "PAUSE"}, {"speaker": "WALT", "phrase": " And I was afraid of that boogyman."}, {"speaker": "AUD1", "phrase": "PAUSE"}, {"speaker": "AUD2", "phrase": "PAUSE"}, {"speaker": "WALT", "phrase": " You know"}, {"speaker": "WALT", "phrase": " during the day"}, {"speaker": "WALT", "phrase": " I'd go in there"}, {"speaker": "WALT", "phrase": " and look around"}, {"speaker": "WALT", "phrase": " and see if I could find him."}, {"speaker": "WALT", "phrase": " And I'd be amidst the shoes"}, {"speaker": "WALT", "phrase": " and all the junk and stuff in there"}, {"speaker": "WALT", "phrase": " and he wasn't there"}, {"speaker": "WALT", "phrase": " but at night"}, {"speaker": "WALT", "phrase": " that's where his home was."}, {"speaker": "AUD", "phrase": "PAUSE"}, {"speaker": "WALT", "phrase": " And I was scared of that."}, {"speaker": "AUD1", "phrase": " Yeah."}, {"speaker": "AUD2", "phrase": "PAUSE"}, {"speaker": "WALT", "phrase": " Were you afraid of him Paul"}, {"speaker": "WALT", "phrase": " as well"}, {"speaker": "WALT", "phrase": " I don't know."}, {"speaker": "AUD", "phrase": "PAUSE"}, {"speaker": "WALT", "phrase": " Were you afraid of that closet ?"}, {"speaker": "AUD", "phrase": "PAUSE"}, {"speaker": "WALT", "phrase": " Yeah he was too."}, {"speaker": "MANY", "phrase": "PAUSE"}, {"speaker": "WALT", "phrase": " so"}, {"speaker": "WALT", "phrase": " I'd never asked him that before"}, {"speaker": "WALT", "phrase": " so."}, {"speaker": "MANY", "phrase": "PAUSE"}, {"speaker": "WALT", "phrase": " I'll have to ask my other brothers as well."}, {"speaker": "WALT", "phrase": " You know"}, {"speaker": "WALT", "phrase": " I remember some other things I was afraid of"}, {"speaker": "WALT", "phrase": " I remember"}, {"speaker": "WALT", "phrase": " at times"}, {"speaker": "WALT", "phrase": " uh"}, {"speaker": "WALT", "phrase": " we grew up in neighborhood that was multiracial."}, {"speaker": "WALT", "phrase": " And uh."}, {"speaker": "AUD", "phrase": "PAUSE"}, {"speaker": "WALT", "phrase": " Some of us didn't get along."}, {"speaker": "WALT", "phrase": " And it was always interesting"}, {"speaker": "WALT", "phrase": " that when you"}, {"speaker": "WALT", "phrase": " got into trouble"}, {"speaker": "WALT", "phrase": " you ended up dealing with number of kids"}, {"speaker": "WALT", "phrase": " besides just one."}, {"speaker": "WALT", "phrase": " So I know of several times"}, {"speaker": "WALT", "phrase": " I had an"}, {"speaker": "WALT", "phrase": " uh"}, {"speaker": "WALT", "phrase": " kid that was after me"}, {"speaker": "WALT", "phrase": " and uh"}, {"speaker": "WALT", "phrase": " he would bring all his friends"}, {"speaker": "WALT", "phrase": " and there'd be about ten kids waiting for me."}, {"speaker": "WALT", "phrase": " After school."}, {"speaker": "AUD", "phrase": "PAUSE"}, {"speaker": "WALT", "phrase": " Cause I went to different school than they went to"}, {"speaker": "WALT", "phrase": " and they got out earlier than we did."}, {"speaker": "AUD1", "phrase": " Uhoh."}, {"speaker": "AUD2", "phrase": "PAUSE"}, {"speaker": "WALT", "phrase": " So it's kinda like"}, {"speaker": "WALT", "phrase": " uhoh."}, {"speaker": "AUD", "phrase": " M"}, {"speaker": "AUD", "phrase": "PAUSE"}, {"speaker": "WALT", "phrase": " There they are."}, {"speaker": "WALT", "phrase": " what am I gonna do."}, {"speaker": "WALT", "phrase": " And they can't come in the schoolyard."}, {"speaker": "WALT", "phrase": " You know ?"}, {"speaker": "WALT", "phrase": " Cause the adults'll putthemout."}, {"speaker": "WALT", "phrase": " But they're out there waiting"}, {"speaker": "WALT", "phrase": " saying we're gonna get you Walt."}, {"speaker": "WALT", "phrase": " we're gonna get you."}, {"speaker": "AUD", "phrase": "PAUSE"}, {"speaker": "WALT", "phrase": " you know ?"}, {"speaker": "WALT", "phrase": " We're after you"}, {"speaker": "WALT", "phrase": " and"}, {"speaker": "WALT", "phrase": " and uh"}, {"speaker": "WALT", "phrase": " and what I would do is"}, {"speaker": "WALT", "phrase": " go all the way around."}, {"speaker": "MANY", "phrase": "PAUSE"}, {"speaker": "WALT", "phrase": " Jumping fences"}, {"speaker": "WALT", "phrase": " going through yards"}, {"speaker": "WALT", "phrase": " you know"}, {"speaker": "WALT", "phrase": " ducking down behind cars."}, {"speaker": "MANY", "phrase": "PAUSE"}, {"speaker": "WALT", "phrase": " so those guys couldn't get me."}, {"speaker": "WALT", "phrase": " cause I was afraid"}, {"speaker": "WALT", "phrase": " I knew what was gonna happen."}, {"speaker": "WALT", "phrase": " Those guys were gonna beat the tar out of me."}, {"speaker": "MANY", "phrase": "PAUSE"}, {"speaker": "WALT", "phrase": " It's good reason to be afraid"}, {"speaker": "WALT", "phrase": " Isn't it ?"}, {"speaker": "MANY", "phrase": "PAUSE"}, {"speaker": "WALT", "phrase": " I think so."}, {"speaker": "AUD", "phrase": " Smart..."}, {"speaker": "WALT", "phrase": " Throwing rocks at you"}, {"speaker": "WALT", "phrase": " and things like that."}, {"speaker": "WALT", "phrase": " But anyway"}, {"speaker": "WALT", "phrase": " there was time that eventually"}, {"speaker": "WALT", "phrase": " eventually"}, {"speaker": "WALT", "phrase": " I couldn't run"}, {"speaker": "WALT", "phrase": " eventually I had to deal with my fear"}, {"speaker": "WALT", "phrase": " and confront..."}, {"speaker": "AUD", "phrase": " Yep."}, {"speaker": "WALT", "phrase": " those people."}, {"speaker": "WALT", "phrase": " I still did get the daylights beat out of me."}, {"speaker": "WALT", "phrase": " And uh"}, {"speaker": "WALT", "phrase": " But I confronted my fear."}, {"speaker": "WALT", "phrase": " You know I wanna talk little bit about fear today."}, {"speaker": "AUD", "phrase": "PAUSE"}, {"speaker": "WALT", "phrase": " Uh"}, {"speaker": "WALT", "phrase": " cause I believe it's something that keeps us"}, {"speaker": "WALT", "phrase": " \u0294uh from doing everything we can do"}, {"speaker": "WALT", "phrase": " as human beings"}, {"speaker": "WALT", "phrase": " the potential that God has given us"}, {"speaker": "WALT", "phrase": " and I believe it also"}, {"speaker": "WALT", "phrase": " really keeps us from."}, {"speaker": "AUD", "phrase": "PAUSE"}, {"speaker": "WALT", "phrase": " a"}, {"speaker": "WALT", "phrase": " strong spiritual walk with God."}, {"speaker": "MANY", "phrase": "PAUSE"}, {"speaker": "AUD", "phrase": "PAUSE"}, {"speaker": "WALT", "phrase": " Let's open to Mark chapter uh"}, {"speaker": "WALT", "phrase": " five"}, {"speaker": "WALT", "phrase": " verse thirtyfive."}, {"speaker": "WALT", "phrase": " That day when evening came"}, {"speaker": "WALT", "phrase": " he said to his disciples"}, {"speaker": "WALT", "phrase": " Let us go over to the other side."}, {"speaker": "WALT", "phrase": " Leaving the crowds behind"}, {"speaker": "WALT", "phrase": " they took him along"}, {"speaker": "WALT", "phrase": " just as he was."}, {"speaker": "WALT", "phrase": " In the boat."}, {"speaker": "WALT", "phrase": " There were also other boats with him."}, {"speaker": "WALT", "phrase": " A furious squall came up"}, {"speaker": "WALT", "phrase": " and the waves broke over the boat"}, {"speaker": "WALT", "phrase": " so that it was nearly swamped."}, {"speaker": "WALT", "phrase": " Jesus was in the stern."}, {"speaker": "WALT", "phrase": " Sleeping on cushion."}, {"speaker": "WALT", "phrase": " Hey."}, {"speaker": "WALT", "phrase": " Man."}, {"speaker": "WALT", "phrase": " The disciples woke him and said to him"}, {"speaker": "WALT", "phrase": " teacher."}, {"speaker": "WALT", "phrase": " Don't you care if we drown ?"}, {"speaker": "WALT", "phrase": " He got up"}, {"speaker": "WALT", "phrase": " rebuked the wind"}, {"speaker": "WALT", "phrase": " and said to the waves"}, {"speaker": "WALT", "phrase": " Quiet."}, {"speaker": "WALT", "phrase": " Be still."}, {"speaker": "WALT", "phrase": " Then the wind died down"}, {"speaker": "WALT", "phrase": " and it was completely calm."}, {"speaker": "WALT", "phrase": " He said to his disciples"}, {"speaker": "WALT", "phrase": " Why are you so afraid."}, {"speaker": "WALT", "phrase": " Do you still have no faith ?"}, {"speaker": "AUD", "phrase": "PAUSE"}, {"speaker": "READ", "phrase": " They were terrified"}, {"speaker": "READ", "phrase": " and asked each other"}, {"speaker": "READ", "phrase": " Who is this."}, {"speaker": "READ", "phrase": " Even the wind and the waves"}, {"speaker": "READ", "phrase": " obey him."}, {"speaker": "READ", "phrase": " Let's go on."}, {"speaker": "READ", "phrase": " Well they went across the lake to the region of."}, {"speaker": "READ", "phrase": " uh Gerasenes"}, {"speaker": "READ", "phrase": " when Jesus got out of the boat"}, {"speaker": "READ", "phrase": " man with an evil spirit"}, {"speaker": "READ", "phrase": " came from the tombs to meet him."}, {"speaker": "READ", "phrase": " I don't think he walked up and shook his hand"}, {"speaker": "READ", "phrase": " we're gonna see that in second."}, {"speaker": "WALT", "phrase": " This man lived in the tombs"}, {"speaker": "WALT", "phrase": " and no one could bind him anymore"}, {"speaker": "WALT", "phrase": " not even with chain."}, {"speaker": "AUD", "phrase": "PAUSE"}, {"speaker": "WALT", "phrase": " For he had often been chained"}, {"speaker": "WALT", "phrase": " hand and foot."}, {"speaker": "WALT", "phrase": " But he tore the chains apart"}, {"speaker": "WALT", "phrase": " and broke the irons on his feet."}, {"speaker": "WALT", "phrase": " No one was strong enough to subdue him."}, {"speaker": "WALT", "phrase": " Night and day among the tombs and in the hills"}, {"speaker": "WALT", "phrase": " he would cry out and cut himself"}, {"speaker": "WALT", "phrase": " with stones."}, {"speaker": "WALT", "phrase": " When he saw Jesus from distance"}, {"speaker": "WALT", "phrase": " He ran and fell on his knees in front of him."}, {"speaker": "WALT", "phrase": " He shouted at the top of his voice."}, {"speaker": "WALT", "phrase": " What do you want with me Jesus."}, {"speaker": "WALT", "phrase": " Son of the Most High God."}, {"speaker": "WALT", "phrase": " Swear to God that you won't torture me."}, {"speaker": "WALT", "phrase": " for Jesus had said to him"}, {"speaker": "WALT", "phrase": " Come out of this man"}, {"speaker": "WALT", "phrase": " you evil spirit."}, {"speaker": "WALT", "phrase": " Then Jesus asked him"}, {"speaker": "WALT", "phrase": " What is your name."}, {"speaker": "WALT", "phrase": " My name is legion"}, {"speaker": "WALT", "phrase": " he replied"}, {"speaker": "WALT", "phrase": " for we are many."}, {"speaker": "WALT", "phrase": " And he begged Jesus again and again"}, {"speaker": "WALT", "phrase": " not to send them out into the area."}, {"speaker": "WALT", "phrase": " A large herd of pigs was feeding on the nearby hillside."}, {"speaker": "WALT", "phrase": " The demons begged Jesus"}, {"speaker": "WALT", "phrase": " send us among the pigs"}, {"speaker": "WALT", "phrase": " allow us to go into them."}, {"speaker": "WALT", "phrase": " He gave them permission"}, {"speaker": "WALT", "phrase": " and the evil spirits"}, {"speaker": "WALT", "phrase": " came out and went into the pigs."}, {"speaker": "WALT", "phrase": " aa The herd about two thousand in number"}, {"speaker": "WALT", "phrase": " rushed down the steep bank into the lake"}, {"speaker": "WALT", "phrase": " and were drowned."}, {"speaker": "WALT", "phrase": " Those tending the pigs ran off"}, {"speaker": "WALT", "phrase": " and reported this in the town"}, {"speaker": "WALT", "phrase": " and countryside."}, {"speaker": "WALT", "phrase": " And the people went out to see what had happened."}, {"speaker": "WALT", "phrase": " When they came to Jesus"}, {"speaker": "WALT", "phrase": " They saw the man who had been possessed by the legion of demons."}, {"speaker": "WALT", "phrase": " Sitting there"}, {"speaker": "WALT", "phrase": " dressed in his right mind."}, {"speaker": "WALT", "phrase": " And they were afraid."}, {"speaker": "WALT", "phrase": " Those who had seen it told the people what had happened"}, {"speaker": "WALT", "phrase": " what had happened to the demonpossessed man"}, {"speaker": "WALT", "phrase": " and he told about the pigs"}, {"speaker": "WALT", "phrase": " as well."}, {"speaker": "WALT", "phrase": " Then the people began to plead with Jesus"}, {"speaker": "WALT", "phrase": " to leave their region."}, {"speaker": "WALT", "phrase": " and I'm gonna stop right there."}, {"speaker": "WALT", "phrase": " You know"}, {"speaker": "WALT", "phrase": " as we look at this we see that"}, {"speaker": "WALT", "phrase": " the disciples were afraid."}, {"speaker": "WALT", "phrase": " They were terrified."}, {"speaker": "WALT", "phrase": " Of what had happened in the boat."}, {"speaker": "WALT", "phrase": " You know what it's like to be terrified ?"}, {"speaker": "WALT", "phrase": " Have you ever been terrified."}, {"speaker": "AUD", "phrase": "PAUSE"}, {"speaker": "MANY", "phrase": "PAUSE"}, {"speaker": "WALT", "phrase": " I mean that's pretty scary thing."}, {"speaker": "WALT", "phrase": " Isn't it ?"}, {"speaker": "MANY", "phrase": "PAUSE"}, {"speaker": "WALT", "phrase": " Being terrified is very very scary word."}, {"speaker": "WALT", "phrase": " especially if you've experienced it."}, {"speaker": "WALT", "phrase": " Maybe you were in car wreck one time."}, {"speaker": "WALT", "phrase": " I was in car wreck coming back from Indianapolis one time"}, {"speaker": "WALT", "phrase": " we were going sixty miles an hour"}, {"speaker": "WALT", "phrase": " and we're going down the freeway"}, {"speaker": "WALT", "phrase": " and all of sudden this woman pulls out of the ramp"}, {"speaker": "WALT", "phrase": " trailor truck hits his brakes"}, {"speaker": "WALT", "phrase": " he."}, {"speaker": "WALT", "phrase": " he's."}, {"speaker": "WALT", "phrase": " he's behind us"}, {"speaker": "WALT", "phrase": " I thought he's coming through us"}, {"speaker": "WALT", "phrase": " another person smashes us"}, {"speaker": "WALT", "phrase": " we're spinning around the highway"}, {"speaker": "WALT", "phrase": " glass is flying everywhere"}, {"speaker": "WALT", "phrase": " and I'm saying Lord take me quickly."}, {"speaker": "WALT", "phrase": " I was scared to"}, {"speaker": "WALT", "phrase": " I was terrified."}, {"speaker": "WALT", "phrase": " We ended up in the middle of the median"}, {"speaker": "WALT", "phrase": "PAUSE"}, {"speaker": "WALT", "phrase": " and"}, {"speaker": "WALT", "phrase": " I had to crawl out through window"}, {"speaker": "WALT", "phrase": " to get out of the car."}, {"speaker": "WALT", "phrase": " I was terrified."}, {"speaker": "WALT", "phrase": " I know that feeling."}, {"speaker": "WALT", "phrase": " That's what the disciples were feeling at that time"}, {"speaker": "WALT", "phrase": " they were terrified."}, {"speaker": "WALT", "phrase": " They didn't understand."}, {"speaker": "WALT", "phrase": " What was going on."}, {"speaker": "WALT", "phrase": " And then we see the demonpossessed man."}, {"speaker": "WALT", "phrase": " He was um"}, {"speaker": "WALT", "phrase": " really"}, {"speaker": "WALT", "phrase": " think about how possessed he really was."}, {"speaker": "WALT", "phrase": " He was strong enough to break irons."}, {"speaker": "AUD", "phrase": " Yep."}, {"speaker": "WALT", "phrase": " on his wrists"}, {"speaker": "WALT", "phrase": " and to free himself from the shackles"}, {"speaker": "WALT", "phrase": " that were on his feet."}, {"speaker": "WALT", "phrase": " And he cried out in the evening"}, {"speaker": "WALT", "phrase": " and cut himself with stones."}, {"speaker": "WALT", "phrase": " I mean he was pretty wild guy"}, {"speaker": "WALT", "phrase": " wasn't he."}, {"speaker": "AUD", "phrase": " Yep."}, {"speaker": "MANY", "phrase": "PAUSE"}, {"speaker": "WALT", "phrase": " But Jesus took good care of him."}, {"speaker": "WALT", "phrase": " He gave him back his sanity."}, {"speaker": "AUD", "phrase": " Amen."}, {"speaker": "WALT", "phrase": " He gave him back his mind."}, {"speaker": "AUD", "phrase": " Yep."}, {"speaker": "WALT", "phrase": " And the people came out to see what had happened"}, {"speaker": "WALT", "phrase": " cause they heard about the pigs."}, {"speaker": "WALT", "phrase": " And they came out it says"}, {"speaker": "WALT", "phrase": " they were afraid too."}, {"speaker": "WALT", "phrase": " They were afraid."}, {"speaker": "WALT", "phrase": " Just like the disciples were afraid."}, {"speaker": "WALT", "phrase": " They were afraid"}, {"speaker": "WALT", "phrase": " and they asked Jesus"}, {"speaker": "WALT", "phrase": " to leave"}, {"speaker": "WALT", "phrase": " the region."}, {"speaker": "WALT", "phrase": " You know it's amazing but"}, {"speaker": "WALT", "phrase": " that fear."}, {"speaker": "WALT", "phrase": " because they didn't understand."}, {"speaker": "WALT", "phrase": " And they wanted to control."}, {"speaker": "WALT", "phrase": " the situation."}, {"speaker": "WALT", "phrase": " You know fear is o crippling."}, {"speaker": "AUD", "phrase": "PAUSE"}, {"speaker": "WALT", "phrase": " I mean it just knocks on our door"}, {"speaker": "WALT", "phrase": " every single day."}, {"speaker": "WALT", "phrase": " Every single day we get up"}, {"speaker": "WALT", "phrase": " it knocks on our door."}, {"speaker": "AUD1", "phrase": " Amen."}, {"speaker": "WALT", "phrase": " We all have different fears."}, {"speaker": "WALT", "phrase": " it kind of pulls us in"}, {"speaker": "WALT", "phrase": " it entraps us."}, {"speaker": "WALT", "phrase": " It keeps us from moving."}, {"speaker": "WALT", "phrase": " We become immobile."}, {"speaker": "WALT", "phrase": " And that truly is"}, {"speaker": "WALT", "phrase": " what was happening"}, {"speaker": "WALT", "phrase": " to the people."}, {"speaker": "WALT", "phrase": " Their response was"}, {"speaker": "WALT", "phrase": " no."}, {"speaker": "WALT", "phrase": " this is incredible."}, {"speaker": "WALT", "phrase": " This is the son of God."}, {"speaker": "WALT", "phrase": " Look at the great miracle that he's performed."}, {"speaker": "WALT", "phrase": " He's given this man peace."}, {"speaker": "WALT", "phrase": " He's given this man sanity."}, {"speaker": "WALT", "phrase": " He's given this man life again."}, {"speaker": "WALT", "phrase": " And we're grateful to you Jesus."}, {"speaker": "WALT", "phrase": " We're happy Jesus."}, {"speaker": "WALT", "phrase": " We're excited about what you're doing here."}, {"speaker": "WALT", "phrase": " please stay with us"}, {"speaker": "WALT", "phrase": " forever."}, {"speaker": "WALT", "phrase": " we'll feed you"}, {"speaker": "WALT", "phrase": " we'll take care of you."}, {"speaker": "WALT", "phrase": " We'll become your friends."}, {"speaker": "WALT", "phrase": " We'll sit at your feet."}, {"speaker": "WALT", "phrase": " We'll pray with you we'll learn from you."}, {"speaker": "WALT", "phrase": "PAUSE"}, {"speaker": "WALT", "phrase": " wrong."}, {"speaker": "WALT", "phrase": " Jesus"}, {"speaker": "WALT", "phrase": " you just need to leave our region."}, {"speaker": "WALT", "phrase": " Cause they were afraid."}, {"speaker": "AUD1", "phrase": " Mhm."}, {"speaker": "WALT", "phrase": " Because they didn't understand."}, {"speaker": "WALT", "phrase": " And they were no longer in control."}, {"speaker": "WALT", "phrase": " But Jesus"}, {"speaker": "WALT", "phrase": " was in control."}, {"speaker": "WALT", "phrase": " They realized"}, {"speaker": "WALT", "phrase": " that what Jesus had done"}, {"speaker": "WALT", "phrase": " no other man"}, {"speaker": "WALT", "phrase": " could possibly do."}, {"speaker": "WALT", "phrase": " That there was something different about Jesus."}, {"speaker": "AUD2", "phrase": " That's right."}, {"speaker": "WALT", "phrase": " But their fear kept them from finding out exactly who Jesus was."}, {"speaker": "WALT", "phrase": " Does your fear keep you from knowing exactly who Jesus is."}, {"speaker": "WALT", "phrase": " Does your fear keep you from radical relationship with God."}, {"speaker": "WALT", "phrase": " Does it keep you from personal relationship with God."}, {"speaker": "AUD", "phrase": "PAUSE"}, {"speaker": "WALT", "phrase": " More than just going to church on Sunday"}, {"speaker": "WALT", "phrase": " going to midweek service"}, {"speaker": "WALT", "phrase": " or"}, {"speaker": "WALT", "phrase": " even going to Bible talks."}, {"speaker": "WALT", "phrase": " Or group discussions."}, {"speaker": "WALT", "phrase": "Or one on one study."}, {"speaker": "WALT", "phrase": " Does your fear keep you from that radical personal relationship with God."}, {"speaker": "AUD", "phrase": "PAUSE"}, {"speaker": "WALT", "phrase": " Does your fear keep you from"}, {"speaker": "WALT", "phrase": " deep personal relationships with one another."}, {"speaker": "MANY", "phrase": "PAUSE"}, {"speaker": "WALT", "phrase": " You know the world is an interesting place."}, {"speaker": "WALT", "phrase": " We all crave that."}, {"speaker": "WALT", "phrase": " Don't we ?"}, {"speaker": "WALT", "phrase": " as human beings"}, {"speaker": "WALT", "phrase": " personal relationship"}, {"speaker": "WALT", "phrase": " we're looking for personal relationships"}, {"speaker": "WALT", "phrase": " we're looking for friendship."}, {"speaker": "WALT", "phrase": " Aren't we ?"}, {"speaker": "MANY", "phrase": "PAUSE"}, {"speaker": "WALT", "phrase": " You know"}, {"speaker": "WALT", "phrase": " uh"}, {"speaker": "WALT", "phrase": " Craig was uh"}, {"speaker": "WALT", "phrase": " uh Greg was."}, {"speaker": "WALT", "phrase": " I always get those two mixed up."}, {"speaker": "WALT", "phrase": " Greg and Craig."}, {"speaker": "WALT", "phrase": " You look so much arike like yeah."}, {"speaker": "MANY", "phrase": "PAUSE"}, {"speaker": "WALT", "phrase": " Greg was sharing something with me"}, {"speaker": "WALT", "phrase": " that"}, {"speaker": "WALT", "phrase": " last Sunday"}, {"speaker": "WALT", "phrase": " when we were in the middle of the snow storm"}, {"speaker": "WALT", "phrase": " he decided"}, {"speaker": "WALT", "phrase": " and the and and the and the brothers in that apartment"}, {"speaker": "WALT", "phrase": " they were gonna go out and knock on all the doors"}, {"speaker": "WALT", "phrase": " in their apartment"}, {"speaker": "WALT", "phrase": " invite people to come to the worship service"}, {"speaker": "WALT", "phrase": " cause no one could get out."}, {"speaker": "WALT", "phrase": " they were all snowed in."}, {"speaker": "WALT", "phrase": " So he went around the building"}, {"speaker": "WALT", "phrase": " knocking on doors"}, {"speaker": "WALT", "phrase": " which in itself is crazy."}, {"speaker": "WALT", "phrase": " Right ?"}, {"speaker": "MANY", "phrase": "PAUSE"}, {"speaker": "WALT", "phrase": " Yeah"}, {"speaker": "WALT", "phrase": " it is."}, {"speaker": "WALT", "phrase": " It's crazy."}, {"speaker": "WALT", "phrase": " I mean"}, {"speaker": "WALT", "phrase": " you know."}, {"speaker": "WALT", "phrase": " How many times have you done that in your life."}, {"speaker": "WALT", "phrase": " it's crazy."}, {"speaker": "WALT", "phrase": " It's out of the."}, {"speaker": "WALT", "phrase": " out of the ordinary."}, {"speaker": "WALT", "phrase": " Maybe little bit insane."}, {"speaker": "WALT", "phrase": " But anyway"}, {"speaker": "WALT", "phrase": " they went around"}, {"speaker": "WALT", "phrase": " knocking on doors"}, {"speaker": "WALT", "phrase": " inviting people to come down"}, {"speaker": "WALT", "phrase": " he said it was amazing"}, {"speaker": "WALT", "phrase": " I could hear people there"}, {"speaker": "WALT", "phrase": " but they wouldn't come to the door."}, {"speaker": "AUD", "phrase": "PAUSE"}, {"speaker": "WALT", "phrase": " And then there were others he knocked on"}, {"speaker": "WALT", "phrase": " the people would come to the door"}, {"speaker": "WALT", "phrase": " they would talk"}, {"speaker": "WALT", "phrase": " but they wouldn't open the door."}, {"speaker": "WALT", "phrase": " Then there were others"}, {"speaker": "WALT", "phrase": " who opened the door just little bit."}, {"speaker": "AUD", "phrase": "PAUSE"}, {"speaker": "WALT", "phrase": " Just."}, {"speaker": "WALT", "phrase": " to see who was there."}, {"speaker": "WALT", "phrase": " you know ?"}, {"speaker": "MANY", "phrase": "PAUSE"}, {"speaker": "WALT", "phrase": " Or you look out that peep hole."}, {"speaker": "WALT", "phrase": " let me just"}, {"speaker": "WALT", "phrase": " the hole's about this big."}, {"speaker": "AUD", "phrase": "PAUSE"}, {"speaker": "WALT", "phrase": " and you stick your"}, {"speaker": "WALT", "phrase": " you know"}, {"speaker": "WALT", "phrase": " you're looking like this."}, {"speaker": "MANY", "phrase": "PAUSE"}, {"speaker": "WALT", "phrase": " Right ?"}, {"speaker": "AUD", "phrase": " Oh Lord."}, {"speaker": "WALT", "phrase": " And then there were others"}, {"speaker": "WALT", "phrase": " who opened their door"}, {"speaker": "WALT", "phrase": " and went to the service"}, {"speaker": "WALT", "phrase": " and it changed their lives."}, {"speaker": "MANY", "phrase": " Amen."}, {"speaker": "WALT", "phrase": " But fear"}, {"speaker": "WALT", "phrase": " keeps us from those personal relationships"}, {"speaker": "WALT", "phrase": " with one another."}, {"speaker": "WALT", "phrase": " We're so concerned about"}, {"speaker": "WALT", "phrase": " what everybody else thinks."}, {"speaker": "AUD", "phrase": " Yep."}, {"speaker": "WALT", "phrase": " about us."}, {"speaker": "AUD", "phrase": " That's right."}, {"speaker": "MANY", "phrase": "PAUSE"}, {"speaker": "WALT", "phrase": " Doesn't that cripple you ?"}, {"speaker": "MANY", "phrase": " Yeah."}, {"speaker": "WALT", "phrase": " What's someone gonna think"}, {"speaker": "WALT", "phrase": " if they find out I'm Christian."}, {"speaker": "WALT", "phrase": " What is someone gonna think"}, {"speaker": "WALT", "phrase": " when I tellthemI'm disciple."}, {"speaker": "WALT", "phrase": " That I don't do these things anymore."}, {"speaker": "WALT", "phrase": " Jeez"}, {"speaker": "WALT", "phrase": " what are they gonna think"}, {"speaker": "WALT", "phrase": " if I invite them"}, {"speaker": "WALT", "phrase": " to learn about Jesus."}, {"speaker": "WALT", "phrase": " And to study the Bible."}, {"speaker": "WALT", "phrase": " See we're so concerned"}, {"speaker": "WALT", "phrase": " we're afraid"}, {"speaker": "WALT", "phrase": " we're fearful"}, {"speaker": "WALT", "phrase": " and that fear robs us"}, {"speaker": "WALT", "phrase": " of that deep personal relationship with God"}, {"speaker": "WALT", "phrase": " and that deep personal relationship with one another."}, {"speaker": "AUD", "phrase": "PAUSE"}, {"speaker": "WALT", "phrase": " We all experience it."}, {"speaker": "WALT", "phrase": " It keeps us"}, {"speaker": "WALT", "phrase": " fear keeps us from changing our lives."}, {"speaker": "MANY", "phrase": "PAUSE"}, {"speaker": "AUD", "phrase": " Preach it Walter."}, {"speaker": "WALT", "phrase": " Fear keeps us from changing the world."}, {"speaker": "MANY", "phrase": "PAUSE"}, {"speaker": "WALT", "phrase": " needed to overcome their fears."}, {"speaker": "WALT", "phrase": " In order that they might have that radical relationship with God."}, {"speaker": "WALT", "phrase": " The disciples needed to overcome their fears"}, {"speaker": "WALT", "phrase": " in order to have deep personal relationship with one another."}, {"speaker": "WALT", "phrase": " The disciples"}, {"speaker": "WALT", "phrase": " needed to overcome"}, {"speaker": "WALT", "phrase": " their fears"}, {"speaker": "WALT", "phrase": " in order to"}, {"speaker": "WALT", "phrase": " change their lives."}, {"speaker": "WALT", "phrase": " The disciples"}, {"speaker": "WALT", "phrase": " needed to overcome their fears"}, {"speaker": "WALT", "phrase": " in order to change the world."}, {"speaker": "AUD", "phrase": " That's right."}, {"speaker": "WALT", "phrase": " And if we go back and we examine the Gospels."}, {"speaker": "AUD", "phrase": " Amen."}, {"speaker": "WALT", "phrase": " we see"}, {"speaker": "WALT", "phrase": " very clearly"}, {"speaker": "WALT", "phrase": " that all the time that Jesus spent with them"}, {"speaker": "WALT", "phrase": " they were afraid."}, {"speaker": "WALT", "phrase": " Peter was afraid."}, {"speaker": "WALT", "phrase": " Thomas was afraid."}, {"speaker": "WALT", "phrase": " They were many many times afraid."}, {"speaker": "WALT", "phrase": " But they \u0294uh."}, {"speaker": "WALT", "phrase": " they understood"}, {"speaker": "WALT", "phrase": " the only way they would overcome their fear"}, {"speaker": "WALT", "phrase": " would be"}, {"speaker": "WALT", "phrase": " through Jesus Christ."}, {"speaker": "AUD", "phrase": "PAUSE"}, {"speaker": "WALT", "phrase": " And his example."}, {"speaker": "WALT", "phrase": " Because the Lord had many challenging times"}, {"speaker": "WALT", "phrase": " in his life."}, {"speaker": "WALT", "phrase": " Where fair."}, {"speaker": "WALT", "phrase": " Where fear"}, {"speaker": "WALT", "phrase": " could be the dominant factor."}, {"speaker": "AUD", "phrase": "PAUSE"}, {"speaker": "WALT", "phrase": " That could take away"}, {"speaker": "WALT", "phrase": " his relationship"}, {"speaker": "WALT", "phrase": " with God."}, {"speaker": "AUD", "phrase": " Amen."}, {"speaker": "WALT", "phrase": " I mean think about it."}, {"speaker": "WALT", "phrase": " You know I was uh"}, {"speaker": "WALT", "phrase": " thinking about fear."}, {"speaker": "WALT", "phrase": " And I guess"}, {"speaker": "WALT", "phrase": " what prompted me about this"}, {"speaker": "WALT", "phrase": " is cause I'm fearful person."}, {"speaker": "AUD", "phrase": "PAUSE"}, {"speaker": "WALT", "phrase": " You say oh"}, {"speaker": "WALT", "phrase": " well you're getting up here and speak in front of"}, {"speaker": "WALT", "phrase": " two or three hundred people"}, {"speaker": "WALT", "phrase": " and you know"}, {"speaker": "WALT", "phrase": " you've done this"}, {"speaker": "WALT", "phrase": " and you've done that"}, {"speaker": "WALT", "phrase": " and you've done this"}, {"speaker": "WALT", "phrase": " and I'm like"}, {"speaker": "WALT", "phrase": " Well"}, {"speaker": "WALT", "phrase": " Yeah"}, {"speaker": "WALT", "phrase": " amen."}, {"speaker": "WALT", "phrase": " But I'm still fearful person."}, {"speaker": "MANY", "phrase": "PAUSE"}, {"speaker": "WALT", "phrase": " But I really wanna overcome my fears."}, {"speaker": "MANY", "phrase": "PAUSE"}, {"speaker": "WALT", "phrase": " I wanna get."}, {"speaker": "AUD", "phrase": " amen."}, {"speaker": "WALT", "phrase": " deeper and deeper with the Lord"}, {"speaker": "WALT", "phrase": " I wanna get deeper and deeper with you"}, {"speaker": "WALT", "phrase": " I wanna get d."}, {"speaker": "WALT", "phrase": " I wanna be able to change my life"}, {"speaker": "WALT", "phrase": " and I wanna be able to change the world."}, {"speaker": "MANY", "phrase": "PAUSE"}, {"speaker": "WALT", "phrase": " You know I've had the opportunity"}, {"speaker": "WALT", "phrase": " to just really go back"}, {"speaker": "WALT", "phrase": " and read some things"}, {"speaker": "WALT", "phrase": " outside of the Bible"}, {"speaker": "WALT", "phrase": " uh"}, {"speaker": "WALT", "phrase": " on Martin Luther King Junior."}, {"speaker": "WALT", "phrase": " Cause the guy blows my mind."}, {"speaker": "WALT", "phrase": " He blows my."}, {"speaker": "WALT", "phrase": " here's man who died"}, {"speaker": "WALT", "phrase": " for what he believed."}, {"speaker": "WALT", "phrase": " He died to see justice."}, {"speaker": "WALT", "phrase": " equality."}, {"speaker": "WALT", "phrase": " peace."}, {"speaker": "WALT", "phrase": " He died for that."}, {"speaker": "WALT", "phrase": " And I'm thinking"}, {"speaker": "WALT", "phrase": " He is willing to drink that cup."}, {"speaker": "WALT", "phrase": " He was afraid many times"}, {"speaker": "WALT", "phrase": " but he pushed through his fears."}, {"speaker": "WALT", "phrase": " In order to succeed and have victory."}, {"speaker": "WALT", "phrase": " For himself"}, {"speaker": "WALT", "phrase": " and for the people"}, {"speaker": "WALT", "phrase": " that were around him."}, {"speaker": "WALT", "phrase": " The Black nation of America."}, {"speaker": "WALT", "phrase": " You know we need to learn"}, {"speaker": "WALT", "phrase": " number one"}, {"speaker": "WALT", "phrase": " if we are gonna overcome our fears"}, {"speaker": "WALT", "phrase": " The first point is to face our fears."}, {"speaker": "WALT", "phrase": " In order to overcome our fears"}, {"speaker": "WALT", "phrase": " we must face our fears."}, {"speaker": "AUD1", "phrase": " Amen."}, {"speaker": "AUD2", "phrase": " That's right."}, {"speaker": "WALT", "phrase": " I..."}, {"speaker": "AUD", "phrase": " Amen."}, {"speaker": "WALT", "phrase": " I had the opportunity"}, {"speaker": "WALT", "phrase": " as you laugh know"}, {"speaker": "WALT", "phrase": " to spend lot of time with my brother"}, {"speaker": "WALT", "phrase": " he's moved in with us"}, {"speaker": "WALT", "phrase": " and just to talk."}, {"speaker": "WALT", "phrase": " And and as we were talking"}, {"speaker": "WALT", "phrase": " what came out"}, {"speaker": "WALT", "phrase": " is really"}, {"speaker": "WALT", "phrase": " his fears."}, {"speaker": "WALT", "phrase": " What he was afraid of."}, {"speaker": "WALT", "phrase": " In becoming disciple."}, {"speaker": "WALT", "phrase": " In becoming Christian."}, {"speaker": "WALT", "phrase": " And it brought me back"}, {"speaker": "WALT", "phrase": " to the time when I was studying the Bible."}, {"speaker": "WALT", "phrase": " And I remember all of the fears that were in my life."}, {"speaker": "WALT", "phrase": " in in in making decision"}, {"speaker": "WALT", "phrase": " to follow Christ."}, {"speaker": "WALT", "phrase": " You know I can remember the fear of"}, {"speaker": "WALT", "phrase": " they all wanna take my money."}, {"speaker": "MANY", "phrase": "PAUSE"}, {"speaker": "WALT", "phrase": " That was fear for me."}, {"speaker": "WALT", "phrase": " That was real."}, {"speaker": "WALT", "phrase": " I worked hard for my money."}, {"speaker": "WALT", "phrase": " I was concerned about this"}, {"speaker": "WALT", "phrase": " cultic organization"}, {"speaker": "WALT", "phrase": " trying to take my money."}, {"speaker": "WALT", "phrase": " You know"}, {"speaker": "WALT", "phrase": " I'd look at the checkbook."}, {"speaker": "WALT", "phrase": " My wife would write check for ten dollars"}, {"speaker": "WALT", "phrase": " I'd go crazy."}, {"speaker": "MANY", "phrase": "PAUSE"}, {"speaker": "WALT", "phrase": " Cause I was afraid."}, {"speaker": "WALT", "phrase": " They would take my money."}, {"speaker": "WALT", "phrase": " Right Paul ?"}, {"speaker": "WALT", "phrase": " Yeah."}, {"speaker": "WALT", "phrase": " Sure."}, {"speaker": "MANY", "phrase": "PAUSE"}, {"speaker": "AUD", "phrase": "PAUSE"}, {"speaker": "WALT", "phrase": " I was afraid I was gonna lose my personality."}, {"speaker": "WALT", "phrase": " as you can see."}, {"speaker": "MANY", "phrase": "PAUSE"}, {"speaker": "WALT", "phrase": " I've not lost it."}, {"speaker": "MANY", "phrase": "PAUSE"}, {"speaker": "AUD", "phrase": " Amen."}, {"speaker": "AUD", "phrase": " Amen laugh."}, {"speaker": "WALT", "phrase": " It's been matured."}, {"speaker": "MANY", "phrase": "PAUSE"}, {"speaker": "AUD", "phrase": " Yeah."}, {"speaker": "AUD", "phrase": " thats"}, {"speaker": "AUD", "phrase": " yeah."}, {"speaker": "AUD", "phrase": " Amen."}, {"speaker": "WALT", "phrase": " I was afraid I was gonna lose my identity."}, {"speaker": "WALT", "phrase": " Well as you can see."}, {"speaker": "AUD1", "phrase": "PAUSE"}, {"speaker": "AUD2", "phrase": "PAUSE"}, {"speaker": "WALT", "phrase": " Still got one."}, {"speaker": "AUD", "phrase": " Amen laugh."}, {"speaker": "WALT", "phrase": " Maybe it needs to change some"}, {"speaker": "WALT", "phrase": " but I still have it."}, {"speaker": "WALT", "phrase": " I was afraid that"}, {"speaker": "WALT", "phrase": " I'd be robbed of my individuality."}, {"speaker": "WALT", "phrase": " I'd be robbed of my independence and my free will."}, {"speaker": "WALT", "phrase": " Well let me tell you"}, {"speaker": "WALT", "phrase": " I'm plenty independent."}, {"speaker": "AUD1", "phrase": "PAUSE"}, {"speaker": "AUD2", "phrase": " Uhoh."}, {"speaker": "WALT", "phrase": " And I have free will to choose and pick"}, {"speaker": "WALT", "phrase": " what I want to do with my life."}, {"speaker": "MANY", "phrase": "PAUSE"}, {"speaker": "WALT", "phrase": " But what I've chose"}, {"speaker": "WALT", "phrase": " is to overcome my fears"}, {"speaker": "WALT", "phrase": " and give my life"}, {"speaker": "WALT", "phrase": " to Jesus Christ."}, {"speaker": "MANY", "phrase": " Amen."}, {"speaker": "WALT", "phrase": " But we must face our fears."}, {"speaker": "WALT", "phrase": " Ask yourselves"}, {"speaker": "WALT", "phrase": " why are you afraid."}, {"speaker": "WALT", "phrase": " Think about your own fears."}, {"speaker": "WALT", "phrase": " Think about your own personal fears"}, {"speaker": "WALT", "phrase": " inside your life."}, {"speaker": "WALT", "phrase": " The deep ones."}, {"speaker": "WALT", "phrase": " Not the outside ones about money and stuff."}, {"speaker": "WALT", "phrase": " But the deep deep truths in your heart."}, {"speaker": "WALT", "phrase": " Cause each one of us"}, {"speaker": "WALT", "phrase": " have some things in our life"}, {"speaker": "WALT", "phrase": " that we're very fearful about."}, {"speaker": "WALT", "phrase": " Ask yourself"}, {"speaker": "WALT", "phrase": " Why am I afraid."}, {"speaker": "AUD", "phrase": "PAUSE"}, {"speaker": "WALT", "phrase": " See we need to ask ourselves that question"}, {"speaker": "WALT", "phrase": " every single day."}, {"speaker": "WALT", "phrase": " We need to ask ourselves that question"}, {"speaker": "WALT", "phrase": " every single time"}, {"speaker": "WALT", "phrase": " it comes up."}, {"speaker": "WALT", "phrase": " Because in that way"}, {"speaker": "WALT", "phrase": " confronting our fears"}, {"speaker": "WALT", "phrase": " It will give us"}, {"speaker": "WALT", "phrase": " measure of success."}, {"speaker": "WALT", "phrase": " It will give us measure of power."}, {"speaker": "WALT", "phrase": " It doesn't mean we've done it yet"}, {"speaker": "WALT", "phrase": " but when we bring it up"}, {"speaker": "WALT", "phrase": " it will give us measure of that power."}, {"speaker": "WALT", "phrase": " It will give us measure of success."}, {"speaker": "AUD", "phrase": "PAUSE"}, {"speaker": "WALT", "phrase": " Not the total victory"}, {"speaker": "WALT", "phrase": " but small measure to understand"}, {"speaker": "WALT", "phrase": " where we're really at."}, {"speaker": "AUD1", "phrase": " Yeah."}, {"speaker": "AUD2", "phrase": " Amen."}, {"speaker": "WALT", "phrase": " You know"}, {"speaker": "WALT", "phrase": " the thing about fears."}, {"speaker": "WALT", "phrase": " The more we attempt to ignore or repress them"}, {"speaker": "WALT", "phrase": " the more we multiply the conflict inside."}, {"speaker": "AUD1", "phrase": " Wow."}, {"speaker": "MANY", "phrase": "PAUSE"}, {"speaker": "AUD2", "phrase": " That's right."}, {"speaker": "WALT", "phrase": " Isn't that true."}, {"speaker": "CONG", "phrase": "PAUSE"}, {"speaker": "WALT", "phrase": " You know when you're afraid to deal with something"}, {"speaker": "WALT", "phrase": " and you're afraid ?"}, {"speaker": "WALT", "phrase": " and then all of sudden"}, {"speaker": "WALT", "phrase": " it starts multiplying."}, {"speaker": "WALT", "phrase": "PAUSE"}, {"speaker": "MANY", "phrase": "PAUSE"}, {"speaker": "WALT", "phrase": " And now you're really afraid."}, {"speaker": "WALT", "phrase": " Right ?"}, {"speaker": "MANY", "phrase": "PAUSE"}, {"speaker": "WALT", "phrase": " And now you don't want to say anything to any about anything."}, {"speaker": "WALT", "phrase": " Right ?"}, {"speaker": "MANY", "phrase": "PAUSE"}, {"speaker": "WALT", "phrase": " Cause it's started to multiply."}, {"speaker": "WALT", "phrase": " And the longer that fear goes"}, {"speaker": "WALT", "phrase": " the more it multiplies."}, {"speaker": "WALT", "phrase": " till it gets to the point where it totally immobilizes you."}, {"speaker": "AUD", "phrase": " Right."}, {"speaker": "WALT", "phrase": " Till you become"}, {"speaker": "WALT", "phrase": " totally"}, {"speaker": "WALT", "phrase": " unable to move."}, {"speaker": "MANY", "phrase": "PAUSE"}, {"speaker": "WALT", "phrase": " You become stymied."}, {"speaker": "AUD", "phrase": " Mm."}, {"speaker": "WALT", "phrase": " Still."}, {"speaker": "AUD", "phrase": "PAUSE"}, {"speaker": "WALT", "phrase": " And we know as human beings"}, {"speaker": "WALT", "phrase": " just like nature"}, {"speaker": "WALT", "phrase": " if we're not growing"}, {"speaker": "WALT", "phrase": " we're dying."}, {"speaker": "MANY", "phrase": "PAUSE"}, {"speaker": "WALT", "phrase": " And that fear"}, {"speaker": "WALT", "phrase": " starts to eat away"}, {"speaker": "WALT", "phrase": " at you."}, {"speaker": "WALT", "phrase": " You know the great thing about bringing your fears up too."}, {"speaker": "WALT", "phrase": " Is that when you bring your fears up"}, {"speaker": "WALT", "phrase": " what we find out many times"}, {"speaker": "WALT", "phrase": " is that they're more imaginary"}, {"speaker": "WALT", "phrase": " than they are real."}, {"speaker": "AUD", "phrase": " Yes."}, {"speaker": "MANY", "phrase": "PAUSE"}, {"speaker": "WALT", "phrase": " Isn't that true."}, {"speaker": "MANY", "phrase": "PAUSE"}, {"speaker": "WALT", "phrase": " It's like"}, {"speaker": "WALT", "phrase": " I need to talk to Windham"}, {"speaker": "WALT", "phrase": " about this."}, {"speaker": "WALT", "phrase": " It's like"}, {"speaker": "WALT", "phrase": " oh"}, {"speaker": "WALT", "phrase": " I don't know if I wanna talk to Windham about this."}, {"speaker": "WALT", "phrase": " And then I start"}, {"speaker": "WALT", "phrase": " Then this fear start to multiply."}, {"speaker": "WALT", "phrase": "PAUSE"}, {"speaker": "AUD1", "phrase": "PAUSE"}, {"speaker": "AUD2", "phrase": "PAUSE"}, {"speaker": "WALT", "phrase": " You know what I mean ?"}, {"speaker": "AUD1", "phrase": " Yeah laugh."}, {"speaker": "WALT", "phrase": " Then I don't wanna talk."}, {"speaker": "WALT", "phrase": " Right."}, {"speaker": "WALT", "phrase": " Then."}, {"speaker": "WALT", "phrase": " then I go and talk"}, {"speaker": "WALT", "phrase": " oh he's gonna say this and"}, {"speaker": "WALT", "phrase": " he's gonna say that and"}, {"speaker": "WALT", "phrase": " he's gonna be in my face and"}, {"speaker": "WALT", "phrase": " danadanadanadana."}, {"speaker": "WALT", "phrase": " And I'm like"}, {"speaker": "WALT", "phrase": " and then I go and I talk to him."}, {"speaker": "WALT", "phrase": " I muster up."}, {"speaker": "WALT", "phrase": " which is our second point"}, {"speaker": "WALT", "phrase": " which is courage."}, {"speaker": "AUD", "phrase": " Amen laugh."}, {"speaker": "MANY", "phrase": "PAUSE"}, {"speaker": "WALT", "phrase": " I muster up the courage"}, {"speaker": "WALT", "phrase": " and I talk to Windham."}, {"speaker": "WALT", "phrase": " And you know what"}, {"speaker": "WALT", "phrase": " I'm like"}, {"speaker": "WALT", "phrase": " wow."}, {"speaker": "WALT", "phrase": " That isn't anything like I thought."}, {"speaker": "MANY", "phrase": "PAUSE"}, {"speaker": "WALT", "phrase": " Isn't that true."}, {"speaker": "MANY", "phrase": "PAUSE"}, {"speaker": "WALT", "phrase": " And I feel so much better"}, {"speaker": "WALT", "phrase": " I'm like"}, {"speaker": "WALT", "phrase": " I can't believe I did that."}, {"speaker": "WALT", "phrase": " What dummy."}, {"speaker": "WALT", "phrase": " What fool."}, {"speaker": "X", "phrase": "PAUSE"}, {"speaker": "WALT", "phrase": " that I would think those things."}, {"speaker": "WALT", "phrase": " See because lot of times our fears"}, {"speaker": "WALT", "phrase": " really are"}, {"speaker": "WALT", "phrase": " imaginary."}, {"speaker": "WALT", "phrase": " See"}, {"speaker": "WALT", "phrase": " fear"}, {"speaker": "WALT", "phrase": " really involves the misuse of our imagination."}, {"speaker": "AUD1", "phrase": " Yeah that's right."}, {"speaker": "AUD2", "phrase": " Mm."}, {"speaker": "WALT", "phrase": " You know when you're talking about being disciple"}, {"speaker": "WALT", "phrase": " and you hear these incredibly hard sermons."}, {"speaker": "WALT", "phrase": " And I do preach few hard sermons."}, {"speaker": "MANY", "phrase": " Amen."}, {"speaker": "WALT", "phrase": " Today's not one of those real hard ones."}, {"speaker": "AUD", "phrase": " No ?"}, {"speaker": "WALT", "phrase": " I thought I'd give you break."}, {"speaker": "MANY", "phrase": "PAUSE"}, {"speaker": "AUD", "phrase": " Thanks bro."}, {"speaker": "WALT", "phrase": " Maybe I needed break laugh."}, {"speaker": "MANY", "phrase": "PAUSE"}, {"speaker": "WALT", "phrase": " I've had few this week."}, {"speaker": "WALT", "phrase": " But really"}, {"speaker": "WALT", "phrase": " it's true"}, {"speaker": "WALT", "phrase": " I mean"}, {"speaker": "WALT", "phrase": " and you hear these incredibly hard sermons"}, {"speaker": "WALT", "phrase": " well what do they mean about this."}, {"speaker": "WALT", "phrase": " and what do they mean about that."}, {"speaker": "WALT", "phrase": " Oh ho ha oh ha."}, {"speaker": "MANY", "phrase": "PAUSE"}, {"speaker": "WALT", "phrase": " I mean I do that."}, {"speaker": "WALT", "phrase": " I used to hear Kip preach in the opera house."}, {"speaker": "AUD", "phrase": " Woohoo."}, {"speaker": "WALT", "phrase": " and I'd be like"}, {"speaker": "WALT", "phrase": " Oh."}, {"speaker": "WALT", "phrase": " Who is this man."}, {"speaker": "WALT", "phrase": " Oh I can't believe he said that."}, {"speaker": "MANY", "phrase": "PAUSE"}, {"speaker": "WALT", "phrase": " And I'd go there"}, {"speaker": "WALT", "phrase": " even before we even got there"}, {"speaker": "WALT", "phrase": " I'd be sharing."}, {"speaker": "WALT", "phrase": " we'd go"}, {"speaker": "WALT", "phrase": " we'd be with Laurie"}, {"speaker": "WALT", "phrase": " and I'd invite someone to come to church with me"}, {"speaker": "WALT", "phrase": " and they would come"}, {"speaker": "WALT", "phrase": " and I'd say"}, {"speaker": "WALT", "phrase": " Boy"}, {"speaker": "WALT", "phrase": " I hope he doesn't preach this and"}, {"speaker": "WALT", "phrase": " I hope he doesn't preach that and."}, {"speaker": "MANY", "phrase": "PAUSE"}, {"speaker": "WALT", "phrase": " I hope he doesn't say this and"}, {"speaker": "WALT", "phrase": " I hope he doesn't say that."}, {"speaker": "MANY", "phrase": "PAUSE"}, {"speaker": "WALT", "phrase": " You ever felt that way ?"}, {"speaker": "MANY", "phrase": "PAUSE"}, {"speaker": "WALT", "phrase": " See and."}, {"speaker": "WALT", "phrase": " all of sudden the fear starts."}, {"speaker": "WALT", "phrase": "PAUSE"}, {"speaker": "MANY", "phrase": "PAUSE"}, {"speaker": "WALT", "phrase": " you know what I mean ?"}, {"speaker": "WALT", "phrase": " and it totally"}, {"speaker": "WALT", "phrase": " our imagination runs wild."}, {"speaker": "MANY", "phrase": "PAUSE"}, {"speaker": "WALT", "phrase": " See um"}, {"speaker": "WALT", "phrase": " fear"}, {"speaker": "WALT", "phrase": " is really"}, {"speaker": "WALT", "phrase": " the misuse of our imagination."}, {"speaker": "MANY", "phrase": "PAUSE"}, {"speaker": "WALT", "phrase": " to focus on the negative."}, {"speaker": "AUD", "phrase": " Wow."}, {"speaker": "WALT", "phrase": " as opposed to the positive."}, {"speaker": "WALT", "phrase": " You could use that imagination"}, {"speaker": "WALT", "phrase": " in great positive way"}, {"speaker": "WALT", "phrase": " to give you courage."}, {"speaker": "WALT", "phrase": " And that's really my second point"}, {"speaker": "WALT", "phrase": " to overcome fears"}, {"speaker": "WALT", "phrase": " we really need to"}, {"speaker": "WALT", "phrase": " be able to"}, {"speaker": "WALT", "phrase": " have courage."}, {"speaker": "WALT", "phrase": " Look it at first John chapter four."}, {"speaker": "WALT", "phrase": " Actually"}, {"speaker": "WALT", "phrase": " I I don't wanna leave this first point"}, {"speaker": "WALT", "phrase": " till I make this"}, {"speaker": "WALT", "phrase": " this point within the point."}, {"speaker": "WALT", "phrase": "PAUSE"}]}