{"text": [{"speaker": "MONT", "phrase": " What else."}, {"speaker": "MONT", "phrase": " Politics deals with the question of power."}, {"speaker": "MONT", "phrase": " right ?"}, {"speaker": "MONT", "phrase": " That's the introduction to empowerment."}, {"speaker": "MONT", "phrase": " What is power."}, {"speaker": "MONT", "phrase": " Very quickly"}, {"speaker": "MONT", "phrase": " come on"}, {"speaker": "MONT", "phrase": " all of you should know these two concepts"}, {"speaker": "MONT", "phrase": " they're not that difficult"}, {"speaker": "MONT", "phrase": " What is power."}, {"speaker": "MONT", "phrase": " What are we talking about."}, {"speaker": "FRAN", "phrase": " Having the capacity to impact public policy."}, {"speaker": "MONT", "phrase": " Alright."}, {"speaker": "MONT", "phrase": " So if we're talking about politics"}, {"speaker": "MONT", "phrase": " politics is tied into the whole concept of power."}, {"speaker": "MONT", "phrase": " right ?"}, {"speaker": "MONT", "phrase": " And if we're talking about empowerment as concept"}, {"speaker": "MONT", "phrase": " we must have an understanding of the notion of what is power."}, {"speaker": "MONT", "phrase": " Now does power come in one form"}, {"speaker": "MONT", "phrase": " does it come in many different forms."}, {"speaker": "MARI", "phrase": " Different."}, {"speaker": "MONT", "phrase": " Different forms."}, {"speaker": "MONT", "phrase": " Back here."}, {"speaker": "MONT", "phrase": " What forms."}, {"speaker": "MONT", "phrase": " Give me examples of power."}, {"speaker": "MONT", "phrase": " Either one of you."}, {"speaker": "RUBE", "phrase": "PAUSE"}, {"speaker": "LAUR", "phrase": "PAUSE"}, {"speaker": "RUBE", "phrase": " Education"}, {"speaker": "RUBE", "phrase": " knowledge."}, {"speaker": "MONT", "phrase": " Alright"}, {"speaker": "MONT", "phrase": " knowledge."}, {"speaker": "RUBE", "phrase": " knowledge."}, {"speaker": "RUBE", "phrase": " MONTOYA Okay"}, {"speaker": "RUBE", "phrase": " what else."}, {"speaker": "LAUR", "phrase": " Um."}, {"speaker": "X", "phrase": " Money."}, {"speaker": "LAUR", "phrase": " um"}, {"speaker": "LAUR", "phrase": " your position in the workforce ?"}, {"speaker": "LAUR", "phrase": " Um."}, {"speaker": "MONT", "phrase": " Okay."}, {"speaker": "LAUR", "phrase": " I'm trying to think of the word."}, {"speaker": "MONT", "phrase": " Alright."}, {"speaker": "MONT", "phrase": " Close."}, {"speaker": "MONT", "phrase": " Right."}, {"speaker": "RAMO", "phrase": " Wealth"}, {"speaker": "RAMO", "phrase": " numbers."}, {"speaker": "MONT", "phrase": " Wealth."}, {"speaker": "RAMO", "phrase": " numbers of people."}, {"speaker": "MONT", "phrase": " Numbers of people."}, {"speaker": "MONT", "phrase": " right ?"}, {"speaker": "MONT", "phrase": " What else."}, {"speaker": "FRAN", "phrase": " Social status."}, {"speaker": "MONT", "phrase": " Social status"}, {"speaker": "MONT", "phrase": " position"}, {"speaker": "MONT", "phrase": " right ?"}, {"speaker": "MONT", "phrase": " If you're the chairperson of um major corporation ?"}, {"speaker": "MONT", "phrase": " would you say that that person has some power ?"}, {"speaker": "FRAN", "phrase": " Most definitely."}, {"speaker": "MONT", "phrase": " Alright."}, {"speaker": "MONT", "phrase": " Especially if you're in uh IBM"}, {"speaker": "MONT", "phrase": " or General Motors"}, {"speaker": "MONT", "phrase": " or Chrysler Corporation and."}, {"speaker": "RAMO", "phrase": " I think in some."}, {"speaker": "RAMO", "phrase": " some."}, {"speaker": "RAMO", "phrase": " some examples"}, {"speaker": "RAMO", "phrase": " some"}, {"speaker": "RAMO", "phrase": " gender and race"}, {"speaker": "RAMO", "phrase": " can give you power."}, {"speaker": "MONT", "phrase": " Gender race"}, {"speaker": "MONT", "phrase": " alright."}, {"speaker": "RAMO", "phrase": " Gender..."}, {"speaker": "MONT", "phrase": " Let's deal with that."}, {"speaker": "MONT", "phrase": " Alright."}, {"speaker": "MONT", "phrase": " Gender race."}, {"speaker": "MONT", "phrase": " Let's talk about race"}, {"speaker": "MONT", "phrase": " in terms of power."}, {"speaker": "MONT", "phrase": " If I make the statement which I did"}, {"speaker": "MONT", "phrase": " that there's no fear factor"}, {"speaker": "MONT", "phrase": " when it comes to the ChicanoLatino community"}, {"speaker": "MONT", "phrase": " and there is much more of fear factor"}, {"speaker": "MONT", "phrase": " in dealing with the AfricanAmerican community"}, {"speaker": "MONT", "phrase": " am I not dealing with racial factor of power ?"}, {"speaker": "RAMO", "phrase": " Yes."}, {"speaker": "FRAN", "phrase": " Sure."}, {"speaker": "MONT", "phrase": " Why."}, {"speaker": "FRAN", "phrase": " Because it's gonna affect"}, {"speaker": "FRAN", "phrase": " the decision making process"}, {"speaker": "FRAN", "phrase": " the politics"}, {"speaker": "FRAN", "phrase": " and um"}, {"speaker": "FRAN", "phrase": " the policy."}, {"speaker": "MONT", "phrase": " Alright."}, {"speaker": "RAMO", "phrase": "PAUSE"}, {"speaker": "RAMO", "phrase": " In um"}, {"speaker": "RAMO", "phrase": "PAUSE"}, {"speaker": "RAMO", "phrase": " Kinda like in past"}, {"speaker": "RAMO", "phrase": " AfricanAmericans have been more organized"}, {"speaker": "RAMO", "phrase": " and have had more leaders"}, {"speaker": "RAMO", "phrase": " or not more leaders"}, {"speaker": "RAMO", "phrase": " but who have more leaders who've been known"}, {"speaker": "RAMO", "phrase": " or something."}, {"speaker": "MONT", "phrase": " More recognized."}, {"speaker": "RAMO", "phrase": " like Martin Luther King."}, {"speaker": "MONT", "phrase": " That's right."}, {"speaker": "RAMO", "phrase": " Yeah"}, {"speaker": "RAMO", "phrase": " more recognized"}, {"speaker": "RAMO", "phrase": " and."}, {"speaker": "MONT", "phrase": " Alright."}, {"speaker": "RAMO", "phrase": " I think that's fear factor."}, {"speaker": "RAMO", "phrase": "PAUSE"}, {"speaker": "MONT", "phrase": " That is part of the fear factor."}, {"speaker": "RAMO", "phrase": " Mhm."}, {"speaker": "MONT", "phrase": " I mean uh"}, {"speaker": "MONT", "phrase": " if one looks at what"}, {"speaker": "MONT", "phrase": " uh"}, {"speaker": "MONT", "phrase": " Jesse Jackson is doing"}, {"speaker": "MONT", "phrase": " vis vis who."}, {"speaker": "MONT", "phrase": " The major league ?"}, {"speaker": "MONT", "phrase": " Baseball teams and all that ?"}, {"speaker": "MONT", "phrase": " Football and all that ?"}, {"speaker": "MONT", "phrase": " What's his underlying argument."}, {"speaker": "MONT", "phrase": " What's his criticism."}, {"speaker": "MONT", "phrase": " That there're not sufficient numbers of what ?"}, {"speaker": "FRAN", "phrase": " Blacks."}, {"speaker": "MONT", "phrase": " Well he says minorities."}, {"speaker": "MONT", "phrase": " He's smart."}, {"speaker": "MONT", "phrase": " He's talks about minorities."}, {"speaker": "MONT", "phrase": " But he's really talking about AfricanAmericans."}, {"speaker": "FRAN", "phrase": " In the uh"}, {"speaker": "FRAN", "phrase": " managerial process of."}, {"speaker": "MONT", "phrase": " Right."}, {"speaker": "FRAN", "phrase": " of professional sports."}, {"speaker": "MONT", "phrase": " Exactly."}, {"speaker": "MONT", "phrase": " Managerial"}, {"speaker": "MONT", "phrase": " owners"}, {"speaker": "MONT", "phrase": " managers"}, {"speaker": "MONT", "phrase": " et cetera."}, {"speaker": "MONT", "phrase": " right ?"}, {"speaker": "MONT", "phrase": " Alright."}, {"speaker": "MONT", "phrase": " Have you heard of Latino say this ?"}, {"speaker": "MONT", "phrase": " Or would Jesse Jackson have said that about Latinos ?"}, {"speaker": "MONT", "phrase": " Hm ?"}, {"speaker": "MONT", "phrase": " No."}, {"speaker": "MONT", "phrase": " Unhunh."}, {"speaker": "MONT", "phrase": " We haven't."}, {"speaker": "MONT", "phrase": " And uh we're gonna get into that"}, {"speaker": "MONT", "phrase": " in our discussion."}, {"speaker": "MONT", "phrase": " Alright."}, {"speaker": "MONT", "phrase": " So"}, {"speaker": "MONT", "phrase": " the whole notion of power is very important to understand"}, {"speaker": "MONT", "phrase": " because"}, {"speaker": "MONT", "phrase": " here I am making some statements."}, {"speaker": "MONT", "phrase": " Alright ?"}, {"speaker": "MONT", "phrase": " Some generalities that some people would say are not true."}, {"speaker": "MONT", "phrase": " I mean how can Doctor Montoya say that Latinos have no"}, {"speaker": "MONT", "phrase": " no real power"}, {"speaker": "MONT", "phrase": " no fear factor"}, {"speaker": "MONT", "phrase": " After all"}, {"speaker": "MONT", "phrase": " they have two people that are cabinet members"}, {"speaker": "MONT", "phrase": " they have supervisor here in Los Angeles"}, {"speaker": "MONT", "phrase": " they have city council people in Los Angeles"}, {"speaker": "MONT", "phrase": " and yet he's saying that they have no power."}, {"speaker": "MONT", "phrase": " Well power is relative as well."}, {"speaker": "MONT", "phrase": " right ?"}, {"speaker": "MONT", "phrase": " It's relative."}, {"speaker": "MONT", "phrase": " It's relational."}, {"speaker": "MONT", "phrase": " Power is relational."}, {"speaker": "MONT", "phrase": " How can you measure power."}, {"speaker": "MONT", "phrase": " Power is impossible to measure."}, {"speaker": "MONT", "phrase": " Alright ?"}, {"speaker": "MONT", "phrase": " In other words"}, {"speaker": "MONT", "phrase": " you cannot break power apart into."}, {"speaker": "MONT", "phrase": " various ingredients"}, {"speaker": "MONT", "phrase": " and say"}, {"speaker": "MONT", "phrase": " A"}, {"speaker": "MONT", "phrase": " B"}, {"speaker": "MONT", "phrase": " C"}, {"speaker": "MONT", "phrase": " D"}, {"speaker": "MONT", "phrase": " these are the ingredients of power."}, {"speaker": "MONT", "phrase": " We can make generalities."}, {"speaker": "MONT", "phrase": " Position."}, {"speaker": "MONT", "phrase": " Wealth."}, {"speaker": "MONT", "phrase": " All these different things that I've talked about."}, {"speaker": "MONT", "phrase": " But power is difficult to measure."}, {"speaker": "MONT", "phrase": " So that"}, {"speaker": "MONT", "phrase": " we must deal with the whole question of empowerment"}, {"speaker": "MONT", "phrase": " from also the perspective of potential power versus actual power."}, {"speaker": "MONT", "phrase": " There is difference."}, {"speaker": "MONT", "phrase": " If I am"}, {"speaker": "MONT", "phrase": " for example"}, {"speaker": "MONT", "phrase": " the president of major labor union"}, {"speaker": "MONT", "phrase": " or major corporation."}, {"speaker": "MONT", "phrase": " the position"}, {"speaker": "MONT", "phrase": " as president of that entity"}, {"speaker": "MONT", "phrase": " gives me so much power."}, {"speaker": "MONT", "phrase": " But yet if I do not know how to utilize"}, {"speaker": "MONT", "phrase": " that entity in terms of its mobilization"}, {"speaker": "MONT", "phrase": " for given objective"}, {"speaker": "MONT", "phrase": " like labor union."}, {"speaker": "MONT", "phrase": " If I have fourteen million people as members"}, {"speaker": "MONT", "phrase": " and I don't show any manifestation of power"}, {"speaker": "MONT", "phrase": " am I powerful."}, {"speaker": "MONT", "phrase": " Well"}, {"speaker": "MONT", "phrase": " it has to be measured by what you're trying to do."}, {"speaker": "MONT", "phrase": " what the objectives are."}, {"speaker": "MONT", "phrase": " Example."}, {"speaker": "MONT", "phrase": " Labor today"}, {"speaker": "MONT", "phrase": " is being challenged by perhaps one of the most serious pieces of."}, {"speaker": "MONT", "phrase": " not legislation per se"}, {"speaker": "MONT", "phrase": " because it's not in legislative form yet"}, {"speaker": "MONT", "phrase": " but"}, {"speaker": "MONT", "phrase": " proposed North American Free Trade Agreement"}, {"speaker": "MONT", "phrase": " that if passed by Congress"}, {"speaker": "MONT", "phrase": " is going to impact three economies."}, {"speaker": "MONT", "phrase": " Canada"}, {"speaker": "MONT", "phrase": " U S"}, {"speaker": "MONT", "phrase": " and Mexico."}, {"speaker": "MONT", "phrase": " Labor"}, {"speaker": "MONT", "phrase": " as sector"}, {"speaker": "MONT", "phrase": " is going to be the most impacted."}, {"speaker": "MONT", "phrase": " How is labor today mobilizing its great power."}, {"speaker": "MONT", "phrase": " Uh not just the AFLCIO and its fourteen million members"}, {"speaker": "MONT", "phrase": " but the United Auto Workers"}, {"speaker": "MONT", "phrase": " and many other labor organizations"}, {"speaker": "MONT", "phrase": " what are they doing."}, {"speaker": "MONT", "phrase": " to influence public policy."}, {"speaker": "FRAN", "phrase": " Combining power."}, {"speaker": "MONT", "phrase": " Huh ?"}, {"speaker": "FRAN", "phrase": " They're combining their power."}, {"speaker": "MONT", "phrase": " How are they combining their power."}, {"speaker": "FRAN", "phrase": " By allying with other"}, {"speaker": "FRAN", "phrase": " um"}, {"speaker": "FRAN", "phrase": " unions of workers."}, {"speaker": "MONT", "phrase": " Alright"}, {"speaker": "MONT", "phrase": " they're they're they're forming coalitions"}, {"speaker": "MONT", "phrase": " among themselves"}, {"speaker": "MONT", "phrase": " they're forming coalitions with who."}, {"speaker": "MONT", "phrase": " Environmental groups."}, {"speaker": "MONT", "phrase": " right ?"}, {"speaker": "MONT", "phrase": " Cause environment supposedly is going to be also negatively impacted."}, {"speaker": "MONT", "phrase": " especially along the border."}, {"speaker": "MONT", "phrase": " Alright"}, {"speaker": "MONT", "phrase": " so there'"}, {"speaker": "MONT", "phrase": " there's lot of coalition building."}, {"speaker": "MONT", "phrase": " But can you say as historian"}, {"speaker": "MONT", "phrase": " that labor is doing what they were infamous for doing thirty forty years ago ?"}, {"speaker": "MONT", "phrase": " Taking to the streets ?"}, {"speaker": "FRAN", "phrase": " No."}, {"speaker": "FRAN", "phrase": " No they've definitely lost power."}, {"speaker": "MONT", "phrase": " Alright"}, {"speaker": "MONT", "phrase": " good point."}, {"speaker": "MONT", "phrase": " They have."}, {"speaker": "MONT", "phrase": " He said"}, {"speaker": "MONT", "phrase": " they have lost power."}, {"speaker": "MONT", "phrase": " So your measurement of loss of power is based on what."}, {"speaker": "FRAN", "phrase": " What they can and can't."}, {"speaker": "MONT", "phrase": " Alright."}, {"speaker": "MONT", "phrase": " Alright."}, {"speaker": "MONT", "phrase": " You don't see"}, {"speaker": "MONT", "phrase": " what you've read about."}, {"speaker": "MONT", "phrase": " right ?"}, {"speaker": "FRAN", "phrase": " Right."}, {"speaker": "MONT", "phrase": " today."}, {"speaker": "MONT", "phrase": " Alright."}, {"speaker": "MONT", "phrase": " That's one perception."}, {"speaker": "MONT", "phrase": " Is the Black community less powerful today"}, {"speaker": "MONT", "phrase": " in nineteenninetythree"}, {"speaker": "MONT", "phrase": " than it was"}, {"speaker": "MONT", "phrase": " in nineteen sixty eight."}, {"speaker": "MONT", "phrase": " with the poor people's march on Washington"}, {"speaker": "MONT", "phrase": " or nineteensixtythree"}, {"speaker": "MONT", "phrase": " again"}, {"speaker": "MONT", "phrase": " on the uh march uh to Washington"}, {"speaker": "MONT", "phrase": " on Washington"}, {"speaker": "MONT", "phrase": " when Martin Luther King gave his famous speech"}, {"speaker": "MONT", "phrase": " I have dream."}, {"speaker": "MONT", "phrase": " There were three hundred thousand people."}, {"speaker": "MONT", "phrase": " at that march in nineteensixtythree."}, {"speaker": "MONT", "phrase": " Which period of time"}, {"speaker": "MONT", "phrase": " historically speaking"}, {"speaker": "MONT", "phrase": " was time where Blacks were manifesting much more power."}, {"speaker": "MONT", "phrase": " Today"}, {"speaker": "MONT", "phrase": " or nineteensixtythree"}, {"speaker": "MONT", "phrase": " or nineteensixtyeight."}, {"speaker": "MONT", "phrase": " When."}, {"speaker": "RACH", "phrase": " When they manifest"}, {"speaker": "RACH", "phrase": " they're beginning to get more power ?"}, {"speaker": "MONT", "phrase": " \u0294uh When uh"}, {"speaker": "MONT", "phrase": " in in."}, {"speaker": "MONT", "phrase": " in in..."}, {"speaker": "RACH", "phrase": " Now ?"}, {"speaker": "MONT", "phrase": " When do uh"}, {"speaker": "MONT", "phrase": " make comparison nineteenninetythree"}, {"speaker": "MONT", "phrase": " nineteensixtyeight"}, {"speaker": "MONT", "phrase": " nineteensixtythree"}, {"speaker": "MONT", "phrase": " during those three periods"}, {"speaker": "MONT", "phrase": " when"}, {"speaker": "MONT", "phrase": " would you say"}, {"speaker": "MONT", "phrase": " Blacks demonstrated much more power."}, {"speaker": "RACH", "phrase": " Now ?"}, {"speaker": "RACH", "phrase": " They have more power now."}, {"speaker": "MONT", "phrase": " They have more power ?"}, {"speaker": "MONT", "phrase": " Why do you say that."}, {"speaker": "RACH", "phrase": " Cause they're more recognized."}, {"speaker": "RACH", "phrase": " I mean."}, {"speaker": "MONT", "phrase": " Does recognition give you power ?"}, {"speaker": "MONT", "phrase": " Hm ?"}, {"speaker": "X", "phrase": " Yeah."}, {"speaker": "FRAN", "phrase": " To."}, {"speaker": "FRAN", "phrase": " To some aspects"}, {"speaker": "FRAN", "phrase": " yeah."}, {"speaker": "FRAN", "phrase": " I think"}, {"speaker": "FRAN", "phrase": " I think the."}, {"speaker": "FRAN", "phrase": " the problem with your question is"}, {"speaker": "FRAN", "phrase": " different sort of powers."}, {"speaker": "MONT", "phrase": " Ah."}, {"speaker": "MONT", "phrase": " Very good."}, {"speaker": "MONT", "phrase": " Explain that."}, {"speaker": "FRAN", "phrase": " You have uh"}, {"speaker": "FRAN", "phrase": " you have AfricanAmericans more institutionalized"}, {"speaker": "FRAN", "phrase": " in our system now."}, {"speaker": "MONT", "phrase": " Ah."}, {"speaker": "FRAN", "phrase": " than they were in sixtyeight."}, {"speaker": "MONT", "phrase": " Alright."}, {"speaker": "MONT", "phrase": " Stop right there."}, {"speaker": "MONT", "phrase": " Today"}, {"speaker": "MONT", "phrase": " they have how many Congressmen ?"}, {"speaker": "MONT", "phrase": " Thirty eight."}, {"speaker": "MONT", "phrase": " Thirty eight congressional representatives."}, {"speaker": "MONT", "phrase": " I don't know how many they had in nineteensixtythree"}, {"speaker": "MONT", "phrase": " I'm not even gonna try to guess"}, {"speaker": "MONT", "phrase": " but uh probably no more than two or three if they were lucky."}, {"speaker": "MONT", "phrase": " Alright."}, {"speaker": "MONT", "phrase": " Would you say that ?"}, {"speaker": "FRAN", "phrase": " I would say that's right."}, {"speaker": "MONT", "phrase": " Alright."}, {"speaker": "MONT", "phrase": " Go on."}, {"speaker": "MONT", "phrase": " What else."}, {"speaker": "FRAN", "phrase": " In sixtyeight"}, {"speaker": "FRAN", "phrase": " the Blacks were whole lot more mobile."}, {"speaker": "FRAN", "phrase": " mobilized."}, {"speaker": "FRAN", "phrase": " Much better mobilized"}, {"speaker": "FRAN", "phrase": " threehundredthousand marching on Washington"}, {"speaker": "FRAN", "phrase": " is an example."}, {"speaker": "FRAN", "phrase": " You probably couldn't get that today."}, {"speaker": "MONT", "phrase": " Okay."}, {"speaker": "MONT", "phrase": " Alright."}, {"speaker": "RAMO", "phrase": "PAUSE"}, {"speaker": "MONT", "phrase": " You know with Chicanos"}, {"speaker": "MONT", "phrase": " the highpoint of the mobilization capability was nineteenseventy."}, {"speaker": "MONT", "phrase": " During the era of the Vietnam War."}, {"speaker": "MONT", "phrase": " Twentyfivethousand Chicanos were mobilized in Los Angeles"}, {"speaker": "MONT", "phrase": " \u0294at the national Chicano moratorium against the war."}, {"speaker": "MONT", "phrase": " No one."}, {"speaker": "MONT", "phrase": " has come even close."}, {"speaker": "MONT", "phrase": " With the exception of the death of Cesar Chavez recently"}, {"speaker": "MONT", "phrase": " where there were approximately fortythousand people"}, {"speaker": "MONT", "phrase": " to mobilize."}, {"speaker": "MONT", "phrase": " large numbers of people"}, {"speaker": "MONT", "phrase": " into some kind of effort or movement."}, {"speaker": "MONT", "phrase": " Alright."}, {"speaker": "MONT", "phrase": " So he's correct."}, {"speaker": "MONT", "phrase": " It depends on the time"}, {"speaker": "MONT", "phrase": " depends on the circumstances"}, {"speaker": "MONT", "phrase": " and the form of power."}, {"speaker": "MONT", "phrase": " Institutionalized power is different from"}, {"speaker": "MONT", "phrase": " the unconventional form that uh you just described."}, {"speaker": "MONT", "phrase": " Alright."}, {"speaker": "MONT", "phrase": " Well what we're trying to get at"}, {"speaker": "MONT", "phrase": " is potential versus actual."}, {"speaker": "MONT", "phrase": " My argument"}, {"speaker": "MONT", "phrase": " as humble as it is"}, {"speaker": "MONT", "phrase": " is that Chicanos"}, {"speaker": "MONT", "phrase": " in nineteenninetythree"}, {"speaker": "MONT", "phrase": " are fast developing"}, {"speaker": "MONT", "phrase": " high potential for power"}, {"speaker": "MONT", "phrase": " but they're long way from actualizing their true power."}, {"speaker": "MONT", "phrase": " Okay ?"}, {"speaker": "MONT", "phrase": " In other words"}, {"speaker": "MONT", "phrase": " they'we're still at the potential phase of our empowerment"}, {"speaker": "MONT", "phrase": " and not at the actual power phase."}, {"speaker": "MONT", "phrase": " Alright."}, {"speaker": "MONT", "phrase": " Anything else ?"}, {"speaker": "MONT", "phrase": " On those two concepts ?"}, {"speaker": "MONT", "phrase": " Alright."}, {"speaker": "MONT", "phrase": " Let's get into discussion on voter participation"}, {"speaker": "MONT", "phrase": " and these are kind of general comments"}, {"speaker": "MONT", "phrase": " I don't have the time to give you lot of statistics"}, {"speaker": "MONT", "phrase": " but I'll give you some"}, {"speaker": "MONT", "phrase": " general uh trends"}, {"speaker": "MONT", "phrase": " some statistical information"}, {"speaker": "MONT", "phrase": " that will prove point"}, {"speaker": "MONT", "phrase": " that will introduce the subject of political participation"}, {"speaker": "MONT", "phrase": " in the United States."}, {"speaker": "MONT", "phrase": " Now"}, {"speaker": "MONT", "phrase": " democracy"}, {"speaker": "MONT", "phrase": " the participation of the citizenry is imperative."}, {"speaker": "MONT", "phrase": " It is absolutely imperative"}, {"speaker": "MONT", "phrase": " if it's to be democracy"}, {"speaker": "MONT", "phrase": " to have the people participate."}, {"speaker": "MONT", "phrase": " Now what am I trying to say."}, {"speaker": "MONT", "phrase": " What am I trying to say."}, {"speaker": "MONT", "phrase": " It is imperative for the people to participate"}, {"speaker": "MONT", "phrase": " in the political process."}, {"speaker": "MONT", "phrase": " Another way of saying it."}, {"speaker": "MONT", "phrase": " What am I saying."}, {"speaker": "CARO", "phrase": " We have to vote"}, {"speaker": "CARO", "phrase": " everyone."}, {"speaker": "MONT", "phrase": " But why is it important"}, {"speaker": "MONT", "phrase": " in democracy for the people to participate."}, {"speaker": "MONT", "phrase": " Just deal with the question."}, {"speaker": "MONT", "phrase": " Not the methods."}, {"speaker": "CARO", "phrase": " You mean because if the people don't vote"}, {"speaker": "CARO", "phrase": " it will be"}, {"speaker": "CARO", "phrase": " there will be an elite group"}, {"speaker": "CARO", "phrase": " it'll be more of monarchy"}, {"speaker": "CARO", "phrase": " that has control"}, {"speaker": "CARO", "phrase": " it won't be democracy."}, {"speaker": "MONT", "phrase": " Okay"}, {"speaker": "MONT", "phrase": " what's monarchy."}, {"speaker": "RUBE", "phrase": " Kings."}, {"speaker": "FRAN", "phrase": " One ruler."}, {"speaker": "CARO", "phrase": " Well one..."}, {"speaker": "RUBE", "phrase": " Royalty."}, {"speaker": "MONT", "phrase": " What ?"}, {"speaker": "FRAN", "phrase": " One ruler."}, {"speaker": "RUBE", "phrase": " Royalty"}, {"speaker": "RUBE", "phrase": " or one family."}, {"speaker": "CARO", "phrase": "PAUSE"}, {"speaker": "MONT", "phrase": " Alright."}, {"speaker": "MONT", "phrase": " Close."}, {"speaker": "MONT", "phrase": " There's royal type of family right"}, {"speaker": "MONT", "phrase": " king."}, {"speaker": "CARO", "phrase": " Yeah."}, {"speaker": "MONT", "phrase": " not elected"}, {"speaker": "MONT", "phrase": " alright"}, {"speaker": "MONT", "phrase": " hereditary"}, {"speaker": "MONT", "phrase": " et cetera et cetera"}, {"speaker": "MONT", "phrase": " alright."}, {"speaker": "MONT", "phrase": " But what am I getting at."}, {"speaker": "MONT", "phrase": " what's the essence of what I'm asking for ?"}, {"speaker": "MONT", "phrase": " Yes."}, {"speaker": "MONT", "phrase": " Fire away."}, {"speaker": "RUBE", "phrase": " By its very nature"}, {"speaker": "RUBE", "phrase": " democracy demands voting."}, {"speaker": "RUBE", "phrase": " Without voting..."}, {"speaker": "MONT", "phrase": " Ah."}, {"speaker": "MONT", "phrase": " Stop right there."}, {"speaker": "MONT", "phrase": " You made statement."}, {"speaker": "MONT", "phrase": " By the very nature of democracy."}, {"speaker": "MONT", "phrase": " What is democracy."}, {"speaker": "RUBE", "phrase": " Democracy is rule by the people."}, {"speaker": "MONT", "phrase": " Alright."}, {"speaker": "MONT", "phrase": " Demos cratos."}, {"speaker": "MONT", "phrase": " right ?"}, {"speaker": "MONT", "phrase": " People rule."}, {"speaker": "RUBE", "phrase": " ?"}, {"speaker": "MONT", "phrase": " Another Greek word."}, {"speaker": "MONT", "phrase": " The Greeks were major contributors to this political process of development"}, {"speaker": "MONT", "phrase": " of concepts."}, {"speaker": "MONT", "phrase": " Demos cratos."}, {"speaker": "MONT", "phrase": " People govern"}, {"speaker": "MONT", "phrase": " or people rule."}, {"speaker": "MONT", "phrase": " Alright."}, {"speaker": "MONT", "phrase": " We tell the world"}, {"speaker": "MONT", "phrase": " that democracy is what we practice."}, {"speaker": "MONT", "phrase": " Is that correct ?"}, {"speaker": "MONT", "phrase": " Is that what we tell the world ?"}, {"speaker": "MANY", "phrase": " Yeah."}, {"speaker": "MONT", "phrase": " Yes ?"}, {"speaker": "MONT", "phrase": " Alright."}, {"speaker": "MONT", "phrase": " Would you agree with that ?"}, {"speaker": "MONT", "phrase": " Okay."}, {"speaker": "MONT", "phrase": " What else do we say"}, {"speaker": "MONT", "phrase": " selling our political system."}, {"speaker": "MONT", "phrase": " In selling our political system"}, {"speaker": "MONT", "phrase": " we make it synonymous"}, {"speaker": "MONT", "phrase": " synonymous by saying that"}, {"speaker": "MONT", "phrase": " we don't distinguish"}, {"speaker": "MONT", "phrase": " the form of economic system"}, {"speaker": "MONT", "phrase": " versus the political system"}, {"speaker": "MONT", "phrase": " and that we put it in the same kettle."}, {"speaker": "MONT", "phrase": " Democracy"}, {"speaker": "MONT", "phrase": " and capitalism"}, {"speaker": "MONT", "phrase": " are essentially the same."}, {"speaker": "MONT", "phrase": " Are they the same."}, {"speaker": "FRAN", "phrase": " No."}, {"speaker": "MONT", "phrase": " No."}, {"speaker": "MONT", "phrase": " But yet we do."}, {"speaker": "MONT", "phrase": " And"}, {"speaker": "MONT", "phrase": " if we listen carefully"}, {"speaker": "MONT", "phrase": " and read carefully"}, {"speaker": "MONT", "phrase": " all these books on international relations"}, {"speaker": "MONT", "phrase": " foreign relations and so forth"}, {"speaker": "MONT", "phrase": " what is it that we tell the world"}, {"speaker": "MONT", "phrase": " that America is."}, {"speaker": "MONT", "phrase": " The cradle of democracy."}, {"speaker": "MONT", "phrase": " We are the cradle of democracy"}, {"speaker": "MONT", "phrase": " we are the bastion of the free world"}, {"speaker": "MONT", "phrase": " et cetera et cetera et cetera."}, {"speaker": "MONT", "phrase": " And when Ronald Reagan was in power"}, {"speaker": "MONT", "phrase": " we talked about the evil empire."}, {"speaker": "MONT", "phrase": " right ?"}, {"speaker": "MONT", "phrase": " Categorizing"}, {"speaker": "MONT", "phrase": " uh"}, {"speaker": "MONT", "phrase": " the Soviet Union"}, {"speaker": "MONT", "phrase": "and the so called Communist empire"}, {"speaker": "MONT", "phrase": " as evil empire."}, {"speaker": "MONT", "phrase": " Alright."}, {"speaker": "MONT", "phrase": " I say this because"}, {"speaker": "MONT", "phrase": " there is"}, {"speaker": "MONT", "phrase": " tendency for some of us to believe"}, {"speaker": "MONT", "phrase": " because"}, {"speaker": "MONT", "phrase": " we have been conditioned."}, {"speaker": "MONT", "phrase": " right ?"}, {"speaker": "MONT", "phrase": " Who conditions us to think the way we think."}, {"speaker": "MONT", "phrase": " What did we."}, {"speaker": "MONT", "phrase": " What did we say."}, {"speaker": "MONT", "phrase": " earlier."}, {"speaker": "MONT", "phrase": " talking about culture."}, {"speaker": "RACH", "phrase": " Um"}, {"speaker": "RACH", "phrase": " they learn through schools"}, {"speaker": "RACH", "phrase": " through their families."}, {"speaker": "MONT", "phrase": " Schools."}, {"speaker": "MONT", "phrase": " right ?"}, {"speaker": "MONT", "phrase": " Schools."}, {"speaker": "MONT", "phrase": " The media."}, {"speaker": "MONT", "phrase": " Everything else."}, {"speaker": "MONT", "phrase": " I mean"}, {"speaker": "MONT", "phrase": " doesn't the media tell us that there's only twoparty system in this country ?"}, {"speaker": "FRAN", "phrase": " Mhm."}, {"speaker": "FRAN", "phrase": " Mhm."}, {"speaker": "FRAN", "phrase": " Why is it"}, {"speaker": "FRAN", "phrase": " that the Communist Party"}, {"speaker": "FRAN", "phrase": " the Socialist Workers Party"}, {"speaker": "FRAN", "phrase": " the Prohibitionist Party"}, {"speaker": "FRAN", "phrase": " the American Independent Party"}, {"speaker": "FRAN", "phrase": " all these parties that we have"}, {"speaker": "FRAN", "phrase": " supposedly minority parties"}, {"speaker": "FRAN", "phrase": " don't get the same kind of treatment"}, {"speaker": "FRAN", "phrase": " as the Democratic and Republican parties."}, {"speaker": "FRAN", "phrase": " They're not mainstream."}, {"speaker": "FRAN", "phrase": " right ?"}, {"speaker": "FRAN", "phrase": " We have twoparty system."}, {"speaker": "FRAN", "phrase": " We are taught from the very beginning that there's only two parties."}, {"speaker": "FRAN", "phrase": " That's different subject."}, {"speaker": "FRAN", "phrase": " But I'm."}, {"speaker": "FRAN", "phrase": " What I'm."}, {"speaker": "FRAN", "phrase": " The point I'm trying to make is that"}, {"speaker": "FRAN", "phrase": " if we look into the realities"}, {"speaker": "FRAN", "phrase": " of what we have as political system"}, {"speaker": "FRAN", "phrase": " we tell the world"}, {"speaker": "FRAN", "phrase": " that in this country democracy is very much alive"}, {"speaker": "FRAN", "phrase": " because we have"}, {"speaker": "FRAN", "phrase": " congress"}, {"speaker": "FRAN", "phrase": " we have"}, {"speaker": "FRAN", "phrase": " supreme court"}, {"speaker": "FRAN", "phrase": " we have presidency"}, {"speaker": "FRAN", "phrase": " we have political system"}, {"speaker": "FRAN", "phrase": " that is"}, {"speaker": "FRAN", "phrase": " governed by certain principles"}, {"speaker": "FRAN", "phrase": " and laws"}, {"speaker": "FRAN", "phrase": " that emanate from what."}, {"speaker": "FRAN", "phrase": " The Constitution."}, {"speaker": "FRAN", "phrase": " which is living document."}, {"speaker": "FRAN", "phrase": " The Constitution."}, {"speaker": "FRAN", "phrase": " right ?"}, {"speaker": "FRAN", "phrase": " That is very much the document that protects"}, {"speaker": "FRAN", "phrase": " conceptually and otherwise"}, {"speaker": "FRAN", "phrase": " our way of life."}, {"speaker": "FRAN", "phrase": " Our democracy and so forth."}, {"speaker": "FRAN", "phrase": " Well"}, {"speaker": "FRAN", "phrase": " if we remember our Chicano history"}, {"speaker": "FRAN", "phrase": " my point"}, {"speaker": "FRAN", "phrase": " as we get into the whole question of Chicano political participation"}, {"speaker": "FRAN", "phrase": " \u0294is that"}, {"speaker": "FRAN", "phrase": " it's difficult"}, {"speaker": "FRAN", "phrase": " for us as Chicanos"}, {"speaker": "FRAN", "phrase": " as we get into it"}, {"speaker": "FRAN", "phrase": " to understand"}, {"speaker": "FRAN", "phrase": " why is it"}, {"speaker": "FRAN", "phrase": " including ourselves"}, {"speaker": "FRAN", "phrase": " because lot of Chicanos don't even understand why we don't vote"}, {"speaker": "FRAN", "phrase": " why don't we participate"}, {"speaker": "FRAN", "phrase": " and they come up with all kinds of somewhat superficial analysis"}, {"speaker": "FRAN", "phrase": " that"}, {"speaker": "FRAN", "phrase": " much of our political behavior"}, {"speaker": "FRAN", "phrase": " is product of what was covered in this class"}, {"speaker": "FRAN", "phrase": " under history"}, {"speaker": "FRAN", "phrase": " and culture"}, {"speaker": "FRAN", "phrase": " and what did I say."}, {"speaker": "FRAN", "phrase": " Two."}, {"speaker": "FRAN", "phrase": " major currents"}, {"speaker": "FRAN", "phrase": " of history"}, {"speaker": "FRAN", "phrase": " two major currents of political culture"}, {"speaker": "FRAN", "phrase": " right ?"}, {"speaker": "FRAN", "phrase": " And what is political culture."}, {"speaker": "FRAN", "phrase": " I'll get back to that concept."}, {"speaker": "FRAN", "phrase": " But just general terms."}, {"speaker": "FRAN", "phrase": " What is political culture."}, {"speaker": "FRAN", "phrase": " What is political culture."}, {"speaker": "FRAN", "phrase": " Alright."}, {"speaker": "FRAN", "phrase": " I want you to think."}, {"speaker": "FRAN", "phrase": " Put that concept down"}, {"speaker": "FRAN", "phrase": " because you're gonna."}, {"speaker": "FRAN", "phrase": " you're gonna hear about it in the next few minutes."}, {"speaker": "FRAN", "phrase": " It's very important that you understand that concept."}, {"speaker": "FRAN", "phrase": " Political culture."}, {"speaker": "FRAN", "phrase": " But I want."}, {"speaker": "FRAN", "phrase": " Thing I want to underline here"}, {"speaker": "FRAN", "phrase": " is that"}, {"speaker": "FRAN", "phrase": " we are products"}, {"speaker": "FRAN", "phrase": " of historical"}, {"speaker": "FRAN", "phrase": " dualistic process"}, {"speaker": "FRAN", "phrase": " Mexico's history"}, {"speaker": "FRAN", "phrase": " US history"}, {"speaker": "FRAN", "phrase": " we're."}, {"speaker": "FRAN", "phrase": " we're products of what ?"}, {"speaker": "FRAN", "phrase": " A cultural process"}, {"speaker": "FRAN", "phrase": " that's also Mexican"}, {"speaker": "FRAN", "phrase": " and American."}, {"speaker": "FRAN", "phrase": " Whatever American means."}, {"speaker": "FRAN", "phrase": " Alright ?"}, {"speaker": "FRAN", "phrase": " So those two major ingredients"}, {"speaker": "FRAN", "phrase": " have molded"}, {"speaker": "FRAN", "phrase": " the rationale"}, {"speaker": "FRAN", "phrase": " that I'm using in this class"}, {"speaker": "FRAN", "phrase": " to explain"}, {"speaker": "FRAN", "phrase": " why is it"}, {"speaker": "FRAN", "phrase": " that we're still"}, {"speaker": "FRAN", "phrase": " at the potential phase of empowerment"}, {"speaker": "FRAN", "phrase": " and we still"}, {"speaker": "FRAN", "phrase": " have long ways to go"}, {"speaker": "FRAN", "phrase": " before we realize"}, {"speaker": "FRAN", "phrase": " that concept that I describe"}, {"speaker": "FRAN", "phrase": " called empowerment."}, {"speaker": "FRAN", "phrase": " But before we get into that substance of that"}, {"speaker": "FRAN", "phrase": " is that"}, {"speaker": "FRAN", "phrase": " I wanna just briefly cover"}, {"speaker": "FRAN", "phrase": " that"}, {"speaker": "FRAN", "phrase": " even though"}, {"speaker": "FRAN", "phrase": " I'm saying that"}, {"speaker": "FRAN", "phrase": " Chicanos do not vote in great numbers."}, {"speaker": "FRAN", "phrase": " And we don't participate in many organizations in great numbers."}, {"speaker": "FRAN", "phrase": " The fact is"}, {"speaker": "FRAN", "phrase": " as I mentioned earlier"}, {"speaker": "FRAN", "phrase": " that even though we tell the world"}, {"speaker": "FRAN", "phrase": " we are this beacon of light"}, {"speaker": "FRAN", "phrase": " of freedom"}, {"speaker": "FRAN", "phrase": " of liberty"}, {"speaker": "FRAN", "phrase": " justice"}, {"speaker": "FRAN", "phrase": " and all these different things"}, {"speaker": "FRAN", "phrase": " by and large"}, {"speaker": "FRAN", "phrase": " not lot of people participate politically across the board."}, {"speaker": "FRAN", "phrase": " I don't care if you're AfricanAmerican"}, {"speaker": "FRAN", "phrase": " I don't care if you're AsianAmerican"}, {"speaker": "FRAN", "phrase": " and I don't care if you're Latino"}, {"speaker": "FRAN", "phrase": " or whatever."}, {"speaker": "FRAN", "phrase": " Most Americans"}, {"speaker": "FRAN", "phrase": " do not vote"}, {"speaker": "FRAN", "phrase": " in great numbers."}, {"speaker": "FRAN", "phrase": " So"}, {"speaker": "FRAN", "phrase": " it's double whammy."}, {"speaker": "FRAN", "phrase": " Introducing the subject matter here."}, {"speaker": "FRAN", "phrase": " Americans"}, {"speaker": "FRAN", "phrase": " in comparison to Great Britain"}, {"speaker": "FRAN", "phrase": " in comparison to France"}, {"speaker": "FRAN", "phrase": " in comparison to Germany"}, {"speaker": "FRAN", "phrase": " in comparison to Italy"}, {"speaker": "FRAN", "phrase": " we don't vote"}, {"speaker": "FRAN", "phrase": " in the numbers that they do."}, {"speaker": "FRAN", "phrase": " Alright ?"}, {"speaker": "FRAN", "phrase": " I mean"}, {"speaker": "FRAN", "phrase": " if we had more time"}, {"speaker": "FRAN", "phrase": " I could give you statistic after statistic"}, {"speaker": "FRAN", "phrase": " Italy for example"}, {"speaker": "FRAN", "phrase": " has voter turnout"}, {"speaker": "FRAN", "phrase": " of ninety percent."}, {"speaker": "FRAN", "phrase": " Of those that are eligible to vote."}, {"speaker": "FRAN", "phrase": " we're lucky if we get fifty percent."}, {"speaker": "FRAN", "phrase": " Are we less democratic ?"}, {"speaker": "FRAN", "phrase": " Are they more democratic ?"}, {"speaker": "FRAN", "phrase": " Why is it that Italy has"}, {"speaker": "FRAN", "phrase": " much larger"}, {"speaker": "FRAN", "phrase": " higher voter level of participation."}, {"speaker": "FRAN", "phrase": " Or Germany."}, {"speaker": "FRAN", "phrase": " Or even Canada."}, {"speaker": "FRAN", "phrase": " Seventy percent."}, {"speaker": "FRAN", "phrase": " The fact is"}, {"speaker": "FRAN", "phrase": " that democracy in this country is dying."}, {"speaker": "FRAN", "phrase": " I want you to put that down."}, {"speaker": "FRAN", "phrase": " Cause it's gonna be important."}, {"speaker": "FRAN", "phrase": " At least for my analysis."}, {"speaker": "FRAN", "phrase": " I don't want you to agree"}, {"speaker": "FRAN", "phrase": " or disagree at this point"}, {"speaker": "FRAN", "phrase": " just write it down"}, {"speaker": "FRAN", "phrase": " you have plenty of time."}, {"speaker": "FRAN", "phrase": " One week to think about it."}, {"speaker": "FRAN", "phrase": " American democracy is dying."}, {"speaker": "FRAN", "phrase": " I want you to put that whole phrase in black and white."}, {"speaker": "FRAN", "phrase": " American democracy is dying"}, {"speaker": "FRAN", "phrase": " and I want you to try to think of why."}, {"speaker": "FRAN", "phrase": " As we get into the discussion of Chicano participation."}, {"speaker": "FRAN", "phrase": " And we'll get back to that statement next week."}, {"speaker": "FRAN", "phrase": " So"}, {"speaker": "FRAN", "phrase": " for us"}, {"speaker": "FRAN", "phrase": " as Chicanos it's double jeopardy."}, {"speaker": "FRAN", "phrase": " That's another point I wanna underscore."}, {"speaker": "FRAN", "phrase": " Because if the larger general population doesn't vote in great numbers"}, {"speaker": "FRAN", "phrase": " when you're at the bottom of political socioeconomic totem pole"}, {"speaker": "FRAN", "phrase": " and you're at the bottom"}, {"speaker": "FRAN", "phrase": " you're at the very bottom"}, {"speaker": "FRAN", "phrase": " with all the problems of poverty"}, {"speaker": "FRAN", "phrase": " and all the social problems that we're."}, {"speaker": "FRAN", "phrase": " we've been talking about"}, {"speaker": "FRAN", "phrase": " it's understandable why"}, {"speaker": "FRAN", "phrase": " perhaps"}, {"speaker": "FRAN", "phrase": " Chicanos do not vote"}, {"speaker": "FRAN", "phrase": " or participate in great numbers."}, {"speaker": "FRAN", "phrase": " Now"}, {"speaker": "FRAN", "phrase": " the literature"}, {"speaker": "FRAN", "phrase": " in political science"}, {"speaker": "FRAN", "phrase": " dealing with"}, {"speaker": "FRAN", "phrase": " factors."}, {"speaker": "FRAN", "phrase": " influencing voting"}, {"speaker": "FRAN", "phrase": " are many."}, {"speaker": "FRAN", "phrase": " Are many."}, {"speaker": "FRAN", "phrase": " Civic Culture"}, {"speaker": "FRAN", "phrase": " Almond and Verba"}, {"speaker": "FRAN", "phrase": " nineteenseventytwo or so"}, {"speaker": "FRAN", "phrase": " is one book that you can look at"}, {"speaker": "FRAN", "phrase": " um"}, {"speaker": "FRAN", "phrase": " there's book by Raymond Wolfinger"}, {"speaker": "FRAN", "phrase": " Steven Ronstone I'm sorry"}, {"speaker": "FRAN", "phrase": " Who Votes"}, {"speaker": "FRAN", "phrase": " that's another book"}, {"speaker": "FRAN", "phrase": " Okay"}, {"speaker": "FRAN", "phrase": " the literature goes on and on."}, {"speaker": "FRAN", "phrase": " But all I want to do"}, {"speaker": "FRAN", "phrase": " in terms of just giving you some idea."}, {"speaker": "FRAN", "phrase": " of what are the factors that influence"}, {"speaker": "FRAN", "phrase": " peoples' participation in the political process of this country."}, {"speaker": "FRAN", "phrase": " And there are essentially five."}, {"speaker": "FRAN", "phrase": " You can probably develop more"}, {"speaker": "FRAN", "phrase": " but"}, {"speaker": "FRAN", "phrase": " these are general categories."}, {"speaker": "FRAN", "phrase": " Most of the literature in political science"}, {"speaker": "FRAN", "phrase": " and I think Mister Verba would agree with me on this"}, {"speaker": "FRAN", "phrase": " that"}, {"speaker": "FRAN", "phrase": " people tend to vote because they have sense of duty."}, {"speaker": "FRAN", "phrase": " What does that mean."}, {"speaker": "FRAN", "phrase": " A sense of duty."}, {"speaker": "FRAN", "phrase": " They regard participation as important."}, {"speaker": "FRAN", "phrase": " Now"}, {"speaker": "FRAN", "phrase": " why would you say"}, {"speaker": "FRAN", "phrase": " that this is factor that influences voting."}, {"speaker": "FRAN", "phrase": " Now this is very somewhat altruistic"}, {"speaker": "FRAN", "phrase": " uh value."}, {"speaker": "FRAN", "phrase": " right ?"}, {"speaker": "FRAN", "phrase": " A sense of duty ?"}, {"speaker": "FRAN", "phrase": " Why."}, {"speaker": "FRAN", "phrase": " Why would you say"}, {"speaker": "FRAN", "phrase": " that people in this country have."}, {"speaker": "FRAN", "phrase": " Some people that vote."}, {"speaker": "X", "phrase": "PAUSE"}, {"speaker": "MONT", "phrase": " vote because they have sense of duty."}, {"speaker": "MONT", "phrase": " Why."}, {"speaker": "MONT", "phrase": " Right here."}, {"speaker": "BEV", "phrase": " I don't know"}, {"speaker": "BEV", "phrase": " probably it stems mostly from"}, {"speaker": "BEV", "phrase": " your education"}, {"speaker": "BEV", "phrase": " your childhood"}, {"speaker": "BEV", "phrase": " when your told"}, {"speaker": "BEV", "phrase": " \u0294uh you're an American citizen"}, {"speaker": "BEV", "phrase": " and it's your civic duty"}, {"speaker": "BEV", "phrase": " you know"}, {"speaker": "BEV", "phrase": " towards other people and"}, {"speaker": "BEV", "phrase": " you know"}, {"speaker": "BEV", "phrase": " getting the government going"}, {"speaker": "BEV", "phrase": " to vote"}, {"speaker": "BEV", "phrase": " and"}, {"speaker": "BEV", "phrase": " put your two cents in."}, {"speaker": "BEV", "phrase": " Because without you"}, {"speaker": "BEV", "phrase": " then we won't have government."}, {"speaker": "BEV", "phrase": " Same sense of jury duty"}, {"speaker": "BEV", "phrase": " too."}, {"speaker": "BEV", "phrase": " Jury..."}, {"speaker": "MONT", "phrase": " Okay."}, {"speaker": "MONT", "phrase": " Good point."}, {"speaker": "BEV", "phrase": " duty."}, {"speaker": "MONT", "phrase": " As we go through some of these"}, {"speaker": "MONT", "phrase": " these five"}, {"speaker": "MONT", "phrase": " I want you to think of \u0294the agents of socialization."}, {"speaker": "MONT", "phrase": " Because then I want you to think"}, {"speaker": "MONT", "phrase": " when we get into the discussion on Chicanos"}, {"speaker": "MONT", "phrase": " how do those agents affect us as Chicanos."}, {"speaker": "MONT", "phrase": " Alright"}, {"speaker": "MONT", "phrase": " number one"}, {"speaker": "MONT", "phrase": " sense of duty"}, {"speaker": "MONT", "phrase": " Who is responsible for inculcating that sense of duty."}, {"speaker": "MONT", "phrase": " One"}, {"speaker": "MONT", "phrase": " the family."}, {"speaker": "MONT", "phrase": " Alright ?"}, {"speaker": "MONT", "phrase": " Remember."}, {"speaker": "MONT", "phrase": " The family is your primary agent."}, {"speaker": "MONT", "phrase": " Two"}, {"speaker": "MONT", "phrase": " the educational institutions."}, {"speaker": "MONT", "phrase": " I mean"}, {"speaker": "MONT", "phrase": " from the time that you start kindergarten"}, {"speaker": "MONT", "phrase": " to the time that you graduate from the university"}, {"speaker": "MONT", "phrase": " it's constant"}, {"speaker": "MONT", "phrase": " not constant"}, {"speaker": "MONT", "phrase": " but somewhat of consistent bombardment of values"}, {"speaker": "MONT", "phrase": " attitudes"}, {"speaker": "MONT", "phrase": " et cetera"}, {"speaker": "MONT", "phrase": " reinforcing the nature of the political system"}, {"speaker": "MONT", "phrase": " and the virtues of participating in the political process."}, {"speaker": "MONT", "phrase": " So in essence"}, {"speaker": "MONT", "phrase": " what I'm saying is"}, {"speaker": "MONT", "phrase": " you acquire this through the socialization process."}, {"speaker": "MONT", "phrase": " that we've discussed already."}, {"speaker": "MONT", "phrase": " Yes ?"}, {"speaker": "RUBE", "phrase": "I think that it's more eye-opening"}, {"speaker": "RUBE", "phrase": " to see"}, {"speaker": "RUBE", "phrase": " that"}, {"speaker": "RUBE", "phrase": " this doesn't exist"}, {"speaker": "RUBE", "phrase": " more than it does."}, {"speaker": "RUBE", "phrase": " And that's why people don't vote."}, {"speaker": "RUBE", "phrase": " It seems that"}, {"speaker": "RUBE", "phrase": " I mean you talk to people"}, {"speaker": "RUBE", "phrase": " they have an attitude"}, {"speaker": "RUBE", "phrase": " I can't make difference."}, {"speaker": "RUBE", "phrase": " That's why I don't vote."}, {"speaker": "RUBE", "phrase": " It's not my responsibility."}, {"speaker": "RUBE", "phrase": " That's why I don't vote."}, {"speaker": "RUBE", "phrase": " There's not sense of duty."}, {"speaker": "RUBE", "phrase": " Even though"}, {"speaker": "RUBE", "phrase": " like you said"}, {"speaker": "RUBE", "phrase": " from the beginning"}, {"speaker": "RUBE", "phrase": " supposedly we're getting it all through school."}, {"speaker": "MONT", "phrase": " Why do you suppose that has changed."}, {"speaker": "MONT", "phrase": " And this is much"}, {"speaker": "MONT", "phrase": " of recent phenomena."}, {"speaker": "MONT", "phrase": " much more."}, {"speaker": "MONT", "phrase": " Because you've had"}, {"speaker": "MONT", "phrase": " declining voter participation levels"}, {"speaker": "MONT", "phrase": " since the nineteenseventies."}, {"speaker": "MONT", "phrase": " And I'm giving you the answer."}, {"speaker": "MONT", "phrase": " what what what has been the problem."}, {"speaker": "MONT", "phrase": " Contributing to what you just said."}, {"speaker": "RAMO", "phrase": " Well"}, {"speaker": "RAMO", "phrase": " I."}, {"speaker": "RAMO", "phrase": " I agree with what he was saying but"}, {"speaker": "RAMO", "phrase": " I think maybe one of the reasons could be"}, {"speaker": "RAMO", "phrase": " they're not being represented"}, {"speaker": "RAMO", "phrase": " they don't think they're being represented"}, {"speaker": "RAMO", "phrase": " they don't"}, {"speaker": "RAMO", "phrase": " um"}, {"speaker": "RAMO", "phrase": " see any like direct results for them"}, {"speaker": "RAMO", "phrase": " you know"}, {"speaker": "RAMO", "phrase": " coming out of like."}, {"speaker": "MONT", "phrase": " Mhm ?"}, {"speaker": "RAMO", "phrase": " the representation"}, {"speaker": "RAMO", "phrase": " the government"}, {"speaker": "RAMO", "phrase": " and who's in control."}, {"speaker": "MONT", "phrase": " Okay ?"}, {"speaker": "RAMO", "phrase": " I think I."}, {"speaker": "RAMO", "phrase": " I..."}, {"speaker": "MONT", "phrase": " That's..."}, {"speaker": "RAMO", "phrase": " You know"}, {"speaker": "RAMO", "phrase": " there are lot of people."}, {"speaker": "MONT", "phrase": " Sure"}, {"speaker": "MONT", "phrase": " alright."}, {"speaker": "RAMO", "phrase": " I mean..."}, {"speaker": "MONT", "phrase": " That's."}, {"speaker": "MONT", "phrase": " Would you agree with that ?"}, {"speaker": "RAMO", "phrase": " A lot of people."}, {"speaker": "MARI", "phrase": " Mhm."}, {"speaker": "RAMO", "phrase": " they vote their pocketbook."}, {"speaker": "MARI", "phrase": " Sure."}, {"speaker": "RAMO", "phrase": " They."}, {"speaker": "RAMO", "phrase": " They're."}, {"speaker": "RAMO", "phrase": " They vote their pocketbook."}, {"speaker": "MONT", "phrase": " \u0294uh They vote definitely their pocketbook."}, {"speaker": "MONT", "phrase": " Alright ?"}, {"speaker": "MONT", "phrase": " That's true."}, {"speaker": "MONT", "phrase": " What would you add to."}, {"speaker": "RAMO", "phrase": "PAUSE"}, {"speaker": "MARI", "phrase": " Well"}, {"speaker": "MARI", "phrase": " you say we're not represented"}, {"speaker": "MARI", "phrase": " it's like"}, {"speaker": "MARI", "phrase": " we say there's not much choice"}, {"speaker": "MARI", "phrase": " between"}, {"speaker": "MARI", "phrase": " say like the last"}, {"speaker": "MARI", "phrase": " um"}, {"speaker": "MARI", "phrase": " you know"}, {"speaker": "MARI", "phrase": " you voted for Clinton or"}, {"speaker": "MARI", "phrase": " you know"}, {"speaker": "MARI", "phrase": " you know"}, {"speaker": "MARI", "phrase": " whatever his name was."}, {"speaker": "X", "phrase": "PAUSE"}, {"speaker": "X", "phrase": "PAUSE"}, {"speaker": "MARI", "phrase": "PAUSE"}, {"speaker": "MONT", "phrase": " Bush."}, {"speaker": "MARI", "phrase": "PAUSE"}, {"speaker": "GILB", "phrase": "PAUSE"}, {"speaker": "MARI", "phrase": " Yeah."}, {"speaker": "MONT", "phrase": " Bush in bush."}, {"speaker": "X", "phrase": "PAUSE"}, {"speaker": "GILB", "phrase": "PAUSE"}, {"speaker": "MARI", "phrase": " No."}, {"speaker": "GILB", "phrase": " I don't think..."}, {"speaker": "MARI", "phrase": " the other guy."}, {"speaker": "GILB", "phrase": " I don't think there's as much trust."}, {"speaker": "MONT", "phrase": " Oh"}, {"speaker": "MONT", "phrase": " Perot."}, {"speaker": "GILB", "phrase": "PAUSE"}, {"speaker": "MONT", "phrase": " Trust."}, {"speaker": "GILB", "phrase": " Trust in the system."}, {"speaker": "MONT", "phrase": " Why."}, {"speaker": "GILB", "phrase": " A lot more corruption"}, {"speaker": "GILB", "phrase": " I mean you had Nixon."}, {"speaker": "MONT", "phrase": " Why."}, {"speaker": "GILB", "phrase": " to Watergate."}, {"speaker": "MONT", "phrase": " What did you have in the seventies."}, {"speaker": "MONT", "phrase": " Now let's talk about that."}, {"speaker": "MONT", "phrase": " What what did."}, {"speaker": "MONT", "phrase": " What did."}, {"speaker": "MONT", "phrase": " What did we have."}, {"speaker": "GILB", "phrase": " Okay."}, {"speaker": "MONT", "phrase": " You..."}, {"speaker": "GILB", "phrase": " Well"}, {"speaker": "GILB", "phrase": " in the beginning"}, {"speaker": "GILB", "phrase": " well even in the late sixties you had Vietnam"}, {"speaker": "GILB", "phrase": " you had uh."}, {"speaker": "MONT", "phrase": " Good."}, {"speaker": "MONT", "phrase": " Excellent."}, {"speaker": "MONT", "phrase": " What did Vietnam do."}, {"speaker": "GILB", "phrase": " \u0294uh Turned uh"}, {"speaker": "GILB", "phrase": " the youth especially"}, {"speaker": "GILB", "phrase": " against the government policies"}, {"speaker": "GILB", "phrase": " the educated youth."}, {"speaker": "GILB", "phrase": " More so"}, {"speaker": "GILB", "phrase": " and those were"}, {"speaker": "GILB", "phrase": " I think"}, {"speaker": "GILB", "phrase": " the people that were gonna be voting"}, {"speaker": "GILB", "phrase": " as they went on."}, {"speaker": "GILB", "phrase": " They lost faith in the system."}, {"speaker": "GILB", "phrase": " They lost faith in their leaders."}, {"speaker": "MONT", "phrase": " Alright."}, {"speaker": "MONT", "phrase": " Alright."}, {"speaker": "MONT", "phrase": " On that score."}, {"speaker": "MONT", "phrase": " would you say that most of you"}, {"speaker": "MONT", "phrase": " without getting personal here"}, {"speaker": "MONT", "phrase": " are products"}, {"speaker": "MONT", "phrase": " uh"}, {"speaker": "MONT", "phrase": " in terms of birth"}, {"speaker": "MONT", "phrase": " of the sixties ?"}, {"speaker": "MONT", "phrase": " All of you were born in the sixties ?"}, {"speaker": "MONT", "phrase": " Early seventies ?"}, {"speaker": "MONT", "phrase": " Right ?"}, {"speaker": "MONT", "phrase": " So that means that most of your parents."}, {"speaker": "X", "phrase": "PAUSE"}, {"speaker": "MONT", "phrase": " were very much part of the era of the sixties."}, {"speaker": "MONT", "phrase": " right ?"}, {"speaker": "MONT", "phrase": " Alright."}, {"speaker": "MONT", "phrase": " Would you say"}, {"speaker": "MONT", "phrase": " go back to you"}, {"speaker": "MONT", "phrase": " that your parents were very much influenced by the Vietnam war ?"}, {"speaker": "MONT", "phrase": " One way or the other ?"}, {"speaker": "GILB", "phrase": " Yeah."}, {"speaker": "MONT", "phrase": " Which."}, {"speaker": "MONT", "phrase": " Which way."}, {"speaker": "MONT", "phrase": " Which direction."}, {"speaker": "GILB", "phrase": " Um"}, {"speaker": "GILB", "phrase": " total apathy."}, {"speaker": "MONT", "phrase": " Total apathy."}, {"speaker": "GILB", "phrase": " Yeah."}, {"speaker": "MONT", "phrase": " Why."}, {"speaker": "GILB", "phrase": " Um"}, {"speaker": "GILB", "phrase": " well my mom."}, {"speaker": "GILB", "phrase": " Total apathy."}, {"speaker": "GILB", "phrase": " Uh"}, {"speaker": "GILB", "phrase": " She just"}, {"speaker": "GILB", "phrase": " I."}, {"speaker": "GILB", "phrase": " I don't know."}, {"speaker": "GILB", "phrase": " I think she just got burned out."}, {"speaker": "GILB", "phrase": " She got sick and tired of"}, {"speaker": "GILB", "phrase": " you know"}, {"speaker": "GILB", "phrase": " turning on the news"}, {"speaker": "GILB", "phrase": " and seeing another corrupt man"}, {"speaker": "GILB", "phrase": " or another"}, {"speaker": "GILB", "phrase": " you know."}, {"speaker": "GILB", "phrase": " another scandal breaking out."}, {"speaker": "GILB", "phrase": " She knew friends that were dying in."}, {"speaker": "GILB", "phrase": " you know."}, {"speaker": "GILB", "phrase": " She had friends that were drafted"}, {"speaker": "GILB", "phrase": " were sent"}, {"speaker": "GILB", "phrase": " were dying"}, {"speaker": "GILB", "phrase": " and she didn't"}, {"speaker": "GILB", "phrase": " you know"}, {"speaker": "GILB", "phrase": " she didn't believe in the system and"}, {"speaker": "GILB", "phrase": " she just didn't care anymore."}, {"speaker": "GILB", "phrase": " I think it was just lot of negatives had built up."}, {"speaker": "MONT", "phrase": " Okay."}, {"speaker": "GILB", "phrase": " and she just let it go."}, {"speaker": "MONT", "phrase": " Okay"}, {"speaker": "MONT", "phrase": " how about you."}, {"speaker": "MONT", "phrase": " How about your parents."}, {"speaker": "CARO", "phrase": " Um"}, {"speaker": "CARO", "phrase": " well my dad was drafted."}, {"speaker": "MONT", "phrase": " He was in Vietnam ?"}, {"speaker": "CARO", "phrase": " Um"}, {"speaker": "CARO", "phrase": " long story"}, {"speaker": "CARO", "phrase": " he didn't make it to Vietnam but"}, {"speaker": "CARO", "phrase": " um"}, {"speaker": "CARO", "phrase": "PAUSE"}, {"speaker": "MONT", "phrase": " But he was in the military during that time."}, {"speaker": "CARO", "phrase": " He was in the military at the time."}, {"speaker": "MONT", "phrase": " Alright."}, {"speaker": "CARO", "phrase": " yeah."}, {"speaker": "MONT", "phrase": " Okay."}, {"speaker": "CARO", "phrase": " My mom claims she was too young to know"}, {"speaker": "CARO", "phrase": " but"}, {"speaker": "CARO", "phrase": " I don't know."}, {"speaker": "MONT", "phrase": " Okay."}, {"speaker": "CARO", "phrase": " Um"}, {"speaker": "CARO", "phrase": " I don't know how my dad really felt about it"}, {"speaker": "CARO", "phrase": " I know"}, {"speaker": "CARO", "phrase": " we come from long line of military men"}, {"speaker": "CARO", "phrase": " so he kind of felt sense of duty"}, {"speaker": "CARO", "phrase": " so"}, {"speaker": "CARO", "phrase": " \u0294uh um."}, {"speaker": "MONT", "phrase": " Was there sense of betrayal ?"}, {"speaker": "CARO", "phrase": " Possibly"}, {"speaker": "CARO", "phrase": " yeah."}, {"speaker": "MONT", "phrase": " Mhm."}, {"speaker": "CARO", "phrase": "PAUSE"}, {"speaker": "MONT", "phrase": " Okay."}, {"speaker": "MONT", "phrase": " Who else."}, {"speaker": "MONT", "phrase": " Who wants."}, {"speaker": "MONT", "phrase": " Who else wants to share something here"}, {"speaker": "MONT", "phrase": " about what we're trying to say."}]}