{"text": [{"speaker": "CAM", "phrase": " Oh my God"}, {"speaker": "CAM", "phrase": " I think they're all nuts."}, {"speaker": "JO", "phrase": " So she had to have it."}, {"speaker": "CAM", "phrase": "PAUSE"}, {"speaker": "JO", "phrase": " She had to have the extra one."}, {"speaker": "JO", "phrase": " So I got"}, {"speaker": "JO", "phrase": " Dad had made this other little thing"}, {"speaker": "JO", "phrase": " it's just like little house"}, {"speaker": "JO", "phrase": " so I put mine out there."}, {"speaker": "WESS", "phrase": " Yeah"}, {"speaker": "WESS", "phrase": " maybe you Neil."}, {"speaker": "CAM", "phrase": " Isn't she forty ?"}, {"speaker": "WESS", "phrase": " We'll see you."}, {"speaker": "CAM", "phrase": "PAUSE"}, {"speaker": "JO", "phrase": " Fortythree."}, {"speaker": "CAM", "phrase": " My goodness."}, {"speaker": "CAM", "phrase": "PAUSE"}, {"speaker": "JO", "phrase": " But I."}, {"speaker": "JO", "phrase": " See ?"}, {"speaker": "JO", "phrase": " I knew."}, {"speaker": "JO", "phrase": " I said to Wess."}, {"speaker": "WESS", "phrase": " What'd I do with my hearing aid now."}, {"speaker": "JO", "phrase": " I knew there'd be trouble"}, {"speaker": "JO", "phrase": " because."}, {"speaker": "WESS", "phrase": " Well that was Neil on the phone."}, {"speaker": "JO", "phrase": " they."}, {"speaker": "WESS", "phrase": " to say"}, {"speaker": "WESS", "phrase": " well you."}, {"speaker": "WESS", "phrase": " the Packers got their merry Christmas."}, {"speaker": "JO", "phrase": " Oh did they ?"}, {"speaker": "CAM", "phrase": " Oh did they win ?"}, {"speaker": "JO", "phrase": " Did they win ?"}, {"speaker": "WESS", "phrase": " Well yeah"}, {"speaker": "WESS", "phrase": " because uh"}, {"speaker": "WESS", "phrase": " the the"}, {"speaker": "WESS", "phrase": " Steelers"}, {"speaker": "WESS", "phrase": " were on the one yard line."}, {"speaker": "CAM", "phrase": " Unhunh ?"}, {"speaker": "WESS", "phrase": " for four downs."}, {"speaker": "WESS", "phrase": " And they didn't get in."}, {"speaker": "CAM", "phrase": " Wow."}, {"speaker": "WESS", "phrase": " And then they were on the ten yard line"}, {"speaker": "WESS", "phrase": " with fourth down to go"}, {"speaker": "WESS", "phrase": " and they had inches to go"}, {"speaker": "WESS", "phrase": " the guy didn't even get up to the line of scrimmage"}, {"speaker": "WESS", "phrase": " that was had the ball."}, {"speaker": "CAM", "phrase": " Nice."}, {"speaker": "WESS", "phrase": " But he must've pushed it up there or something"}, {"speaker": "WESS", "phrase": " I don't know"}, {"speaker": "WESS", "phrase": " how he got it up there."}, {"speaker": "WESS", "phrase": " But they gave it to them then"}, {"speaker": "WESS", "phrase": " then"}, {"speaker": "WESS", "phrase": " that'd givethemanother four \u0294uh"}, {"speaker": "WESS", "phrase": " four downs on the one yard line."}, {"speaker": "JO", "phrase": " So it's over with."}, {"speaker": "WESS", "phrase": " So it's over with."}, {"speaker": "CAM", "phrase": " They won."}, {"speaker": "WESS", "phrase": " Green Bay won twentyfour to nineteen."}, {"speaker": "CAM", "phrase": " So now we can have merry Christmas laugh."}, {"speaker": "JO", "phrase": " Uhoh."}, {"speaker": "CAM", "phrase": "PAUSE"}, {"speaker": "JO", "phrase": " Yes."}, {"speaker": "JO", "phrase": " That's what Patty"}, {"speaker": "JO", "phrase": " Oh"}, {"speaker": "JO", "phrase": " I'm praying Mom"}, {"speaker": "JO", "phrase": " that they win because"}, {"speaker": "JO", "phrase": " she said."}, {"speaker": "CAM", "phrase": "PAUSE"}, {"speaker": "JO", "phrase": " otherwise"}, {"speaker": "JO", "phrase": " everybody'll be mad."}, {"speaker": "CAM", "phrase": "PAUSE"}, {"speaker": "WESS", "phrase": " Kathy"}, {"speaker": "WESS", "phrase": " Wesley."}, {"speaker": "CAM", "phrase": "PAUSE"}, {"speaker": "CAM", "phrase": " Oh."}, {"speaker": "WESS", "phrase": " Tommy."}, {"speaker": "JO", "phrase": " not Wesley."}, {"speaker": "JO", "phrase": " Wesley never gets mad."}, {"speaker": "CAM", "phrase": "PAUSE"}, {"speaker": "CAM", "phrase": " Is it"}, {"speaker": "CAM", "phrase": " Is Fred in there crying ?"}, {"speaker": "WESS", "phrase": " Oh."}, {"speaker": "CAM", "phrase": "PAUSE"}, {"speaker": "JO", "phrase": " Is Fred crying ?"}, {"speaker": "WESS", "phrase": " No."}, {"speaker": "JO", "phrase": " Did he win his fifty bucks ?"}, {"speaker": "WESS", "phrase": " Well he won fifty bucks."}, {"speaker": "JO", "phrase": " Good."}, {"speaker": "CAM", "phrase": " He won fifty ?"}, {"speaker": "WESS", "phrase": " His score was uh"}, {"speaker": "WESS", "phrase": " four and nine."}, {"speaker": "CAM", "phrase": "PAUSE"}, {"speaker": "CAM", "phrase": " Oh."}, {"speaker": "WESS", "phrase": " So he won fifty."}, {"speaker": "WESS", "phrase": " I wonder if he's got the right teams."}, {"speaker": "JO", "phrase": "PAUSE"}, {"speaker": "WESS", "phrase": " Hey Fred ?"}, {"speaker": "FRED", "phrase": " Yeah ?"}, {"speaker": "JO", "phrase": " Well."}, {"speaker": "WESS", "phrase": " You had four and nine."}, {"speaker": "JO", "phrase": " No"}, {"speaker": "JO", "phrase": " Wesley."}, {"speaker": "JO", "phrase": " I gotta say that about Wesley."}, {"speaker": "WESS", "phrase": " But did you have the Packers winning ?"}, {"speaker": "JO", "phrase": " He never gets upset about football game."}, {"speaker": "CAM", "phrase": " Hm."}, {"speaker": "FRED", "phrase": " I had four for Green Bay."}, {"speaker": "JO", "phrase": " After it's over"}, {"speaker": "JO", "phrase": " it's over."}, {"speaker": "JO", "phrase": " And he was that way when he was little kid."}, {"speaker": "FRED", "phrase": "PAUSE"}, {"speaker": "WESS", "phrase": " Oh."}, {"speaker": "WESS", "phrase": " Four for Green Bay."}, {"speaker": "JO", "phrase": " You know"}, {"speaker": "JO", "phrase": " but Tommy."}, {"speaker": "JO", "phrase": " He's another one."}, {"speaker": "WESS", "phrase": " Okay."}, {"speaker": "JO", "phrase": " But he's getting lot better."}, {"speaker": "FRED", "phrase": "PAUSE"}, {"speaker": "JO", "phrase": " Because Donna has really got mad at him."}, {"speaker": "FRED", "phrase": "PAUSE"}, {"speaker": "WESS", "phrase": " Yeah I'll tell him."}, {"speaker": "JO", "phrase": " You know."}, {"speaker": "JO", "phrase": " I mean that one time the Green Bay Packer loss"}, {"speaker": "JO", "phrase": " it was on his birthday ?"}, {"speaker": "JO", "phrase": " Wasn't this year"}, {"speaker": "JO", "phrase": " it was last year ?"}, {"speaker": "WESS", "phrase": " Yeah"}, {"speaker": "WESS", "phrase": " he had Pittsburgh..."}, {"speaker": "JO", "phrase": " He wouldn't go out to eat with her folks."}, {"speaker": "WESS", "phrase": " He had Green Bay four."}, {"speaker": "CAM", "phrase": " Hm."}, {"speaker": "WESS", "phrase": " and Pittsburgh nine."}, {"speaker": "CAM", "phrase": " So he won."}, {"speaker": "WESS", "phrase": " And the score was twentyfour to nineteen"}, {"speaker": "WESS", "phrase": " in favor of Green Bay"}, {"speaker": "WESS", "phrase": " so he won fifty buck."}, {"speaker": "JO", "phrase": " Good."}, {"speaker": "CAM", "phrase": "PAUSE"}, {"speaker": "JO", "phrase": " Well Freddy is gonna be happy."}, {"speaker": "CAM", "phrase": " So where are you taking us to dinner."}, {"speaker": "FRED", "phrase": " I would have rather that pass be completed"}, {"speaker": "FRED", "phrase": " and Detroit won title"}, {"speaker": "FRED", "phrase": " but."}, {"speaker": "JO", "phrase": " Oh no."}, {"speaker": "CAM", "phrase": "PAUSE"}, {"speaker": "FRED", "phrase": " But"}, {"speaker": "FRED", "phrase": "consolation of..."}, {"speaker": "WESS", "phrase": " But then too you wanna live Fred."}, {"speaker": "FRED", "phrase": "PAUSE"}, {"speaker": "CAM", "phrase": "PAUSE"}, {"speaker": "JO", "phrase": "PAUSE"}, {"speaker": "WESS", "phrase": "PAUSE"}, {"speaker": "FRED", "phrase": " But consoloation of fifty dollars isn't bad."}, {"speaker": "WESS", "phrase": " No."}, {"speaker": "JO", "phrase": " Oh I guess not."}, {"speaker": "FRED", "phrase": " It makes the."}, {"speaker": "FRED", "phrase": " It makes the"}, {"speaker": "FRED", "phrase": " the loss not so bad."}, {"speaker": "JO", "phrase": " Where do you take these tickets out."}, {"speaker": "FRED", "phrase": "PAUSE"}, {"speaker": "JO", "phrase": " At the."}, {"speaker": "JO", "phrase": " At the bar ?"}, {"speaker": "FRED", "phrase": " Oh it's it's pool."}, {"speaker": "JO", "phrase": " Oh"}, {"speaker": "JO", "phrase": " at the bar ?"}, {"speaker": "FRED", "phrase": " Where you get certain numbers."}, {"speaker": "WESS", "phrase": " Yeah"}, {"speaker": "WESS", "phrase": " what Charlie took four or five chances on."}, {"speaker": "JO", "phrase": " Oh."}, {"speaker": "CAM", "phrase": " At Em 'N Em's ?"}, {"speaker": "WESS", "phrase": " Two ten dollar."}, {"speaker": "FRED", "phrase": " Mhm."}, {"speaker": "FRED", "phrase": " Yeah"}, {"speaker": "FRED", "phrase": " at Em 'N Em's."}, {"speaker": "JO", "phrase": " Oh."}, {"speaker": "WESS", "phrase": " Yeah"}, {"speaker": "WESS", "phrase": "Charlie had two ten dollar ones"}, {"speaker": "WESS", "phrase": " and four fivedollar ones."}, {"speaker": "JO", "phrase": " Oh that's silly."}, {"speaker": "CAM", "phrase": " The poochy."}, {"speaker": "CAM", "phrase": " Poochy poochy poochy."}, {"speaker": "FRED", "phrase": "PAUSE"}, {"speaker": "JO", "phrase": "PAUSE"}, {"speaker": "WESS", "phrase": " Poochy poochy poochy."}, {"speaker": "FRED", "phrase": " Oh my God"}, {"speaker": "FRED", "phrase": " look at all those gifts."}, {"speaker": "JO", "phrase": "PAUSE"}, {"speaker": "JO", "phrase": " Yeah but they're"}, {"speaker": "JO", "phrase": " lot ofthemare not lot."}, {"speaker": "JO", "phrase": " You know."}, {"speaker": "WESS", "phrase": "PAUSE"}, {"speaker": "JO", "phrase": " I mean the little kids always like."}, {"speaker": "CAM", "phrase": " Mm."}, {"speaker": "JO", "phrase": " Raymond is funny little boy."}, {"speaker": "JO", "phrase": " I mean"}, {"speaker": "JO", "phrase": " not little boy anymore"}, {"speaker": "JO", "phrase": " but"}, {"speaker": "JO", "phrase": " I mean."}, {"speaker": "FRED", "phrase": "PAUSE"}, {"speaker": "JO", "phrase": " He always has been."}, {"speaker": "JO", "phrase": " For years."}, {"speaker": "JO", "phrase": " He always thanked me for the socks."}, {"speaker": "CAM", "phrase": " For the socks ?"}, {"speaker": "JO", "phrase": " Because"}, {"speaker": "JO", "phrase": " I don't think Kathy ever buys him socks."}, {"speaker": "CAM", "phrase": " Oh."}, {"speaker": "JO", "phrase": " You know."}, {"speaker": "WESS", "phrase": " Buys everything else"}, {"speaker": "WESS", "phrase": " but not socks."}, {"speaker": "WESS", "phrase": " So we've seen him with holes in his socks."}, {"speaker": "JO", "phrase": " See that's not \u0294uh her priority."}, {"speaker": "JO", "phrase": " Socks."}, {"speaker": "JO", "phrase": " You know."}, {"speaker": "JO", "phrase": " And he said"}, {"speaker": "JO", "phrase": " you know"}, {"speaker": "JO", "phrase": " Grandma"}, {"speaker": "JO", "phrase": " when he was little kid he used to tell me."}, {"speaker": "CAM", "phrase": " I think she's like Joe."}, {"speaker": "JO", "phrase": "..."}, {"speaker": "FRED", "phrase": "PAUSE"}, {"speaker": "JO", "phrase": " Yeah."}, {"speaker": "JO", "phrase": " He used to tell me."}, {"speaker": "JO", "phrase": " It hurts his toes."}, {"speaker": "JO", "phrase": " You know"}, {"speaker": "JO", "phrase": " and it does if you get big hole."}, {"speaker": "JO", "phrase": " In your sock."}, {"speaker": "FRED", "phrase": " Mm."}, {"speaker": "JO", "phrase": " You know ?"}, {"speaker": "CAM", "phrase": " Oh yeah."}, {"speaker": "JO", "phrase": " and so"}, {"speaker": "JO", "phrase": " I I started years ago"}, {"speaker": "JO", "phrase": " when he was real little."}, {"speaker": "WESS", "phrase": " You look like badger."}, {"speaker": "JO", "phrase": " To buy him socks."}, {"speaker": "JO", "phrase": " Six pairs of socks."}, {"speaker": "JO", "phrase": " And he's always."}, {"speaker": "WESS", "phrase": " Well I think I'll turn on the Christmas lights."}, {"speaker": "JO", "phrase": " Okay."}, {"speaker": "JO", "phrase": " So I figure."}, {"speaker": "CAM", "phrase": " all the lights are on."}, {"speaker": "JO", "phrase": " Well."}, {"speaker": "CAM", "phrase": " What are you talking about."}, {"speaker": "CAM", "phrase": " Outside ?"}, {"speaker": "JO", "phrase": " It's."}, {"speaker": "JO", "phrase": " It's in yeah."}, {"speaker": "WESS", "phrase": " Yeah."}, {"speaker": "WESS", "phrase": " My outside lights."}, {"speaker": "CAM", "phrase": " Oh."}, {"speaker": "JO", "phrase": " It's uh"}, {"speaker": "JO", "phrase": " A nother."}, {"speaker": "CAM", "phrase": " Mm."}, {"speaker": "JO", "phrase": " extra little gift."}, {"speaker": "JO", "phrase": " But you know"}, {"speaker": "JO", "phrase": " when you times that by fourteen"}, {"speaker": "JO", "phrase": " it's about"}, {"speaker": "JO", "phrase": " hundred and forty."}, {"speaker": "JO", "phrase": " \u0294uh no."}, {"speaker": "JO", "phrase": " About hundred and forty dollars"}, {"speaker": "JO", "phrase": " cause it's about"}, {"speaker": "JO", "phrase": " six dollars per"}, {"speaker": "JO", "phrase": " per kid"}, {"speaker": "JO", "phrase": " for socks."}, {"speaker": "JO", "phrase": " Well \u0294uh."}, {"speaker": "JO", "phrase": " you know"}, {"speaker": "JO", "phrase": " you could do so much more if there wasn't so many kids."}, {"speaker": "JO", "phrase": " But"}, {"speaker": "JO", "phrase": " you know"}, {"speaker": "JO", "phrase": " when there's that many little ones."}, {"speaker": "CAM", "phrase": " Oh yeah yeah."}, {"speaker": "JO", "phrase": " You know"}, {"speaker": "JO", "phrase": " you"}, {"speaker": "JO", "phrase": " you really can't."}, {"speaker": "DOG", "phrase": "PAUSE"}, {"speaker": "JO", "phrase": " Especially with old Newt in there."}, {"speaker": "JO", "phrase": "PAUSE"}, {"speaker": "CAM", "phrase": " Who ?"}, {"speaker": "JO", "phrase": "PAUSE"}, {"speaker": "CAM", "phrase": " Oh Newt."}, {"speaker": "JO", "phrase": "PAUSE"}, {"speaker": "CAM", "phrase": " Oh my God."}, {"speaker": "JO", "phrase": "PAUSE"}, {"speaker": "JO", "phrase": " Don't say nothing about Newt tonight."}, {"speaker": "JO", "phrase": " \u0294uh."}, {"speaker": "CAM", "phrase": "PAUSE"}, {"speaker": "CAM", "phrase": " Well he's"}, {"speaker": "CAM", "phrase": " his popularity has gone"}, {"speaker": "CAM", "phrase": " down to nothing."}, {"speaker": "JO", "phrase": " No"}, {"speaker": "JO", "phrase": " I know."}, {"speaker": "JO", "phrase": " Well he is little much."}, {"speaker": "JO", "phrase": " I mean"}, {"speaker": "JO", "phrase": " why don't they say"}, {"speaker": "JO", "phrase": " well we should give some back."}, {"speaker": "JO", "phrase": " You know ?"}, {"speaker": "CAM", "phrase": " Hm."}, {"speaker": "JO", "phrase": " We should take cut."}, {"speaker": "JO", "phrase": " It's."}, {"speaker": "JO", "phrase": "PAUSE"}, {"speaker": "JO", "phrase": " But it's always the federal workers that should take the cut."}, {"speaker": "CAM", "phrase": "PAUSE"}, {"speaker": "JO", "phrase": " You know"}, {"speaker": "JO", "phrase": " I mean the"}, {"speaker": "JO", "phrase": " like the post office and that."}, {"speaker": "CAM", "phrase": " Well then they're finding out all these different things that he was doing ?"}, {"speaker": "CAM", "phrase": "..."}, {"speaker": "JO", "phrase": " Yeah."}, {"speaker": "CAM", "phrase": " Like with the"}, {"speaker": "CAM", "phrase": " all the Republicans ?"}, {"speaker": "CAM", "phrase": " They were like training them ?"}, {"speaker": "CAM", "phrase": " And taking them like"}, {"speaker": "CAM", "phrase": " you know"}, {"speaker": "CAM", "phrase": " not like"}, {"speaker": "CAM", "phrase": " sort of supporting them"}, {"speaker": "CAM", "phrase": " but like training them"}, {"speaker": "CAM", "phrase": " on how to be persuasive"}, {"speaker": "CAM", "phrase": " and this and that"}, {"speaker": "CAM", "phrase": " and."}, {"speaker": "JO", "phrase": " Yeah."}, {"speaker": "WESS", "phrase": " When was this."}, {"speaker": "JO", "phrase": " Oh"}, {"speaker": "JO", "phrase": " They've been doing it."}, {"speaker": "CAM", "phrase": " Well they found out about it"}, {"speaker": "CAM", "phrase": " that they've been doing it."}, {"speaker": "WESS", "phrase": " Oh."}, {"speaker": "JO", "phrase": " But."}, {"speaker": "CAM", "phrase": "PAUSE"}, {"speaker": "CAM", "phrase": " for that whole last term."}, {"speaker": "JO", "phrase": " These young ones they say"}, {"speaker": "JO", "phrase": " are the ones that won't let him back down now."}, {"speaker": "CAM", "phrase": " Mm."}, {"speaker": "JO", "phrase": " The new ones."}, {"speaker": "JO", "phrase": " You know"}, {"speaker": "JO", "phrase": " that just got in there."}, {"speaker": "CAM", "phrase": " Unhunh."}, {"speaker": "JO", "phrase": " because they've"}, {"speaker": "JO", "phrase": " they've been taught that probably."}, {"speaker": "JO", "phrase": " that you don't back down."}, {"speaker": "CAM", "phrase": " Yeah"}, {"speaker": "CAM", "phrase": " they all rely on him."}, {"speaker": "JO", "phrase": " But I mean it's always been give and take."}, {"speaker": "CAM", "phrase": " Yeah."}, {"speaker": "JO", "phrase": " You know"}, {"speaker": "JO", "phrase": " I mean I wanna do my share."}, {"speaker": "CAM", "phrase": " Right."}, {"speaker": "JO", "phrase": " But I don't wanna be the only one."}, {"speaker": "CAM", "phrase": " \u0294Yeah."}, {"speaker": "JO", "phrase": " Like look at Social Security."}, {"speaker": "CAM", "phrase": "PAUSE"}, {"speaker": "JO", "phrase": " they don't do anything to them."}, {"speaker": "CAM", "phrase": " But the."}, {"speaker": "CAM", "phrase": " The fact of th the matter is is that."}, {"speaker": "JO", "phrase": " You know ?"}, {"speaker": "CAM", "phrase": " in this country the"}, {"speaker": "CAM", "phrase": " the top what is it."}, {"speaker": "CAM", "phrase": " One to ten percent"}, {"speaker": "CAM", "phrase": " of the people that are the wealthiest."}, {"speaker": "JO", "phrase": " Oh yeah."}, {"speaker": "CAM", "phrase": " have all the money."}, {"speaker": "JO", "phrase": " And"}, {"speaker": "JO", "phrase": " and yeah"}, {"speaker": "JO", "phrase": " that's what I read the other day."}, {"speaker": "JO", "phrase": " And"}, {"speaker": "JO", "phrase": " the middle class is just gone now."}, {"speaker": "JO", "phrase": " Just about."}, {"speaker": "CAM", "phrase": " Yep."}, {"speaker": "JO", "phrase": " You're either real."}, {"speaker": "JO", "phrase": "PAUSE"}, {"speaker": "JO", "phrase": " Real rich."}, {"speaker": "WESS", "phrase": " Frederick ?"}, {"speaker": "JO", "phrase": " or poor."}, {"speaker": "CAM", "phrase": " Yeah."}, {"speaker": "CAM", "phrase": " And I mean it was like"}, {"speaker": "CAM", "phrase": " promoted with the whole Reagan era."}, {"speaker": "CAM", "phrase": " You know."}, {"speaker": "JO", "phrase": " Yeah."}, {"speaker": "JO", "phrase": "..."}, {"speaker": "CAM", "phrase": " I mean."}, {"speaker": "JO", "phrase": " Yeah"}, {"speaker": "JO", "phrase": " it hasn't been just for the last couple."}, {"speaker": "CAM", "phrase": " Mm."}, {"speaker": "JO", "phrase": " You know it's"}, {"speaker": "JO", "phrase": " it's been."}, {"speaker": "FRED", "phrase": "PAUSE"}, {"speaker": "CAM", "phrase": " You know"}, {"speaker": "CAM", "phrase": " and they"}, {"speaker": "CAM", "phrase": " they can't lie to the people."}, {"speaker": "WESS", "phrase": "PAUSE"}, {"speaker": "CAM", "phrase": " And eventually the people are gonna like wise up."}, {"speaker": "FRED", "phrase": "PAUSE"}, {"speaker": "CAM", "phrase": " and their"}, {"speaker": "CAM", "phrase": "the unions are gonna come back."}, {"speaker": "JO", "phrase": " Yeah."}, {"speaker": "CAM", "phrase": " and there's gonna be even."}, {"speaker": "FRED", "phrase": "PAUSE"}, {"speaker": "CAM", "phrase": " different types of"}, {"speaker": "CAM", "phrase": " of political movements"}, {"speaker": "CAM", "phrase": " I'm telling you."}, {"speaker": "JO", "phrase": " Mm."}, {"speaker": "CAM", "phrase": " Cause."}, {"speaker": "JO", "phrase": " Well I'm surprised Frederick you'd come"}, {"speaker": "JO", "phrase": " because I got an artificial tree."}, {"speaker": "CAM", "phrase": "PAUSE"}, {"speaker": "FRED", "phrase": " No laugh."}, {"speaker": "JO", "phrase": "PAUSE"}, {"speaker": "CAM", "phrase": " Mm."}, {"speaker": "FRED", "phrase": " My parents have an artificial tree."}, {"speaker": "JO", "phrase": " Do they ?"}, {"speaker": "FRED", "phrase": " It's..."}, {"speaker": "CAM", "phrase": " The reign of terror will return."}, {"speaker": "FRED", "phrase": " That's fine."}, {"speaker": "JO", "phrase": " But you."}, {"speaker": "JO", "phrase": "PAUSE"}, {"speaker": "JO", "phrase": " But you know"}, {"speaker": "JO", "phrase": " it's easier for older people."}, {"speaker": "WESS", "phrase": " What."}, {"speaker": "JO", "phrase": " To have artificial tree."}, {"speaker": "JO", "phrase": " You know"}, {"speaker": "JO", "phrase": " Wess'd"}, {"speaker": "JO", "phrase": " you know"}, {"speaker": "JO", "phrase": " go out in the cold"}, {"speaker": "JO", "phrase": " and look for tree and stuff ?"}, {"speaker": "WESS", "phrase": " And then to Mass at twelve."}, {"speaker": "FRED", "phrase": " Yeah get him out of the house for while."}, {"speaker": "JO", "phrase": " Yeah that's an idea."}, {"speaker": "CAM", "phrase": "PAUSE"}, {"speaker": "WESS", "phrase": " Do what ?"}, {"speaker": "JO", "phrase": " I was glad the game was on."}, {"speaker": "JO", "phrase": " Because"}, {"speaker": "JO", "phrase": " then I can get rid of him for while."}, {"speaker": "FRED", "phrase": "PAUSE"}, {"speaker": "CAM", "phrase": "PAUSE"}, {"speaker": "FRED", "phrase": "PAUSE"}, {"speaker": "JO", "phrase": "PAUSE"}, {"speaker": "WESS", "phrase": " What."}, {"speaker": "JO", "phrase": " I get rid of you for while when the game is on."}, {"speaker": "JO", "phrase": " I was glad it was on."}, {"speaker": "CAM", "phrase": " Oh."}, {"speaker": "CAM", "phrase": " I was wondering how that was like so perfectly straight."}, {"speaker": "FRED", "phrase": "PAUSE"}, {"speaker": "WESS", "phrase": " Gee what ?"}, {"speaker": "JO", "phrase": "PAUSE"}, {"speaker": "JO", "phrase": " Oh."}, {"speaker": "WESS", "phrase": " Neil said that was one of the most exciting games he ever saw."}, {"speaker": "JO", "phrase": " I just took paraffin."}, {"speaker": "CAM", "phrase": " Oh."}, {"speaker": "FRED", "phrase": "PAUSE"}, {"speaker": "WESS", "phrase": " You know."}, {"speaker": "WESS", "phrase": " If you are..."}, {"speaker": "JO", "phrase": " If you didn't care."}, {"speaker": "WESS", "phrase": " Green Bay did their thing"}, {"speaker": "WESS", "phrase": " but they"}, {"speaker": "WESS", "phrase": " they didn't look to me as impressive as the Steelers."}, {"speaker": "WESS", "phrase": " The Steelers looked like much better team."}, {"speaker": "JO", "phrase": " Mm."}, {"speaker": "WESS", "phrase": " I'll have to admit."}, {"speaker": "JO", "phrase": " Mm."}, {"speaker": "WESS", "phrase": " Cause they went right down there."}, {"speaker": "JO", "phrase": "..."}, {"speaker": "WESS", "phrase": " every time they had the ball."}, {"speaker": "CAM", "phrase": " Well then how is it that they lost."}, {"speaker": "WESS", "phrase": " Not every time."}, {"speaker": "JO", "phrase": " Yeah."}, {"speaker": "JO", "phrase": " How is it."}, {"speaker": "JO", "phrase": " That ain't fair then."}, {"speaker": "JO", "phrase": "PAUSE"}, {"speaker": "JO", "phrase": " You know"}, {"speaker": "JO", "phrase": " lot of those ornaments on that tree."}, {"speaker": "CAM", "phrase": "PAUSE"}, {"speaker": "JO", "phrase": " are from my childhood ?"}, {"speaker": "JO", "phrase": " And Wesley's ?"}, {"speaker": "WESS", "phrase": " From what ?"}, {"speaker": "JO", "phrase": " Your childhood and my childhood."}, {"speaker": "WESS", "phrase": " Mm."}, {"speaker": "CAM", "phrase": " Real ly ?"}, {"speaker": "JO", "phrase": " Unhunh ?"}, {"speaker": "JO", "phrase": " Like those three little bells."}, {"speaker": "WESS", "phrase": " What were all the ornaments."}, {"speaker": "JO", "phrase": " And that one over there ?"}, {"speaker": "WESS", "phrase": " Yeah but we don't use half of em."}, {"speaker": "JO", "phrase": " That was mine."}, {"speaker": "CAM", "phrase": " Hm."}, {"speaker": "JO", "phrase": " little."}, {"speaker": "WESS", "phrase": " How many."}, {"speaker": "WESS", "phrase": " How many ornaments didn't you use."}, {"speaker": "JO", "phrase": " I didn't."}, {"speaker": "JO", "phrase": " Oh"}, {"speaker": "JO", "phrase": " I used most of em."}, {"speaker": "WESS", "phrase": " Mm."}, {"speaker": "JO", "phrase": " And they're."}, {"speaker": "JO", "phrase": " you know."}, {"speaker": "WESS", "phrase": " Did you go pick out tree ?"}, {"speaker": "JO", "phrase": " There's some up there"}, {"speaker": "JO", "phrase": " you can tell are really old."}, {"speaker": "FRED", "phrase": " Mhm."}, {"speaker": "WESS", "phrase": " Where'd you put it."}, {"speaker": "FRED", "phrase": " In the living room where the loveseat was."}, {"speaker": "FRED", "phrase": " In the corner by the windows."}, {"speaker": "JO", "phrase": " Oh."}, {"speaker": "WESS", "phrase": " Oh"}, {"speaker": "WESS", "phrase": " Okay."}, {"speaker": "WESS", "phrase": " Okay."}, {"speaker": "JO", "phrase": " Last year you had it"}, {"speaker": "JO", "phrase": " or"}, {"speaker": "JO", "phrase": " two years ago you had it in the dining room."}, {"speaker": "FRED", "phrase": " Mm"}, {"speaker": "FRED", "phrase": " did we ever have it in the dining room ?"}, {"speaker": "JO", "phrase": " Yeah"}, {"speaker": "JO", "phrase": " I was there."}, {"speaker": "FRED", "phrase": " Yeah we did have it once in the dining room."}, {"speaker": "JO", "phrase": " Yeah well the year we went to that."}, {"speaker": "FRED", "phrase": " Yeah."}, {"speaker": "WESS", "phrase": " Yeah"}, {"speaker": "WESS", "phrase": " we don't..."}, {"speaker": "JO", "phrase": " play."}, {"speaker": "WESS", "phrase": " We'll have to try to get in."}, {"speaker": "WESS", "phrase": " Geez"}, {"speaker": "WESS", "phrase": " we've been gonna come in"}, {"speaker": "WESS", "phrase": " and gonna come in"}, {"speaker": "WESS", "phrase": " and gonna come in."}, {"speaker": "WESS", "phrase": " And it just."}, {"speaker": "JO", "phrase": " Well."}, {"speaker": "WESS", "phrase": " Haven't been got anywhere."}, {"speaker": "CAM", "phrase": " Just lazy old farts."}, {"speaker": "JO", "phrase": " Hey."}, {"speaker": "CAM", "phrase": "PAUSE"}, {"speaker": "FRED", "phrase": " Ah ?"}, {"speaker": "WESS", "phrase": " What ?"}, {"speaker": "JO", "phrase": " Lazy old fart."}, {"speaker": "CAM", "phrase": "PAUSE"}, {"speaker": "JO", "phrase": "PAUSE"}, {"speaker": "JO", "phrase": " We work all the time."}, {"speaker": "JO", "phrase": " I do"}, {"speaker": "JO", "phrase": " he don't"}, {"speaker": "JO", "phrase": " but I do."}, {"speaker": "CAM", "phrase": "PAUSE"}, {"speaker": "WESS", "phrase": " I'm on the town board."}, {"speaker": "JO", "phrase": "PAUSE"}, {"speaker": "CAM", "phrase": "PAUSE"}, {"speaker": "JO", "phrase": " He had to go in the day after"}, {"speaker": "JO", "phrase": " January first."}, {"speaker": "WESS", "phrase": "PAUSE"}, {"speaker": "WESS", "phrase": " January second Jo."}, {"speaker": "JO", "phrase": "PAUSE"}, {"speaker": "WESS", "phrase": " Goddamn."}, {"speaker": "JO", "phrase": "PAUSE"}, {"speaker": "FRED", "phrase": "PAUSE"}, {"speaker": "CAM", "phrase": "PAUSE"}, {"speaker": "CAM", "phrase": " To do what."}, {"speaker": "JO", "phrase": "PAUSE"}, {"speaker": "JO", "phrase": " The Vets."}, {"speaker": "JO", "phrase": " He."}, {"speaker": "JO", "phrase": " The last two times he's supposed to be there"}, {"speaker": "JO", "phrase": " he didn't go."}, {"speaker": "JO", "phrase": " And they're."}, {"speaker": "WESS", "phrase": " Well one time."}, {"speaker": "JO", "phrase": " Gonna get after him."}, {"speaker": "WESS", "phrase": " it was supposed to rain and ice"}, {"speaker": "WESS", "phrase": " and"}, {"speaker": "WESS", "phrase": " to hell with that"}, {"speaker": "WESS", "phrase": " I ain't gonna fight that to go in there for half hour."}, {"speaker": "CAM", "phrase": " Yeah."}, {"speaker": "JO", "phrase": " So"}, {"speaker": "JO", "phrase": " no."}, {"speaker": "JO", "phrase": " Twice you reneged."}, {"speaker": "WESS", "phrase": " Yeah."}, {"speaker": "JO", "phrase": " So you gotta go this time."}, {"speaker": "JO", "phrase": " If it's good weather."}, {"speaker": "WESS", "phrase": " Yeah."}, {"speaker": "WESS", "phrase": " If it ain't good weather"}, {"speaker": "WESS", "phrase": " I'll just callthemup and say hey"}, {"speaker": "WESS", "phrase": " I'm seventy"}, {"speaker": "WESS", "phrase": " and uh."}, {"speaker": "JO", "phrase": " What ?"}, {"speaker": "JO", "phrase": " You're."}, {"speaker": "JO", "phrase": " Don't lie."}, {"speaker": "WESS", "phrase": " I'm seventyone"}, {"speaker": "WESS", "phrase": " and uh."}, {"speaker": "JO", "phrase": "PAUSE"}, {"speaker": "WESS", "phrase": " Going on seventytwo."}, {"speaker": "JO", "phrase": "PAUSE"}, {"speaker": "WESS", "phrase": " And uh."}, {"speaker": "JO", "phrase": "PAUSE"}, {"speaker": "WESS", "phrase": " I'm not coming in today."}, {"speaker": "CAM", "phrase": "PAUSE"}, {"speaker": "JO", "phrase": " \u0294uh"}, {"speaker": "JO", "phrase": " Hm."}, {"speaker": "CAM", "phrase": "PAUSE"}, {"speaker": "JO", "phrase": " Hm."}, {"speaker": "JO", "phrase": "PAUSE"}, {"speaker": "WESS", "phrase": " So."}, {"speaker": "WESS", "phrase": " \u0294uh Who was this other guy"}, {"speaker": "WESS", "phrase": " you said he was teacher ?"}, {"speaker": "WESS", "phrase": " That taught you Spanish ?"}, {"speaker": "WESS", "phrase": " Where."}, {"speaker": "CAM", "phrase": " At the university."}, {"speaker": "WESS", "phrase": " Oh."}, {"speaker": "JO", "phrase": "..."}, {"speaker": "WESS", "phrase": " He's got job as professor ?"}, {"speaker": "CAM", "phrase": " Well."}, {"speaker": "CAM", "phrase": " They"}, {"speaker": "CAM", "phrase": " \u0294it's like teaching assistant."}, {"speaker": "CAM", "phrase": " A TA they call em."}, {"speaker": "CAM", "phrase": " But they."}, {"speaker": "WESS", "phrase": " Oh."}, {"speaker": "CAM", "phrase": " They teach like"}, {"speaker": "CAM", "phrase": " as if of they were professor."}, {"speaker": "JO", "phrase": " Hm."}, {"speaker": "WESS", "phrase": " Oh yeah."}, {"speaker": "CAM", "phrase": " For lower level"}, {"speaker": "CAM", "phrase": " um classes."}, {"speaker": "JO", "phrase": "PAUSE"}, {"speaker": "CAM", "phrase": " Classes that are just like"}, {"speaker": "CAM", "phrase": " you know."}, {"speaker": "JO", "phrase": " Just taking."}, {"speaker": "CAM", "phrase": " relatively beginning like."}, {"speaker": "CAM", "phrase": " If you took first or second or third or fourth semester of language ?"}, {"speaker": "CAM", "phrase": "PAUSE"}, {"speaker": "CAM", "phrase": " then"}, {"speaker": "CAM", "phrase": " you probably will have TA."}, {"speaker": "CAM", "phrase": " If you take more advanced."}, {"speaker": "WESS", "phrase": " Mm."}, {"speaker": "CAM", "phrase": " like literature courses in foreign language"}, {"speaker": "CAM", "phrase": " then you have real professor."}, {"speaker": "WESS", "phrase": " Oh."}, {"speaker": "WESS", "phrase": " Do they pay them very good ?"}, {"speaker": "CAM", "phrase": " Uh"}, {"speaker": "CAM", "phrase": " Well."}, {"speaker": "WESS", "phrase": " They didn't pay you very good"}, {"speaker": "WESS", "phrase": " when"}, {"speaker": "WESS", "phrase": " and you..."}, {"speaker": "JO", "phrase": " well that was at public school."}, {"speaker": "WESS", "phrase": " Yeah I know."}, {"speaker": "CAM", "phrase": " Right."}, {"speaker": "WESS", "phrase": " but even so."}, {"speaker": "WESS", "phrase": " There was"}, {"speaker": "WESS", "phrase": " some people there that."}, {"speaker": "JO", "phrase": " I know lot of the professors get good money though."}, {"speaker": "WESS", "phrase": " couldn't even teach"}, {"speaker": "WESS", "phrase": " and they had."}, {"speaker": "JO", "phrase": " don't they ?"}, {"speaker": "CAM", "phrase": " Yeah."}, {"speaker": "WESS", "phrase": " Teaching degrees."}, {"speaker": "CAM", "phrase": " Well I \u0294uh"}, {"speaker": "CAM", "phrase": " like at Marquette."}, {"speaker": "CAM", "phrase": " If you're TA you get free tuition."}, {"speaker": "WESS", "phrase": " Mm."}, {"speaker": "CAM", "phrase": " And if you're TA"}, {"speaker": "CAM", "phrase": " it means you're going for your graduate studies."}, {"speaker": "WESS", "phrase": " Oh."}, {"speaker": "CAM", "phrase": " Now"}, {"speaker": "CAM", "phrase": " So they."}, {"speaker": "CAM", "phrase": " if you get free tuition at Marquette"}, {"speaker": "CAM", "phrase": " I mean that's."}, {"speaker": "JO", "phrase": " Yeah"}, {"speaker": "JO", "phrase": " that's quite bit."}, {"speaker": "CAM", "phrase": " That's like probably"}, {"speaker": "CAM", "phrase": " six thousand semester or something."}, {"speaker": "CAM", "phrase": " Right ?"}, {"speaker": "CAM", "phrase": " I don't know."}, {"speaker": "JO", "phrase": " Mm ?"}, {"speaker": "CAM", "phrase": " Something like that."}, {"speaker": "WESS", "phrase": " Oh yeah."}, {"speaker": "WESS", "phrase": " That's..."}, {"speaker": "JO", "phrase": " Did you know Neil"}, {"speaker": "JO", "phrase": " is teaching at uh"}, {"speaker": "JO", "phrase": " at the college in."}, {"speaker": "CAM", "phrase": " Nope."}, {"speaker": "JO", "phrase": " Arizona ?"}, {"speaker": "CAM", "phrase": " Arizona State ?"}, {"speaker": "JO", "phrase": " Mhm"}, {"speaker": "JO", "phrase": " it's his second year."}, {"speaker": "WESS", "phrase": " What's he teaching"}, {"speaker": "WESS", "phrase": " how to be an asshole ?"}, {"speaker": "JO", "phrase": " Now Wess."}, {"speaker": "CAM", "phrase": "PAUSE"}, {"speaker": "WESS", "phrase": "PAUSE"}, {"speaker": "JO", "phrase": " that isn't nice."}, {"speaker": "JO", "phrase": " He is teaching"}, {"speaker": "JO", "phrase": " he's teaching something about business"}, {"speaker": "JO", "phrase": " and"}, {"speaker": "JO", "phrase": " well what he's in."}, {"speaker": "JO", "phrase": " You know."}, {"speaker": "CAM", "phrase": " Recreation ?"}, {"speaker": "JO", "phrase": " \u0294uh I mean uh"}, {"speaker": "JO", "phrase": " not really the recreation part"}, {"speaker": "JO", "phrase": " but"}, {"speaker": "JO", "phrase": " how you keep books and"}, {"speaker": "JO", "phrase": " you know."}, {"speaker": "WESS", "phrase": "PAUSE"}, {"speaker": "WESS", "phrase": " You know what gets me he..."}, {"speaker": "JO", "phrase": " He keeps all the books you know."}, {"speaker": "JO", "phrase": " And pays all the thing."}, {"speaker": "WESS", "phrase": " Yeah."}, {"speaker": "CAM", "phrase": "PAUSE"}, {"speaker": "WESS", "phrase": " Well he's."}, {"speaker": "JO", "phrase": " They say he's very good at that."}, {"speaker": "WESS", "phrase": " He makes the budget out."}, {"speaker": "JO", "phrase": " The budget."}, {"speaker": "JO", "phrase": " That's it."}, {"speaker": "WESS", "phrase": " And he's real good"}, {"speaker": "WESS", "phrase": " at making the budget out."}, {"speaker": "WESS", "phrase": " But"}, {"speaker": "WESS", "phrase": " if he's gonna put something in the checkbook"}, {"speaker": "WESS", "phrase": " and it's eight seventyfive"}, {"speaker": "WESS", "phrase": " he just puts"}, {"speaker": "WESS", "phrase": " eight dollars or nine down."}, {"speaker": "JO", "phrase": "PAUSE"}, {"speaker": "CAM", "phrase": " Oh."}, {"speaker": "JO", "phrase": " Sally."}, {"speaker": "JO", "phrase": " He isn't allowed to have the checkbook."}, {"speaker": "JO", "phrase": " At home"}, {"speaker": "JO", "phrase": " but he..."}, {"speaker": "CAM", "phrase": " And he's really good at making out the budget."}, {"speaker": "JO", "phrase": " But"}, {"speaker": "JO", "phrase": " the budget he's good at."}, {"speaker": "JO", "phrase": " So that's what he's"}, {"speaker": "JO", "phrase": " I think what he's teaching."}, {"speaker": "JO", "phrase": " You know."}, {"speaker": "JO", "phrase": " How that you would go about making out budgets for"}, {"speaker": "JO", "phrase": " big organizations and stuff."}, {"speaker": "JO", "phrase": " I'm not for sure."}, {"speaker": "FRED", "phrase": " Well lot of people just don't"}, {"speaker": "FRED", "phrase": " really"}, {"speaker": "FRED", "phrase": " keep track that well of their own checking account."}, {"speaker": "WESS", "phrase": " Hmmm."}, {"speaker": "JO", "phrase": " Yeah but you gotta though Fred."}, {"speaker": "JO", "phrase": " You wouldn't know exactly what you had in there."}, {"speaker": "JO", "phrase": " Now if Patty"}, {"speaker": "JO", "phrase": " is off one penny"}, {"speaker": "JO", "phrase": " she will not go to laugh bed laugh."}, {"speaker": "JO", "phrase": "PAUSE"}, {"speaker": "JO", "phrase": " She keeps going over and over and over."}, {"speaker": "CAM", "phrase": "PAUSE"}, {"speaker": "JO", "phrase": " till she finds that penny."}, {"speaker": "JO", "phrase": "PAUSE"}, {"speaker": "FRED", "phrase": " I have not balanced my checkbook in seven years."}, {"speaker": "JO", "phrase": "PAUSE"}, {"speaker": "JO", "phrase": "PAUSE"}, {"speaker": "WESS", "phrase": " So where do you..."}, {"speaker": "JO", "phrase": " How do you know that they aren't cheating you."}, {"speaker": "WESS", "phrase": " So what do you do"}, {"speaker": "WESS", "phrase": " just take their word for it ?"}, {"speaker": "FRED", "phrase": " I look at my bank bank statements."}, {"speaker": "FRED", "phrase": " And."}, {"speaker": "WESS", "phrase": " Mhm."}, {"speaker": "FRED", "phrase": " look through my checks."}, {"speaker": "FRED", "phrase": " When they come in."}, {"speaker": "FRED", "phrase": " And make sure that it's fine."}, {"speaker": "WESS", "phrase": "PAUSE"}, {"speaker": "WESS", "phrase": "PAUSE"}, {"speaker": "JO", "phrase": " But I mean"}, {"speaker": "JO", "phrase": " they could be cheating you."}, {"speaker": "JO", "phrase": " Couldn't they ?"}, {"speaker": "JO", "phrase": " I mean they can make mistakes too."}, {"speaker": "FRED", "phrase": " I know but"}, {"speaker": "FRED", "phrase": " I will go"}, {"speaker": "FRED", "phrase": " I will check"}, {"speaker": "FRED", "phrase": " when the the statement comes in"}, {"speaker": "FRED", "phrase": " and make sure that."}, {"speaker": "JO", "phrase": " Yeah ?"}, {"speaker": "JO", "phrase": " Oh."}, {"speaker": "FRED", "phrase": " they've only deducted."}, {"speaker": "JO", "phrase": " that they've"}, {"speaker": "JO", "phrase": " and they've deposited."}, {"speaker": "FRED", "phrase": " You know"}, {"speaker": "FRED", "phrase": " for the checks"}, {"speaker": "FRED", "phrase": " Right."}, {"speaker": "JO", "phrase": " Yeah."}, {"speaker": "JO", "phrase": " Oh."}, {"speaker": "JO", "phrase": " But you don't go through and"}, {"speaker": "JO", "phrase": " and check every check off ?"}, {"speaker": "WESS", "phrase": " Penny."}, {"speaker": "JO", "phrase": " Oh I do that."}, {"speaker": "JO", "phrase": "PAUSE"}, {"speaker": "WESS", "phrase": " I'll."}, {"speaker": "WESS", "phrase": " Let me tell you something."}, {"speaker": "JO", "phrase": " How bout you Cameron"}, {"speaker": "JO", "phrase": " what do you do."}, {"speaker": "WESS", "phrase": " When I did take care of the checkbook."}, {"speaker": "CAM", "phrase": " I'm gonna start club."}, {"speaker": "WESS", "phrase": " For my mother you know ?"}, {"speaker": "WESS", "phrase": " I didn't do it either."}, {"speaker": "JO", "phrase": " Oh"}, {"speaker": "JO", "phrase": " you wrote down what."}, {"speaker": "WESS", "phrase": " I wrote down everything"}, {"speaker": "WESS", "phrase": " but I was more like Neil"}, {"speaker": "WESS", "phrase": " I didn't write down the god damn pennies."}, {"speaker": "JO", "phrase": " Oh well."}, {"speaker": "WESS", "phrase": "PAUSE"}, {"speaker": "JO", "phrase": " that"}, {"speaker": "JO", "phrase": " then you know"}, {"speaker": "JO", "phrase": " it'll never balance if you don 't."}, {"speaker": "WESS", "phrase": " Mm."}, {"speaker": "CAM", "phrase": " Well"}, {"speaker": "CAM", "phrase": " I think I'd always like round high."}, {"speaker": "JO", "phrase": "PAUSE"}, {"speaker": "CAM", "phrase": " You know ?"}, {"speaker": "CAM", "phrase": " If it was like nine twenty"}, {"speaker": "CAM", "phrase": " I'd put ten dollars."}, {"speaker": "CAM", "phrase": " You know ?"}, {"speaker": "JO", "phrase": " Oh."}, {"speaker": "FRED", "phrase": " See I"}, {"speaker": "FRED", "phrase": " never basically."}, {"speaker": "CAM", "phrase": "PAUSE"}, {"speaker": "FRED", "phrase": " I"}, {"speaker": "FRED", "phrase": " just never did it"}, {"speaker": "FRED", "phrase": " I always make sure"}, {"speaker": "FRED", "phrase": " You have to have"}, {"speaker": "FRED", "phrase": "PAUSE"}, {"speaker": "FRED", "phrase": " minimum fivehundred dollars"}, {"speaker": "FRED", "phrase": " so that you..."}, {"speaker": "WESS", "phrase": " In there."}, {"speaker": "FRED", "phrase": " in your checking"}, {"speaker": "FRED", "phrase": " so that you don't get charged interest."}, {"speaker": "JO", "phrase": " Oh."}, {"speaker": "FRED", "phrase": " So I always make sure"}, {"speaker": "FRED", "phrase": " I mean so you don't get charged for writing checks and stuff."}, {"speaker": "JO", "phrase": " Oh"}, {"speaker": "JO", "phrase": " I did n't know that."}, {"speaker": "FRED", "phrase": " So."}, {"speaker": "CAM", "phrase": " Maintenance fee."}, {"speaker": "FRED", "phrase": " I always"}, {"speaker": "FRED", "phrase": " A maintenance fee."}, {"speaker": "FRED", "phrase": " So I always make sure I have minimum fivehundreddollar balance."}, {"speaker": "JO", "phrase": " Well see now we don't."}, {"speaker": "FRED", "phrase": " So then I..."}, {"speaker": "JO", "phrase": " Cause we're over fiftyfive."}, {"speaker": "FRED", "phrase": " Cause I never"}, {"speaker": "FRED", "phrase": " and I've"}, {"speaker": "FRED", "phrase": " basically have never bounced check"}, {"speaker": "FRED", "phrase": " cause I always make sure I have that fivehundreddollar balance."}, {"speaker": "JO", "phrase": " No."}, {"speaker": "JO", "phrase": " I'd hate to bounce check."}, {"speaker": "CAM", "phrase": " I've never bounced check."}, {"speaker": "JO", "phrase": " cause."}, {"speaker": "CAM", "phrase": " I..."}, {"speaker": "WESS", "phrase": " Well you wouldn't."}, {"speaker": "WESS", "phrase": " If you're keeping fivehundreddollar balance."}, {"speaker": "FRED", "phrase": " That's why I don't really worry about what I write out."}, {"speaker": "WESS", "phrase": " No."}, {"speaker": "JO", "phrase": " But I mean."}, {"speaker": "FRED", "phrase": " I just."}, {"speaker": "JO", "phrase": " You know"}, {"speaker": "JO", "phrase": " I wouldn't."}, {"speaker": "CAM", "phrase": " but I have like"}, {"speaker": "CAM", "phrase": " I had like"}, {"speaker": "CAM", "phrase": " I have savings account"}, {"speaker": "CAM", "phrase": " and one time they took money out of the savings account."}, {"speaker": "JO", "phrase": " And put it in the checking."}, {"speaker": "CAM", "phrase": " To cover the checking."}, {"speaker": "CAM", "phrase": "PAUSE"}, {"speaker": "WESS", "phrase": " Hm."}, {"speaker": "JO", "phrase": " Oh."}, {"speaker": "WESS", "phrase": " Oh."}, {"speaker": "JO", "phrase": " Well that's okay too though."}, {"speaker": "FRED", "phrase": "PAUSE"}, {"speaker": "WESS", "phrase": " W \u0294a..."}, {"speaker": "JO", "phrase": " Mhm."}, {"speaker": "FRED", "phrase": " What time is the crowd coming."}, {"speaker": "JO", "phrase": " Not until about six."}, {"speaker": "CAM", "phrase": " Oh."}, {"speaker": "CAM", "phrase": " Hopefully not too soon."}, {"speaker": "JO", "phrase": " laugh..."}, {"speaker": "CAM", "phrase": " We need to relax before they get here."}, {"speaker": "FRED", "phrase": " I was just asking ?"}, {"speaker": "WESS", "phrase": "PAUSE"}, {"speaker": "JO", "phrase": "PAUSE"}, {"speaker": "JO", "phrase": " Because"}, {"speaker": "JO", "phrase": " I think Stacy has to work till six."}, {"speaker": "JO", "phrase": " You got headache Fred ?"}, {"speaker": "WESS", "phrase": " And what time are we going to eat."}, {"speaker": "FRED", "phrase": " No my eyes are tired."}, {"speaker": "WESS", "phrase": " Hey there is uh turkey"}, {"speaker": "WESS", "phrase": " and."}, {"speaker": "JO", "phrase": " I told him he could have turkey sandwich."}, {"speaker": "WESS", "phrase": " All that stuff in there"}, {"speaker": "WESS", "phrase": " You wanna eat..."}, {"speaker": "FRED", "phrase": " I brought homemade cookies too."}, {"speaker": "JO", "phrase": " Oh yeah."}, {"speaker": "WESS", "phrase": " And lot of homemade cookies."}, {"speaker": "FRED", "phrase": " I brought some."}, {"speaker": "JO", "phrase": " Yeah but"}, {"speaker": "JO", "phrase": "..."}, {"speaker": "WESS", "phrase": " Oh you did."}, {"speaker": "JO", "phrase": " And he made em."}, {"speaker": "FRED", "phrase": " I baked."}, {"speaker": "WESS", "phrase": " You baked."}, {"speaker": "CAM", "phrase": " Mhm."}, {"speaker": "JO", "phrase": " I gotta get some more coffee please."}, {"speaker": "WESS", "phrase": " What kind of cookies did you bake."}, {"speaker": "CAM", "phrase": " Him and Joel."}, {"speaker": "JO", "phrase": "PAUSE"}, {"speaker": "FRED", "phrase": " I did thumbprints."}, {"speaker": "JO", "phrase": "PAUSE"}, {"speaker": "JO", "phrase": " You're kid ding."}, {"speaker": "FRED", "phrase": " Uh butter cookies."}, {"speaker": "CAM", "phrase": " Cause I asked."}, {"speaker": "CAM", "phrase": "PAUSE"}, {"speaker": "FRED", "phrase": " Uh."}, {"speaker": "JO", "phrase": " Didn't you help ?"}, {"speaker": "FRED", "phrase": " mint surprises."}, {"speaker": "CAM", "phrase": " No"}, {"speaker": "CAM", "phrase": " cause Joel was helping."}, {"speaker": "CAM", "phrase": " and that kitchen is too small for three people."}, {"speaker": "FRED", "phrase": " Um."}, {"speaker": "CAM", "phrase": " and Joel's pretty husky guy."}, {"speaker": "CAM", "phrase": " So."}, {"speaker": "JO", "phrase": " But you could've frostedthemfor em."}, {"speaker": "FRED", "phrase": " Pecan tartlets."}, {"speaker": "CAM", "phrase": " Na na na."}, {"speaker": "WESS", "phrase": " Oh my God."}, {"speaker": "CAM", "phrase": "PAUSE"}, {"speaker": "JO", "phrase": " While they were doing more."}, {"speaker": "FRED", "phrase": " And homemade fudge."}, {"speaker": "CAM", "phrase": "PAUSE"}, {"speaker": "CAM", "phrase": " There was no room in there."}, {"speaker": "WESS", "phrase": " Oh"}, {"speaker": "WESS", "phrase": " I made fudge."}, {"speaker": "WESS", "phrase": " I made peanut butter fudge"}, {"speaker": "WESS", "phrase": " I made uh"}, {"speaker": "WESS", "phrase": " Jo made her mother's peanut butter."}, {"speaker": "JO", "phrase": " But it's..."}, {"speaker": "WESS", "phrase": " that's real sticky."}, {"speaker": "JO", "phrase": "PAUSE"}, {"speaker": "CAM", "phrase": "PAUSE"}, {"speaker": "WESS", "phrase": " Uh"}, {"speaker": "WESS", "phrase": " I made"}, {"speaker": "WESS", "phrase": " The."}, {"speaker": "JO", "phrase": "PAUSE"}, {"speaker": "WESS", "phrase": " the chocolate peanut butter fudge"}, {"speaker": "WESS", "phrase": " and I made chocolate fudge"}, {"speaker": "WESS", "phrase": " and then I made uh divinity fudge."}, {"speaker": "CAM", "phrase": " Divinity."}, {"speaker": "WESS", "phrase": " Mhm."}, {"speaker": "WESS", "phrase": " White."}, {"speaker": "CAM", "phrase": " Oh."}, {"speaker": "JO", "phrase": " Then and toffee."}, {"speaker": "WESS", "phrase": " And toffee."}, {"speaker": "WESS", "phrase": " Hey toffee isn't bad to make."}, {"speaker": "JO", "phrase": " It should."}, {"speaker": "JO", "phrase": " You didn't do it all Wess."}, {"speaker": "JO", "phrase": " I helped you little bit."}, {"speaker": "WESS", "phrase": " Yeah."}, {"speaker": "WESS", "phrase": " You did most of it."}, {"speaker": "JO", "phrase": "PAUSE"}, {"speaker": "WESS", "phrase": " But I make fudge."}, {"speaker": "WESS", "phrase": " Good."}, {"speaker": "JO", "phrase": "PAUSE"}, {"speaker": "JO", "phrase": " Yeah he..."}, {"speaker": "CAM", "phrase": "PAUSE"}, {"speaker": "JO", "phrase": " He does."}, {"speaker": "JO", "phrase": "PAUSE"}, {"speaker": "WESS", "phrase": " I am the expert."}, {"speaker": "JO", "phrase": " Cause you know you gotta wait and wait and wait for that."}, {"speaker": "CAM", "phrase": " What do you mean wait and wait."}, {"speaker": "JO", "phrase": " Well you gotta wait till it boils and"}, {"speaker": "JO", "phrase": " and gets certain kind of consistency."}, {"speaker": "JO", "phrase": " You know."}, {"speaker": "CAM", "phrase": " Oh."}, {"speaker": "JO", "phrase": "..."}, {"speaker": "WESS", "phrase": " Yeah"}, {"speaker": "WESS", "phrase": " it's the soft ball."}, {"speaker": "JO", "phrase": " Before"}, {"speaker": "JO", "phrase": " and so he likes to sit laugh there laugh and laugh"}, {"speaker": "JO", "phrase": " and do nothing for hours."}, {"speaker": "CAM", "phrase": " Nn."}, {"speaker": "FRED", "phrase": " Oh my fudge is."}, {"speaker": "FRED", "phrase": " Here."}, {"speaker": "FRED", "phrase": " Taste this fudge."}, {"speaker": "JO", "phrase": "PAUSE"}, {"speaker": "FRED", "phrase": " I have the easiest fudge recipe in the world."}, {"speaker": "CAM", "phrase": " Right."}, {"speaker": "JO", "phrase": " Uhoh."}, {"speaker": "WESS", "phrase": " And you don't boil it ?"}, {"speaker": "CAM", "phrase": " Leave it to Fred to find the easiest way to make something laugh."}, {"speaker": "FRED", "phrase": " It boils for six minutes."}, {"speaker": "JO", "phrase": " Six."}, {"speaker": "WESS", "phrase": " Oh no mine"}, {"speaker": "WESS", "phrase": " Mine cooks for an hour."}, {"speaker": "JO", "phrase": "PAUSE"}, {"speaker": "CAM", "phrase": "PAUSE"}, {"speaker": "CAM", "phrase": " See Fred"}, {"speaker": "CAM", "phrase": " yours isn't gonna be as good then."}, {"speaker": "JO", "phrase": " No"}, {"speaker": "JO", "phrase": " it probably will be."}, {"speaker": "CAM", "phrase": "PAUSE"}, {"speaker": "JO", "phrase": " Who knows."}, {"speaker": "JO", "phrase": " I wish it would be."}, {"speaker": "JO", "phrase": " Because then"}, {"speaker": "JO", "phrase": " you know uh"}, {"speaker": "JO", "phrase": " then I could maybe do it sometime."}, {"speaker": "JO", "phrase": " Cause I don't wanna just stand there looking at fudge for an hour."}, {"speaker": "CAM", "phrase": " Ooh."}, {"speaker": "WESS", "phrase": " I don't think it's an hour."}, {"speaker": "JO", "phrase": " Oh Wess"}, {"speaker": "JO", "phrase": " it is too"}, {"speaker": "JO", "phrase": " it takes forever."}, {"speaker": "JO", "phrase": " Get soft ball stage"}, {"speaker": "JO", "phrase": " and then you"}, {"speaker": "JO", "phrase": " then you have to hurry."}, {"speaker": "JO", "phrase": "PAUSE"}, {"speaker": "JO", "phrase": " Well"}, {"speaker": "JO", "phrase": " I wonder how Jimmy's party came last night."}, {"speaker": "WESS", "phrase": " Think we're gonna have to have more coffee."}, {"speaker": "JO", "phrase": " He had"}, {"speaker": "JO", "phrase": " all of the old friends."}, {"speaker": "CAM", "phrase": " Oh."}, {"speaker": "JO", "phrase": " Had party."}, {"speaker": "JO", "phrase": " There's..."}, {"speaker": "WESS", "phrase": " All his old highschool friends."}, {"speaker": "JO", "phrase": " Yeah."}, {"speaker": "JO", "phrase": " There were teen."}, {"speaker": "WESS", "phrase": " Like Carol uh."}, {"speaker": "JO", "phrase": " Hicks."}, {"speaker": "WESS", "phrase": " Hicks."}, {"speaker": "CAM", "phrase": " Oh wow."}, {"speaker": "JO", "phrase": " Oh yeah."}, {"speaker": "WESS", "phrase": " the nut ?"}, {"speaker": "CAM", "phrase": " The nut."}, {"speaker": "CAM", "phrase": " Why is she nut."}, {"speaker": "JO", "phrase": " Well."}, {"speaker": "WESS", "phrase": " Oh God."}, {"speaker": "JO", "phrase": " she's just silly."}, {"speaker": "WESS", "phrase": " she was boy."}, {"speaker": "JO", "phrase": " Um."}, {"speaker": "WESS", "phrase": " She might've been girl"}, {"speaker": "WESS", "phrase": " but she was boy."}, {"speaker": "CAM", "phrase": "PAUSE"}, {"speaker": "JO", "phrase": " Now..."}, {"speaker": "WESS", "phrase": " She was tomboy."}, {"speaker": "JO", "phrase": " He went traveling with her lot."}, {"speaker": "WESS", "phrase": " Yeah"}, {"speaker": "WESS", "phrase": " Jim went."}, {"speaker": "JO", "phrase": " Hmm."}, {"speaker": "WESS", "phrase": " half"}, {"speaker": "WESS", "phrase": " across half the coun try with her."}, {"speaker": "JO", "phrase": " Look what you made."}, {"speaker": "FRED", "phrase": " There you are."}, {"speaker": "JO", "phrase": " Thank you."}, {"speaker": "FRED", "phrase": " I'll take that from you again."}, {"speaker": "JO", "phrase": "PAUSE"}, {"speaker": "FRED", "phrase": " I didn't"}, {"speaker": "FRED", "phrase": " Most people don't like big pieces."}, {"speaker": "JO", "phrase": " Oh"}, {"speaker": "JO", "phrase": " Mmmm."}, {"speaker": "WESS", "phrase": " Mhm."}, {"speaker": "JO", "phrase": " Mm."}, {"speaker": "WESS", "phrase": " Oh it's so good."}, {"speaker": "JO", "phrase": " that is good Fred."}, {"speaker": "JO", "phrase": " It don't taste like."}, {"speaker": "JO", "phrase": " it tastes like you boiled it long time."}, {"speaker": "CAM", "phrase": "PAUSE"}, {"speaker": "FRED", "phrase": " You can make that recipe"}, {"speaker": "FRED", "phrase": " be completely done in fifteen minutes."}, {"speaker": "JO", "phrase": "PAUSE"}, {"speaker": "FRED", "phrase": " And then you just let it sit."}, {"speaker": "JO", "phrase": " Ah."}, {"speaker": "WESS", "phrase": " Mm."}, {"speaker": "JO", "phrase": " now \u0294uh."}, {"speaker": "JO", "phrase": " See"}, {"speaker": "JO", "phrase": " some of it"}, {"speaker": "JO", "phrase": " he don't like the kind that"}, {"speaker": "JO", "phrase": " you don't cook at all."}, {"speaker": "JO", "phrase": " Cause he said it's too..."}, {"speaker": "FRED", "phrase": " You."}, {"speaker": "FRED", "phrase": " You boil this for either six or seven minutes"}, {"speaker": "FRED", "phrase": " I don't remember exactly"}, {"speaker": "FRED", "phrase": " and"}, {"speaker": "FRED", "phrase": " you boil it really hard."}, {"speaker": "JO", "phrase": " Mhm ?"}, {"speaker": "FRED", "phrase": " Um"}, {"speaker": "FRED", "phrase": " and that's it."}, {"speaker": "JO", "phrase": " Yeah ?"}, {"speaker": "WESS", "phrase": " Boil it hard an..."}, {"speaker": "JO", "phrase": " It's good."}, {"speaker": "WESS", "phrase": " six minutes."}, {"speaker": "FRED", "phrase": " Boil it hard for"}, {"speaker": "FRED", "phrase": " Six or seven minutes."}, {"speaker": "FRED", "phrase": " Period."}, {"speaker": "FRED", "phrase": " That is it."}, {"speaker": "WESS", "phrase": " what do you mix in it."}, {"speaker": "FRED", "phrase": " I have the recipe at home."}, {"speaker": "FRED", "phrase": " Um"}, {"speaker": "FRED", "phrase": " it basically is like"}, {"speaker": "FRED", "phrase": " what were the things you."}, {"speaker": "WESS", "phrase": " Two and half squares of chocolate."}, {"speaker": "WESS", "phrase": " Unsweetened chocolate."}, {"speaker": "FRED", "phrase": " I have four squares of chocolate"}, {"speaker": "FRED", "phrase": " Four..."}, {"speaker": "JO", "phrase": " Is that unsweetened"}, {"speaker": "JO", "phrase": " or sweetened."}, {"speaker": "FRED", "phrase": " Four unsweetened squares of chocolate."}, {"speaker": "JO", "phrase": " Unsweetened."}, {"speaker": "WESS", "phrase": " Well that's uh."}, {"speaker": "FRED", "phrase": " Uh one."}, {"speaker": "WESS", "phrase": " yeah"}, {"speaker": "WESS", "phrase": " that's."}, {"speaker": "JO", "phrase": " You can't have candy."}, {"speaker": "WESS", "phrase": " that's"}, {"speaker": "WESS", "phrase": " I use."}, {"speaker": "JO", "phrase": " Now you be nice."}, {"speaker": "FRED", "phrase": " Four one ounce."}, {"speaker": "WESS", "phrase": " Four and half."}, {"speaker": "CAM", "phrase": "PAUSE"}, {"speaker": "FRED", "phrase": " Okay."}, {"speaker": "FRED", "phrase": "I use four one ounce things."}, {"speaker": "FRED", "phrase": " So it gets four ounces of of bitter chocolate."}, {"speaker": "CAM", "phrase": " Angel."}, {"speaker": "CAM", "phrase": " Angel."}, {"speaker": "CAM", "phrase": " Angel."}, {"speaker": "JO", "phrase": " Mm."}, {"speaker": "FRED", "phrase": " Unsweetened."}, {"speaker": "CAM", "phrase": "PAUSE"}, {"speaker": "WESS", "phrase": " Mhm ?"}, {"speaker": "FRED", "phrase": " Um"}, {"speaker": "FRED", "phrase": " sixteen ounces of chocolate."}, {"speaker": "FRED", "phrase": " And then you"}, {"speaker": "FRED", "phrase": " \u0294uh that with all the butter."}, {"speaker": "FRED", "phrase": " All gets boiled."}, {"speaker": "JO", "phrase": " Oh."}, {"speaker": "FRED", "phrase": " And cream."}, {"speaker": "JO", "phrase": " Unhunh ?"}, {"speaker": "CAM", "phrase": "PAUSE"}, {"speaker": "FRED", "phrase": " For."}, {"speaker": "CAM", "phrase": "PAUSE"}, {"speaker": "CAM", "phrase": " Butter and cream."}, {"speaker": "FRED", "phrase": " about six or seven minutes."}, {"speaker": "JO", "phrase": "PAUSE"}, {"speaker": "WESS", "phrase": " Oh my..."}, {"speaker": "FRED", "phrase": " and then that gets poured over the sugar"}, {"speaker": "FRED", "phrase": " and."}, {"speaker": "JO", "phrase": " Oh."}, {"speaker": "FRED", "phrase": " you don't even boil any of that."}, {"speaker": "FRED", "phrase": " You just boil that"}, {"speaker": "FRED", "phrase": " and you pour it over."}, {"speaker": "WESS", "phrase": " Oh no."}, {"speaker": "FRED", "phrase": " over the sugar"}, {"speaker": "FRED", "phrase": "and nuts."}, {"speaker": "WESS", "phrase": " Oh."}, {"speaker": "FRED", "phrase": " and vanilla"}, {"speaker": "FRED", "phrase": "PAUSE"}, {"speaker": "FRED", "phrase": " and then you mix it all up."}, {"speaker": "JO", "phrase": " Yeah ?"}, {"speaker": "FRED", "phrase": " and you pour it in the pan and it's done."}, {"speaker": "FRED", "phrase": " That's it."}, {"speaker": "WESS", "phrase": " Oh my God."}, {"speaker": "JO", "phrase": " Hey."}, {"speaker": "WESS", "phrase": " well see."}, {"speaker": "JO", "phrase": " That sounds easy."}, {"speaker": "FRED", "phrase": " You're done in"}, {"speaker": "FRED", "phrase": "you're done in fifteen minutes"}, {"speaker": "FRED", "phrase": " and it's pretty good."}, {"speaker": "WESS", "phrase": " Oh."}, {"speaker": "WESS", "phrase": " Alright."}, {"speaker": "JO", "phrase": "..."}, {"speaker": "FRED", "phrase": " It's pretty good."}, {"speaker": "JO", "phrase": " Oh it's good."}, {"speaker": "WESS", "phrase": " Yeah see"}, {"speaker": "WESS", "phrase": " I t ake."}, {"speaker": "JO", "phrase": " It's really good."}, {"speaker": "CAM", "phrase": " It's not his recipe."}, {"speaker": "WESS", "phrase": " And I take two and half squares."}, {"speaker": "CAM", "phrase": "PAUSE"}, {"speaker": "JO", "phrase": " Where'd he get this recipe."}, {"speaker": "WESS", "phrase": " I mean that's"}, {"speaker": "WESS", "phrase": " that."}, {"speaker": "CAM", "phrase": " I think it's his mother's or something."}, {"speaker": "WESS", "phrase": " That's"}, {"speaker": "WESS", "phrase": " you know."}, {"speaker": "CAM", "phrase": " I don't know."}, {"speaker": "WESS", "phrase": " two squares is one square really."}, {"speaker": "JO", "phrase": " Hm."}, {"speaker": "FRED", "phrase": " Unhunh."}, {"speaker": "CAM", "phrase": " Who's recipe is that."}, {"speaker": "WESS", "phrase": " So I take two and half squares."}, {"speaker": "FRED", "phrase": " Loretta's."}, {"speaker": "CAM", "phrase": "PAUSE"}, {"speaker": "JO", "phrase": " Loretta."}, {"speaker": "WESS", "phrase": " And I cut that all up."}, {"speaker": "CAM", "phrase": " That's his mother."}, {"speaker": "JO", "phrase": " Hunh ?"}, {"speaker": "CAM", "phrase": " It's his mother."}, {"speaker": "WESS", "phrase": " And I mix that with the sugar."}, {"speaker": "JO", "phrase": "PAUSE"}, {"speaker": "JO", "phrase": " And he calls her Loretta ?"}, {"speaker": "CAM", "phrase": " he laugh does laugh."}, {"speaker": "WESS", "phrase": " And uh snip of salt."}, {"speaker": "JO", "phrase": " Naughty boy."}, {"speaker": "WESS", "phrase": " and Karo syrup."}, {"speaker": "JO", "phrase": " Mary Lou"}, {"speaker": "JO", "phrase": " my cousin"}, {"speaker": "JO", "phrase": " used to always."}, {"speaker": "WESS", "phrase": " And I stir that up."}, {"speaker": "JO", "phrase": " call her mother Carrie."}, {"speaker": "WESS", "phrase": " and then I put it on"}, {"speaker": "WESS", "phrase": " and I boil it."}, {"speaker": "CAM", "phrase": " Carrie laugh."}, {"speaker": "WESS", "phrase": " Then I've got my butter."}, {"speaker": "JO", "phrase": " Yeah."}, {"speaker": "WESS", "phrase": " and my vanilla."}, {"speaker": "JO", "phrase": " and and Dad used to have such fit."}, {"speaker": "WESS", "phrase": " and my nuts"}, {"speaker": "WESS", "phrase": " over here."}, {"speaker": "JO", "phrase": " He would be so upset."}, {"speaker": "FRED", "phrase": " Mhm ?"}, {"speaker": "WESS", "phrase": " And then when that reaches hard ball."}, {"speaker": "CAM", "phrase": " Really ?"}, {"speaker": "JO", "phrase": " Mm."}, {"speaker": "JO", "phrase": " Cause that's showing no respect."}, {"speaker": "WESS", "phrase": " I fill up the sink with cold water."}, {"speaker": "CAM", "phrase": "PAUSE"}, {"speaker": "WESS", "phrase": " and put it in there."}, {"speaker": "JO", "phrase": " \u0294uh."}, {"speaker": "WESS", "phrase": " and beat it little bit"}, {"speaker": "WESS", "phrase": " and I put my butter"}, {"speaker": "WESS", "phrase": " and my vanilla in it"}, {"speaker": "WESS", "phrase": " and."}, {"speaker": "WESS", "phrase": " yours sounds easier."}, {"speaker": "JO", "phrase": " Oh yeah."}, {"speaker": "WESS", "phrase": " And then."}, {"speaker": "FRED", "phrase": " Mine's."}, {"speaker": "FRED", "phrase": " by the."}, {"speaker": "FRED", "phrase": " if you have the ingredients out"}, {"speaker": "FRED", "phrase": " you can have it in the pan in fifteen minutes."}, {"speaker": "JO", "phrase": " Oh."}, {"speaker": "WESS", "phrase": " Oh."}, {"speaker": "FRED", "phrase": "PAUSE"}, {"speaker": "JO", "phrase": " Boy."}, {"speaker": "JO", "phrase": " I'm gonna get that recipe for laugh Wesley."}, {"speaker": "WESS", "phrase": " No way."}, {"speaker": "WESS", "phrase": " oh."}, {"speaker": "FRED", "phrase": " It's so laugh easy laugh."}, {"speaker": "FRED", "phrase": " It's so easy."}, {"speaker": "JO", "phrase": "PAUSE"}, {"speaker": "JO", "phrase": " Yeah"}, {"speaker": "JO", "phrase": " because I mean"}, {"speaker": "JO", "phrase": " you know it takes fore ver."}, {"speaker": "WESS", "phrase": " Go away."}, {"speaker": "FRED", "phrase": " It makes huge pan."}, {"speaker": "JO", "phrase": " He's in the kitchen."}, {"speaker": "WESS", "phrase": "..."}, {"speaker": "FRED", "phrase": " Yeah it makes nine by thirteen pan."}, {"speaker": "JO", "phrase": "PAUSE"}, {"speaker": "FRED", "phrase": " and takes fifteen minutes."}, {"speaker": "WESS", "phrase": " And is it soft when you put it in there ?"}, {"speaker": "JO", "phrase": " Oh."}, {"speaker": "FRED", "phrase": " Oh yeah."}, {"speaker": "FRED", "phrase": " It's gooey."}, {"speaker": "FRED", "phrase": " It's real gooey"}, {"speaker": "FRED", "phrase": " and then you"}, {"speaker": "FRED", "phrase": " you have to."}, {"speaker": "WESS", "phrase": " Oh gooey."}, {"speaker": "FRED", "phrase": " you have to wait three hours for it to harden."}, {"speaker": "WESS", "phrase": " Oh no."}, {"speaker": "WESS", "phrase": " Mine"}, {"speaker": "WESS", "phrase": " mine."}, {"speaker": "FRED", "phrase": " Mine."}, {"speaker": "FRED", "phrase": " it's already in the pan"}, {"speaker": "FRED", "phrase": " and it's done."}, {"speaker": "WESS", "phrase": " Mm."}, {"speaker": "JO", "phrase": " Yeah but."}, {"speaker": "FRED", "phrase": " and you just set it aside."}, {"speaker": "JO", "phrase": " yes."}, {"speaker": "WESS", "phrase": " Yeah mine you pour it in there."}, {"speaker": "JO", "phrase": " I would like that."}, {"speaker": "WESS", "phrase": " and you do it right at the right time"}, {"speaker": "WESS", "phrase": " when you pour it in there."}, {"speaker": "JO", "phrase": " Yeah."}, {"speaker": "WESS", "phrase": " you're lucky to get it spread."}, {"speaker": "FRED", "phrase": " Oh."}, {"speaker": "FRED", "phrase": " See I"}, {"speaker": "FRED", "phrase": " you pour this in"}, {"speaker": "FRED", "phrase": " you don't have to worry about anything"}, {"speaker": "FRED", "phrase": " cause it's nice and gooey."}, {"speaker": "JO", "phrase": " Listen to the bakers."}, {"speaker": "WESS", "phrase": " Hm."}, {"speaker": "FRED", "phrase": " and then you just wait."}, {"speaker": "CAM", "phrase": "PAUSE"}, {"speaker": "JO", "phrase": "PAUSE"}, {"speaker": "WESS", "phrase": " Oh"}, {"speaker": "WESS", "phrase": " Now"}, {"speaker": "WESS", "phrase": " the toffee."}, {"speaker": "JO", "phrase": "PAUSE"}, {"speaker": "CAM", "phrase": " I think."}, {"speaker": "JO", "phrase": " Yeah."}, {"speaker": "WESS", "phrase": " which is good."}, {"speaker": "FRED", "phrase": " Mhm."}, {"speaker": "WESS", "phrase": " It tastes like Heath Bar ?"}, {"speaker": "FRED", "phrase": " Mhm ?"}, {"speaker": "WESS", "phrase": " All that is"}, {"speaker": "WESS", "phrase": " is eggs"}, {"speaker": "WESS", "phrase": " and water"}, {"speaker": "WESS", "phrase": " and what else honey ?"}, {"speaker": "JO", "phrase": " Sugar."}, {"speaker": "WESS", "phrase": " Sugar"}, {"speaker": "WESS", "phrase": " eggs water and sugar."}, {"speaker": "JO", "phrase": " Butter."}, {"speaker": "WESS", "phrase": " Yeah but you don't..."}, {"speaker": "JO", "phrase": " Butter."}, {"speaker": "WESS", "phrase": " Yeah"}, {"speaker": "WESS", "phrase": " then you put the butter in there."}, {"speaker": "JO", "phrase": " Unhunh ?"}, {"speaker": "WESS", "phrase": " Then you boil that"}, {"speaker": "WESS", "phrase": " to threehundred and fifty degrees"}, {"speaker": "WESS", "phrase": "PAUSE"}, {"speaker": "JO", "phrase": " That's what takes so long"}, {"speaker": "JO", "phrase": " waiting for it to boil"}, {"speaker": "JO", "phrase": " cause you can't turn it way up."}, {"speaker": "CAM", "phrase": " Oh."}, {"speaker": "WESS", "phrase": " You'll burn it."}, {"speaker": "JO", "phrase": " Because it'd"}, {"speaker": "JO", "phrase": " it'd burn."}, {"speaker": "WESS", "phrase": " then you pour that out on a uh sheet."}, {"speaker": "CAM", "phrase": " Unhunh."}, {"speaker": "JO", "phrase": " Ugh."}, {"speaker": "WESS", "phrase": " you know."}, {"speaker": "FRED", "phrase": " Mhm."}, {"speaker": "JO", "phrase": " Tin foil."}, {"speaker": "WESS", "phrase": " And then you put"}, {"speaker": "WESS", "phrase": " and you put nuts in it"}, {"speaker": "WESS", "phrase": " and then you pour it out on the sheet"}, {"speaker": "WESS", "phrase": " and then it hardens"}, {"speaker": "WESS", "phrase": " and then you put chocolate over it"}, {"speaker": "WESS", "phrase": " and nuts."}, {"speaker": "CAM", "phrase": " Mm."}, {"speaker": "WESS", "phrase": " and then you turn it over and"}, {"speaker": "WESS", "phrase": "put chocolate on the other side."}, {"speaker": "JO", "phrase": " Once year I'm gonna make that."}, {"speaker": "WESS", "phrase": " after that harden."}, {"speaker": "JO", "phrase": " That's it."}, {"speaker": "CAM", "phrase": " Toffee ?"}, {"speaker": "JO", "phrase": "PAUSE"}, {"speaker": "FRED", "phrase": " Mm."}, {"speaker": "CAM", "phrase": " See I don't really like toffee anyway."}, {"speaker": "JO", "phrase": " Oh I love toffee."}, {"speaker": "FRED", "phrase": " That sounds really good."}, {"speaker": "JO", "phrase": " Really ?"}, {"speaker": "WESS", "phrase": " Where's your toffee."}, {"speaker": "JO", "phrase": " down in the basement."}, {"speaker": "WESS", "phrase": " Oh."}, {"speaker": "JO", "phrase": " uh"}, {"speaker": "JO", "phrase": " I will get up."}, {"speaker": "WESS", "phrase": " Oh."}, {"speaker": "JO", "phrase": " and make nice plate."}, {"speaker": "WESS", "phrase": " Oh."}, {"speaker": "JO", "phrase": " and I'll put it up here."}, {"speaker": "WESS", "phrase": " Oh."}, {"speaker": "JO", "phrase": " when I want to."}, {"speaker": "WESS", "phrase": " Well you guys"}, {"speaker": "WESS", "phrase": " it's gonna be while before we eat"}, {"speaker": "WESS", "phrase": " could"}, {"speaker": "WESS", "phrase": " and there's all kinds of stuff for sandwiches."}, {"speaker": "WESS", "phrase": " There's."}, {"speaker": "FRED", "phrase": " Oh yeah"}, {"speaker": "FRED", "phrase": " I know"}, {"speaker": "FRED", "phrase": " I'm gonna nibble soon."}, {"speaker": "WESS", "phrase": " Great big \u0294uh hunks of turkey."}, {"speaker": "JO", "phrase": "PAUSE"}, {"speaker": "WESS", "phrase": " uh that uh"}, {"speaker": "WESS", "phrase": " we bought ?"}, {"speaker": "CAM", "phrase": " Venison ?"}, {"speaker": "WESS", "phrase": " Well"}, {"speaker": "WESS", "phrase": " you know the sliced."}, {"speaker": "FRED", "phrase": " I think I'm gonna get one of those venison uh."}, {"speaker": "WESS", "phrase": " big sliced jerky"}, {"speaker": "WESS", "phrase": " and fresh bread."}, {"speaker": "JO", "phrase": " One of those."}, {"speaker": "JO", "phrase": " Yeah there's two different kinds of venison there."}, {"speaker": "JO", "phrase": " Those long sticks are venison too."}, {"speaker": "WESS", "phrase": " Yeah"}, {"speaker": "WESS", "phrase": " the long sticks are venison"}, {"speaker": "WESS", "phrase": " and the cold meat's venison"}, {"speaker": "WESS", "phrase": " and then there's another cold meat sausage."}, {"speaker": "CAM", "phrase": " So have you talked to"}, {"speaker": "CAM", "phrase": " uh"}, {"speaker": "CAM", "phrase": " Mary Lou ?"}, {"speaker": "FRED", "phrase": " Yeah."}, {"speaker": "JO", "phrase": " Nope."}, {"speaker": "CAM", "phrase": " Nope."}, {"speaker": "JO", "phrase": " Well..."}, {"speaker": "WESS", "phrase": " Now that's venison."}, {"speaker": "JO", "phrase": " I don't know if they were going up"}, {"speaker": "JO", "phrase": " See they have cabin now."}, {"speaker": "FRED", "phrase": " Very good."}, {"speaker": "JO", "phrase": " Up at three."}, {"speaker": "WESS", "phrase": " It is."}, {"speaker": "WESS", "phrase": " Mm."}, {"speaker": "CAM", "phrase": " Three Rivers ?"}, {"speaker": "WESS", "phrase": " I never..."}, {"speaker": "JO", "phrase": " Three uh."}, {"speaker": "WESS", "phrase": " Maybe I'll eat one."}, {"speaker": "JO", "phrase": " Three Lakes."}, {"speaker": "WESS", "phrase": " I didn't eat one."}, {"speaker": "CAM", "phrase": " Three Rivers ?"}, {"speaker": "JO", "phrase": " Or Three."}, {"speaker": "JO", "phrase": " No."}, {"speaker": "JO", "phrase": " Three."}, {"speaker": "JO", "phrase": " Or is it."}, {"speaker": "JO", "phrase": " Three Lakes..."}, {"speaker": "WESS", "phrase": " Three Lakes."}, {"speaker": "JO", "phrase": " Three Lakes."}, {"speaker": "CAM", "phrase": " There's Three Lakes ?"}, {"speaker": "CAM", "phrase": " I knew there was Three Rivers."}, {"speaker": "JO", "phrase": " Yeah there's Three Lakes up there."}, {"speaker": "CAM", "phrase": " So there's Three Lakes ?"}, {"speaker": "JO", "phrase": " It's between."}, {"speaker": "FRED", "phrase": " Three Rivers is."}, {"speaker": "JO", "phrase": " Eagle River and Rheinlander I think."}, {"speaker": "FRED", "phrase": " Pittsburgh."}, {"speaker": "WESS", "phrase": "PAUSE"}, {"speaker": "CAM", "phrase": " No there's Three Rivers in Wisconsin."}, {"speaker": "FRED", "phrase": " Well there's"}, {"speaker": "FRED", "phrase": " the more famous is Pittsburgh."}, {"speaker": "FRED", "phrase": " The name of their stadium"}, {"speaker": "FRED", "phrase": " their football and baseball stadium is Three Rivers Stadium."}, {"speaker": "CAM", "phrase": " Can't believe I didn't know that."}, {"speaker": "JO", "phrase": " Oh."}, {"speaker": "JO", "phrase": "PAUSE"}, {"speaker": "CAM", "phrase": "PAUSE"}, {"speaker": "JO", "phrase": " But anyway"}, {"speaker": "JO", "phrase": " she uh"}, {"speaker": "JO", "phrase": " see see they bought"}, {"speaker": "JO", "phrase": " it's like regular house."}, {"speaker": "JO", "phrase": " On lake."}, {"speaker": "CAM", "phrase": " Oh wow."}, {"speaker": "JO", "phrase": " and like it's got four bedrooms."}, {"speaker": "JO", "phrase": "It's two story?"}, {"speaker": "JO", "phrase": "..."}, {"speaker": "CAM", "phrase": " You know she had all those recipes."}, {"speaker": "CAM", "phrase": " Didn't she ?"}, {"speaker": "JO", "phrase": " Mm"}, {"speaker": "JO", "phrase": " She had lot of recipes."}, {"speaker": "WESS", "phrase": " Who wants more coffee."}, {"speaker": "JO", "phrase": " I'll have little bit."}, {"speaker": "FRED", "phrase": " I'm done"}, {"speaker": "FRED", "phrase": " I put my cup away."}, {"speaker": "CAM", "phrase": " I'll have little bit."}, {"speaker": "WESS", "phrase": " Do you want some Fred ?"}, {"speaker": "JO", "phrase": " No"}, {"speaker": "JO", "phrase": " he said he's done."}, {"speaker": "WESS", "phrase": " Oh."}, {"speaker": "JO", "phrase": " Now you."}, {"speaker": "JO", "phrase": " Have you got your hearing aids in."}, {"speaker": "WESS", "phrase": " Yes dear."}, {"speaker": "JO", "phrase": " Well turnthemup."}, {"speaker": "JO", "phrase": " That's enough."}, {"speaker": "WESS", "phrase": " Don't tell great man what to do."}, {"speaker": "CAM", "phrase": "PAUSE"}, {"speaker": "FRED", "phrase": "PAUSE"}, {"speaker": "FRED", "phrase": "PAUSE"}, {"speaker": "CAM", "phrase": "PAUSE"}, {"speaker": "JO", "phrase": " Yes I do."}, {"speaker": "JO", "phrase": " I tell you what to do."}, {"speaker": "JO", "phrase": " I keep you on the straight and narrow."}, {"speaker": "JO", "phrase": " If it wasn't for me you'd be slob."}, {"speaker": "WESS", "phrase": " Do you want me to make some more ?"}, {"speaker": "CAM", "phrase": "PAUSE"}, {"speaker": "JO", "phrase": " No"}, {"speaker": "JO", "phrase": " because next time we're gonna make decaf."}, {"speaker": "JO", "phrase": " When Patty comes."}, {"speaker": "WESS", "phrase": " Oh well"}, {"speaker": "WESS", "phrase": " Cameron might want some more."}, {"speaker": "JO", "phrase": " Geez."}, {"speaker": "JO", "phrase": " No."}, {"speaker": "CAM", "phrase": " Oh nonono."}, {"speaker": "JO", "phrase": " he'll get too hyper."}, {"speaker": "CAM", "phrase": " No"}, {"speaker": "CAM", "phrase": " yeah that's right."}, {"speaker": "JO", "phrase": "PAUSE"}, {"speaker": "JO", "phrase": " He is slob."}, {"speaker": "JO", "phrase": " I get so mad at him"}, {"speaker": "JO", "phrase": " I tell him"}, {"speaker": "JO", "phrase": " you change that shirt every day."}, {"speaker": "JO", "phrase": " When you're that heavy"}, {"speaker": "JO", "phrase": " you have to."}, {"speaker": "CAM", "phrase": " Oh yeah yeah."}, {"speaker": "JO", "phrase": " You know ?"}, {"speaker": "CAM", "phrase": " Yeah."}, {"speaker": "JO", "phrase": " And even me"}, {"speaker": "JO", "phrase": " I do."}, {"speaker": "JO", "phrase": " And I mean I'm not that heavy."}, {"speaker": "JO", "phrase": " But my."}, {"speaker": "WESS", "phrase": " I'll put the water in Jo."}, {"speaker": "JO", "phrase": " Yeah"}, {"speaker": "JO", "phrase": " he'll."}, {"speaker": "JO", "phrase": " wear it two days"}, {"speaker": "JO", "phrase": " and what do people think of him."}, {"speaker": "CAM", "phrase": "PAUSE"}, {"speaker": "JO", "phrase": " Okay."}, {"speaker": "JO", "phrase": " But I mean"}, {"speaker": "JO", "phrase": " and then he spills all over the front."}, {"speaker": "JO", "phrase": " And I hate that."}, {"speaker": "CAM", "phrase": " Ah laugh."}, {"speaker": "JO", "phrase": " See"}, {"speaker": "JO", "phrase": " cause he's got big stomach."}, {"speaker": "CAM", "phrase": " Yeah."}, {"speaker": "JO", "phrase": " And it's sitting in the way."}, {"speaker": "JO", "phrase": " And I can re."}, {"speaker": "JO", "phrase": " and I told him the other day I said."}, {"speaker": "JO", "phrase": " I remember when your dad did that."}, {"speaker": "JO", "phrase": " And and grandpa wanted to buy some overalls"}, {"speaker": "JO", "phrase": " and grandma never would let him have em."}, {"speaker": "JO", "phrase": " Cause she said"}, {"speaker": "JO", "phrase": " there's lot of old pants you can wear."}, {"speaker": "JO", "phrase": " And I hate that."}, {"speaker": "JO", "phrase": " You know they take old pants"}, {"speaker": "JO", "phrase": " that were suit pants or"}, {"speaker": "JO", "phrase": " or nice pants ?"}, {"speaker": "JO", "phrase": " And then they're all spotted"}, {"speaker": "JO", "phrase": " and they werethemanyway ?"}, {"speaker": "JO", "phrase": " I would rather see man"}, {"speaker": "JO", "phrase": " an older man"}, {"speaker": "JO", "phrase": " in nice pair of jeans."}, {"speaker": "CAM", "phrase": " Hmm."}, {"speaker": "JO", "phrase": " Than an old."}, {"speaker": "WESS", "phrase": " Oh you can't do that."}, {"speaker": "JO", "phrase": " you know"}, {"speaker": "JO", "phrase": " cause it was so dirty."}, {"speaker": "CAM", "phrase": " Yeah yeah."}, {"speaker": "JO", "phrase": " And you."}, {"speaker": "JO", "phrase": " cause you can't"}, {"speaker": "JO", "phrase": " like see the material years ago."}, {"speaker": "JO", "phrase": " You couldn't wash."}, {"speaker": "CAM", "phrase": " It was all dryclean."}, {"speaker": "JO", "phrase": " It was all dryclean."}, {"speaker": "WESS", "phrase": " You can't put the water in the damn thing when it's hot."}, {"speaker": "JO", "phrase": " So..."}, {"speaker": "CAM", "phrase": "PAUSE"}, {"speaker": "JO", "phrase": "PAUSE"}, {"speaker": "WESS", "phrase": " It just starts running out."}, {"speaker": "JO", "phrase": " Oh he is something."}, {"speaker": "WESS", "phrase": " Oh well."}, {"speaker": "WESS", "phrase": " Live and learn."}, {"speaker": "JO", "phrase": "PAUSE"}, {"speaker": "FRED", "phrase": "PAUSE"}, {"speaker": "WESS", "phrase": "PAUSE"}, {"speaker": "CAM", "phrase": "PAUSE"}, {"speaker": "JO", "phrase": " Oh."}, {"speaker": "CAM", "phrase": " You should get those recipes from Mary Lou."}, {"speaker": "WESS", "phrase": " \u0294uh"}, {"speaker": "WESS", "phrase": " Yeah we got those big turkey slab."}, {"speaker": "CAM", "phrase": " I think I tried that once."}, {"speaker": "FRED", "phrase": " Here try one of these."}, {"speaker": "CAM", "phrase": " Didn't I ?"}, {"speaker": "JO", "phrase": " Yeah."}, {"speaker": "WESS", "phrase": " It's."}, {"speaker": "WESS", "phrase": " this is what ?"}, {"speaker": "CAM", "phrase": " Or was I gonna call or something."}, {"speaker": "CAM", "phrase": " But I never did."}, {"speaker": "FRED", "phrase": " A pecan tartlet."}, {"speaker": "CAM", "phrase": " I can't..."}, {"speaker": "JO", "phrase": " I think you were gonna call"}, {"speaker": "JO", "phrase": " but I don't think you did."}, {"speaker": "JO", "phrase": " Or"}, {"speaker": "JO", "phrase": " or they weren't home or something."}, {"speaker": "WESS", "phrase": " Well what'd I do with my coffee."}, {"speaker": "CAM", "phrase": " Yeah maybe that was it."}, {"speaker": "FRED", "phrase": " There's one here."}, {"speaker": "WESS", "phrase": " Okay."}, {"speaker": "CAM", "phrase": " Is she still stingy with those ?"}, {"speaker": "JO", "phrase": " I've got few um"}, {"speaker": "JO", "phrase": " Hunh ?"}, {"speaker": "CAM", "phrase": " Is she still stingy with all those ?"}, {"speaker": "JO", "phrase": " No"}, {"speaker": "JO", "phrase": " she isn't really stingy"}, {"speaker": "JO", "phrase": "if you want them"}, {"speaker": "JO", "phrase": " she'll givethemto you."}, {"speaker": "WESS", "phrase": " Do you want bite of this ?"}, {"speaker": "WESS", "phrase": " This is pecan tartlet."}, {"speaker": "JO", "phrase": " It was..."}, {"speaker": "WESS", "phrase": " that Fred made."}, {"speaker": "JO", "phrase": " I'll have one bite."}, {"speaker": "JO", "phrase": " He made tarts ?"}, {"speaker": "CAM", "phrase": " See"}, {"speaker": "CAM", "phrase": " I like"}, {"speaker": "CAM", "phrase": " I likethem"}, {"speaker": "CAM", "phrase": " fresh out of the oven ?"}, {"speaker": "CAM", "phrase": " But otherwise it's"}, {"speaker": "CAM", "phrase": " not really my style."}, {"speaker": "JO", "phrase": " Mm."}, {"speaker": "JO", "phrase": " They're good."}, {"speaker": "WESS", "phrase": " Mm."}, {"speaker": "JO", "phrase": " Oh I didn't know you were so talented Frederick."}, {"speaker": "CAM", "phrase": " Oh he just copies."}, {"speaker": "CAM", "phrase": "PAUSE"}, {"speaker": "JO", "phrase": "PAUSE"}, {"speaker": "WESS", "phrase": " What am I doing here."}, {"speaker": "CAM", "phrase": "PAUSE"}, {"speaker": "JO", "phrase": " What do you mean"}, {"speaker": "JO", "phrase": " We all copy."}, {"speaker": "CAM", "phrase": "PAUSE"}, {"speaker": "JO", "phrase": "PAUSE"}, {"speaker": "WESS", "phrase": " What am I."}, {"speaker": "WESS", "phrase": " I got..."}, {"speaker": "JO", "phrase": " You probably got Frederick's cup now."}, {"speaker": "WESS", "phrase": " Oh"}, {"speaker": "WESS", "phrase": " I probably did."}, {"speaker": "JO", "phrase": "PAUSE"}, {"speaker": "WESS", "phrase": " There's my cup."}, {"speaker": "WESS", "phrase": " Now I got two cups."}, {"speaker": "JO", "phrase": "PAUSE"}, {"speaker": "JO", "phrase": " I got recipe for Bohemian cookies."}, {"speaker": "CAM", "phrase": " What."}, {"speaker": "CAM", "phrase": " What is that."}, {"speaker": "JO", "phrase": " And I made them couple times."}, {"speaker": "WESS", "phrase": " Mm"}, {"speaker": "WESS", "phrase": " that's good."}, {"speaker": "JO", "phrase": " But I didn't makethemthis year."}, {"speaker": "FRED", "phrase": " Mm."}, {"speaker": "WESS", "phrase": " Mm."}, {"speaker": "JO", "phrase": " Well the little kids don't."}, {"speaker": "WESS", "phrase": " Dates on the bottom ?"}, {"speaker": "JO", "phrase": "PAUSE"}, {"speaker": "CAM", "phrase": " Oh cause"}, {"speaker": "CAM", "phrase": " cause they're too spi cy ?"}, {"speaker": "FRED", "phrase": " No it's."}, {"speaker": "JO", "phrase": " No"}, {"speaker": "JO", "phrase": " they're not spicy you."}, {"speaker": "FRED", "phrase": "PAUSE"}, {"speaker": "JO", "phrase": " you"}, {"speaker": "JO", "phrase": " grind up lotta different kinds of nuts."}, {"speaker": "FRED", "phrase": " Nuts."}, {"speaker": "FRED", "phrase": " Lots of nuts."}, {"speaker": "JO", "phrase": " In Bohemians ?"}, {"speaker": "WESS", "phrase": " What's that gelatin like on the bottom."}, {"speaker": "JO", "phrase": " um"}, {"speaker": "JO", "phrase": " And um"}, {"speaker": "JO", "phrase": " they're sort of."}, {"speaker": "FRED", "phrase": " That's a brown sugar."}, {"speaker": "JO", "phrase": " uh"}, {"speaker": "JO", "phrase": " fla."}, {"speaker": "FRED", "phrase": "PAUSE"}, {"speaker": "WESS", "phrase": " Oh."}, {"speaker": "JO", "phrase": " They're about this big around"}, {"speaker": "JO", "phrase": " and they're sorta flat."}, {"speaker": "WESS", "phrase": " Tastes like filled cookie."}, {"speaker": "JO", "phrase": " But they're very good"}, {"speaker": "JO", "phrase": " I likedthemwhen I was little kid."}, {"speaker": "FRED", "phrase": " Mhm."}, {"speaker": "WESS", "phrase": " Mm."}, {"speaker": "JO", "phrase": " I madethemone year."}, {"speaker": "WESS", "phrase": " It tastes like."}, {"speaker": "JO", "phrase": " nobody atethem"}, {"speaker": "JO", "phrase": " so I didn't makethemagain."}, {"speaker": "CAM", "phrase": "PAUSE"}, {"speaker": "JO", "phrase": " but they're Bohemians."}, {"speaker": "WESS", "phrase": " This tastes"}, {"speaker": "WESS", "phrase": " like Marve Norton's mother's filled cookies."}, {"speaker": "JO", "phrase": " Hmm."}, {"speaker": "JO", "phrase": " Oh"}, {"speaker": "JO", "phrase": " that's all I've heard about is"}, {"speaker": "JO", "phrase": " Marve Norton's"}, {"speaker": "JO", "phrase": " mother's filled."}, {"speaker": "CAM", "phrase": " Filled cookies."}, {"speaker": "CAM", "phrase": " Why are they filled."}, {"speaker": "JO", "phrase": "PAUSE"}, {"speaker": "WESS", "phrase": " I used to go play with him"}, {"speaker": "WESS", "phrase": "when I knew she was gonna make them?"}, {"speaker": "WESS", "phrase": " So we'd be out there."}, {"speaker": "JO", "phrase": " Was that the only time you wanted to play with him ?"}, {"speaker": "WESS", "phrase": " I'd say run in and get some filled cookies."}, {"speaker": "CAM", "phrase": "PAUSE"}, {"speaker": "JO", "phrase": "PAUSE"}, {"speaker": "WESS", "phrase": " And he'd run in and get some filled cookies"}, {"speaker": "WESS", "phrase": " Mm."}, {"speaker": "FRED", "phrase": "PAUSE"}, {"speaker": "WESS", "phrase": " Then when I was in the service she sent me some"}, {"speaker": "WESS", "phrase": " but by the time I got em."}, {"speaker": "JO", "phrase": " She was nice lady."}, {"speaker": "JO", "phrase": " I don't know how she ever had Marve."}, {"speaker": "JO", "phrase": " He's creep."}, {"speaker": "WESS", "phrase": " Hm."}, {"speaker": "CAM", "phrase": "PAUSE"}, {"speaker": "JO", "phrase": " But the laugh lady was really laugh nice laugh."}, {"speaker": "JO", "phrase": "PAUSE"}, {"speaker": "JO", "phrase": " She was probably too nice to her kids."}, {"speaker": "JO", "phrase": "PAUSE"}, {"speaker": "CAM", "phrase": "PAUSE"}, {"speaker": "WESS", "phrase": " Liz."}, {"speaker": "JO", "phrase": " Yep ?"}, {"speaker": "JO", "phrase": " She was really and"}, {"speaker": "JO", "phrase": " she was very sickly"}, {"speaker": "JO", "phrase": " all her life though."}, {"speaker": "WESS", "phrase": " Mm."}, {"speaker": "JO", "phrase": "She was little tiny thing"}, {"speaker": "JO", "phrase": " and real thin."}, {"speaker": "WESS", "phrase": " And she always had cold."}, {"speaker": "JO", "phrase": " thin and frail"}, {"speaker": "JO", "phrase": " But she was always nice."}, {"speaker": "JO", "phrase": " So nice."}, {"speaker": "JO", "phrase": " But she had Marve"}, {"speaker": "JO", "phrase": " and then"}, {"speaker": "JO", "phrase": " twelve years after Marve was born"}, {"speaker": "JO", "phrase": " she had another"}, {"speaker": "JO", "phrase": " and then."}, {"speaker": "WESS", "phrase": " Two more."}, {"speaker": "JO", "phrase": " \u0294Eh"}, {"speaker": "JO", "phrase": " then"}, {"speaker": "JO", "phrase": " two years after that she had another one."}, {"speaker": "JO", "phrase": " And that just about killed her."}, {"speaker": "WESS", "phrase": "PAUSE"}, {"speaker": "JO", "phrase": " She was dead right after we were married."}, {"speaker": "JO", "phrase": " About year after."}, {"speaker": "CAM", "phrase": " How old was she."}, {"speaker": "WESS", "phrase": " Mhm."}, {"speaker": "JO", "phrase": " She wasn't very old"}, {"speaker": "JO", "phrase": " maybe"}, {"speaker": "JO", "phrase": " fiftyfive ?"}, {"speaker": "JO", "phrase": " Fiftysix."}, {"speaker": "WESS", "phrase": " Oscar"}, {"speaker": "WESS", "phrase": " Marve's dad"}, {"speaker": "WESS", "phrase": " he was"}, {"speaker": "WESS", "phrase": " rough and"}, {"speaker": "WESS", "phrase": " you know."}, {"speaker": "WESS", "phrase": " We were."}, {"speaker": "WESS", "phrase": " We went."}, {"speaker": "WESS", "phrase": " One day"}, {"speaker": "WESS", "phrase": " we used to go out in back of my dad's barn"}, {"speaker": "WESS", "phrase": " and talk to Mister Heschberger and Oscar."}, {"speaker": "WESS", "phrase": " I got home from the war and"}, {"speaker": "WESS", "phrase": " we're out there talking"}, {"speaker": "WESS", "phrase": " and Oscar says"}, {"speaker": "WESS", "phrase": " come on"}, {"speaker": "WESS", "phrase": " we'll go up to Schultz's."}, {"speaker": "WESS", "phrase": " I'll buy one."}, {"speaker": "WESS", "phrase": " And we're sitting up to Schultz's"}, {"speaker": "WESS", "phrase": " at this end of the bar"}, {"speaker": "WESS", "phrase": " and there was guy on the other end of the bar"}, {"speaker": "WESS", "phrase": " really loud"}, {"speaker": "WESS", "phrase": " you know."}, {"speaker": "CAM", "phrase": " Mhm."}, {"speaker": "WESS", "phrase": " So Oscar goes down there"}, {"speaker": "WESS", "phrase": " and I was coming back from the john"}, {"speaker": "WESS", "phrase": " and Oscar went down to talk to the guy."}, {"speaker": "WESS", "phrase": " He says"}, {"speaker": "WESS", "phrase": " hey listen you son of bitch"}, {"speaker": "WESS", "phrase": " I brought my friends in here to talk."}, {"speaker": "CAM", "phrase": "PAUSE"}, {"speaker": "JO", "phrase": "PAUSE"}, {"speaker": "WESS", "phrase": " And I don't want"}, {"speaker": "WESS", "phrase": " your loud mouth"}, {"speaker": "WESS", "phrase": " overdoing what we're talking about"}, {"speaker": "WESS", "phrase": " way down there."}, {"speaker": "JO", "phrase": "PAUSE"}, {"speaker": "WESS", "phrase": " So shut up."}, {"speaker": "CAM", "phrase": "PAUSE"}, {"speaker": "CAM", "phrase": "PAUSE"}, {"speaker": "WESS", "phrase": " And the guy shut up."}, {"speaker": "JO", "phrase": "PAUSE"}, {"speaker": "CAM", "phrase": "PAUSE"}, {"speaker": "FRED", "phrase": "Hunh haha."}, {"speaker": "JO", "phrase": " He was."}, {"speaker": "WESS", "phrase": " Oscar."}, {"speaker": "JO", "phrase": " he was mean old guy."}, {"speaker": "FRED", "phrase": "PAUSE"}, {"speaker": "WESS", "phrase": " No"}, {"speaker": "WESS", "phrase": " he was."}, {"speaker": "FRED", "phrase": "PAUSE"}, {"speaker": "WESS", "phrase": " he was built like uh."}, {"speaker": "JO", "phrase": " Well he was..."}, {"speaker": "WESS", "phrase": " I guess like Marve is now"}, {"speaker": "WESS", "phrase": " but he was real."}, {"speaker": "JO", "phrase": " Yeah he was..."}, {"speaker": "CAM", "phrase": " Mouthy."}, {"speaker": "WESS", "phrase": " You know."}, {"speaker": "JO", "phrase": " Well"}, {"speaker": "JO", "phrase": " you know"}, {"speaker": "JO", "phrase": " he wouldn't go to the dentist."}, {"speaker": "JO", "phrase": " He pulled his own teeth."}, {"speaker": "FRED", "phrase": "PAUSE"}, {"speaker": "CAM", "phrase": " Ew."}, {"speaker": "JO", "phrase": " He goes out in the"}, {"speaker": "JO", "phrase": " he'd go out in the garage"}, {"speaker": "JO", "phrase": " or in the barn"}, {"speaker": "JO", "phrase": " and and uh."}, {"speaker": "WESS", "phrase": " No"}, {"speaker": "WESS", "phrase": " in the garage."}, {"speaker": "JO", "phrase": " In the garage ?"}, {"speaker": "WESS", "phrase": " He had."}, {"speaker": "WESS", "phrase": " They had cement garage."}, {"speaker": "JO", "phrase": " He'd go out there and pull his teeth."}, {"speaker": "WESS", "phrase": " Made out of blocks."}, {"speaker": "WESS", "phrase": " He went out"}, {"speaker": "WESS", "phrase": " he asked the..."}, {"speaker": "JO", "phrase": " Cause they wanted ten dollars."}, {"speaker": "WESS", "phrase": " Called up the..."}, {"speaker": "JO", "phrase": " to pull his tooth."}, {"speaker": "WESS", "phrase": " Yeah."}, {"speaker": "WESS", "phrase": " the doctor wanted ten dollars"}, {"speaker": "WESS", "phrase": " he says hell"}, {"speaker": "WESS", "phrase": " I can pull the son of bitch."}, {"speaker": "JO", "phrase": "PAUSE"}, {"speaker": "WESS", "phrase": " He got up there"}, {"speaker": "WESS", "phrase": " and he'd pull that thing out."}, {"speaker": "JO", "phrase": "PAUSE"}, {"speaker": "JO", "phrase": " And it never made him sick."}, {"speaker": "WESS", "phrase": " Mmmm."}, {"speaker": "JO", "phrase": " Can you believe that"}, {"speaker": "JO", "phrase": " I mean."}, {"speaker": "CAM", "phrase": " Yeah it wouldn't be me."}, {"speaker": "JO", "phrase": " Kah."}, {"speaker": "WESS", "phrase": " Boy talk about being tough."}, {"speaker": "JO", "phrase": " For ten bucks ?"}, {"speaker": "CAM", "phrase": " Maybe he rinsed with peroxide or something."}, {"speaker": "FRED", "phrase": " You know when I was kid my parents used to pull my teeth."}, {"speaker": "JO", "phrase": " Well yeah but."}, {"speaker": "WESS", "phrase": " Oh baby teeth."}, {"speaker": "JO", "phrase": " they were baby teeth."}, {"speaker": "CAM", "phrase": " Oh geez Fred."}, {"speaker": "JO", "phrase": "PAUSE"}, {"speaker": "JO", "phrase": " Frederick."}, {"speaker": "WESS", "phrase": " You can pull them yourself with finger."}, {"speaker": "JO", "phrase": "PAUSE"}, {"speaker": "JO", "phrase": " Yes."}, {"speaker": "JO", "phrase": " They're easy."}, {"speaker": "JO", "phrase": " But not ones that"}, {"speaker": "JO", "phrase": " you know."}, {"speaker": "CAM", "phrase": " Well"}, {"speaker": "CAM", "phrase": " All little kids pull their own teeth."}, {"speaker": "CAM", "phrase": " I always pulled my own teeth."}, {"speaker": "JO", "phrase": " Yeah"}, {"speaker": "JO", "phrase": " cause you wanted the dollar."}, {"speaker": "JO", "phrase": "PAUSE"}, {"speaker": "CAM", "phrase": " Oh I don't think it was dollar to start with."}, {"speaker": "JO", "phrase": " Well."}, {"speaker": "WESS", "phrase": " What was it that."}, {"speaker": "JO", "phrase": " Not well maybe not when you started."}, {"speaker": "WESS", "phrase": " They."}, {"speaker": "WESS", "phrase": " They used to."}, {"speaker": "JO", "phrase": " It got up there."}, {"speaker": "CAM", "phrase": " I don't remember."}, {"speaker": "WESS", "phrase": " Tie string around your tooth"}, {"speaker": "WESS", "phrase": " and then close the door"}, {"speaker": "WESS", "phrase": " and it pulled the tooth."}, {"speaker": "JO", "phrase": "PAUSE"}, {"speaker": "CAM", "phrase": " Oh I"}, {"speaker": "CAM", "phrase": " think that was just joke."}, {"speaker": "JO", "phrase": " I think so."}, {"speaker": "WESS", "phrase": " Mm."}, {"speaker": "JO", "phrase": " Yeah I never saw anybody do it."}, {"speaker": "WESS", "phrase": " Old wive's tale."}, {"speaker": "CAM", "phrase": " Yeah."}, {"speaker": "ENV", "phrase": "PAUSE"}, {"speaker": "JO", "phrase": " Aw me."}, {"speaker": "CAM", "phrase": " Your chair's little squeaky Jo Lynne."}, {"speaker": "JO", "phrase": "PAUSE"}, {"speaker": "WESS", "phrase": " Not creature was stirring."}, {"speaker": "JO", "phrase": " Well"}, {"speaker": "JO", "phrase": " oil it."}, {"speaker": "JO", "phrase": "PAUSE"}, {"speaker": "CAM", "phrase": "PAUSE"}, {"speaker": "JO", "phrase": " It's getting to be old."}, {"speaker": "FRED", "phrase": " You did bring the gifts ?"}, {"speaker": "CAM", "phrase": " I did bring the gifts."}, {"speaker": "JO", "phrase": "PAUSE"}, {"speaker": "JO", "phrase": "PAUSE"}]}