{"text": [{"speaker": "LAUR", "phrase": " Look at this."}, {"speaker": "LAUR", "phrase": " Isn't this pretty ?"}, {"speaker": "LISB", "phrase": " \u0294."}, {"speaker": "LISB", "phrase": " Lime cream."}, {"speaker": "DON", "phrase": " What is that."}, {"speaker": "LAUR", "phrase": " Mary always wears them."}, {"speaker": "X", "phrase": " Wok wok wok wok wok."}, {"speaker": "LAUR", "phrase": " She brought some."}, {"speaker": "X", "phrase": " Wok wok."}, {"speaker": "LAUR", "phrase": " I always comment on them."}, {"speaker": "LISB", "phrase": " You have to be nice to me."}, {"speaker": "LAUR", "phrase": " She brought some..."}, {"speaker": "DON", "phrase": " Aw"}, {"speaker": "DON", "phrase": " that's cute garden..."}, {"speaker": "JENN", "phrase": "PAUSE"}, {"speaker": "LISB", "phrase": " Sharing my candy."}, {"speaker": "JENN", "phrase": " \u0294uh."}, {"speaker": "LEAN", "phrase": " Neat container for them."}, {"speaker": "BILL", "phrase": " Not cute at all"}, {"speaker": "BILL", "phrase": " very elegant."}, {"speaker": "LISB", "phrase": " Yes you are."}, {"speaker": "JENN", "phrase": " I am"}, {"speaker": "JENN", "phrase": " I am not mean to you all the time."}, {"speaker": "BILL", "phrase": " Look how mean you're being."}, {"speaker": "JENN", "phrase": " Well look how mean she's being."}, {"speaker": "RICH", "phrase": " Jenn you're cruel."}, {"speaker": "LAUR", "phrase": " Look."}, {"speaker": "DON", "phrase": " Oh that's wonderful."}, {"speaker": "BILL", "phrase": "PAUSE"}, {"speaker": "BILL", "phrase": " Guilt."}, {"speaker": "MARY", "phrase": " Looks uh."}, {"speaker": "BILL", "phrase": " Lisbeth."}, {"speaker": "LEAN", "phrase": " Mom it looks so good."}, {"speaker": "MARY", "phrase": " So good."}, {"speaker": "DON", "phrase": " It looks lovely."}, {"speaker": "JENN", "phrase": " You know"}, {"speaker": "JENN", "phrase": " this family works on guilt."}, {"speaker": "JENN", "phrase": " The engine of this family"}, {"speaker": "JENN", "phrase": " is little guilt motor."}, {"speaker": "JENN", "phrase": " That goes vroom vroom vroom."}, {"speaker": "DON", "phrase": "PAUSE"}, {"speaker": "LAUR", "phrase": " I don't agree with you."}, {"speaker": "JENN", "phrase": " I totally agree."}, {"speaker": "BILL", "phrase": " Right."}, {"speaker": "JENN", "phrase": " I don't."}, {"speaker": "JENN", "phrase": " And..."}, {"speaker": "BILL", "phrase": " We're making you feel guilty."}, {"speaker": "MARY", "phrase": " I totally agree."}, {"speaker": "BILL", "phrase": " but what."}, {"speaker": "LEAN", "phrase": " You totally agree with yourself."}, {"speaker": "BILL", "phrase": " what are we..."}, {"speaker": "LAUR", "phrase": " Totally agree."}, {"speaker": "BILL", "phrase": "PAUSE"}, {"speaker": "LAUR", "phrase": "PAUSE"}, {"speaker": "LEAN", "phrase": " Jennifer"}, {"speaker": "LEAN", "phrase": " you're agreeing with your self."}, {"speaker": "JENN", "phrase": " Yes."}, {"speaker": "BILL", "phrase": " I laugh agree laugh."}, {"speaker": "BILL", "phrase": " She totally agreed with herself."}, {"speaker": "MANY", "phrase": "PAUSE"}, {"speaker": "DON", "phrase": " I totally agree with me."}, {"speaker": "LEAN", "phrase": "PAUSE"}, {"speaker": "MANY", "phrase": "PAUSE"}, {"speaker": "DON", "phrase": " Boy if that isn't conceit"}, {"speaker": "DON", "phrase": " nothing is."}, {"speaker": "LISB", "phrase": " That's why it's not believable."}, {"speaker": "DON", "phrase": "PAUSE"}, {"speaker": "LEAN", "phrase": "PAUSE"}, {"speaker": "X", "phrase": "PAUSE"}, {"speaker": "BILL", "phrase": "PAUSE"}, {"speaker": "JENN", "phrase": " I totally agree."}, {"speaker": "DON", "phrase": " Such great statement."}, {"speaker": "LEAN", "phrase": "PAUSE"}, {"speaker": "LISB", "phrase": " Fill in the box."}, {"speaker": "LISB", "phrase": " It's like giving yourself survey."}, {"speaker": "DON", "phrase": "PAUSE"}, {"speaker": "MANY", "phrase": "PAUSE"}, {"speaker": "DON", "phrase": " Right laugh."}, {"speaker": "LISB", "phrase": " Agree with..."}, {"speaker": "DON", "phrase": "PAUSE"}, {"speaker": "LISB", "phrase": "PAUSE"}, {"speaker": "DON", "phrase": " Do you think you're wonderful person."}, {"speaker": "LEAN", "phrase": "PAUSE"}, {"speaker": "DON", "phrase": " Yes."}, {"speaker": "DON", "phrase": " Check."}, {"speaker": "BILL", "phrase": "PAUSE"}, {"speaker": "DON", "phrase": "PAUSE"}, {"speaker": "LEAN", "phrase": "PAUSE"}, {"speaker": "BILL", "phrase": " I totally agree with myself."}, {"speaker": "DON", "phrase": " Yeah."}, {"speaker": "DON", "phrase": " Do you think other people are miserable."}, {"speaker": "LEAN", "phrase": "PAUSE"}, {"speaker": "BILL", "phrase": " Mhm."}, {"speaker": "DON", "phrase": " Yes."}, {"speaker": "DON", "phrase": " Check."}, {"speaker": "MANY", "phrase": "PAUSE"}, {"speaker": "DON", "phrase": " Do you agree with me."}, {"speaker": "LEAN", "phrase": "PAUSE"}, {"speaker": "DON", "phrase": " Yes."}, {"speaker": "DON", "phrase": " Check."}, {"speaker": "MARY", "phrase": "PAUSE"}, {"speaker": "BILL", "phrase": "PAUSE"}, {"speaker": "JENN", "phrase": " Shut up."}, {"speaker": "DON", "phrase": "PAUSE"}, {"speaker": "LEAN", "phrase": "PAUSE"}, {"speaker": "MARY", "phrase": "PAUSE"}, {"speaker": "MARY", "phrase": "PAUSE"}, {"speaker": "DON", "phrase": "PAUSE"}, {"speaker": "MARY", "phrase": "PAUSE"}, {"speaker": "LEAN", "phrase": "PAUSE"}, {"speaker": "DON", "phrase": "PAUSE"}, {"speaker": "BILL", "phrase": " We three"}, {"speaker": "BILL", "phrase": " we're all alo ne."}, {"speaker": "DON", "phrase": "PAUSE"}, {"speaker": "BILL", "phrase": " living in misery."}, {"speaker": "DON", "phrase": " Living sery."}, {"speaker": "JENN", "phrase": " There's."}, {"speaker": "JENN", "phrase": " There is fine line."}, {"speaker": "BILL", "phrase": " my echo."}, {"speaker": "DON", "phrase": " my echo."}, {"speaker": "BILL", "phrase": " my shadow."}, {"speaker": "DON", "phrase": " my shadow."}, {"speaker": "MARY", "phrase": "PAUSE"}, {"speaker": "BILL", "phrase": " and me."}, {"speaker": "DON", "phrase": " and me."}, {"speaker": "MANY", "phrase": "PAUSE"}, {"speaker": "JENN", "phrase": " There is fine line though"}, {"speaker": "JENN", "phrase": " between guilt and responsibility."}, {"speaker": "MARY", "phrase": "PAUSE"}, {"speaker": "JENN", "phrase": " Like you're feeling responsibility towards people."}, {"speaker": "DON", "phrase": " Ah."}, {"speaker": "DON", "phrase": " Mm."}, {"speaker": "JENN", "phrase": " And the feeling of guilt"}, {"speaker": "JENN", "phrase": " to make yourself do things."}, {"speaker": "DON", "phrase": " Mhm."}, {"speaker": "BILL", "phrase": " Right."}, {"speaker": "JENN", "phrase": " And I think that line"}, {"speaker": "JENN", "phrase": " is really fuzzy but I think"}, {"speaker": "JENN", "phrase": " often."}, {"speaker": "DON", "phrase": " Talk to me."}, {"speaker": "JENN", "phrase": " The guilt strings are tugged very hard."}, {"speaker": "LEAN", "phrase": " That is the biggest crock of shit I have ever heard laugh."}, {"speaker": "JENN", "phrase": " No it's not."}, {"speaker": "BILL", "phrase": " Often."}, {"speaker": "JENN", "phrase": " You and I have had talk about this before."}, {"speaker": "BILL", "phrase": " You're not an orphan."}, {"speaker": "LEAN", "phrase": " No."}, {"speaker": "LEAN", "phrase": " Well I happen to think yes."}, {"speaker": "DON", "phrase": " Now tell me."}, {"speaker": "LEAN", "phrase": " that guilt is \u0294a very massive part of this family."}, {"speaker": "DON", "phrase": "PAUSE"}, {"speaker": "DON", "phrase": " What happened."}, {"speaker": "RICH", "phrase": " Guilt for..."}, {"speaker": "LEAN", "phrase": " Guilt"}, {"speaker": "LEAN", "phrase": " no"}, {"speaker": "LEAN", "phrase": " she's right to certain extent."}, {"speaker": "BILL", "phrase": " Bullshit."}, {"speaker": "LEAN", "phrase": " This family."}, {"speaker": "LEAN", "phrase": " is laugh."}, {"speaker": "DON", "phrase": "PAUSE"}, {"speaker": "LEAN", "phrase": "PAUSE"}, {"speaker": "LEAN", "phrase": " To certain extent."}, {"speaker": "LAUR", "phrase": " How do you..."}, {"speaker": "LEAN", "phrase": " I qualified."}, {"speaker": "BILL", "phrase": " Bullshit."}, {"speaker": "LEAN", "phrase": " We believe in guilt."}, {"speaker": "BILL", "phrase": " Bullshit."}, {"speaker": "LEAN", "phrase": " You don't think this family uses guilt ?"}, {"speaker": "LAUR", "phrase": " Well I..."}, {"speaker": "BILL", "phrase": " The trouble is"}, {"speaker": "BILL", "phrase": " little guilt goes long way."}, {"speaker": "DON", "phrase": " Long way."}, {"speaker": "LEAN", "phrase": " Especially if you're Jewish."}, {"speaker": "JENN", "phrase": " Yeah."}, {"speaker": "LAUR", "phrase": " Do you think..."}, {"speaker": "BILL", "phrase": " And you guys feel little bit guilty"}, {"speaker": "BILL", "phrase": " about the way you've treated us all these years of life."}, {"speaker": "LEAN", "phrase": " Oh what crock."}, {"speaker": "LAUR", "phrase": "PAUSE"}, {"speaker": "DON", "phrase": "PAUSE"}, {"speaker": "LAUR", "phrase": " Now guilt works two ways."}, {"speaker": "LEAN", "phrase": " That's bullshit."}, {"speaker": "LISB", "phrase": " Now I've been looking for the May seventeenth New Yorker."}, {"speaker": "LEAN", "phrase": " Oh please"}, {"speaker": "LEAN", "phrase": " Mother"}, {"speaker": "LEAN", "phrase": " I've learned."}, {"speaker": "RICH", "phrase": " Hm laugh."}, {"speaker": "LEAN", "phrase": "PAUSE"}, {"speaker": "LAUR", "phrase": "PAUSE"}, {"speaker": "LEAN", "phrase": " She's like"}, {"speaker": "LEAN", "phrase": " out there."}, {"speaker": "LEAN", "phrase": " You're."}, {"speaker": "BILL", "phrase": " Liz."}, {"speaker": "LEAN", "phrase": " Liz."}, {"speaker": "BILL", "phrase": " Are you in this conversation or not."}, {"speaker": "LEAN", "phrase": " You're outre mer."}, {"speaker": "LISB", "phrase": " I hear it."}, {"speaker": "LEAN", "phrase": "PAUSE"}, {"speaker": "LAUR", "phrase": "PAUSE"}, {"speaker": "LISB", "phrase": " I hear it."}, {"speaker": "LEAN", "phrase": "PAUSE"}, {"speaker": "BILL", "phrase": " Hunh."}, {"speaker": "BILL", "phrase": " You hear it."}, {"speaker": "LEAN", "phrase": " You're uh duh."}, {"speaker": "BILL", "phrase": " Oh I think."}, {"speaker": "LEAN", "phrase": " Mom ?"}, {"speaker": "DON", "phrase": " Uh."}, {"speaker": "LAUR", "phrase": " Wait."}, {"speaker": "LAUR", "phrase": " My."}, {"speaker": "LAUR", "phrase": " I have laugh laugh."}, {"speaker": "LAUR", "phrase": " I laugh have laugh."}, {"speaker": "LAUR", "phrase": " I just go without glasses on."}, {"speaker": "LEAN", "phrase": "PAUSE"}, {"speaker": "LEAN", "phrase": " I need..."}, {"speaker": "LEAN", "phrase": " Mom ?"}, {"speaker": "LAUR", "phrase": " What."}, {"speaker": "LEAN", "phrase": " Here's the deal."}, {"speaker": "LEAN", "phrase": " You guilt me"}, {"speaker": "LEAN", "phrase": " and in response"}, {"speaker": "LEAN", "phrase": " I guilt you straight back."}, {"speaker": "LAUR", "phrase": " laugh."}, {"speaker": "LAUR", "phrase": " In response."}, {"speaker": "LISB", "phrase": " \u0294uh To guilt."}, {"speaker": "LISB", "phrase": " That's now verb."}, {"speaker": "LISB", "phrase": " That's like Tara said today."}, {"speaker": "BILL", "phrase": " It's new verb."}, {"speaker": "DON", "phrase": "PAUSE"}, {"speaker": "DON", "phrase": "To be guilt"}, {"speaker": "DON", "phrase": " to..."}, {"speaker": "LISB", "phrase": " to..."}, {"speaker": "LEAN", "phrase": "PAUSE"}, {"speaker": "LISB", "phrase": " Uh."}, {"speaker": "LAUR", "phrase": " Got..."}, {"speaker": "LISB", "phrase": " I'll water you."}, {"speaker": "LAUR", "phrase": " Said"}, {"speaker": "LAUR", "phrase": " I'll water you."}, {"speaker": "LISB", "phrase": " I'll water you."}, {"speaker": "LEAN", "phrase": " Cause"}, {"speaker": "LEAN", "phrase": " she's gonna sprout you know."}, {"speaker": "LEAN", "phrase": " But"}, {"speaker": "LEAN", "phrase": " like sometimes"}, {"speaker": "LEAN", "phrase": " what I'll say to you is"}, {"speaker": "LEAN", "phrase": " you'll you'll start guilting me ?"}, {"speaker": "LEAN", "phrase": " And what I'll do in response"}, {"speaker": "LEAN", "phrase": " is I'll say Mom"}, {"speaker": "LEAN", "phrase": " you're guilting me."}, {"speaker": "LEAN", "phrase": " Whereupon you immediately."}, {"speaker": "LISB", "phrase": "Guilting."}, {"speaker": "LISB", "phrase": " That's putting little coat of gold on top isn't it ?"}, {"speaker": "BILL", "phrase": " Gold."}, {"speaker": "BILL", "phrase": " Yeah that's right."}, {"speaker": "BILL", "phrase": " That's right."}, {"speaker": "DON", "phrase": " Correct."}, {"speaker": "LEAN", "phrase": " That's gilting"}, {"speaker": "LEAN", "phrase": " not guilting."}, {"speaker": "DON", "phrase": "PAUSE"}, {"speaker": "LISB", "phrase": " Excuse me ?"}, {"speaker": "LEAN", "phrase": " Liz ?"}, {"speaker": "LEAN", "phrase": " Sort of like airplane and"}, {"speaker": "LEAN", "phrase": " what's"}, {"speaker": "LEAN", "phrase": " oh plane and plain."}, {"speaker": "LEAN", "phrase": " That's it."}, {"speaker": "LEAN", "phrase": " Um"}, {"speaker": "LEAN", "phrase": " Mom ?"}, {"speaker": "LAUR", "phrase": " Yes."}, {"speaker": "LEAN", "phrase": " Oh and plain"}, {"speaker": "LEAN", "phrase": " and plane."}, {"speaker": "LISB", "phrase": " \u0294Oh"}, {"speaker": "LISB", "phrase": " maybe this is it."}, {"speaker": "LEAN", "phrase": " Um"}, {"speaker": "LEAN", "phrase": " that thought"}, {"speaker": "LEAN", "phrase": " whereupon"}, {"speaker": "LEAN", "phrase": " you"}, {"speaker": "LEAN", "phrase": " like"}, {"speaker": "LEAN", "phrase": " develop guilt."}, {"speaker": "LAUR", "phrase": " Well I think what Jennifer said is correct."}, {"speaker": "LAUR", "phrase": " \u0294uh How do you separate responsibility from guilt."}, {"speaker": "BILL", "phrase": " Well if you have no feeling of responsibility"}, {"speaker": "BILL", "phrase": " no amount of guilt will appear in your head."}, {"speaker": "LEAN", "phrase": " Exact laugh ly."}, {"speaker": "LISB", "phrase": " Guilt"}, {"speaker": "LISB", "phrase": " in fact"}, {"speaker": "LISB", "phrase": " the distinction between guilt and responsibility is"}, {"speaker": "LISB", "phrase": " you must feel that you have responsibility"}, {"speaker": "LISB", "phrase": " that you have failed."}, {"speaker": "BILL", "phrase": " In order to feel guilt."}, {"speaker": "LISB", "phrase": " then you have..."}, {"speaker": "X", "phrase": " I agree."}, {"speaker": "BILL", "phrase": " It's little bit like sin and confession."}, {"speaker": "LISB", "phrase": " guilt."}, {"speaker": "LEAN", "phrase": " You have guilt."}, {"speaker": "JENN", "phrase": " No but then"}, {"speaker": "JENN", "phrase": " somebody"}, {"speaker": "JENN", "phrase": " but"}, {"speaker": "JENN", "phrase": " but that's."}, {"speaker": "BILL", "phrase": " Mhm."}, {"speaker": "LAUR", "phrase": " Mhm."}, {"speaker": "LISB", "phrase": " Can't have one without the other."}, {"speaker": "JENN", "phrase": " that's exactly"}, {"speaker": "JENN", "phrase": " that's exactly right."}, {"speaker": "LEAN", "phrase": " This thing is leaking."}, {"speaker": "JENN", "phrase": " There can be somebody who makes you feel like you have responsibility."}, {"speaker": "LEAN", "phrase": " Liz"}, {"speaker": "LEAN", "phrase": " this is moving."}, {"speaker": "JENN", "phrase": " In case"}, {"speaker": "JENN", "phrase": " when that is not necessarily clear."}, {"speaker": "LISB", "phrase": " Ah."}, {"speaker": "LISB", "phrase": " So guilt is not the issue."}, {"speaker": "LAUR", "phrase": " Ah."}, {"speaker": "LISB", "phrase": " the issue is denial of responsibility."}, {"speaker": "JENN", "phrase": " No no no"}, {"speaker": "JENN", "phrase": " no"}, {"speaker": "JENN", "phrase": " you totally turned what I said around."}, {"speaker": "LISB", "phrase": " where I set those."}, {"speaker": "JENN", "phrase": " There's an ac..."}, {"speaker": "RICH", "phrase": "PAUSE"}, {"speaker": "JENN", "phrase": " agent there"}, {"speaker": "JENN", "phrase": " who is making you feel responsible"}, {"speaker": "JENN", "phrase": " for something that you are not responsible for."}, {"speaker": "BILL", "phrase": " Well how could..."}, {"speaker": "LAUR", "phrase": " Then you don't..."}, {"speaker": "LISB", "phrase": " Responsibility is not..."}, {"speaker": "LEAN", "phrase": " to how you know you're responsible."}, {"speaker": "LISB", "phrase": " \u0294uh."}, {"speaker": "LISB", "phrase": " is not an objective phenomena"}, {"speaker": "LISB", "phrase": "Jennifer."}, {"speaker": "JENN", "phrase": " It is often when they have been defined."}, {"speaker": "LISB", "phrase": " Unless you've signed contract."}, {"speaker": "JENN", "phrase": " No when there have been defined responsibility."}, {"speaker": "BILL", "phrase": " Right."}, {"speaker": "BILL", "phrase": " For..."}, {"speaker": "LISB", "phrase": " Okay."}, {"speaker": "LISB", "phrase": " In most human relationships"}, {"speaker": "LISB", "phrase": " there are no"}, {"speaker": "LISB", "phrase": " defined"}, {"speaker": "LISB", "phrase": " written in in in..."}, {"speaker": "JENN", "phrase": " Monogamy is good example."}, {"speaker": "RICH", "phrase": "PAUSE"}, {"speaker": "JENN", "phrase": " In uh..."}, {"speaker": "BILL", "phrase": " What what what are we talking about now."}, {"speaker": "RICH", "phrase": "PAUSE"}, {"speaker": "JENN", "phrase": " No."}, {"speaker": "BILL", "phrase": " Monogamy."}, {"speaker": "JENN", "phrase": " I'm just talking about..."}, {"speaker": "BILL", "phrase": " Why..."}, {"speaker": "JENN", "phrase": " I'm trying to think about family."}, {"speaker": "LAUR", "phrase": "PAUSE"}, {"speaker": "BILL", "phrase": " Trying to make me feel guilty ?"}, {"speaker": "JENN", "phrase": " situations."}, {"speaker": "RICH", "phrase": "PAUSE"}, {"speaker": "LAUR", "phrase": "PAUSE"}, {"speaker": "BILL", "phrase": "PAUSE"}, {"speaker": "JENN", "phrase": " I'm talking about family situations."}, {"speaker": "LEAN", "phrase": "PAUSE"}, {"speaker": "JENN", "phrase": " I'm talking about like."}, {"speaker": "JENN", "phrase": " Cleaning up after yourself."}, {"speaker": "JENN", "phrase": " Or doing things"}, {"speaker": "JENN", "phrase": " that you have clearly defined"}, {"speaker": "JENN", "phrase": " as rules in this house."}, {"speaker": "LISB", "phrase": " That is correct."}, {"speaker": "JENN", "phrase": " as your responsibility."}, {"speaker": "LISB", "phrase": " Oh excuse me ?"}, {"speaker": "LAUR", "phrase": " Is that bad ?"}, {"speaker": "JENN", "phrase": " As..."}, {"speaker": "LISB", "phrase": " Whose responsibility ?"}, {"speaker": "JENN", "phrase": " As."}, {"speaker": "JENN", "phrase": " No no."}, {"speaker": "JENN", "phrase": " As your"}, {"speaker": "JENN", "phrase": " our."}, {"speaker": "RICH", "phrase": " Wait I want to go back to this monogamy thing."}, {"speaker": "JENN", "phrase": " The individual person."}, {"speaker": "LAUR", "phrase": "PAUSE"}, {"speaker": "RICH", "phrase": " What is..."}, {"speaker": "BILL", "phrase": "PAUSE"}, {"speaker": "RICH", "phrase": " What is that ?"}, {"speaker": "LEAN", "phrase": "PAUSE"}, {"speaker": "MANY", "phrase": "PAUSE"}, {"speaker": "JENN", "phrase": " No"}, {"speaker": "JENN", "phrase": " I'm just."}, {"speaker": "JENN", "phrase": " I was just trying to think of examples"}, {"speaker": "JENN", "phrase": " of what are assumed."}, {"speaker": "LEAN", "phrase": "PAUSE"}, {"speaker": "JENN", "phrase": " but never"}, {"speaker": "JENN", "phrase": " assumed"}, {"speaker": "JENN", "phrase": " but ne ver delineated."}, {"speaker": "LEAN", "phrase": " Good question."}, {"speaker": "LISB", "phrase": " And therefore"}, {"speaker": "LISB", "phrase": " if it's assumed and not delineated"}, {"speaker": "LISB", "phrase": " does responsibility exist or not."}, {"speaker": "JENN", "phrase": " It does."}, {"speaker": "LISB", "phrase": " Ah."}, {"speaker": "LISB", "phrase": " Good."}, {"speaker": "LISB", "phrase": " So we have..."}, {"speaker": "LAUR", "phrase": " Wait wait."}, {"speaker": "LAUR", "phrase": " I'm losing..."}, {"speaker": "LISB", "phrase": " Except..."}, {"speaker": "LAUR", "phrase": " I..."}, {"speaker": "RICH", "phrase": "PAUSE"}, {"speaker": "LEAN", "phrase": " Responsibility..."}, {"speaker": "LAUR", "phrase": " Assumed..."}, {"speaker": "RICH", "phrase": " You lost half of us back."}, {"speaker": "MARY", "phrase": "PAUSE"}, {"speaker": "LEAN", "phrase": " Responsibility can be either assumed or asked"}, {"speaker": "LEAN", "phrase": " like."}, {"speaker": "LAUR", "phrase": " Or explicit."}, {"speaker": "LEAN", "phrase": " certain."}, {"speaker": "LISB", "phrase": " There seem to be three categories."}, {"speaker": "LISB", "phrase": " There's no responsibility."}, {"speaker": "LEAN", "phrase": " Assumed."}, {"speaker": "LISB", "phrase": " there is responsibility"}, {"speaker": "LISB", "phrase": " but it's inarticulate."}, {"speaker": "LISB", "phrase": " Or it's articulate."}, {"speaker": "JENN", "phrase": " That's right."}, {"speaker": "LISB", "phrase": " Two categories."}, {"speaker": "LISB", "phrase": " Okay ?"}, {"speaker": "JENN", "phrase": " Right."}, {"speaker": "LISB", "phrase": " So now we got"}, {"speaker": "LISB", "phrase": " we're all together now ?"}, {"speaker": "JENN", "phrase": " And so when."}, {"speaker": "JENN", "phrase": " When there is..."}, {"speaker": "LEAN", "phrase": " So wait"}, {"speaker": "LEAN", "phrase": "can you have guilt for all three for us of responsibility."}, {"speaker": "LISB", "phrase": " Should I get blackboard ?"}, {"speaker": "RICH", "phrase": " No."}, {"speaker": "LAUR", "phrase": "PAUSE"}, {"speaker": "JENN", "phrase": " No"}, {"speaker": "JENN", "phrase": " and I'm"}, {"speaker": "JENN", "phrase": " and she said that."}, {"speaker": "RICH", "phrase": " I'm still confused."}, {"speaker": "JENN", "phrase": " she's saying."}, {"speaker": "LAUR", "phrase": "PAUSE"}, {"speaker": "JENN", "phrase": " We're not talking about guilt."}, {"speaker": "LEAN", "phrase": " He's still confused about monogamy."}, {"speaker": "RICH", "phrase": " I'm sorry"}, {"speaker": "RICH", "phrase": " I'm du mb."}, {"speaker": "LAUR", "phrase": "PAUSE"}, {"speaker": "MARY", "phrase": "PAUSE"}, {"speaker": "DON", "phrase": " I'm sorry."}, {"speaker": "JENN", "phrase": " We're we're not talking about."}, {"speaker": "JENN", "phrase": " She says"}, {"speaker": "JENN", "phrase": " oh"}, {"speaker": "JENN", "phrase": " we're not talking about guilt"}, {"speaker": "JENN", "phrase": " we're talking about responsibility"}, {"speaker": "JENN", "phrase": " and denial of responsibility"}, {"speaker": "JENN", "phrase": " and I said no."}, {"speaker": "JENN", "phrase": " We're talking about somebody who makes you feel responsible"}, {"speaker": "JENN", "phrase": " for something that is not necessarily always going on."}, {"speaker": "LISB", "phrase": " And I said to her"}, {"speaker": "LISB", "phrase": " how do you know."}, {"speaker": "LAUR", "phrase": " What was this about."}, {"speaker": "LISB", "phrase": " what your respond."}, {"speaker": "LISB", "phrase": " Her statement about"}, {"speaker": "LISB", "phrase": " we'll walk back and..."}, {"speaker": "JENN", "phrase": " Well I came over here."}, {"speaker": "LAUR", "phrase": "PAUSE"}, {"speaker": "JENN", "phrase": " and."}, {"speaker": "JENN", "phrase": " I said"}, {"speaker": "JENN", "phrase": " I looked at her chocolate."}, {"speaker": "LISB", "phrase": " I admit"}, {"speaker": "LISB", "phrase": " I was making."}, {"speaker": "LEAN", "phrase": " We have to go back to where they were."}, {"speaker": "JENN", "phrase": " I looked at her chocolate."}, {"speaker": "LEAN", "phrase": " You can't just..."}, {"speaker": "LAUR", "phrase": " Back to the setting."}, {"speaker": "LISB", "phrase": " I bought that chocolate."}, {"speaker": "JENN", "phrase": " I looked at her chocolate."}, {"speaker": "LEAN", "phrase": "PAUSE"}, {"speaker": "JENN", "phrase": " I said mm"}, {"speaker": "JENN", "phrase": " and you said"}, {"speaker": "JENN", "phrase": " you can't have any of my chocolate."}, {"speaker": "LAUR", "phrase": "PAUSE"}, {"speaker": "JENN", "phrase": " you've got to be nicer to me"}, {"speaker": "JENN", "phrase": "if you want some of my chocolate."}, {"speaker": "LAUR", "phrase": "PAUSE"}, {"speaker": "BILL", "phrase": "PAUSE"}, {"speaker": "JENN", "phrase": " And then I said"}, {"speaker": "JENN", "phrase": " what ?"}, {"speaker": "JENN", "phrase": " And I said"}, {"speaker": "JENN", "phrase": "what am I not nice to you about."}, {"speaker": "LAUR", "phrase": "PAUSE"}, {"speaker": "LAUR", "phrase": " That's..."}, {"speaker": "DON", "phrase": " Did..."}, {"speaker": "LAUR", "phrase": " That's statement of guilt."}, {"speaker": "LEAN", "phrase": " A way to."}, {"speaker": "LAUR", "phrase": " Responsibility."}, {"speaker": "JENN", "phrase": " They laugh..."}, {"speaker": "DON", "phrase": "PAUSE"}, {"speaker": "LEAN", "phrase": " Dad but wait second."}, {"speaker": "JENN", "phrase": " I laugh..."}, {"speaker": "DON", "phrase": " Yeah."}, {"speaker": "JENN", "phrase": " Well thank you."}, {"speaker": "BILL", "phrase": " No that"}, {"speaker": "BILL", "phrase": " you're quite right Jennifer."}, {"speaker": "JENN", "phrase": "PAUSE"}, {"speaker": "JENN", "phrase": " Ker chunk."}, {"speaker": "JENN", "phrase": "PAUSE"}, {"speaker": "DON", "phrase": "PAUSE"}, {"speaker": "LAUR", "phrase": "PAUSE"}, {"speaker": "BILL", "phrase": " Quite right"}, {"speaker": "BILL", "phrase": "it's like when my father used to say."}, {"speaker": "LEAN", "phrase": "PAUSE"}, {"speaker": "LEAN", "phrase": "PAUSE"}, {"speaker": "BILL", "phrase": " you'll be sorry when I'm dead and gone."}, {"speaker": "JENN", "phrase": " Exactly."}, {"speaker": "DON", "phrase": " Please."}, {"speaker": "DON", "phrase": "PAUSE"}, {"speaker": "LISB", "phrase": " But do you don't think she has responsibility to be good to me ?"}, {"speaker": "JENN", "phrase": " Fuck you."}, {"speaker": "JENN", "phrase": " \u0294But."}, {"speaker": "BILL", "phrase": " No."}, {"speaker": "LEAN", "phrase": " Wait minute wait wait wait."}, {"speaker": "BILL", "phrase": " the implication is she's not."}, {"speaker": "LAUR", "phrase": " Oh no no."}, {"speaker": "LEAN", "phrase": " Wait wait wait"}, {"speaker": "LEAN", "phrase": " whoa whoa whoa."}, {"speaker": "LEAN", "phrase": " Wait second."}, {"speaker": "LEAN", "phrase": " Apropos something Jennifer said in May ?"}, {"speaker": "LISB", "phrase": " \u0294uh."}, {"speaker": "BILL", "phrase": "PAUSE"}, {"speaker": "BILL", "phrase": " The implication is that"}, {"speaker": "BILL", "phrase": " she's not good to you."}, {"speaker": "LISB", "phrase": " That's right."}, {"speaker": "BILL", "phrase": " but not everybody has agreed with that implication."}, {"speaker": "LEAN", "phrase": " Wait Lisbeth."}, {"speaker": "LISB", "phrase": " you didn't..."}, {"speaker": "LEAN", "phrase": " Lisbeth."}, {"speaker": "LISB", "phrase": " Yeah but you were not in the."}, {"speaker": "LISB", "phrase": " in the."}, {"speaker": "JENN", "phrase": " \u0294uh."}, {"speaker": "LISB", "phrase": " in."}, {"speaker": "LISB", "phrase": " Christmas tree shop."}, {"speaker": "JENN", "phrase": " \u0294uh."}, {"speaker": "LEAN", "phrase": " Wait wait wait wait wait."}, {"speaker": "JENN", "phrase": " \u0294uh."}, {"speaker": "LISB", "phrase": " when she carried on."}, {"speaker": "DON", "phrase": "PAUSE"}, {"speaker": "LEAN", "phrase": " Wait"}, {"speaker": "LEAN", "phrase": " no Jenn"}, {"speaker": "LEAN", "phrase": " sit"}, {"speaker": "LEAN", "phrase": " on her."}, {"speaker": "LISB", "phrase": " about my behavior"}, {"speaker": "LISB", "phrase": " at the checkout counter."}, {"speaker": "LEAN", "phrase": " Lisbeth"}, {"speaker": "LEAN", "phrase": "apropos something Jennifer said in..."}, {"speaker": "BILL", "phrase": " Oh"}, {"speaker": "BILL", "phrase": " wait"}, {"speaker": "BILL", "phrase": " what did you do at the checkout counter."}, {"speaker": "LEAN", "phrase": " Whoa"}, {"speaker": "LEAN", "phrase": "apropos something Jennifer said in May."}, {"speaker": "LAUR", "phrase": " Well wait."}, {"speaker": "LAUR", "phrase": " You know Liz."}, {"speaker": "DON", "phrase": " Ma"}, {"speaker": "DON", "phrase": " we have to hear this..."}, {"speaker": "LEAN", "phrase": " Wait wait I..."}, {"speaker": "JENN", "phrase": "PAUSE"}, {"speaker": "BILL", "phrase": " Will you let Leanne finish."}, {"speaker": "JENN", "phrase": " Did I ?"}, {"speaker": "LEAN", "phrase": " Wait"}, {"speaker": "LEAN", "phrase": " time."}, {"speaker": "LEAN", "phrase": " Can I say something."}, {"speaker": "LEAN", "phrase": " Jennifer and I and Dana had huge argument in May"}, {"speaker": "LEAN", "phrase": " which created rift for about day."}, {"speaker": "LEAN", "phrase": " Which was concerning you and grandma."}, {"speaker": "JENN", "phrase": " No not in May"}, {"speaker": "JENN", "phrase": " because I wasn't here in May."}, {"speaker": "LISB", "phrase": " Oh"}, {"speaker": "LISB", "phrase": " let's not start."}, {"speaker": "LAUR", "phrase": " Mhm."}, {"speaker": "LISB", "phrase": " Let's not start."}, {"speaker": "JENN", "phrase": " What"}, {"speaker": "JENN", "phrase": " what about the checkout counter then."}, {"speaker": "LEAN", "phrase": " But that's responsibility."}, {"speaker": "JENN", "phrase": " You were about to"}, {"speaker": "JENN", "phrase": " you were about to correct my m other."}, {"speaker": "LEAN", "phrase": " So"}, {"speaker": "LEAN", "phrase": " so."}, {"speaker": "JENN", "phrase": " on something about the."}, {"speaker": "LAUR", "phrase": " Well I"}, {"speaker": "LAUR", "phrase": " I think there is."}, {"speaker": "LAUR", "phrase": " \u0294Uh you see."}, {"speaker": "DON", "phrase": " What happened at the checkout counter."}, {"speaker": "BILL", "phrase": " What."}, {"speaker": "BILL", "phrase": " We wanna know."}, {"speaker": "JENN", "phrase": " Mom says I pounced on her."}, {"speaker": "LEAN", "phrase": "PAUSE"}, {"speaker": "RICH", "phrase": "PAUSE"}, {"speaker": "JENN", "phrase": " And all I did"}, {"speaker": "JENN", "phrase": " this is what I did."}, {"speaker": "LAUR", "phrase": " I don't know what happened."}, {"speaker": "JENN", "phrase": " I went Mom ?"}, {"speaker": "LISB", "phrase": " Calm down."}, {"speaker": "LISB", "phrase": " And then..."}, {"speaker": "JENN", "phrase": " No"}, {"speaker": "JENN", "phrase": " I didn't say it loud"}, {"speaker": "JENN", "phrase": " I just went like this."}, {"speaker": "JENN", "phrase": " I said."}, {"speaker": "LISB", "phrase": " \u0294uh"}, {"speaker": "LISB", "phrase": " such lie."}, {"speaker": "LEAN", "phrase": "PAUSE"}, {"speaker": "LAUR", "phrase": "PAUSE"}, {"speaker": "JENN", "phrase": " \u0294uh Did I pounce..."}, {"speaker": "LISB", "phrase": " You."}, {"speaker": "LISB", "phrase": " Such..."}, {"speaker": "LAUR", "phrase": " I was \u0294uh."}, {"speaker": "LAUR", "phrase": " I didn't see what happened in the checkout counter."}, {"speaker": "LEAN", "phrase": " What ?"}, {"speaker": "JENN", "phrase": " I do not pounce on you."}, {"speaker": "LAUR", "phrase": " I was gonna offer an opinion about the."}, {"speaker": "LAUR", "phrase": " the."}, {"speaker": "LAUR", "phrase": " the disagreement there."}, {"speaker": "LAUR", "phrase": " About the uh."}, {"speaker": "BILL", "phrase": " What was she doing there why you..."}, {"speaker": "LAUR", "phrase": " the trust."}, {"speaker": "JENN", "phrase": " The trust involved."}, {"speaker": "JENN", "phrase": " Do you think that's true any."}, {"speaker": "LAUR", "phrase": " Yeah."}, {"speaker": "LAUR", "phrase": " Yeah I do think that's true."}, {"speaker": "LISB", "phrase": " But it was not about Jennifer"}, {"speaker": "LISB", "phrase": " it was about the lady."}, {"speaker": "LAUR", "phrase": " Right."}, {"speaker": "LAUR", "phrase": " But I"}, {"speaker": "LAUR", "phrase": " I happened to agree with Jennifer."}, {"speaker": "LAUR", "phrase": " Because it reminds me of all these old people in the supermarket"}, {"speaker": "LAUR", "phrase": " who are standing there going"}, {"speaker": "LAUR", "phrase": " are you sure that's twenty one cents"}, {"speaker": "LAUR", "phrase": " or twenty two cents."}, {"speaker": "LAUR", "phrase": " It's programmed into the computer."}, {"speaker": "LISB", "phrase": " I."}, {"speaker": "DON", "phrase": "PAUSE"}, {"speaker": "LISB", "phrase": " the lady specifically said"}, {"speaker": "LISB", "phrase": " to hold off with putting things on the counter."}, {"speaker": "JENN", "phrase": " Mom was getting h"}, {"speaker": "JENN", "phrase": " was starting to h yperventilate."}, {"speaker": "RICH", "phrase": "PAUSE"}, {"speaker": "JENN", "phrase": " at the checkout counter."}, {"speaker": "LAUR", "phrase": "PAUSE"}, {"speaker": "LISB", "phrase": " There were so many objects going on the counter."}, {"speaker": "JENN", "phrase": " It was making her crazy."}, {"speaker": "DON", "phrase": "PAUSE"}, {"speaker": "JENN", "phrase": " Just so many objects."}, {"speaker": "LEAN", "phrase": "PAUSE"}, {"speaker": "BILL", "phrase": "PAUSE"}, {"speaker": "LISB", "phrase": " And it was not clear."}, {"speaker": "DON", "phrase": "PAUSE"}, {"speaker": "LEAN", "phrase": "PAUSE"}, {"speaker": "LISB", "phrase": " for little."}, {"speaker": "LEAN", "phrase": "PAUSE"}, {"speaker": "LISB", "phrase": " few minutes there"}, {"speaker": "LISB", "phrase": " what was already rung in"}, {"speaker": "LISB", "phrase": " and what was not rung in."}, {"speaker": "LISB", "phrase": " And I did not want the lady to get confused"}, {"speaker": "LISB", "phrase": " and ring in items more than once."}, {"speaker": "JENN", "phrase": " So she..."}, {"speaker": "LISB", "phrase": " And she specifically said"}, {"speaker": "LISB", "phrase": " not to put everything on the counter."}, {"speaker": "LAUR", "phrase": " Okay."}, {"speaker": "LAUR", "phrase": " Well then"}, {"speaker": "LAUR", "phrase": " I didn't"}, {"speaker": "LAUR", "phrase": " I didn't know that."}, {"speaker": "BILL", "phrase": " Yeah"}, {"speaker": "BILL", "phrase": " and so what happened."}, {"speaker": "LISB", "phrase": " Starts putting everything on the counter."}, {"speaker": "JENN", "phrase": " No"}, {"speaker": "JENN", "phrase": " I."}, {"speaker": "JENN", "phrase": " Acts like I'm child"}, {"speaker": "JENN", "phrase": " like I'm just throwing things on."}, {"speaker": "JENN", "phrase": " I was not."}, {"speaker": "LISB", "phrase": " No."}, {"speaker": "JENN", "phrase": " There was an order to how I was doing it."}, {"speaker": "RICH", "phrase": "PAUSE"}, {"speaker": "BILL", "phrase": " It was yeah."}, {"speaker": "BILL", "phrase": " One at time."}, {"speaker": "LEAN", "phrase": " Yeah but Jennifer."}, {"speaker": "LEAN", "phrase": "PAUSE"}, {"speaker": "LEAN", "phrase": " One person's order is another person's mess."}, {"speaker": "JENN", "phrase": " No."}, {"speaker": "LAUR", "phrase": "PAUSE"}, {"speaker": "LISB", "phrase": "PAUSE"}, {"speaker": "LEAN", "phrase": " Especially if you look in my bedroom."}, {"speaker": "LAUR", "phrase": "PAUSE"}, {"speaker": "JENN", "phrase": " Mom was starting to hyperventilate"}, {"speaker": "JENN", "phrase": " about something that did not require breakdown"}, {"speaker": "JENN", "phrase": " and I was trying to pat her on the shoulder."}, {"speaker": "X", "phrase": " laugh \u0294uh."}, {"speaker": "LEAN", "phrase": "PAUSE"}, {"speaker": "LISB", "phrase": " It looks bit."}, {"speaker": "LISB", "phrase": " And I said to her in the car."}, {"speaker": "JENN", "phrase": " and say it was okay."}, {"speaker": "LISB", "phrase": " that this language"}, {"speaker": "LISB", "phrase": " just makes me angry."}, {"speaker": "LISB", "phrase": " This exaggerated language."}, {"speaker": "JENN", "phrase": "PAUSE"}, {"speaker": "X", "phrase": " Ts."}, {"speaker": "RICH", "phrase": " What does this have to do with guilt ?"}, {"speaker": "LISB", "phrase": "PAUSE"}, {"speaker": "LAUR", "phrase": "PAUSE"}, {"speaker": "BILL", "phrase": " Right laugh."}, {"speaker": "DON", "phrase": "PAUSE"}, {"speaker": "BILL", "phrase": "PAUSE"}, {"speaker": "BILL", "phrase": " Right."}, {"speaker": "DON", "phrase": " I don't know Rich."}, {"speaker": "LEAN", "phrase": " Or monogamy."}, {"speaker": "BILL", "phrase": " What does it have to do with monogamy."}, {"speaker": "BILL", "phrase": " That's what I wanna know."}, {"speaker": "LEAN", "phrase": " Yeah"}, {"speaker": "LEAN", "phrase": " I wanna come back to the monogamy thing Jenn."}, {"speaker": "DON", "phrase": "PAUSE"}, {"speaker": "BILL", "phrase": "PAUSE"}, {"speaker": "LAUR", "phrase": "PAUSE"}, {"speaker": "JENN", "phrase": " That was slip."}, {"speaker": "DON", "phrase": " A laugh slip laugh."}, {"speaker": "BILL", "phrase": "PAUSE"}, {"speaker": "X", "phrase": "PAUSE"}, {"speaker": "MARY", "phrase": " Where did that language of exaggeration come from."}, {"speaker": "DON", "phrase": " Uh."}, {"speaker": "BILL", "phrase": " You know what"}, {"speaker": "BILL", "phrase": " there's two sides to this."}, {"speaker": "MARY", "phrase": " as joke ?"}, {"speaker": "LISB", "phrase": " Uh laugh."}, {"speaker": "MARY", "phrase": " Cause it's \u0294uh my disease."}, {"speaker": "MARY", "phrase": " And"}, {"speaker": "MARY", "phrase": " Mimi Fogarty is like the biggest perpetrator of it."}, {"speaker": "BILL", "phrase": " Mimi..."}, {"speaker": "LISB", "phrase": " You don't exaggerate."}, {"speaker": "BILL", "phrase": " Oh."}, {"speaker": "MARY", "phrase": " She..."}, {"speaker": "BILL", "phrase": " Oh."}, {"speaker": "LISB", "phrase": " You're very cautious."}, {"speaker": "LISB", "phrase": " It seems to me."}, {"speaker": "MARY", "phrase": " But sometimes I do"}, {"speaker": "MARY", "phrase": " cause when I'm around other people"}, {"speaker": "MARY", "phrase": " I tend to talk like them."}, {"speaker": "BILL", "phrase": " Well \u0294uh..."}, {"speaker": "MARY", "phrase": " just like"}, {"speaker": "MARY", "phrase": " just little jokey things"}, {"speaker": "MARY", "phrase": " just like."}, {"speaker": "LISB", "phrase": " Yeah but that's just."}, {"speaker": "MARY", "phrase": " with numbers and stuff."}, {"speaker": "BILL", "phrase": " Jennifer."}, {"speaker": "LISB", "phrase": " That's how you make humor."}, {"speaker": "LISB", "phrase": " That's how you make humor."}, {"speaker": "MARY", "phrase": " Yeah"}, {"speaker": "MARY", "phrase": " that's just hu mor."}, {"speaker": "BILL", "phrase": " Jennifer and Lisbeth are hyper uh sensitive."}, {"speaker": "MARY", "phrase": " Like I told you twenty times."}, {"speaker": "BILL", "phrase": " to one another's language."}, {"speaker": "BILL", "phrase": " So"}, {"speaker": "BILL", "phrase": " if Jennifer says."}, {"speaker": "MARY", "phrase": "PAUSE"}, {"speaker": "BILL", "phrase": " uh Mom"}, {"speaker": "BILL", "phrase": " Lisbeth hears"}, {"speaker": "BILL", "phrase": " lot more into it than Mom."}, {"speaker": "MARY", "phrase": " Right."}, {"speaker": "BILL", "phrase": " And if Lisbeth says."}, {"speaker": "MARY", "phrase": " Jennifer."}, {"speaker": "BILL", "phrase": " Jennifer"}, {"speaker": "BILL", "phrase": "Jennifer hears uh paragraphs."}, {"speaker": "MARY", "phrase": " Yeah."}, {"speaker": "MARY", "phrase": " Sure."}, {"speaker": "BILL", "phrase": " So there's long history here."}, {"speaker": "LEAN", "phrase": " Ninetenths of that paragraph is guilt."}, {"speaker": "LAUR", "phrase": " Well that."}, {"speaker": "LAUR", "phrase": " That's like Leanne's."}, {"speaker": "BILL", "phrase": " And then..."}, {"speaker": "LEAN", "phrase": "PAUSE"}, {"speaker": "JENN", "phrase": " We'll have very short sentences."}, {"speaker": "LEAN", "phrase": "PAUSE"}, {"speaker": "LAUR", "phrase": " The button that you gave me."}, {"speaker": "LAUR", "phrase": " Don't look at me in that tone of voice."}, {"speaker": "JENN", "phrase": " We'll write very short letters to one another."}, {"speaker": "MARY", "phrase": " Did you have that with your mother though ?"}, {"speaker": "BILL", "phrase": " Right."}, {"speaker": "LAUR", "phrase": "PAUSE"}, {"speaker": "LEAN", "phrase": " The other times..."}, {"speaker": "MARY", "phrase": " Well that's possibility."}, {"speaker": "JENN", "phrase": " No."}, {"speaker": "JENN", "phrase": " She didn't talk to her mom."}, {"speaker": "LEAN", "phrase": " What Ma"}, {"speaker": "LEAN", "phrase": " what were you saying about me and you ?"}, {"speaker": "LAUR", "phrase": " That button you gave me."}, {"speaker": "MARY", "phrase": " With this like."}, {"speaker": "LAUR", "phrase": " don't look at me in that tone of voice ?"}, {"speaker": "MARY", "phrase": " The tone of the."}, {"speaker": "MARY", "phrase": " Yeah like."}, {"speaker": "X", "phrase": "PAUSE"}, {"speaker": "MARY", "phrase": " I don't really think."}, {"speaker": "LEAN", "phrase": " It's true."}, {"speaker": "LEAN", "phrase": " No."}, {"speaker": "MARY", "phrase": " It came with the valley girls I think."}, {"speaker": "LEAN", "phrase": " Everything's ripe with with"}, {"speaker": "LEAN", "phrase": " hidden meaning."}, {"speaker": "MARY", "phrase": " Where it started."}, {"speaker": "LEAN", "phrase": " Start what."}, {"speaker": "MARY", "phrase": " That way of speaking."}, {"speaker": "MARY", "phrase": " Just like"}, {"speaker": "MARY", "phrase": " Mom."}, {"speaker": "LAUR", "phrase": "PAUSE"}, {"speaker": "MARY", "phrase": " like I don't feel like"}, {"speaker": "MARY", "phrase": " people say that and I..."}, {"speaker": "LEAN", "phrase": " Jews said that in the nineteenth century."}, {"speaker": "LAUR", "phrase": "PAUSE"}, {"speaker": "MARY", "phrase": " \u0294uh \u0294Ah"}, {"speaker": "MARY", "phrase": " just expressing..."}, {"speaker": "RICH", "phrase": " What time is it."}, {"speaker": "LEAN", "phrase": " In the evening."}, {"speaker": "MARY", "phrase": " Annoying it just."}, {"speaker": "LAUR", "phrase": " Expressing what ?"}, {"speaker": "DON", "phrase": " Oh about half an hour since you last asked."}, {"speaker": "LEAN", "phrase": " Richard."}, {"speaker": "X", "phrase": " This is hot."}, {"speaker": "DON", "phrase": " Ten twenty five."}, {"speaker": "LAUR", "phrase": " Ten thirty."}, {"speaker": "LEAN", "phrase": " If you're bored"}, {"speaker": "LEAN", "phrase": " do something."}, {"speaker": "RICH", "phrase": " I'm gonna go to sleep in few minutes."}, {"speaker": "RICH", "phrase": "PAUSE"}]}