{"text": [{"speaker": "KRIS", "phrase": " Well let's kind of figure out classic"}, {"speaker": "KRIS", "phrase": " um"}, {"speaker": "KRIS", "phrase": " \u0294uh diet"}, {"speaker": "KRIS", "phrase": " uh"}, {"speaker": "KRIS", "phrase": " quota"}, {"speaker": "KRIS", "phrase": " \u0294uh \u0294uh for laugh you laugh."}, {"speaker": "KRIS", "phrase": " And"}, {"speaker": "KRIS", "phrase": " let me get piece of paper"}, {"speaker": "KRIS", "phrase": " so that we can write that down."}, {"speaker": "ENV", "phrase": "PAUSE"}, {"speaker": "PAIG", "phrase": "PAUSE"}, {"speaker": "KRIS", "phrase": " The way we do this."}, {"speaker": "PAIG", "phrase": " Yeah."}, {"speaker": "KRIS", "phrase": " is first of all"}, {"speaker": "KRIS", "phrase": " we make"}, {"speaker": "KRIS", "phrase": " guesstimate"}, {"speaker": "KRIS", "phrase": " of how many calories"}, {"speaker": "KRIS", "phrase": " typically"}, {"speaker": "KRIS", "phrase": " that you would need."}, {"speaker": "KRIS", "phrase": " we didn't do this last time did we."}, {"speaker": "PAIG", "phrase": " Hmm."}, {"speaker": "KRIS", "phrase": " Okay."}, {"speaker": "KRIS", "phrase": " Alright."}, {"speaker": "KRIS", "phrase": " Yeah"}, {"speaker": "KRIS", "phrase": " I think we were gonna wait"}, {"speaker": "KRIS", "phrase": " until we"}, {"speaker": "KRIS", "phrase": " cause you were gonna change some things maybe"}, {"speaker": "KRIS", "phrase": " after you saw Doris."}, {"speaker": "KRIS", "phrase": " So"}, {"speaker": "KRIS", "phrase": " first of all we make good guesstimate."}, {"speaker": "KRIS", "phrase": " Of how many calories you need."}, {"speaker": "KRIS", "phrase": " And that's always tough one."}, {"speaker": "KRIS", "phrase": " Um."}, {"speaker": "PAIG", "phrase": " Mhm."}, {"speaker": "KRIS", "phrase": " most women"}, {"speaker": "KRIS", "phrase": " unless you work out lot."}, {"speaker": "KRIS", "phrase": " You probably aren't burning much more than like eighteen hundred"}, {"speaker": "KRIS", "phrase": " to maybe two thousand calories."}, {"speaker": "PAIG", "phrase": " Mhm."}, {"speaker": "KRIS", "phrase": " So"}, {"speaker": "KRIS", "phrase": " what we can do"}, {"speaker": "KRIS", "phrase": " um"}, {"speaker": "KRIS", "phrase": " I would say"}, {"speaker": "KRIS", "phrase": " I'm gonna go ahead and make it out about eighteen hundred."}, {"speaker": "KRIS", "phrase": " Just because"}, {"speaker": "KRIS", "phrase": " uh"}, {"speaker": "KRIS", "phrase": " you're at good weight"}, {"speaker": "KRIS", "phrase": " you're about five five"}, {"speaker": "KRIS", "phrase": " um"}, {"speaker": "KRIS", "phrase": " \u0294I think that would be prudent place to"}, {"speaker": "KRIS", "phrase": " to start out from."}, {"speaker": "KRIS", "phrase": " I know I won't uh"}, {"speaker": "KRIS", "phrase": " cause you to gain weight"}, {"speaker": "KRIS", "phrase": " and"}, {"speaker": "KRIS", "phrase": " you probably won't lose any either."}, {"speaker": "KRIS", "phrase": " But uh."}, {"speaker": "PAIG", "phrase": "PAUSE"}, {"speaker": "KRIS", "phrase": " Okay."}, {"speaker": "KRIS", "phrase": " So we're gonna take eighteen hundred calories."}, {"speaker": "PAIG", "phrase": "PAUSE"}, {"speaker": "PAIG", "phrase": " Uh."}, {"speaker": "PAIG", "phrase": " How um"}, {"speaker": "PAIG", "phrase": " how many calories do you think I'm eating now"}, {"speaker": "PAIG", "phrase": " or can you even tell that."}, {"speaker": "KRIS", "phrase": "PAUSE"}, {"speaker": "PAIG", "phrase": " from looking ?"}, {"speaker": "KRIS", "phrase": " I could do calorie count"}, {"speaker": "KRIS", "phrase": " um"}, {"speaker": "KRIS", "phrase": " on that"}, {"speaker": "KRIS", "phrase": " but I'd actually need more amounts."}, {"speaker": "PAIG", "phrase": " Although"}, {"speaker": "PAIG", "phrase": " you wouldn't be able to tell"}, {"speaker": "PAIG", "phrase": " because"}, {"speaker": "PAIG", "phrase": " there's no"}, {"speaker": "PAIG", "phrase": " \u0294uh I don't write down"}, {"speaker": "PAIG", "phrase": " like the fats"}, {"speaker": "PAIG", "phrase": " and things like that."}, {"speaker": "KRIS", "phrase": " Well"}, {"speaker": "KRIS", "phrase": " if"}, {"speaker": "KRIS", "phrase": " if you gave me real specific amounts."}, {"speaker": "KRIS", "phrase": " Like"}, {"speaker": "KRIS", "phrase": " I had"}, {"speaker": "KRIS", "phrase": " you know"}, {"speaker": "KRIS", "phrase": " one quarter cup of soy milk"}, {"speaker": "KRIS", "phrase": " half cup of cereal."}, {"speaker": "PAIG", "phrase": " Yeah."}, {"speaker": "KRIS", "phrase": " then I could..."}, {"speaker": "PAIG", "phrase": " Oh"}, {"speaker": "PAIG", "phrase": "..."}, {"speaker": "KRIS", "phrase": " I could count your calories."}, {"speaker": "PAIG", "phrase": " I see."}, {"speaker": "PAIG", "phrase": "PAUSE"}, {"speaker": "KRIS", "phrase": " and and figure that out."}, {"speaker": "KRIS", "phrase": " And run it through the computer."}, {"speaker": "KRIS", "phrase": " And get printout."}, {"speaker": "PAIG", "phrase": " Mm."}, {"speaker": "KRIS", "phrase": "PAUSE"}, {"speaker": "PAIG", "phrase": " Hm."}, {"speaker": "KRIS", "phrase": " Of your nutrient ratio"}, {"speaker": "KRIS", "phrase": " and everything."}, {"speaker": "PAIG", "phrase": " Wow."}, {"speaker": "KRIS", "phrase": " For the day."}, {"speaker": "KRIS", "phrase": " In fact if you wanna do that"}, {"speaker": "KRIS", "phrase": " I'd be glad to run it for you"}, {"speaker": "KRIS", "phrase": " But you'd have to take one day."}, {"speaker": "PAIG", "phrase": " Mhm."}, {"speaker": "KRIS", "phrase": " And really."}, {"speaker": "PAIG", "phrase": " And write everything down."}, {"speaker": "PAIG", "phrase": " Yeah."}, {"speaker": "KRIS", "phrase": " be."}, {"speaker": "PAIG", "phrase": "PAUSE"}, {"speaker": "KRIS", "phrase": " like"}, {"speaker": "KRIS", "phrase": " precise."}, {"speaker": "PAIG", "phrase": " Okay."}, {"speaker": "KRIS", "phrase": " Um"}, {"speaker": "KRIS", "phrase": " okay."}, {"speaker": "KRIS", "phrase": " So eighteen hundred calories"}, {"speaker": "KRIS", "phrase": " times"}, {"speaker": "KRIS", "phrase": " point four"}, {"speaker": "KRIS", "phrase": " that's gonna be forty calories"}, {"speaker": "KRIS", "phrase": " or excuse me."}, {"speaker": "KRIS", "phrase": " Um forty laugh percent of your calories"}, {"speaker": "KRIS", "phrase": " coming from carbo hydrate."}, {"speaker": "KRIS", "phrase": " And that's Doris's standard protocol really."}, {"speaker": "PAIG", "phrase": " Mm."}, {"speaker": "KRIS", "phrase": " Okay times point four"}, {"speaker": "KRIS", "phrase": " gives us seven hundred and twenty carbohydrate calories."}, {"speaker": "PAIG", "phrase": " Yeah."}, {"speaker": "KRIS", "phrase": " Then we divide that by four."}, {"speaker": "PAIG", "phrase": "PAUSE"}, {"speaker": "KRIS", "phrase": " Calories per gram."}, {"speaker": "KRIS", "phrase": " You've..."}, {"speaker": "PAIG", "phrase": "PAUSE"}, {"speaker": "KRIS", "phrase": " I know you've seen this before."}, {"speaker": "KRIS", "phrase": " Which gives us quota"}, {"speaker": "KRIS", "phrase": " of hundred and eighty grams of carbohydrate per day."}, {"speaker": "KRIS", "phrase": " Actually I should've done that."}, {"speaker": "PAIG", "phrase": " Mm."}, {"speaker": "KRIS", "phrase": " Okay."}, {"speaker": "KRIS", "phrase": " Then we have to distribute it."}, {"speaker": "PAIG", "phrase": " Wow."}, {"speaker": "PAIG", "phrase": " That's laugh low."}, {"speaker": "PAIG", "phrase": "PAUSE"}, {"speaker": "KRIS", "phrase": " Yeah."}, {"speaker": "PAIG", "phrase": " That's not that much."}, {"speaker": "KRIS", "phrase": " It is."}, {"speaker": "PAIG", "phrase": "PAUSE"}, {"speaker": "KRIS", "phrase": " Then we have to distribute that"}, {"speaker": "KRIS", "phrase": " into"}, {"speaker": "KRIS", "phrase": " an ideal ratio."}, {"speaker": "KRIS", "phrase": " Now you always do have breakfast."}, {"speaker": "KRIS", "phrase": " Really."}, {"speaker": "KRIS", "phrase": " Unless you're running"}, {"speaker": "KRIS", "phrase": " bit on the higher side."}, {"speaker": "PAIG", "phrase": " Really high."}, {"speaker": "PAIG", "phrase": " Yeah."}, {"speaker": "KRIS", "phrase": " And you always have some kinda lunch pretty much"}, {"speaker": "KRIS", "phrase": " and you always have some kind of dinner."}, {"speaker": "PAIG", "phrase": " Well yeah."}, {"speaker": "KRIS", "phrase": " Basically."}, {"speaker": "PAIG", "phrase": "PAUSE"}, {"speaker": "KRIS", "phrase": " Now the midmorning snack"}, {"speaker": "KRIS", "phrase": " the snacks are hit and miss."}, {"speaker": "KRIS", "phrase": " That's where"}, {"speaker": "KRIS", "phrase": " we maybe"}, {"speaker": "KRIS", "phrase": " would have to"}, {"speaker": "KRIS", "phrase": " to look at things."}, {"speaker": "KRIS", "phrase": " A little bit more closely."}, {"speaker": "KRIS", "phrase": " But usually"}, {"speaker": "KRIS", "phrase": " lunch and dinner are your main meals."}, {"speaker": "KRIS", "phrase": " And we would give you about"}, {"speaker": "KRIS", "phrase": " thirty percent quota"}, {"speaker": "KRIS", "phrase": " at both lunch and dinner"}, {"speaker": "KRIS", "phrase": " which is"}, {"speaker": "KRIS", "phrase": " about fifty four grams"}, {"speaker": "KRIS", "phrase": " at each of those places."}, {"speaker": "PAIG", "phrase": " Hm."}, {"speaker": "KRIS", "phrase": " Would be sort of your ballpark quota."}, {"speaker": "KRIS", "phrase": " And"}, {"speaker": "KRIS", "phrase": " \u0294uh it's not outlandish."}, {"speaker": "KRIS", "phrase": " Like here you were sixtyfour"}, {"speaker": "KRIS", "phrase": " well"}, {"speaker": "KRIS", "phrase": " little bit higher."}, {"speaker": "KRIS", "phrase": " Um."}, {"speaker": "PAIG", "phrase": " Mm."}, {"speaker": "KRIS", "phrase": " Here"}, {"speaker": "KRIS", "phrase": " well you were about uh forty fiftynine"}, {"speaker": "KRIS", "phrase": " sixtyfour."}, {"speaker": "KRIS", "phrase": " So sixtyfour"}, {"speaker": "KRIS", "phrase": " fifty"}, {"speaker": "KRIS", "phrase": " that was seventyfour."}, {"speaker": "KRIS", "phrase": " So it's little bit higher."}, {"speaker": "KRIS", "phrase": " Is what you're used to doing."}, {"speaker": "PAIG", "phrase": " Mhm."}, {"speaker": "KRIS", "phrase": " And"}, {"speaker": "KRIS", "phrase": " um"}, {"speaker": "KRIS", "phrase": "PAUSE"}, {"speaker": "PAIG", "phrase": "PAUSE"}, {"speaker": "KRIS", "phrase": " Yes."}, {"speaker": "PAIG", "phrase": " Yeah \u0294uh"}, {"speaker": "PAIG", "phrase": " I remember."}, {"speaker": "PAIG", "phrase": " Like"}, {"speaker": "PAIG", "phrase": " long long time ago."}, {"speaker": "PAIG", "phrase": " Let's see uh"}, {"speaker": "PAIG", "phrase": " it was"}, {"speaker": "PAIG", "phrase": " I guess forty"}, {"speaker": "PAIG", "phrase": "maybe forty forty five seventy."}, {"speaker": "PAIG", "phrase": " Or something."}, {"speaker": "KRIS", "phrase": " Okay."}, {"speaker": "PAIG", "phrase": " That's how they had it divided up."}, {"speaker": "KRIS", "phrase": " Okay."}, {"speaker": "PAIG", "phrase": " I think."}, {"speaker": "PAIG", "phrase": " Although"}, {"speaker": "PAIG", "phrase": " that's more."}, {"speaker": "PAIG", "phrase": " Right ?"}, {"speaker": "PAIG", "phrase": " Let's see."}, {"speaker": "PAIG", "phrase": "PAUSE"}, {"speaker": "KRIS", "phrase": " sounds pretty high."}, {"speaker": "PAIG", "phrase": " That's."}, {"speaker": "PAIG", "phrase": " Yeah."}, {"speaker": "KRIS", "phrase": " Yeah."}, {"speaker": "PAIG", "phrase": " That's"}, {"speaker": "PAIG", "phrase": " what."}, {"speaker": "PAIG", "phrase": " A total of hundred and..."}, {"speaker": "KRIS", "phrase": " It might've been based"}, {"speaker": "KRIS", "phrase": " either on higher calorie level."}, {"speaker": "PAIG", "phrase": "PAUSE"}, {"speaker": "KRIS", "phrase": " or"}, {"speaker": "KRIS", "phrase": " higher percent"}, {"speaker": "KRIS", "phrase": "of your calories coming from carbons."}, {"speaker": "PAIG", "phrase": " Mhm."}, {"speaker": "PAIG", "phrase": " Mhm."}, {"speaker": "KRIS", "phrase": " Like if this were fifty percent ?"}, {"speaker": "PAIG", "phrase": " Mhm."}, {"speaker": "KRIS", "phrase": " Which is probably more realistic"}, {"speaker": "KRIS", "phrase": " for how you eat."}, {"speaker": "PAIG", "phrase": " Mhm."}, {"speaker": "KRIS", "phrase": " Being vegetarian"}, {"speaker": "KRIS", "phrase": " you eat more."}, {"speaker": "KRIS", "phrase": " \u0294uh \u0294And we can change it up."}, {"speaker": "KRIS", "phrase": " But we'll use this as base."}, {"speaker": "KRIS", "phrase": " And then we wanna compare it."}, {"speaker": "PAIG", "phrase": " Mhm."}, {"speaker": "KRIS", "phrase": " to what you typically do"}, {"speaker": "KRIS", "phrase": " and"}, {"speaker": "KRIS", "phrase": " the thing is if you started laugh doing this right now"}, {"speaker": "KRIS", "phrase": " you'd have low blood sugars."}, {"speaker": "PAIG", "phrase": " Right."}, {"speaker": "KRIS", "phrase": " Cause you've already adjusted your insulin."}, {"speaker": "PAIG", "phrase": " Yeah."}, {"speaker": "KRIS", "phrase": " to another level."}, {"speaker": "PAIG", "phrase": " Mhm."}, {"speaker": "KRIS", "phrase": " But I think what you could learn from this"}, {"speaker": "KRIS", "phrase": " is that"}, {"speaker": "KRIS", "phrase": " um"}, {"speaker": "KRIS", "phrase": " at least"}, {"speaker": "KRIS", "phrase": " if you sort of chose standard place for while ?"}, {"speaker": "PAIG", "phrase": " Mhm."}, {"speaker": "KRIS", "phrase": " Until you got things little more stabilized"}, {"speaker": "KRIS", "phrase": " it might be easier"}, {"speaker": "KRIS", "phrase": " to do your insulin."}, {"speaker": "PAIG", "phrase": " Mhm."}, {"speaker": "PAIG", "phrase": " Mhm."}, {"speaker": "KRIS", "phrase": " And then"}, {"speaker": "KRIS", "phrase": " um"}, {"speaker": "KRIS", "phrase": " once you"}, {"speaker": "KRIS", "phrase": " are little more comfortable with that"}, {"speaker": "KRIS", "phrase": " then you can start doing this flux with."}, {"speaker": "PAIG", "phrase": " Right."}, {"speaker": "KRIS", "phrase": " adding the unit for another ten grams."}, {"speaker": "KRIS", "phrase": " Say if you usually have sixtyfour"}, {"speaker": "KRIS", "phrase": " and you find"}, {"speaker": "KRIS", "phrase": " you know"}, {"speaker": "KRIS", "phrase": " ex units of insulin works for that."}, {"speaker": "PAIG", "phrase": " Mhm."}, {"speaker": "KRIS", "phrase": " well"}, {"speaker": "KRIS", "phrase": " \u0294uh then you jockey it from there."}, {"speaker": "KRIS", "phrase": " Now at breakfast"}, {"speaker": "KRIS", "phrase": " we often keep that down around twelve"}, {"speaker": "KRIS", "phrase": " because."}, {"speaker": "PAIG", "phrase": " Twelve ?"}, {"speaker": "PAIG", "phrase": " Wow."}, {"speaker": "KRIS", "phrase": " Uh"}, {"speaker": "KRIS", "phrase": " percent."}, {"speaker": "KRIS", "phrase": " Uh."}, {"speaker": "PAIG", "phrase": " Oh"}, {"speaker": "PAIG", "phrase": "PAUSE"}, {"speaker": "KRIS", "phrase": " point one two times."}, {"speaker": "PAIG", "phrase": " I thought you meant grams."}, {"speaker": "PAIG", "phrase": " I was gonna say"}, {"speaker": "PAIG", "phrase": " where do you find food"}, {"speaker": "PAIG", "phrase": " that's that low."}, {"speaker": "KRIS", "phrase": " Well."}, {"speaker": "PAIG", "phrase": "PAUSE"}, {"speaker": "KRIS", "phrase": " some people actually end up having to do that."}, {"speaker": "KRIS", "phrase": " That's only about twentytwo grams."}, {"speaker": "PAIG", "phrase": " Zero"}, {"speaker": "PAIG", "phrase": " or something ?"}, {"speaker": "KRIS", "phrase": " Because of that dawn phenomenon."}, {"speaker": "PAIG", "phrase": " Mm."}, {"speaker": "PAIG", "phrase": " Mm."}, {"speaker": "KRIS", "phrase": " So"}, {"speaker": "KRIS", "phrase": " that's not much"}, {"speaker": "KRIS", "phrase": " at all."}, {"speaker": "KRIS", "phrase": " Then."}, {"speaker": "PAIG", "phrase": " Yeah"}, {"speaker": "PAIG", "phrase": " like even an English muffin is too much."}, {"speaker": "KRIS", "phrase": " Unhunh."}, {"speaker": "KRIS", "phrase": " Unhunh."}, {"speaker": "PAIG", "phrase": " Even oatmeal."}, {"speaker": "KRIS", "phrase": " It's it's \u0294uh really difficult."}, {"speaker": "KRIS", "phrase": " you can either have"}, {"speaker": "KRIS", "phrase": " either or"}, {"speaker": "KRIS", "phrase": " sort of thing."}, {"speaker": "KRIS", "phrase": " Let's see"}, {"speaker": "KRIS", "phrase": " sixty seventytwo"}, {"speaker": "KRIS", "phrase": " okay."}, {"speaker": "KRIS", "phrase": " So that gives us twentyeight"}, {"speaker": "KRIS", "phrase": " to distribute throughout the rest of the day."}, {"speaker": "KRIS", "phrase": " And"}, {"speaker": "KRIS", "phrase": " um"}, {"speaker": "KRIS", "phrase": " making decision of how to do that"}, {"speaker": "KRIS", "phrase": " really involves your insulins."}, {"speaker": "KRIS", "phrase": " Now"}, {"speaker": "KRIS", "phrase": " in the morning"}, {"speaker": "KRIS", "phrase": " you've got good amount."}, {"speaker": "KRIS", "phrase": " Of regular insulin that you take ?"}, {"speaker": "PAIG", "phrase": " Mhm."}, {"speaker": "KRIS", "phrase": " So I would wanna put little bit higher percentage"}, {"speaker": "KRIS", "phrase": " for your snack there ?"}, {"speaker": "KRIS", "phrase": " Like."}, {"speaker": "PAIG", "phrase": " Mhm."}, {"speaker": "KRIS", "phrase": " I would say maybe even ten percent here ?"}, {"speaker": "KRIS", "phrase": " Um"}, {"speaker": "KRIS", "phrase": "PAUSE"}, {"speaker": "PAIG", "phrase": " See"}, {"speaker": "PAIG", "phrase": " I hate that snack."}, {"speaker": "PAIG", "phrase": " \u0294uh Having to eat snacks."}, {"speaker": "KRIS", "phrase": " \u0294uh \u0294Oh."}, {"speaker": "PAIG", "phrase": " I just don't have time."}, {"speaker": "KRIS", "phrase": "PAUSE"}, {"speaker": "PAIG", "phrase": " You know."}, {"speaker": "KRIS", "phrase": " The only trouble with that is."}, {"speaker": "PAIG", "phrase": " \u0294uh \u0294uh."}, {"speaker": "KRIS", "phrase": " at breakfast"}, {"speaker": "KRIS", "phrase": " you"}, {"speaker": "KRIS", "phrase": " just won't have your insulins there for you"}, {"speaker": "KRIS", "phrase": " to eat the big carbo breakfast"}, {"speaker": "KRIS", "phrase": " typically."}, {"speaker": "PAIG", "phrase": " Mm."}, {"speaker": "KRIS", "phrase": " Unless"}, {"speaker": "KRIS", "phrase": " you run high"}, {"speaker": "KRIS", "phrase": " after breakfast."}, {"speaker": "KRIS", "phrase": " And then it comes down"}, {"speaker": "KRIS", "phrase": " when the insulins finally do get working."}, {"speaker": "PAIG", "phrase": " Mhm."}, {"speaker": "KRIS", "phrase": " But then you're running high."}, {"speaker": "PAIG", "phrase": " Mhm."}, {"speaker": "KRIS", "phrase": " And that's"}, {"speaker": "KRIS", "phrase": " you know"}, {"speaker": "KRIS", "phrase": " that's the only way to protect yourself."}, {"speaker": "PAIG", "phrase": " Right."}, {"speaker": "KRIS", "phrase": " is yeah"}, {"speaker": "KRIS", "phrase": " you eat bunch of carbo"}, {"speaker": "KRIS", "phrase": " you take bunch of insulin"}, {"speaker": "KRIS", "phrase": " you run high for an hour and half."}, {"speaker": "PAIG", "phrase": " Right."}, {"speaker": "KRIS", "phrase": " and then all of sudden it comes skyrocketing down."}, {"speaker": "PAIG", "phrase": " Mhm."}, {"speaker": "KRIS", "phrase": " When all the insulins get on board."}, {"speaker": "PAIG", "phrase": " Mhm."}, {"speaker": "KRIS", "phrase": " So"}, {"speaker": "KRIS", "phrase": " um"}, {"speaker": "KRIS", "phrase": "PAUSE"}, {"speaker": "PAIG", "phrase": " Right."}, {"speaker": "KRIS", "phrase": " Anyway."}, {"speaker": "KRIS", "phrase": " Uh"}, {"speaker": "KRIS", "phrase": " point one"}, {"speaker": "KRIS", "phrase": " okay"}, {"speaker": "KRIS", "phrase": " that's just gonna be eighteen"}, {"speaker": "KRIS", "phrase": "PAUSE"}, {"speaker": "PAIG", "phrase": " I wonder how..."}, {"speaker": "KRIS", "phrase": " roughly there."}, {"speaker": "PAIG", "phrase": " \u0294uh How does Doris do that though."}, {"speaker": "PAIG", "phrase": " Because she like"}, {"speaker": "PAIG", "phrase": " I don't think she eats lunch"}, {"speaker": "PAIG", "phrase": " or anything."}, {"speaker": "PAIG", "phrase": " I mean."}, {"speaker": "KRIS", "phrase": "PAUSE"}, {"speaker": "PAIG", "phrase": " she just like"}, {"speaker": "PAIG", "phrase": " has this really minimal dose of NPH"}, {"speaker": "PAIG", "phrase": " I think."}, {"speaker": "KRIS", "phrase": " You'd have to ask her."}, {"speaker": "PAIG", "phrase": " That's what uh."}, {"speaker": "KRIS", "phrase": " I don't know."}, {"speaker": "PAIG", "phrase": " That's what I suspect."}, {"speaker": "PAIG", "phrase": "PAUSE"}, {"speaker": "KRIS", "phrase": "PAUSE"}, {"speaker": "KRIS", "phrase": " I don't know the trade secrets there."}, {"speaker": "KRIS", "phrase": " Um"}, {"speaker": "KRIS", "phrase": " but uh"}, {"speaker": "KRIS", "phrase": " \u0294uh you know I think"}, {"speaker": "KRIS", "phrase": " probably"}, {"speaker": "KRIS", "phrase": " um"}, {"speaker": "KRIS", "phrase": " keeping the carbos little on the lower side"}, {"speaker": "KRIS", "phrase": " enable."}, {"speaker": "KRIS", "phrase": " Of course then you'd need less insulin"}, {"speaker": "KRIS", "phrase": " which makes life easier."}, {"speaker": "PAIG", "phrase": " Mhm."}, {"speaker": "PAIG", "phrase": " Mhm."}, {"speaker": "KRIS", "phrase": " It does make it easier"}, {"speaker": "KRIS", "phrase": " if you do eat less carbo."}, {"speaker": "KRIS", "phrase": " Cause you don't have to take these big amounts"}, {"speaker": "KRIS", "phrase": " and then wonder what they're gonna do and when."}, {"speaker": "PAIG", "phrase": " Mhm."}, {"speaker": "KRIS", "phrase": " Um"}, {"speaker": "KRIS", "phrase": " this actually"}, {"speaker": "KRIS", "phrase": " sometimes makes it more complicated."}, {"speaker": "KRIS", "phrase": " Now"}, {"speaker": "KRIS", "phrase": " mid afternoon."}, {"speaker": "KRIS", "phrase": " you are taking touch of regular at lunch"}, {"speaker": "KRIS", "phrase": " but you don't really eat much of snack."}, {"speaker": "KRIS", "phrase": " Usually."}, {"speaker": "KRIS", "phrase": " After lunch."}, {"speaker": "KRIS", "phrase": " Cause you have late lunch"}, {"speaker": "KRIS", "phrase": " might have some Cheetos there I see."}, {"speaker": "PAIG", "phrase": " Mhm."}, {"speaker": "PAIG", "phrase": " \u0294Oh"}, {"speaker": "PAIG", "phrase": " that was just cause I was like."}, {"speaker": "KRIS", "phrase": " Um."}, {"speaker": "PAIG", "phrase": " couldn't eat dinner."}, {"speaker": "KRIS", "phrase": " Cashews."}, {"speaker": "PAIG", "phrase": " Hm."}, {"speaker": "KRIS", "phrase": " Um."}, {"speaker": "PAIG", "phrase": "PAUSE"}, {"speaker": "KRIS", "phrase": "PAUSE"}, {"speaker": "PAIG", "phrase": " I had to go to something"}, {"speaker": "PAIG", "phrase": " like right at"}, {"speaker": "PAIG", "phrase": " at six o'clock"}, {"speaker": "PAIG", "phrase": " or seven o'clock"}, {"speaker": "PAIG", "phrase": " or something."}, {"speaker": "KRIS", "phrase": " So that really may be one."}, {"speaker": "PAIG", "phrase": "PAUSE"}, {"speaker": "KRIS", "phrase": " where"}, {"speaker": "KRIS", "phrase": " it's sort of debatable."}, {"speaker": "KRIS", "phrase": " You know"}, {"speaker": "KRIS", "phrase": " maybe at the most you'd have five percent there."}, {"speaker": "KRIS", "phrase": " Um"}, {"speaker": "KRIS", "phrase": " and I'm just sort of guessing"}, {"speaker": "KRIS", "phrase": " as place to start"}, {"speaker": "KRIS", "phrase": " \u0294uh why'd I do that ?"}, {"speaker": "KRIS", "phrase": " I knew what it was ?"}, {"speaker": "KRIS", "phrase": " And that's just hardly anything."}, {"speaker": "KRIS", "phrase": " That's."}, {"speaker": "KRIS", "phrase": " Some"}, {"speaker": "KRIS", "phrase": " few nuts."}, {"speaker": "KRIS", "phrase": " Really."}, {"speaker": "KRIS", "phrase": " And that's about it or"}, {"speaker": "KRIS", "phrase": " \u0294uh um"}, {"speaker": "KRIS", "phrase": " then later on"}, {"speaker": "KRIS", "phrase": " you do sometimes eat after dinner."}, {"speaker": "KRIS", "phrase": " Cause you're kind of nightowl"}, {"speaker": "KRIS", "phrase": " and um."}, {"speaker": "PAIG", "phrase": "PAUSE"}, {"speaker": "KRIS", "phrase": " let's see this'll go twentytwo"}, {"speaker": "KRIS", "phrase": " plus"}, {"speaker": "KRIS", "phrase": " uh"}, {"speaker": "KRIS", "phrase": " so we're looking at"}, {"speaker": "KRIS", "phrase": " about"}, {"speaker": "KRIS", "phrase": " roughly"}, {"speaker": "KRIS", "phrase": " thirteen fifteen percent there"}, {"speaker": "KRIS", "phrase": " so"}, {"speaker": "KRIS", "phrase": " okay so"}, {"speaker": "KRIS", "phrase": " approximately well"}, {"speaker": "KRIS", "phrase": " essentially like breakfast."}, {"speaker": "KRIS", "phrase": "PAUSE"}, {"speaker": "KRIS", "phrase": " So"}, {"speaker": "KRIS", "phrase": " those would just be places to start from."}, {"speaker": "KRIS", "phrase": " But I think"}, {"speaker": "KRIS", "phrase": " um"}, {"speaker": "KRIS", "phrase": " what's even more important."}, {"speaker": "PAIG", "phrase": " Okay."}, {"speaker": "KRIS", "phrase": " is"}, {"speaker": "KRIS", "phrase": " you've gotta tailor it"}, {"speaker": "KRIS", "phrase": " to what your insulin is."}, {"speaker": "KRIS", "phrase": " And use these as jumping off place."}, {"speaker": "KRIS", "phrase": " You know"}, {"speaker": "KRIS", "phrase": " if you say"}, {"speaker": "KRIS", "phrase": " well this is ridiculous"}, {"speaker": "KRIS", "phrase": " I always have seventy carbo dinner."}, {"speaker": "PAIG", "phrase": " Mhm."}, {"speaker": "KRIS", "phrase": " well"}, {"speaker": "KRIS", "phrase": " so what."}, {"speaker": "KRIS", "phrase": " You know"}, {"speaker": "KRIS", "phrase": " \u0294uh there's nothing wrong with that"}, {"speaker": "KRIS", "phrase": " it just means"}, {"speaker": "KRIS", "phrase": " you slightly adjust that insulin."}, {"speaker": "KRIS", "phrase": " Same thing if you don't like snacks"}, {"speaker": "KRIS", "phrase": " what are you gonna do to compensate."}, {"speaker": "PAIG", "phrase": " Mhm."}, {"speaker": "KRIS", "phrase": " for the fact"}, {"speaker": "KRIS", "phrase": " that"}, {"speaker": "KRIS", "phrase": " there's there's lotta insulin there maybe."}, {"speaker": "KRIS", "phrase": " And um."}, {"speaker": "PAIG", "phrase": " Mhm."}, {"speaker": "KRIS", "phrase": " \u0294uh how are you gonna get around that."}, {"speaker": "KRIS", "phrase": " Um"}, {"speaker": "KRIS", "phrase": " but that's the sole purpose of snacks"}, {"speaker": "KRIS", "phrase": " is to really prevent"}, {"speaker": "KRIS", "phrase": " lows from happening"}, {"speaker": "KRIS", "phrase": " and to counteract"}, {"speaker": "KRIS", "phrase": " um"}, {"speaker": "KRIS", "phrase": " the insulin time actions."}, {"speaker": "KRIS", "phrase": " Um"}, {"speaker": "KRIS", "phrase": " So."}, {"speaker": "PAIG", "phrase": " Hm."}, {"speaker": "KRIS", "phrase": "..."}, {"speaker": "PAIG", "phrase": " Oh..."}, {"speaker": "KRIS", "phrase": " Maybe we should..."}, {"speaker": "PAIG", "phrase": " \u0294uh..."}, {"speaker": "KRIS", "phrase": " Go ahead."}, {"speaker": "KRIS", "phrase": "PAUSE"}, {"speaker": "PAIG", "phrase": " Oh"}, {"speaker": "PAIG", "phrase": " I just had one question"}, {"speaker": "PAIG", "phrase": " so for example."}, {"speaker": "KRIS", "phrase": " Unhunh ?"}, {"speaker": "PAIG", "phrase": " say I didn't eat lunch ?"}, {"speaker": "PAIG", "phrase": " Then what would happen."}, {"speaker": "PAIG", "phrase": " Like"}, {"speaker": "PAIG", "phrase": " then I could not take the insulin there."}, {"speaker": "KRIS", "phrase": "PAUSE"}, {"speaker": "PAIG", "phrase": " And then."}, {"speaker": "KRIS", "phrase": " Well."}, {"speaker": "PAIG", "phrase": " But then"}, {"speaker": "PAIG", "phrase": " I don't know."}, {"speaker": "KRIS", "phrase": " you probably would need to eat little something."}, {"speaker": "PAIG", "phrase": " I wonder."}, {"speaker": "PAIG", "phrase": " I would get high then maybe"}, {"speaker": "PAIG", "phrase": " hunh ?"}, {"speaker": "PAIG", "phrase": "PAUSE"}, {"speaker": "KRIS", "phrase": " because"}, {"speaker": "KRIS", "phrase": " of your NPH peaking."}, {"speaker": "PAIG", "phrase": " Mhm."}, {"speaker": "PAIG", "phrase": " Mhm."}, {"speaker": "KRIS", "phrase": " although"}, {"speaker": "KRIS", "phrase": " you don't take lot of NPH."}, {"speaker": "KRIS", "phrase": " So."}, {"speaker": "PAIG", "phrase": " In the morning yeah."}, {"speaker": "KRIS", "phrase": " It may be debatable"}, {"speaker": "KRIS", "phrase": " if you really laugh need to have something"}, {"speaker": "KRIS", "phrase": " later in the"}, {"speaker": "KRIS", "phrase": " uh or"}, {"speaker": "KRIS", "phrase": " to get you into dinner"}, {"speaker": "KRIS", "phrase": " okay."}, {"speaker": "KRIS", "phrase": " Um"}, {"speaker": "KRIS", "phrase": "PAUSE"}, {"speaker": "PAIG", "phrase": " Hmm."}, {"speaker": "KRIS", "phrase": " You know"}, {"speaker": "KRIS", "phrase": " you might have to eat sort of an afternoon snack"}, {"speaker": "KRIS", "phrase": " if you don't."}, {"speaker": "PAIG", "phrase": " Mhm."}, {"speaker": "KRIS", "phrase": " Um"}, {"speaker": "KRIS", "phrase": " or"}, {"speaker": "KRIS", "phrase": " yeah."}, {"speaker": "KRIS", "phrase": " Take"}, {"speaker": "KRIS", "phrase": " look at"}, {"speaker": "KRIS", "phrase": " look at the NPH that you're taking"}, {"speaker": "KRIS", "phrase": " and"}, {"speaker": "KRIS", "phrase": " \u0294uh Doris could help you with that."}, {"speaker": "KRIS", "phrase": " Did she give you scale for no lunch"}, {"speaker": "KRIS", "phrase": " lunch scale."}, {"speaker": "PAIG", "phrase": " A while ago"}, {"speaker": "PAIG", "phrase": " but um"}, {"speaker": "PAIG", "phrase": " it changed after that."}, {"speaker": "PAIG", "phrase": " See this was the original thing."}, {"speaker": "PAIG", "phrase": " That I had."}, {"speaker": "PAIG", "phrase": " She said"}, {"speaker": "PAIG", "phrase": " but."}, {"speaker": "PAIG", "phrase": " Okay"}, {"speaker": "PAIG", "phrase": " this was"}, {"speaker": "PAIG", "phrase": " hm."}, {"speaker": "PAIG", "phrase": " This was while ago."}, {"speaker": "PAIG", "phrase": " See"}, {"speaker": "PAIG", "phrase": " three twentyfour ninetyfour."}, {"speaker": "PAIG", "phrase": " So"}, {"speaker": "PAIG", "phrase": " um"}, {"speaker": "PAIG", "phrase": " like"}, {"speaker": "PAIG", "phrase": " for example"}, {"speaker": "PAIG", "phrase": " she had these two things"}, {"speaker": "PAIG", "phrase": " so if I was gonna eat"}, {"speaker": "PAIG", "phrase": " like say I"}, {"speaker": "PAIG", "phrase": " I decided"}, {"speaker": "PAIG", "phrase": " in the morning."}, {"speaker": "PAIG", "phrase": " I was gonna eat lunch ?"}, {"speaker": "PAIG", "phrase": " Then"}, {"speaker": "PAIG", "phrase": " I would take four"}, {"speaker": "PAIG", "phrase": " units of NPH and then"}, {"speaker": "PAIG", "phrase": " supplement it"}, {"speaker": "PAIG", "phrase": " with the regular"}, {"speaker": "PAIG", "phrase": " but if I knew"}, {"speaker": "PAIG", "phrase": " like say in the morning ?"}, {"speaker": "PAIG", "phrase": " That I wasn't gonna eat lunch ?"}, {"speaker": "PAIG", "phrase": " Then."}, {"speaker": "KRIS", "phrase": " Hm."}, {"speaker": "PAIG", "phrase": " she said take \u0294uh."}, {"speaker": "PAIG", "phrase": " But this doesn't make any sense."}, {"speaker": "PAIG", "phrase": " To me."}, {"speaker": "PAIG", "phrase": " Take six NPH"}, {"speaker": "PAIG", "phrase": " cause I would be low"}, {"speaker": "PAIG", "phrase": " with this then"}, {"speaker": "PAIG", "phrase": " definitely."}, {"speaker": "KRIS", "phrase": "PAUSE"}, {"speaker": "PAIG", "phrase": " You know."}, {"speaker": "KRIS", "phrase": " Yeah\u0294."}, {"speaker": "PAIG", "phrase": " In in the afternoon."}, {"speaker": "KRIS", "phrase": " hunh."}, {"speaker": "KRIS", "phrase": " Okay."}, {"speaker": "KRIS", "phrase": " Yeah \u0294uh."}, {"speaker": "PAIG", "phrase": " I think this was kinda guessing."}, {"speaker": "KRIS", "phrase": " Well."}, {"speaker": "PAIG", "phrase": " too."}, {"speaker": "PAIG", "phrase": " \u0294uh Cause"}, {"speaker": "PAIG", "phrase": " it was before."}, {"speaker": "KRIS", "phrase": " Hm."}, {"speaker": "PAIG", "phrase": " \u0294uh I had really..."}, {"speaker": "KRIS", "phrase": " Yeah."}, {"speaker": "KRIS", "phrase": " Definitely"}, {"speaker": "KRIS", "phrase": " um"}, {"speaker": "KRIS", "phrase": " \u0294uh you know"}, {"speaker": "KRIS", "phrase": " check with her"}, {"speaker": "KRIS", "phrase": " on your insulins."}, {"speaker": "KRIS", "phrase": " Cause"}, {"speaker": "KRIS", "phrase": " \u0294uh you know"}, {"speaker": "KRIS", "phrase": " she"}, {"speaker": "KRIS", "phrase": " is the only one that can really clarify them."}, {"speaker": "KRIS", "phrase": " Um"}, {"speaker": "KRIS", "phrase": " \u0294uh you know"}, {"speaker": "KRIS", "phrase": " just"}, {"speaker": "KRIS", "phrase": " it's tough."}, {"speaker": "KRIS", "phrase": " To"}, {"speaker": "KRIS", "phrase": "PAUSE"}, {"speaker": "KRIS", "phrase": " to do the jockeying of of the food"}, {"speaker": "KRIS", "phrase": " and the insulin."}, {"speaker": "KRIS", "phrase": " It really"}, {"speaker": "KRIS", "phrase": " um"}, {"speaker": "KRIS", "phrase": " \u0294uh."}, {"speaker": "PAIG", "phrase": " Mm."}, {"speaker": "KRIS", "phrase": " It it just"}, {"speaker": "KRIS", "phrase": " it makes it really"}, {"speaker": "KRIS", "phrase": " um"}, {"speaker": "KRIS", "phrase": " a challenge there to."}, {"speaker": "PAIG", "phrase": " Well"}, {"speaker": "PAIG", "phrase": " this is where I got the idea that she \u0294uh."}, {"speaker": "PAIG", "phrase": " Probably doesn't eat lunch."}, {"speaker": "PAIG", "phrase": " Well"}, {"speaker": "PAIG", "phrase": " \u0294uh I don't know how she would have time"}, {"speaker": "PAIG", "phrase": " anyway."}, {"speaker": "PAIG", "phrase": " Every time you see her"}, {"speaker": "PAIG", "phrase": " it's like"}, {"speaker": "PAIG", "phrase": " you know five minutes here"}, {"speaker": "PAIG", "phrase": " five minutes there"}, {"speaker": "PAIG", "phrase": " but um"}, {"speaker": "PAIG", "phrase": " then"}, {"speaker": "PAIG", "phrase": " also"}, {"speaker": "PAIG", "phrase": " just like um"}, {"speaker": "PAIG", "phrase": " I don't know."}, {"speaker": "PAIG", "phrase": " She sort of"}, {"speaker": "PAIG", "phrase": " like"}, {"speaker": "PAIG", "phrase": " knew what I meant"}, {"speaker": "PAIG", "phrase": " when I was saying."}, {"speaker": "KRIS", "phrase": " Unhunh."}, {"speaker": "KRIS", "phrase": " Unhunh."}, {"speaker": "PAIG", "phrase": " oh"}, {"speaker": "PAIG", "phrase": " it's such pain to have to stop and eat lunch."}, {"speaker": "KRIS", "phrase": " Mhm."}, {"speaker": "PAIG", "phrase": " You know."}, {"speaker": "PAIG", "phrase": " And"}, {"speaker": "PAIG", "phrase": " so"}, {"speaker": "PAIG", "phrase": " um"}, {"speaker": "PAIG", "phrase": " that's where I got that idea."}, {"speaker": "PAIG", "phrase": " But."}, {"speaker": "KRIS", "phrase": " Mm."}, {"speaker": "KRIS", "phrase": " Mhm."}, {"speaker": "KRIS", "phrase": " Well"}, {"speaker": "KRIS", "phrase": " it's"}, {"speaker": "KRIS", "phrase": " \u0294uh."}, {"speaker": "KRIS", "phrase": " Yeah."}, {"speaker": "KRIS", "phrase": " Let's see."}, {"speaker": "KRIS", "phrase": " And so four of N"}, {"speaker": "KRIS", "phrase": " six of N"}, {"speaker": "KRIS", "phrase": " and then zero regular there."}, {"speaker": "PAIG", "phrase": " Yeah."}, {"speaker": "KRIS", "phrase": " Hm."}, {"speaker": "KRIS", "phrase": " That's where just monitoring"}, {"speaker": "KRIS", "phrase": " monitoring"}, {"speaker": "KRIS", "phrase": " monitoring."}, {"speaker": "KRIS", "phrase": " Um."}, {"speaker": "PAIG", "phrase": " Mhm."}, {"speaker": "KRIS", "phrase": " lets you know"}, {"speaker": "KRIS", "phrase": " if if it's gonna work for you"}, {"speaker": "KRIS", "phrase": " or not."}, {"speaker": "KRIS", "phrase": " If it's too strong"}, {"speaker": "KRIS", "phrase": " or"}, {"speaker": "KRIS", "phrase": " not strong enough."}, {"speaker": "PAIG", "phrase": " Mhm."}, {"speaker": "KRIS", "phrase": " Um"}, {"speaker": "KRIS", "phrase": " yeah."}, {"speaker": "KRIS", "phrase": " \u0294Yeah."}, {"speaker": "PAIG", "phrase": " Right."}, {"speaker": "KRIS", "phrase": " So it's"}, {"speaker": "KRIS", "phrase": " Well anyway"}, {"speaker": "KRIS", "phrase": " how can I."}, {"speaker": "KRIS", "phrase": " How can I help you with all this."}, {"speaker": "PAIG", "phrase": "PAUSE"}, {"speaker": "KRIS", "phrase": " I feel like uh"}, {"speaker": "KRIS", "phrase": " we're \u0294uh still in pickle"}, {"speaker": "KRIS", "phrase": " in that um"}, {"speaker": "KRIS", "phrase": " it's just"}, {"speaker": "KRIS", "phrase": " every day"}, {"speaker": "KRIS", "phrase": " is so different."}, {"speaker": "PAIG", "phrase": "PAUSE"}, {"speaker": "KRIS", "phrase": " and"}, {"speaker": "KRIS", "phrase": "PAUSE"}, {"speaker": "PAIG", "phrase": "PAUSE"}, {"speaker": "KRIS", "phrase": " you know you're you're adjusting your insulins."}, {"speaker": "PAIG", "phrase": " Right."}, {"speaker": "KRIS", "phrase": " uh"}, {"speaker": "KRIS", "phrase": " per your"}, {"speaker": "KRIS", "phrase": " uh"}, {"speaker": "KRIS", "phrase": " protocols that you have there"}, {"speaker": "KRIS", "phrase": " and the carbos are varying around that"}, {"speaker": "KRIS", "phrase": " um"}, {"speaker": "KRIS", "phrase": " but"}, {"speaker": "KRIS", "phrase": " \u0294uh you know"}, {"speaker": "KRIS", "phrase": " I think it's important we"}, {"speaker": "KRIS", "phrase": " \u0294uh make some kind of a goal"}, {"speaker": "KRIS", "phrase": " to \u0294uh prevent these lows from happening."}, {"speaker": "PAIG", "phrase": " Mhm."}, {"speaker": "KRIS", "phrase": " and uh"}, {"speaker": "KRIS", "phrase": " try and prevent the ones that are creeping up little bit too high."}, {"speaker": "KRIS", "phrase": " And"}, {"speaker": "KRIS", "phrase": " you know"}, {"speaker": "KRIS", "phrase": " what do you think"}, {"speaker": "KRIS", "phrase": " um"}, {"speaker": "KRIS", "phrase": " that uh you could do"}, {"speaker": "KRIS", "phrase": " to clarify this little bit more and."}, {"speaker": "PAIG", "phrase": "PAUSE"}, {"speaker": "PAIG", "phrase": " Oh."}, {"speaker": "KRIS", "phrase": " make it little easier."}, {"speaker": "KRIS", "phrase": "PAUSE"}, {"speaker": "PAIG", "phrase": " Well"}, {"speaker": "PAIG", "phrase": " I guess maybe if I try this."}, {"speaker": "PAIG", "phrase": " maybe that's the only way."}, {"speaker": "PAIG", "phrase": " Cause it seems like to me that um"}, {"speaker": "PAIG", "phrase": " I don't know."}, {"speaker": "PAIG", "phrase": " I don't know."}, {"speaker": "PAIG", "phrase": " It's."}, {"speaker": "PAIG", "phrase": " Maybe it's easier"}, {"speaker": "PAIG", "phrase": " if I have like some kind of set thing"}, {"speaker": "PAIG", "phrase": " cause then"}, {"speaker": "PAIG", "phrase": "PAUSE"}, {"speaker": "KRIS", "phrase": " Yeah."}, {"speaker": "KRIS", "phrase": " Something to shoot for."}, {"speaker": "PAIG", "phrase": " \u0294uh Yeah."}, {"speaker": "KRIS", "phrase": " Kinda."}, {"speaker": "PAIG", "phrase": " \u0294uh Cause otherwise"}, {"speaker": "PAIG", "phrase": " I'll just do whatever I feel like doing."}, {"speaker": "KRIS", "phrase": " Right."}, {"speaker": "PAIG", "phrase": " you know."}, {"speaker": "PAIG", "phrase": "PAUSE"}, {"speaker": "KRIS", "phrase": " Right."}, {"speaker": "PAIG", "phrase": "PAUSE"}, {"speaker": "KRIS", "phrase": " Uh."}, {"speaker": "PAIG", "phrase": " Obviously."}, {"speaker": "PAIG", "phrase": "PAUSE"}, {"speaker": "KRIS", "phrase": "PAUSE"}, {"speaker": "KRIS", "phrase": " Well"}, {"speaker": "KRIS", "phrase": " \u0294uh you you could give this try"}, {"speaker": "KRIS", "phrase": " as far as the levels"}, {"speaker": "KRIS", "phrase": " but what I would do"}, {"speaker": "KRIS", "phrase": " is"}, {"speaker": "KRIS", "phrase": " is use"}, {"speaker": "KRIS", "phrase": " what you're currently doing as sort of backup guide."}, {"speaker": "KRIS", "phrase": " Because"}, {"speaker": "KRIS", "phrase": " obviously"}, {"speaker": "KRIS", "phrase": " if you're having"}, {"speaker": "KRIS", "phrase": " and and this has changed."}, {"speaker": "KRIS", "phrase": " A lot."}, {"speaker": "KRIS", "phrase": " Uh over the past few days."}, {"speaker": "KRIS", "phrase": " But um"}, {"speaker": "KRIS", "phrase": " well one day you have thirtyeight at breakfast."}, {"speaker": "KRIS", "phrase": " The next day you have none."}, {"speaker": "KRIS", "phrase": " Um."}, {"speaker": "PAIG", "phrase": " \u0294uh Yeah but that's like if it's high."}, {"speaker": "KRIS", "phrase": "PAUSE"}, {"speaker": "KRIS", "phrase": " For ty."}, {"speaker": "PAIG", "phrase": " And it also"}, {"speaker": "PAIG", "phrase": " like sometimes I just writethemin different columns."}, {"speaker": "PAIG", "phrase": " Cause."}, {"speaker": "KRIS", "phrase": " Okay."}, {"speaker": "PAIG", "phrase": " Cause uh"}, {"speaker": "PAIG", "phrase": " depending on what time it was."}, {"speaker": "KRIS", "phrase": " But"}, {"speaker": "KRIS", "phrase": " if you're having only"}, {"speaker": "KRIS", "phrase": " you know."}, {"speaker": "KRIS", "phrase": " Around"}, {"speaker": "KRIS", "phrase": " and what you could do is sort of round these."}, {"speaker": "KRIS", "phrase": " A little bit."}, {"speaker": "KRIS", "phrase": " Like shoot for say twentyfive"}, {"speaker": "KRIS", "phrase": " or."}, {"speaker": "PAIG", "phrase": " Mhm."}, {"speaker": "KRIS", "phrase": " just say every morning"}, {"speaker": "KRIS", "phrase": " you're gonna have thirty."}, {"speaker": "PAIG", "phrase": " Mhm."}, {"speaker": "KRIS", "phrase": " like thirty gram carbohydrate breakfast."}, {"speaker": "KRIS", "phrase": " Period."}, {"speaker": "PAIG", "phrase": " Mhm."}, {"speaker": "KRIS", "phrase": " That's um"}, {"speaker": "KRIS", "phrase": " \u0294uh it it would work."}, {"speaker": "KRIS", "phrase": " And then you just start learning from that."}, {"speaker": "PAIG", "phrase": " Mhm."}, {"speaker": "KRIS", "phrase": " You know"}, {"speaker": "KRIS", "phrase": " you know that thirty gram carbohydrate breakfast would be an improvement"}, {"speaker": "KRIS", "phrase": " on what you were doing"}, {"speaker": "KRIS", "phrase": " as far as"}, {"speaker": "KRIS", "phrase": " \u0294uh dropping it down little bit."}, {"speaker": "PAIG", "phrase": " Mhm."}, {"speaker": "PAIG", "phrase": " Mhm."}, {"speaker": "KRIS", "phrase": " and yet"}, {"speaker": "KRIS", "phrase": " it would be"}, {"speaker": "KRIS", "phrase": " it would also be something kind of easy to do with toast"}, {"speaker": "KRIS", "phrase": " or bread."}, {"speaker": "PAIG", "phrase": " Right."}, {"speaker": "PAIG", "phrase": " Right."}, {"speaker": "KRIS", "phrase": " or English muffins"}, {"speaker": "KRIS", "phrase": " so you could just lock into that."}, {"speaker": "KRIS", "phrase": " And uh"}, {"speaker": "KRIS", "phrase": " see see how that goes."}, {"speaker": "KRIS", "phrase": " Um"}, {"speaker": "KRIS", "phrase": " uh"}, {"speaker": "KRIS", "phrase": " mid morning"}, {"speaker": "KRIS", "phrase": " well"}, {"speaker": "KRIS", "phrase": " that's kind of debatable one"}, {"speaker": "KRIS", "phrase": " cause you don't really like to have the snack."}, {"speaker": "PAIG", "phrase": " Mhm."}, {"speaker": "KRIS", "phrase": " but"}, {"speaker": "KRIS", "phrase": " try it."}, {"speaker": "KRIS", "phrase": " And see."}, {"speaker": "KRIS", "phrase": " Maybe carry something with you."}, {"speaker": "KRIS", "phrase": " And it could be something simple."}, {"speaker": "KRIS", "phrase": " You might make this just sort of"}, {"speaker": "KRIS", "phrase": " plastic baggie full of crackers."}, {"speaker": "KRIS", "phrase": " That you take with you wherever you go."}, {"speaker": "PAIG", "phrase": " Mhm."}, {"speaker": "PAIG", "phrase": " Right."}, {"speaker": "KRIS", "phrase": " and just make it standard habit."}, {"speaker": "PAIG", "phrase": " Mhm."}, {"speaker": "KRIS", "phrase": " Or"}, {"speaker": "KRIS", "phrase": " it could be piece of fruit."}, {"speaker": "KRIS", "phrase": " That is gonna be approximately in that ballpark."}, {"speaker": "KRIS", "phrase": " And"}, {"speaker": "KRIS", "phrase": " lunchtime ?"}, {"speaker": "KRIS", "phrase": " I I would say maybe rounding it"}, {"speaker": "KRIS", "phrase": " I might round it to sixty."}, {"speaker": "KRIS", "phrase": " So"}, {"speaker": "KRIS", "phrase": "so what if we increase your quota up to about forty five percent."}, {"speaker": "PAIG", "phrase": " Mhm."}, {"speaker": "KRIS", "phrase": " It's not big deal."}, {"speaker": "KRIS", "phrase": " That that's not the most important thing."}, {"speaker": "KRIS", "phrase": " The main thing is that you're trying to hit those quotas consistently."}, {"speaker": "PAIG", "phrase": " Mhm."}, {"speaker": "KRIS", "phrase": " Um"}, {"speaker": "KRIS", "phrase": " here"}, {"speaker": "KRIS", "phrase": " I don't think you'll have any problem eating something laugh later laugh on after dinner."}, {"speaker": "PAIG", "phrase": "PAUSE"}, {"speaker": "KRIS", "phrase": " if anything it's"}, {"speaker": "KRIS", "phrase": " it's gonna be"}, {"speaker": "KRIS", "phrase": " trying to maybe keep this down."}, {"speaker": "PAIG", "phrase": " Mhm."}, {"speaker": "KRIS", "phrase": " Around fifteen to thirty"}, {"speaker": "KRIS", "phrase": " or something in that ballpark."}, {"speaker": "PAIG", "phrase": " Mhm."}, {"speaker": "KRIS", "phrase": " But"}, {"speaker": "KRIS", "phrase": " I agree"}, {"speaker": "KRIS", "phrase": " that if you can make it little more rock steady"}, {"speaker": "KRIS", "phrase": " you should be able to smooth some of these things out bit more"}, {"speaker": "KRIS", "phrase": " if you have schedule that you're trying."}, {"speaker": "PAIG", "phrase": " Mhm."}, {"speaker": "KRIS", "phrase": " to to go for."}, {"speaker": "KRIS", "phrase": " But these are little bit more scientifically derived."}, {"speaker": "PAIG", "phrase": " Yeah."}, {"speaker": "PAIG", "phrase": " Mhm."}, {"speaker": "PAIG", "phrase": " Mhm."}, {"speaker": "KRIS", "phrase": " based on"}, {"speaker": "KRIS", "phrase": " \u0294uh what insulins are doing"}, {"speaker": "KRIS", "phrase": " and when."}, {"speaker": "PAIG", "phrase": " Right."}, {"speaker": "KRIS", "phrase": " So."}, {"speaker": "PAIG", "phrase": " Yeah."}, {"speaker": "PAIG", "phrase": " Hm."}, {"speaker": "KRIS", "phrase": " Questions."}, {"speaker": "KRIS", "phrase": " \u0294Uh"}, {"speaker": "KRIS", "phrase": "PAUSE"}, {"speaker": "PAIG", "phrase": " No"}, {"speaker": "PAIG", "phrase": " I'm just"}, {"speaker": "PAIG", "phrase": " I was just looking at this number"}, {"speaker": "PAIG", "phrase": " and thinking"}, {"speaker": "PAIG", "phrase": " Oh"}, {"speaker": "PAIG", "phrase": " if I only eat that"}, {"speaker": "PAIG", "phrase": " amount of carbohydrate at dinner."}, {"speaker": "KRIS", "phrase": "PAUSE"}, {"speaker": "PAIG", "phrase": " I'll be just like dropping."}, {"speaker": "KRIS", "phrase": "PAUSE"}, {"speaker": "PAIG", "phrase": " \u0294uh You know."}, {"speaker": "PAIG", "phrase": " All night long."}, {"speaker": "KRIS", "phrase": " With your..."}, {"speaker": "PAIG", "phrase": " And and"}, {"speaker": "PAIG", "phrase": " that is so annoying."}, {"speaker": "PAIG", "phrase": " It's like you have to keep eating"}, {"speaker": "PAIG", "phrase": " and keep eating."}, {"speaker": "PAIG", "phrase": " Cause I've had that happen."}, {"speaker": "PAIG", "phrase": "PAUSE"}, {"speaker": "KRIS", "phrase": " Well"}, {"speaker": "KRIS", "phrase": " maybe realistically what you wanna do"}, {"speaker": "KRIS", "phrase": " is keep this one"}, {"speaker": "KRIS", "phrase": " \u0294uh because lunch"}, {"speaker": "KRIS", "phrase": " well what are you gonna have really."}, {"speaker": "KRIS", "phrase": " You're gonna have"}, {"speaker": "KRIS", "phrase": " yeah."}, {"speaker": "KRIS", "phrase": " A couple tortillas"}, {"speaker": "KRIS", "phrase": " or maybe sandwich"}, {"speaker": "KRIS", "phrase": " or something along that line."}, {"speaker": "PAIG", "phrase": " Yeah."}, {"speaker": "KRIS", "phrase": " Maybe realistically"}, {"speaker": "KRIS", "phrase": " this is only about"}, {"speaker": "KRIS", "phrase": " forty"}, {"speaker": "KRIS", "phrase": " or fiftyish."}, {"speaker": "PAIG", "phrase": " Yeah."}, {"speaker": "KRIS", "phrase": " Okay."}, {"speaker": "KRIS", "phrase": " So that's fine."}, {"speaker": "KRIS", "phrase": " \u0294uh I would just adjust this"}, {"speaker": "KRIS", "phrase": " to"}, {"speaker": "KRIS", "phrase": " fifty"}, {"speaker": "KRIS", "phrase": "or forty five"}, {"speaker": "KRIS", "phrase": " or whatever you see fit."}, {"speaker": "PAIG", "phrase": " Mhm."}, {"speaker": "KRIS", "phrase": " But dinner"}, {"speaker": "KRIS", "phrase": " you're right."}, {"speaker": "KRIS", "phrase": " You have control"}, {"speaker": "KRIS", "phrase": " in that you have regular sliding scale"}, {"speaker": "KRIS", "phrase": " that you can use"}, {"speaker": "KRIS", "phrase": " and"}, {"speaker": "KRIS", "phrase": " maybe"}, {"speaker": "KRIS", "phrase": " realistically you should make this seventy."}, {"speaker": "PAIG", "phrase": " Mhm."}, {"speaker": "PAIG", "phrase": " Mhm."}, {"speaker": "KRIS", "phrase": " And just"}, {"speaker": "KRIS", "phrase": " but"}, {"speaker": "KRIS", "phrase": " but call it seventy"}, {"speaker": "KRIS", "phrase": " and then really try to stand by that."}, {"speaker": "KRIS", "phrase": " And look at the insulin"}, {"speaker": "KRIS", "phrase": " look at your numbers before and after"}, {"speaker": "KRIS", "phrase": " and what does happen over the course of the evening."}, {"speaker": "KRIS", "phrase": " Um"}, {"speaker": "KRIS", "phrase": " do you have to go ahead and have this within two hours ?"}, {"speaker": "KRIS", "phrase": " Or."}, {"speaker": "PAIG", "phrase": " Mhm."}, {"speaker": "KRIS", "phrase": " uh"}, {"speaker": "KRIS", "phrase": " \u0294uh or what."}, {"speaker": "KRIS", "phrase": "PAUSE"}, {"speaker": "PAIG", "phrase": " Mhm."}, {"speaker": "KRIS", "phrase": " But but look at it and see"}, {"speaker": "KRIS", "phrase": " but stand by it."}, {"speaker": "KRIS", "phrase": " Make it like seventy"}, {"speaker": "KRIS", "phrase": " and then just stick to it."}, {"speaker": "PAIG", "phrase": " \u0294uh \u0294uh Mhm."}, {"speaker": "KRIS", "phrase": " Um."}, {"speaker": "PAIG", "phrase": " Okay."}, {"speaker": "KRIS", "phrase": " So"}, {"speaker": "KRIS", "phrase": "PAUSE"}, {"speaker": "PAIG", "phrase": " Okay."}, {"speaker": "PAIG", "phrase": "PAUSE"}, {"speaker": "KRIS", "phrase": " So"}, {"speaker": "KRIS", "phrase": " anyway."}, {"speaker": "KRIS", "phrase": " That's something you could play with for uh little while"}, {"speaker": "KRIS", "phrase": " and see if if it um helps"}, {"speaker": "KRIS", "phrase": " in getting rid of some of the outliers."}, {"speaker": "KRIS", "phrase": " That we're trying to fix up."}, {"speaker": "KRIS", "phrase": " So"}, {"speaker": "KRIS", "phrase": " um"}, {"speaker": "KRIS", "phrase": " other questions."}, {"speaker": "KRIS", "phrase": " Uh."}, {"speaker": "PAIG", "phrase": "PAUSE"}]}