{"text": [{"speaker": "FRAN", "phrase": " Well I went to this church"}, {"speaker": "FRAN", "phrase": " and this is very interesting."}, {"speaker": "SEAN", "phrase": " This is in Meridia ?"}, {"speaker": "FRAN", "phrase": " Merida."}, {"speaker": "SEAN", "phrase": " Merida."}, {"speaker": "FRAN", "phrase": " In the Yucatan."}, {"speaker": "SEAN", "phrase": " That's right."}, {"speaker": "FRAN", "phrase": " And it's lovely."}, {"speaker": "FRAN", "phrase": " The people are \u0294uh sweet and nice"}, {"speaker": "FRAN", "phrase": " they're little"}, {"speaker": "FRAN", "phrase": " they're dark"}, {"speaker": "FRAN", "phrase": " they all wear white"}, {"speaker": "FRAN", "phrase": " and the city is quite nice."}, {"speaker": "FRAN", "phrase": " It's very manageable size."}, {"speaker": "FRAN", "phrase": " Merida."}, {"speaker": "FRAN", "phrase": " You can..."}, {"speaker": "SEAN", "phrase": " Unhunh ?"}, {"speaker": "FRAN", "phrase": " You know"}, {"speaker": "FRAN", "phrase": " walk around lot."}, {"speaker": "SEAN", "phrase": " Walk everywhere."}, {"speaker": "FRAN", "phrase": " and"}, {"speaker": "FRAN", "phrase": " you know"}, {"speaker": "FRAN", "phrase": " it's really lovely."}, {"speaker": "FRAN", "phrase": " And"}, {"speaker": "FRAN", "phrase": " uh"}, {"speaker": "FRAN", "phrase": " anyway I."}, {"speaker": "FRAN", "phrase": " And."}, {"speaker": "FRAN", "phrase": " And the twine makers"}, {"speaker": "FRAN", "phrase": " the jute industry was very big there at one time."}, {"speaker": "FRAN", "phrase": " And the cemetery"}, {"speaker": "FRAN", "phrase": " there's"}, {"speaker": "FRAN", "phrase": " there was"}, {"speaker": "FRAN", "phrase": " I don't know if it was called labor union."}, {"speaker": "FRAN", "phrase": " But some kind of \u0294association."}, {"speaker": "FRAN", "phrase": " \u0294Uh"}, {"speaker": "FRAN", "phrase": " of twine makers."}, {"speaker": "FRAN", "phrase": " Were"}, {"speaker": "FRAN", "phrase": " uh"}, {"speaker": "FRAN", "phrase": " buried together"}, {"speaker": "FRAN", "phrase": " they had section in the cemetery."}, {"speaker": "FRAN", "phrase": " And carved in marble"}, {"speaker": "FRAN", "phrase": " and then painted garish colors"}, {"speaker": "FRAN", "phrase": " like aqua"}, {"speaker": "FRAN", "phrase": " and yellow"}, {"speaker": "FRAN", "phrase": " and everything."}, {"speaker": "FRAN", "phrase": " But carved in stone is these ropes"}, {"speaker": "FRAN", "phrase": " all around the"}, {"speaker": "FRAN", "phrase": " the various graves"}, {"speaker": "FRAN", "phrase": " and great knots and things."}, {"speaker": "FRAN", "phrase": " And."}, {"speaker": "FRAN", "phrase": " But it all carved in stone"}, {"speaker": "FRAN", "phrase": " and then painted"}, {"speaker": "FRAN", "phrase": " your basic Mexican house paint ?"}, {"speaker": "FRAN", "phrase": " You know all those colors ?"}, {"speaker": "SEAN", "phrase": " Yeah."}, {"speaker": "FRAN", "phrase": " Yellow."}, {"speaker": "SEAN", "phrase": " Nice bright..."}, {"speaker": "FRAN", "phrase": " and aqua"}, {"speaker": "FRAN", "phrase": " and pink"}, {"speaker": "FRAN", "phrase": " and"}, {"speaker": "FRAN", "phrase": " you know."}, {"speaker": "SEAN", "phrase": " Nice bright colors."}, {"speaker": "FRAN", "phrase": " green"}, {"speaker": "FRAN", "phrase": " you know tha green ?"}, {"speaker": "SEAN", "phrase": "PAUSE"}, {"speaker": "FRAN", "phrase": " And"}, {"speaker": "FRAN", "phrase": " it's wonderful pla ce."}, {"speaker": "ALIC", "phrase": " Celandine."}, {"speaker": "SEAN", "phrase": " Indian Indian colors."}, {"speaker": "FRAN", "phrase": " The cemetery."}, {"speaker": "FRAN", "phrase": " But the"}, {"speaker": "FRAN", "phrase": " But this"}, {"speaker": "FRAN", "phrase": " Where now is this church."}, {"speaker": "SEAN", "phrase": " celandine laugh."}, {"speaker": "BERN", "phrase": " not celandine."}, {"speaker": "BERN", "phrase": " No that's..."}, {"speaker": "FRAN", "phrase": " that was built from the."}, {"speaker": "SEAN", "phrase": " much too subtle."}, {"speaker": "ALIC", "phrase": " darn."}, {"speaker": "BERN", "phrase": " That's China."}, {"speaker": "FRAN", "phrase": " uh"}, {"speaker": "FRAN", "phrase": " stones of the temple."}, {"speaker": "BERN", "phrase": "PAUSE"}, {"speaker": "FRAN", "phrase": " by this..."}, {"speaker": "ALIC", "phrase": " Modern."}, {"speaker": "FRAN", "phrase": " this same priest."}, {"speaker": "SEAN", "phrase": " Mhm."}, {"speaker": "BERN", "phrase": "PAUSE"}, {"speaker": "FRAN", "phrase": " and is."}, {"speaker": "FRAN", "phrase": "PAUSE"}, {"speaker": "FRAN", "phrase": " \u0294uh."}, {"speaker": "FRAN", "phrase": " There was tree"}, {"speaker": "FRAN", "phrase": " that burned all night"}, {"speaker": "FRAN", "phrase": " and never."}, {"speaker": "FRAN", "phrase": " And and wasn't consumed by the flame"}, {"speaker": "FRAN", "phrase": " and the tree's still there"}, {"speaker": "FRAN", "phrase": " and they"}, {"speaker": "FRAN", "phrase": " It's"}, {"speaker": "FRAN", "phrase": " you know"}, {"speaker": "FRAN", "phrase": " \u0294uh it's fenced"}, {"speaker": "FRAN", "phrase": " and people say"}, {"speaker": "FRAN", "phrase": " this is the tree"}, {"speaker": "FRAN", "phrase": " and there are several things around this big square."}, {"speaker": "ALIC", "phrase": " Oh"}, {"speaker": "ALIC", "phrase": " mythology's so great."}, {"speaker": "FRAN", "phrase": " and."}, {"speaker": "ALIC", "phrase": " That's what we're doing"}, {"speaker": "ALIC", "phrase": " we're making our own up right now."}, {"speaker": "FRAN", "phrase": " you know what's right there ?"}, {"speaker": "ALIC", "phrase": " With our little tape recorder."}, {"speaker": "FRAN", "phrase": " An AA uh meeting place."}, {"speaker": "FRAN", "phrase": " And painted."}, {"speaker": "SEAN", "phrase": " Ah."}, {"speaker": "FRAN", "phrase": " on the door of this little shacky building"}, {"speaker": "FRAN", "phrase": " it's."}, {"speaker": "FRAN", "phrase": " A all around this big square"}, {"speaker": "FRAN", "phrase": " there are these kinda beatup little buildings."}, {"speaker": "FRAN", "phrase": " And"}, {"speaker": "FRAN", "phrase": " painted on one"}, {"speaker": "FRAN", "phrase": " big"}, {"speaker": "FRAN", "phrase": " the circle with the triangle inside."}, {"speaker": "FRAN", "phrase": " And I looked"}, {"speaker": "FRAN", "phrase": " and I said"}, {"speaker": "FRAN", "phrase": " God"}, {"speaker": "FRAN", "phrase": " is that what I think it is"}, {"speaker": "FRAN", "phrase": " And I walked over"}, {"speaker": "FRAN", "phrase": " and there it was"}, {"speaker": "FRAN", "phrase": " in Spanish"}, {"speaker": "FRAN", "phrase": " and the meeting schedule was painted on the wall and everything"}, {"speaker": "FRAN", "phrase": " and it's right there by this most sacred site."}, {"speaker": "ALIC", "phrase": " Did you go to that meeting Sean ?"}, {"speaker": "BERN", "phrase": " That's amazing."}, {"speaker": "SEAN", "phrase": " I've never been there."}, {"speaker": "FRAN", "phrase": " Isn't that wonderful ?"}, {"speaker": "ALIC", "phrase": " Oh you weren't"}, {"speaker": "ALIC", "phrase": " Oh."}, {"speaker": "SEAN", "phrase": " No."}, {"speaker": "FRAN", "phrase": " It was great."}, {"speaker": "BERN", "phrase": " That is."}, {"speaker": "SEAN", "phrase": " I've never been to Merida ?"}, {"speaker": "FRAN", "phrase": " Yeah."}, {"speaker": "BERN", "phrase": " Cause they have lot..."}, {"speaker": "FRAN", "phrase": " Right there by this sacred site."}, {"speaker": "ALIC", "phrase": " I thought you were."}, {"speaker": "BERN", "phrase": " We were in Mexico City."}, {"speaker": "SEAN", "phrase": " No."}, {"speaker": "ALIC", "phrase": " Really ?"}, {"speaker": "BERN", "phrase": " and it was hard to scrape up meeting."}, {"speaker": "BERN", "phrase": " It was mostly Americans"}, {"speaker": "BERN", "phrase": " that work for the."}, {"speaker": "SEAN", "phrase": " Embassy."}, {"speaker": "BERN", "phrase": " CIA or"}, {"speaker": "BERN", "phrase": " Was."}, {"speaker": "BERN", "phrase": " We were..."}, {"speaker": "SEAN", "phrase": " Well no."}, {"speaker": "SEAN", "phrase": " They."}, {"speaker": "SEAN", "phrase": " In Mexico City"}, {"speaker": "SEAN", "phrase": " there was always Mexican meeting going on"}, {"speaker": "SEAN", "phrase": " same time as an American English speaking."}, {"speaker": "SEAN", "phrase": " English speaking was upstairs."}, {"speaker": "BERN", "phrase": " But it's harder for them to be alcoholic."}, {"speaker": "SEAN", "phrase": " and"}, {"speaker": "SEAN", "phrase": " Spanish people were downstairs."}, {"speaker": "FRAN", "phrase": " Why"}, {"speaker": "FRAN", "phrase": " they can't find booze laugh ?"}, {"speaker": "FRAN", "phrase": " I mean what's the problem."}, {"speaker": "FRAN", "phrase": "PAUSE"}, {"speaker": "SEAN", "phrase": " No there."}, {"speaker": "FRAN", "phrase": "PAUSE"}, {"speaker": "SEAN", "phrase": " there was always..."}, {"speaker": "BERN", "phrase": " No"}, {"speaker": "BERN", "phrase": " it's harder for."}, {"speaker": "BERN", "phrase": " Uh supposedly it's harder for them"}, {"speaker": "BERN", "phrase": " It's."}, {"speaker": "BERN", "phrase": " It's so like hard..."}, {"speaker": "FRAN", "phrase": " To..."}, {"speaker": "BERN", "phrase": " It's against their machismo to."}, {"speaker": "FRAN", "phrase": " Oh of course."}, {"speaker": "BERN", "phrase": " Machismo to be."}, {"speaker": "ALIC", "phrase": " you know"}, {"speaker": "ALIC", "phrase": " at at gay AA meetings"}, {"speaker": "ALIC", "phrase": " do they have signers."}, {"speaker": "SEAN", "phrase": " Yes."}, {"speaker": "BERN", "phrase": " Sometimes."}, {"speaker": "FRAN", "phrase": " They are in New York now."}, {"speaker": "FRAN", "phrase": " More and more."}, {"speaker": "SEAN", "phrase": " Yes."}, {"speaker": "BERN", "phrase": " Yeah they do this lot."}, {"speaker": "BERN", "phrase": "PAUSE"}, {"speaker": "BERN", "phrase": "PAUSE"}, {"speaker": "ALIC", "phrase": "PAUSE"}, {"speaker": "FRAN", "phrase": "PAUSE"}, {"speaker": "FRAN", "phrase": " That's sign."}, {"speaker": "ALIC", "phrase": " Yeah."}, {"speaker": "BERN", "phrase": " It laugh certainly laugh is laugh."}, {"speaker": "FRAN", "phrase": "PAUSE"}, {"speaker": "ALIC", "phrase": "PAUSE"}, {"speaker": "BERN", "phrase": "PAUSE"}, {"speaker": "FRAN", "phrase": "PAUSE"}, {"speaker": "X", "phrase": " Yes."}, {"speaker": "SEAN", "phrase": " About year ago we had lot."}, {"speaker": "SEAN", "phrase": " And they sort of all."}, {"speaker": "BERN", "phrase": " Went to different meetings."}, {"speaker": "SEAN", "phrase": " disappeared."}, {"speaker": "SEAN", "phrase": " It's."}, {"speaker": "SEAN", "phrase": " Oh I think it would be hard."}, {"speaker": "ALIC", "phrase": " What"}, {"speaker": "ALIC", "phrase": " signing ?"}, {"speaker": "FRAN", "phrase": " Well there are few"}, {"speaker": "FRAN", "phrase": " and there's..."}, {"speaker": "SEAN", "phrase": " Signing."}, {"speaker": "FRAN", "phrase": " There are couple of deaf meetings."}, {"speaker": "ALIC", "phrase": " always at gay things."}, {"speaker": "FRAN", "phrase": " in New York now."}, {"speaker": "ALIC", "phrase": " Every gay thing I've ever been to"}, {"speaker": "ALIC", "phrase": " there was signer."}, {"speaker": "SEAN", "phrase": " Signer ?"}, {"speaker": "ALIC", "phrase": " Yeah."}, {"speaker": "SEAN", "phrase": " Hosts."}, {"speaker": "ALIC", "phrase": " not at SLICK."}, {"speaker": "FRAN", "phrase": " They're listed in the book as"}, {"speaker": "FRAN", "phrase": " you know"}, {"speaker": "FRAN", "phrase": " always"}, {"speaker": "FRAN", "phrase": " signer is always at this meeting."}, {"speaker": "FRAN", "phrase": " And."}, {"speaker": "BERN", "phrase": " I forgot"}, {"speaker": "BERN", "phrase": " do."}, {"speaker": "BERN", "phrase": " Yeah."}, {"speaker": "BERN", "phrase": " That's right."}, {"speaker": "BERN", "phrase": " Of course"}, {"speaker": "BERN", "phrase": " you go to meeting."}, {"speaker": "FRAN", "phrase": " Oh sure."}, {"speaker": "BERN", "phrase": " Yeah."}, {"speaker": "BERN", "phrase": " You have for while."}, {"speaker": "FRAN", "phrase": " Yeah"}, {"speaker": "FRAN", "phrase": " I'm sober for twelve years."}, {"speaker": "BERN", "phrase": " Do you."}, {"speaker": "BERN", "phrase": " Does she know your sponsor ?"}, {"speaker": "SEAN", "phrase": " Same as Rick"}, {"speaker": "SEAN", "phrase": " same as me."}, {"speaker": "FRAN", "phrase": " Beg your pardon ?"}, {"speaker": "SEAN", "phrase": " Same as me."}, {"speaker": "SEAN", "phrase": " Lynne Bissell ?"}, {"speaker": "BERN", "phrase": " Do you know Lynne Bissell ?"}, {"speaker": "SEAN", "phrase": " That's my sponsor in New York ?"}, {"speaker": "FRAN", "phrase": " No."}, {"speaker": "FRAN", "phrase": " I don't know her."}, {"speaker": "SEAN", "phrase": " She's an actress"}, {"speaker": "SEAN", "phrase": " Woody Allen movies"}, {"speaker": "SEAN", "phrase": " Older woman"}, {"speaker": "SEAN", "phrase": " about seventytwo."}, {"speaker": "FRAN", "phrase": " I may know her"}, {"speaker": "FRAN", "phrase": " and not know her."}, {"speaker": "SEAN", "phrase": " You'd."}, {"speaker": "SEAN", "phrase": " you might know her."}, {"speaker": "FRAN", "phrase": " Yeah."}, {"speaker": "SEAN", "phrase": " Maybe not."}, {"speaker": "BERN", "phrase": " Lynne."}, {"speaker": "FRAN", "phrase": " I mean"}, {"speaker": "FRAN", "phrase": "I don't know where she goes to meetings."}, {"speaker": "SEAN", "phrase": " New York's big place."}, {"speaker": "FRAN", "phrase": " Yeah"}, {"speaker": "FRAN", "phrase": " Because you've got thou sand meetings week."}, {"speaker": "SEAN", "phrase": " Upper East Side."}, {"speaker": "ENV", "phrase": "PAUSE"}, {"speaker": "FRAN", "phrase": " Oh no"}, {"speaker": "FRAN", "phrase": " I don't go uptown so much."}, {"speaker": "FRAN", "phrase": " I'm generally mostly in the Village."}, {"speaker": "SEAN", "phrase": " But she comes downtown."}, {"speaker": "BERN", "phrase": " You stay in the Village."}, {"speaker": "FRAN", "phrase": " Yeah."}, {"speaker": "BERN", "phrase": "PAUSE"}, {"speaker": "FRAN", "phrase": " well it's convenient"}, {"speaker": "FRAN", "phrase": " And it's."}, {"speaker": "FRAN", "phrase": " So"}, {"speaker": "FRAN", "phrase": " If I go off for some dinner party uptown or something"}, {"speaker": "FRAN", "phrase": " I might go to meeting uptown"}, {"speaker": "FRAN", "phrase": " but mostly I'm downtown."}, {"speaker": "FRAN", "phrase": " So."}, {"speaker": "ALIC", "phrase": " New York ?"}, {"speaker": "ALIC", "phrase": " Oh wow."}, {"speaker": "ALIC", "phrase": " Greenwich Village."}, {"speaker": "FRAN", "phrase": " Yes."}, {"speaker": "BERN", "phrase": " Our New York connection"}, {"speaker": "BERN", "phrase": " we can all like remember through Fran."}, {"speaker": "ALIC", "phrase": " Oh."}, {"speaker": "FRAN", "phrase": "PAUSE"}, {"speaker": "FRAN", "phrase": " Well"}, {"speaker": "FRAN", "phrase": " the neighborhood's probably the same."}, {"speaker": "FRAN", "phrase": " since it's historic district."}, {"speaker": "ENV", "phrase": "PAUSE"}, {"speaker": "FRAN", "phrase": " and they won't letthemtear anything down."}, {"speaker": "X", "phrase": "PAUSE"}, {"speaker": "FRAN", "phrase": " You could find your way around"}, {"speaker": "FRAN", "phrase": " except that..."}, {"speaker": "SEAN", "phrase": "..."}, {"speaker": "FRAN", "phrase": "PAUSE"}, {"speaker": "SEAN", "phrase": " Your building's new."}, {"speaker": "SEAN", "phrase": " Isn't it ?"}, {"speaker": "FRAN", "phrase": " No."}, {"speaker": "FRAN", "phrase": " My building's old."}, {"speaker": "FRAN", "phrase": " I don't know when my building was built."}, {"speaker": "SEAN", "phrase": " Fifties ?"}, {"speaker": "FRAN", "phrase": " ten ?"}, {"speaker": "FRAN", "phrase": " No."}, {"speaker": "ALIC", "phrase": " Nineteenten."}, {"speaker": "SEAN", "phrase": " Oh"}, {"speaker": "SEAN", "phrase": " wow."}, {"speaker": "SEAN", "phrase": " No I'"}, {"speaker": "SEAN", "phrase": "I'm thinking of different building in..."}, {"speaker": "FRAN", "phrase": " Nineteentwenty."}, {"speaker": "BERN", "phrase": " So is it big apartment ?"}, {"speaker": "SEAN", "phrase": " She's just moving into new apartment."}, {"speaker": "SEAN", "phrase": " She and her husband."}, {"speaker": "FRAN", "phrase": " About hundred and ninety apartments."}, {"speaker": "FRAN", "phrase": " Seventeen stories."}, {"speaker": "BERN", "phrase": " I mean."}, {"speaker": "BERN", "phrase": " Are they big"}, {"speaker": "BERN", "phrase": " like rooms"}, {"speaker": "BERN", "phrase": " is it big."}, {"speaker": "FRAN", "phrase": " Yeah."}, {"speaker": "FRAN", "phrase": " There are"}, {"speaker": "FRAN", "phrase": " We're in."}, {"speaker": "ENV", "phrase": "PAUSE"}, {"speaker": "FRAN", "phrase": " the."}, {"speaker": "FRAN", "phrase": " Up in the penthouse."}, {"speaker": "FRAN", "phrase": " There are some larger apartments."}, {"speaker": "ENV", "phrase": "PAUSE"}, {"speaker": "FRAN", "phrase": " because people have bought neighboring apartments"}, {"speaker": "FRAN", "phrase": " and expanded and mixed them."}, {"speaker": "FRAN", "phrase": " You know"}, {"speaker": "FRAN", "phrase": " but"}, {"speaker": "FRAN", "phrase": " they're mostly"}, {"speaker": "FRAN", "phrase": " well there're some studios"}, {"speaker": "FRAN", "phrase": " and some onebedrooms"}, {"speaker": "FRAN", "phrase": " and twobedrooms."}, {"speaker": "SEAN", "phrase": " And has it always been an apartment house ?"}, {"speaker": "FRAN", "phrase": " Yeah."}, {"speaker": "ENV", "phrase": "PAUSE"}, {"speaker": "ALIC", "phrase": "PAUSE"}, {"speaker": "ALIC", "phrase": " What is the real estate market doing."}, {"speaker": "ALIC", "phrase": " Is it down now ?"}, {"speaker": "FRAN", "phrase": " Well"}, {"speaker": "FRAN", "phrase": " it's down in general."}, {"speaker": "ALIC", "phrase": " In New York."}, {"speaker": "FRAN", "phrase": " But certain areas"}, {"speaker": "FRAN", "phrase": " yeah."}, {"speaker": "FRAN", "phrase": " Certain areas sort of held their value."}, {"speaker": "ENV", "phrase": "PAUSE"}, {"speaker": "ENV", "phrase": " BARK."}, {"speaker": "FRAN", "phrase": " And what happened would be"}, {"speaker": "FRAN", "phrase": " rather than have it"}, {"speaker": "FRAN", "phrase": " things kinda crashing."}, {"speaker": "FRAN", "phrase": "PAUSE"}, {"speaker": "FRAN", "phrase": "PAUSE"}, {"speaker": "FRAN", "phrase": " \u0294uh It would just."}, {"speaker": "FRAN", "phrase": " \u0294uh Things would be slow to sell."}, {"speaker": "FRAN", "phrase": " But"}, {"speaker": "FRAN", "phrase": " they would."}, {"speaker": "FRAN", "phrase": " The Village is one of the few areas that held its value."}, {"speaker": "FRAN", "phrase": " Um"}, {"speaker": "FRAN", "phrase": " but"}, {"speaker": "FRAN", "phrase": " certain things are drug on the market."}, {"speaker": "ENV", "phrase": "PAUSE"}, {"speaker": "FRAN", "phrase": " If you have studio apartment"}, {"speaker": "FRAN", "phrase": " you're stuck with it."}, {"speaker": "SEAN", "phrase": "PAUSE"}, {"speaker": "ALIC", "phrase": " For the rest of your life."}, {"speaker": "ALIC", "phrase": " Like herpes."}, {"speaker": "FRAN", "phrase": " Certainly for the next ten years."}, {"speaker": "FRAN", "phrase": " And"}, {"speaker": "FRAN", "phrase": " and."}, {"speaker": "SEAN", "phrase": "PAUSE"}, {"speaker": "FRAN", "phrase": " if you have onebedroom"}, {"speaker": "FRAN", "phrase": " it has to have something kinda going for it."}, {"speaker": "FRAN", "phrase": " Or you're gonna be sorta stuck."}, {"speaker": "FRAN", "phrase": " You could be stuck with it."}, {"speaker": "FRAN", "phrase": " Um"}, {"speaker": "FRAN", "phrase": " twobedrooms and up are"}, {"speaker": "FRAN", "phrase": " are."}, {"speaker": "FRAN", "phrase": " easy to"}, {"speaker": "FRAN", "phrase": " easier to sell."}, {"speaker": "ALIC", "phrase": " Cause Beth."}, {"speaker": "ALIC", "phrase": " You know"}, {"speaker": "ALIC", "phrase": " my friend."}, {"speaker": "SEAN", "phrase": " Eddie's still in New York or some other state ?"}, {"speaker": "ALIC", "phrase": " she just sold one"}, {"speaker": "ALIC", "phrase": " at fiftythousanddollar loss."}, {"speaker": "ALIC", "phrase": " From four years ago."}, {"speaker": "BERN", "phrase": "PAUSE"}, {"speaker": "ALIC", "phrase": " That she bought."}, {"speaker": "FRAN", "phrase": " Yeah."}, {"speaker": "FRAN", "phrase": " Well we..."}, {"speaker": "ALIC", "phrase": " On Sutton Place."}, {"speaker": "FRAN", "phrase": " Uh."}, {"speaker": "ALIC", "phrase": " Where's Sutton Place."}, {"speaker": "FRAN", "phrase": " Yeah"}, {"speaker": "FRAN", "phrase": " Sutton Place is up on the East Side."}, {"speaker": "SEAN", "phrase": "..."}, {"speaker": "FRAN", "phrase": " now see the Upper East Side took one of the..."}, {"speaker": "SEAN", "phrase": " East Side isn't it ?"}, {"speaker": "BERN", "phrase": " Real nice Sutton Place."}, {"speaker": "SEAN", "phrase": " It's nice."}, {"speaker": "FRAN", "phrase": " One of the hardest hits for dropped values."}, {"speaker": "BERN", "phrase": " Because it had soared so high."}, {"speaker": "FRAN", "phrase": " They."}, {"speaker": "FRAN", "phrase": " Two things."}, {"speaker": "FRAN", "phrase": " They had soared really high."}, {"speaker": "BERN", "phrase": " That..."}, {"speaker": "FRAN", "phrase": " And"}, {"speaker": "FRAN", "phrase": " there was an awful lot."}, {"speaker": "FRAN", "phrase": " Because they soared so high"}, {"speaker": "FRAN", "phrase": " that area had less zoning"}, {"speaker": "FRAN", "phrase": " uh."}, {"speaker": "ALIC", "phrase": " Restrictions."}, {"speaker": "FRAN", "phrase": " restrictions."}, {"speaker": "FRAN", "phrase": " And they."}, {"speaker": "FRAN", "phrase": " There was \u0294uh."}, {"speaker": "FRAN", "phrase": " There was lotta building in the area."}, {"speaker": "FRAN", "phrase": " And so"}, {"speaker": "FRAN", "phrase": " between those two things"}, {"speaker": "FRAN", "phrase": " that market was."}, {"speaker": "BERN", "phrase": " Lotta new buildings."}, {"speaker": "FRAN", "phrase": " Yeah."}, {"speaker": "FRAN", "phrase": " And the new buildings are"}, {"speaker": "FRAN", "phrase": " I don't like the new buildings."}, {"speaker": "ALIC", "phrase": " Do you like living in New York ?"}, {"speaker": "FRAN", "phrase": " Yeah."}, {"speaker": "FRAN", "phrase": " I love it."}, {"speaker": "FRAN", "phrase": " We traveled all over."}, {"speaker": "FRAN", "phrase": " We looked around."}, {"speaker": "FRAN", "phrase": " We thought"}, {"speaker": "FRAN", "phrase": " my husband and I stayed out on the road"}, {"speaker": "FRAN", "phrase": " for two years."}, {"speaker": "FRAN", "phrase": " And we went all over the United States"}, {"speaker": "FRAN", "phrase": " and we"}, {"speaker": "FRAN", "phrase": " we didn't find any place we liked better."}, {"speaker": "ALIC", "phrase": " So you went from New Orleans to New York ?"}, {"speaker": "FRAN", "phrase": " Yeah."}, {"speaker": "FRAN", "phrase": " Oh that I did years ago."}, {"speaker": "FRAN", "phrase": " That I did."}, {"speaker": "ALIC", "phrase": " But it's the new."}, {"speaker": "ALIC", "phrase": " That part."}, {"speaker": "FRAN", "phrase": " God knows"}, {"speaker": "FRAN", "phrase": " nineteen sixty something."}, {"speaker": "FRAN", "phrase": " Sixtythree."}, {"speaker": "FRAN", "phrase": " Thirty years ago."}, {"speaker": "ALIC", "phrase": " So you've lived in New York all this time ?"}, {"speaker": "FRAN", "phrase": " Mhm ?"}, {"speaker": "FRAN", "phrase": " Thirty years."}, {"speaker": "FRAN", "phrase": " Except"}, {"speaker": "FRAN", "phrase": " I did take five years off."}, {"speaker": "BERN", "phrase": "PAUSE"}, {"speaker": "ALIC", "phrase": " Thirty years in New York ?"}, {"speaker": "BERN", "phrase": "PAUSE"}, {"speaker": "FRAN", "phrase": " Yeah."}, {"speaker": "ALIC", "phrase": " Wow."}, {"speaker": "FRAN", "phrase": " I did take five years off."}, {"speaker": "FRAN", "phrase": " I went to uh"}, {"speaker": "FRAN", "phrase": " Florida"}, {"speaker": "FRAN", "phrase": " which was terrible mistake."}, {"speaker": "FRAN", "phrase": " We needed vacation"}, {"speaker": "FRAN", "phrase": " and we accidentally moved instead."}, {"speaker": "ALIC", "phrase": " Oh."}, {"speaker": "FRAN", "phrase": " And then"}, {"speaker": "FRAN", "phrase": " we realized that"}, {"speaker": "FRAN", "phrase": " Well laugh"}, {"speaker": "FRAN", "phrase": " The first year we were there"}, {"speaker": "FRAN", "phrase": " we visited New York six times"}, {"speaker": "FRAN", "phrase": " and we looked at each other and said."}, {"speaker": "BERN", "phrase": "PAUSE"}, {"speaker": "FRAN", "phrase": " God"}, {"speaker": "FRAN", "phrase": " we certainly do go back up there lot"}, {"speaker": "FRAN", "phrase": " what do you think that's about."}, {"speaker": "FRAN", "phrase": " You know"}, {"speaker": "FRAN", "phrase": " and we were just getting increasingly bored down there and"}, {"speaker": "FRAN", "phrase": " you know"}, {"speaker": "FRAN", "phrase": " get occupied fixing up house"}, {"speaker": "FRAN", "phrase": " and that's kinda fun"}, {"speaker": "FRAN", "phrase": " and then."}, {"speaker": "ALIC", "phrase": " Where in Florida were you."}, {"speaker": "FRAN", "phrase": " On the Gulf Coast"}, {"speaker": "FRAN", "phrase": " Fort Myers Beach."}, {"speaker": "FRAN", "phrase": " We had nice house"}, {"speaker": "FRAN", "phrase": " right on the sea."}, {"speaker": "SEAN", "phrase": " In."}, {"speaker": "SEAN", "phrase": " Yeah."}, {"speaker": "FRAN", "phrase": " Right on the sea."}, {"speaker": "SEAN", "phrase": " I saw pictures."}, {"speaker": "FRAN", "phrase": " It was beautiful."}, {"speaker": "FRAN", "phrase": " But the poor house"}, {"speaker": "FRAN", "phrase": " was in fucking Fort Myers Beach laugh."}, {"speaker": "ALIC", "phrase": " curbs."}, {"speaker": "FRAN", "phrase": "PAUSE"}, {"speaker": "ALIC", "phrase": " they have ramps on all the curbs for the wheelchairs."}, {"speaker": "FRAN", "phrase": " Yes laugh."}, {"speaker": "ALIC", "phrase": "PAUSE"}, {"speaker": "FRAN", "phrase": " Right"}, {"speaker": "FRAN", "phrase": " We had to"}, {"speaker": "FRAN", "phrase": " the building code"}, {"speaker": "FRAN", "phrase": " you have to have ramp laugh"}, {"speaker": "FRAN", "phrase": "PAUSE"}, {"speaker": "ALIC", "phrase": "PAUSE"}, {"speaker": "FRAN", "phrase": "PAUSE"}, {"speaker": "FRAN", "phrase": " But anyway uh."}, {"speaker": "ALIC", "phrase": " You know"}, {"speaker": "ALIC", "phrase": " handicap bars on your."}, {"speaker": "ALIC", "phrase": " In your bathroom."}, {"speaker": "FRAN", "phrase": " That's right"}, {"speaker": "FRAN", "phrase": " But uh."}, {"speaker": "ALIC", "phrase": "PAUSE"}, {"speaker": "FRAN", "phrase": " But"}, {"speaker": "FRAN", "phrase": " we didn't like it."}, {"speaker": "FRAN", "phrase": " At all."}, {"speaker": "FRAN", "phrase": " And so"}, {"speaker": "FRAN", "phrase": " that's when we said"}, {"speaker": "FRAN", "phrase": " well let's not do anything precipitous"}, {"speaker": "FRAN", "phrase": " like we did moving down here"}, {"speaker": "FRAN", "phrase": " before we race back to New York"}, {"speaker": "FRAN", "phrase": " let's look around little bit."}, {"speaker": "FRAN", "phrase": " So we hit the road."}, {"speaker": "FRAN", "phrase": " And we stayed out for couple years."}, {"speaker": "SEAN", "phrase": " Two years they'd been looking."}, {"speaker": "FRAN", "phrase": " looking all over."}, {"speaker": "SEAN", "phrase": " for other places."}, {"speaker": "ALIC", "phrase": " Looking round"}, {"speaker": "ALIC", "phrase": " Really ?"}, {"speaker": "ALIC", "phrase": " And..."}, {"speaker": "FRAN", "phrase": " Unhunh ?"}, {"speaker": "FRAN", "phrase": " Round the US."}, {"speaker": "ALIC", "phrase": " Wow."}, {"speaker": "FRAN", "phrase": " And we"}, {"speaker": "FRAN", "phrase": " kept finding these nice places."}, {"speaker": "ENV", "phrase": "PAUSE"}, {"speaker": "FRAN", "phrase": " And we'd say"}, {"speaker": "FRAN", "phrase": " isn't this place nice ?"}, {"speaker": "FRAN", "phrase": " And"}, {"speaker": "FRAN", "phrase": " Larry would say"}, {"speaker": "FRAN", "phrase": " yes"}, {"speaker": "FRAN", "phrase": " it's lovely."}, {"speaker": "FRAN", "phrase": " Look at these beautiful homes."}, {"speaker": "FRAN", "phrase": " Isn't that nice ?"}, {"speaker": "FRAN", "phrase": " \u0294Yes ?"}, {"speaker": "FRAN", "phrase": " Isn't that nice ?"}, {"speaker": "FRAN", "phrase": " Isn't that nice ?"}, {"speaker": "FRAN", "phrase": " Yeah"}, {"speaker": "FRAN", "phrase": " but it's not New York."}, {"speaker": "BERN", "phrase": " It's..."}, {"speaker": "FRAN", "phrase": "PAUSE"}, {"speaker": "ALIC", "phrase": " You."}, {"speaker": "ALIC", "phrase": " Wow."}, {"speaker": "FRAN", "phrase": " And so we'd drive on."}, {"speaker": "FRAN", "phrase": " We found lots of places that we like to spend..."}, {"speaker": "BERN", "phrase": " Oh"}, {"speaker": "BERN", "phrase": " if New York's under your skin"}, {"speaker": "BERN", "phrase": " watch out."}, {"speaker": "FRAN", "phrase": " \u0294uh Yeah"}, {"speaker": "FRAN", "phrase": " it's like drug."}, {"speaker": "BERN", "phrase": " You can't get out."}, {"speaker": "BERN", "phrase": " It."}, {"speaker": "BERN", "phrase": " It is."}, {"speaker": "FRAN", "phrase": " You're finished."}, {"speaker": "BERN", "phrase": " It is drug."}, {"speaker": "FRAN", "phrase": " That's it."}, {"speaker": "FRAN", "phrase": " You're consigned"}, {"speaker": "FRAN", "phrase": " the rest of your life."}, {"speaker": "ALIC", "phrase": " Do they have New York AA ?"}, {"speaker": "FRAN", "phrase": " to ludicrous rents."}, {"speaker": "ALIC", "phrase": " You know"}, {"speaker": "ALIC", "phrase": "PAUSE"}, {"speaker": "ALIC", "phrase": " or maybe they've been to New Y ork."}, {"speaker": "BERN", "phrase": " Well."}, {"speaker": "ALIC", "phrase": "PAUSE"}, {"speaker": "BERN", "phrase": " they do."}, {"speaker": "ALIC", "phrase": "PAUSE"}, {"speaker": "BERN", "phrase": " Don't they."}, {"speaker": "BERN", "phrase": " They have their own."}, {"speaker": "BERN", "phrase": "..."}, {"speaker": "ALIC", "phrase": " Get me outa New York."}, {"speaker": "BERN", "phrase": " They do."}, {"speaker": "ALIC", "phrase": " gotta get outa this place."}, {"speaker": "FRAN", "phrase": " We have."}, {"speaker": "FRAN", "phrase": "PAUSE"}, {"speaker": "FRAN", "phrase": " What..."}, {"speaker": "ALIC", "phrase": " I'm New Yorka holic."}, {"speaker": "FRAN", "phrase": " Weren't we saying."}, {"speaker": "BERN", "phrase": " No she's."}, {"speaker": "BERN", "phrase": " She's asking if they have"}, {"speaker": "BERN", "phrase": " they should have an addiction to New York."}, {"speaker": "SEAN", "phrase": " Or..."}, {"speaker": "FRAN", "phrase": " Oh"}, {"speaker": "FRAN", "phrase": " New Yorkers Anonymous."}, {"speaker": "SEAN", "phrase": " Or if they have like"}, {"speaker": "SEAN", "phrase": " special kind of like"}, {"speaker": "SEAN", "phrase": " yeah."}, {"speaker": "FRAN", "phrase": " Yeah."}, {"speaker": "ALIC", "phrase": " Didn't matter..."}, {"speaker": "BERN", "phrase": " But they do have."}, {"speaker": "SEAN", "phrase": " But in fact."}, {"speaker": "BERN", "phrase": " they do have an AA."}, {"speaker": "SEAN", "phrase": " AA is."}, {"speaker": "SEAN", "phrase": " completely different in New York City."}, {"speaker": "BERN", "phrase": " which is"}, {"speaker": "BERN", "phrase": " different."}, {"speaker": "SEAN", "phrase": " than it is anywhere else in the world."}, {"speaker": "BERN", "phrase": " That's right."}, {"speaker": "FRAN", "phrase": " Well the Village is..."}, {"speaker": "BERN", "phrase": " Don't you think ?"}, {"speaker": "SEAN", "phrase": " Much more exciting."}, {"speaker": "FRAN", "phrase": " Yes"}, {"speaker": "FRAN", "phrase": " it's t rue."}, {"speaker": "SEAN", "phrase": " better..."}, {"speaker": "ALIC", "phrase": " Really ?"}, {"speaker": "FRAN", "phrase": " Well"}, {"speaker": "FRAN", "phrase": " the thing that..."}, {"speaker": "SEAN", "phrase": " Oh the best speakers in the world."}, {"speaker": "BERN", "phrase": " You know"}, {"speaker": "BERN", "phrase": " you know what the saying in AA is."}, {"speaker": "SEAN", "phrase": " Because you have all those famous people."}, {"speaker": "BERN", "phrase": " If you can"}, {"speaker": "BERN", "phrase": " or in New York"}, {"speaker": "BERN", "phrase": " we've always heard that the saying is"}, {"speaker": "BERN", "phrase": " if you can stay."}, {"speaker": "ENV", "phrase": "PAUSE"}, {"speaker": "BERN", "phrase": " New Yorkers say"}, {"speaker": "BERN", "phrase": " if you can stay sober in AA"}, {"speaker": "BERN", "phrase": " you can stay sober anywhere."}, {"speaker": "ENV", "phrase": "PAUSE"}, {"speaker": "FRAN", "phrase": " It's laugh true laugh."}, {"speaker": "BERN", "phrase": "PAUSE"}, {"speaker": "FRAN", "phrase": "PAUSE"}, {"speaker": "FRAN", "phrase": " And we even say that about certain meet ings."}, {"speaker": "ENV", "phrase": "PAUSE"}, {"speaker": "ENV", "phrase": " YELP."}, {"speaker": "FRAN", "phrase": " If you can stay sober at."}, {"speaker": "SEAN", "phrase": " Plus really smart."}, {"speaker": "BERN", "phrase": " Jessa."}, {"speaker": "BERN", "phrase": " Calm down."}, {"speaker": "SEAN", "phrase": " You know."}, {"speaker": "BERN", "phrase": " Quit that crying."}, {"speaker": "FRAN", "phrase": " Well New Yorkers are extremely candid."}, {"speaker": "FRAN", "phrase": " And"}, {"speaker": "FRAN", "phrase": " also"}, {"speaker": "FRAN", "phrase": " very"}, {"speaker": "FRAN", "phrase": " emotionally accessible."}, {"speaker": "FRAN", "phrase": " Which is not the reputation we have outside."}, {"speaker": "FRAN", "phrase": " Of New York."}, {"speaker": "FRAN", "phrase": " But"}, {"speaker": "FRAN", "phrase": " you know."}, {"speaker": "FRAN", "phrase": " I mean"}, {"speaker": "FRAN", "phrase": " if you ask cab driver"}, {"speaker": "FRAN", "phrase": " if he speaks English."}, {"speaker": "FRAN", "phrase": " Okay"}, {"speaker": "FRAN", "phrase": " let's assume you got one who speaks English."}, {"speaker": "FRAN", "phrase": " And he's sorta been little bit acculturated."}, {"speaker": "FRAN", "phrase": " you know."}, {"speaker": "FRAN", "phrase": " But if you."}, {"speaker": "FRAN", "phrase": " not the Pakistanis fresh off the"}, {"speaker": "FRAN", "phrase": " off the boat."}, {"speaker": "ALIC", "phrase": " Yeah."}, {"speaker": "FRAN", "phrase": " or any of that."}, {"speaker": "FRAN", "phrase": " You know"}, {"speaker": "FRAN", "phrase": " but you get your basic New York cab driver."}, {"speaker": "SEAN", "phrase": " They talk."}, {"speaker": "FRAN", "phrase": " and you"}, {"speaker": "FRAN", "phrase": " You say"}, {"speaker": "FRAN", "phrase": " you know"}, {"speaker": "FRAN", "phrase": " how's it going."}, {"speaker": "FRAN", "phrase": " He'll tell you."}, {"speaker": "SEAN", "phrase": " Yep."}, {"speaker": "SEAN", "phrase": " Unhunh ?"}, {"speaker": "FRAN", "phrase": " You know ?"}, {"speaker": "FRAN", "phrase": " I mean"}, {"speaker": "FRAN", "phrase": " I had one guy"}, {"speaker": "FRAN", "phrase": " he talked to me the whole time I was"}, {"speaker": "FRAN", "phrase": " about this new diet he was on"}, {"speaker": "FRAN", "phrase": " and"}, {"speaker": "FRAN", "phrase": " he ate \u0294apples"}, {"speaker": "FRAN", "phrase": " and his wife was really happy"}, {"speaker": "FRAN", "phrase": " and"}, {"speaker": "FRAN", "phrase": " and their sex life had improved"}, {"speaker": "FRAN", "phrase": " and"}, {"speaker": "FRAN", "phrase": " and this is guy like seventy years old"}, {"speaker": "FRAN", "phrase": " or something"}, {"speaker": "FRAN", "phrase": " he'd been driving cab for forty years"}, {"speaker": "FRAN", "phrase": " and proud of it"}, {"speaker": "FRAN", "phrase": " and"}, {"speaker": "FRAN", "phrase": " his kids went through this school and that"}, {"speaker": "FRAN", "phrase": " I mean"}, {"speaker": "FRAN", "phrase": " very open."}, {"speaker": "FRAN", "phrase": " And"}, {"speaker": "FRAN", "phrase": " the."}, {"speaker": "FRAN", "phrase": " But the."}, {"speaker": "FRAN", "phrase": " The new."}, {"speaker": "FRAN", "phrase": " The New Yorker is usually in hurry."}, {"speaker": "FRAN", "phrase": " And so they'll tell you anything"}, {"speaker": "FRAN", "phrase": " they'll give you anything."}, {"speaker": "FRAN", "phrase": " But just hurry up and tellthemexactly what you want."}, {"speaker": "ALIC", "phrase": " I I can never get cab in New York."}, {"speaker": "ALIC", "phrase": " Cause everybody takes it away from me."}, {"speaker": "BERN", "phrase": "PAUSE"}, {"speaker": "ALIC", "phrase": " I mean when I am"}, {"speaker": "ALIC", "phrase": " I'm just there for hours"}, {"speaker": "ALIC", "phrase": "..."}, {"speaker": "BERN", "phrase": " you gotta jump."}, {"speaker": "ALIC", "phrase": " I laugh."}, {"speaker": "ALIC", "phrase": " I can't do it."}, {"speaker": "BERN", "phrase": " Yeah."}, {"speaker": "ALIC", "phrase": " I go."}, {"speaker": "BERN", "phrase": " It's..."}, {"speaker": "ALIC", "phrase": " Okay"}, {"speaker": "ALIC", "phrase": " I'm outa here."}, {"speaker": "ALIC", "phrase": " If you don't wanna take me"}, {"speaker": "ALIC", "phrase": " I won't go."}, {"speaker": "FRAN", "phrase": "PAUSE"}, {"speaker": "ALIC", "phrase": " I just can't get cab."}, {"speaker": "SEAN", "phrase": " Well how do you get around."}, {"speaker": "ALIC", "phrase": " I just wait for that hour."}, {"speaker": "ALIC", "phrase": " Until."}, {"speaker": "SEAN", "phrase": " Oh."}, {"speaker": "BERN", "phrase": "PAUSE"}, {"speaker": "ALIC", "phrase": " you know"}, {"speaker": "ALIC", "phrase": " it's like two A M."}, {"speaker": "ALIC", "phrase": " Okay"}, {"speaker": "ALIC", "phrase": " no one is here"}, {"speaker": "ALIC", "phrase": " no competition."}, {"speaker": "ALIC", "phrase": " I'm gonna get this cab."}, {"speaker": "BERN", "phrase": "PAUSE"}, {"speaker": "ALIC", "phrase": " My kids said."}, {"speaker": "BERN", "phrase": " Oh."}, {"speaker": "ALIC", "phrase": " come on"}, {"speaker": "ALIC", "phrase": " you're."}, {"speaker": "ALIC", "phrase": " I said"}, {"speaker": "ALIC", "phrase": " I'm doing the best I can."}, {"speaker": "SEAN", "phrase": "PAUSE"}, {"speaker": "BERN", "phrase": "PAUSE"}, {"speaker": "ALIC", "phrase": " You know"}, {"speaker": "ALIC", "phrase": " I really am"}, {"speaker": "ALIC", "phrase": "this is me being as sertive haha."}, {"speaker": "BERN", "phrase": " Jump out."}, {"speaker": "ALIC", "phrase": "PAUSE"}, {"speaker": "BERN", "phrase": " and open the door fast."}, {"speaker": "FRAN", "phrase": " Well there's also lighting system."}, {"speaker": "BERN", "phrase": "PAUSE"}, {"speaker": "FRAN", "phrase": " that if you don't understand it."}, {"speaker": "ALIC", "phrase": " Ah."}, {"speaker": "FRAN", "phrase": " it's confusing."}, {"speaker": "FRAN", "phrase": " Because"}, {"speaker": "FRAN", "phrase": " there's light on the top"}, {"speaker": "FRAN", "phrase": " that tells you if they're on duty or off duty"}, {"speaker": "FRAN", "phrase": " and if they have fare or not."}, {"speaker": "FRAN", "phrase": " And you can wave forever"}, {"speaker": "FRAN", "phrase": " and if they have fares"}, {"speaker": "FRAN", "phrase": " they won't stop."}, {"speaker": "ALIC", "phrase": " No"}, {"speaker": "ALIC", "phrase": " they would always stop and"}, {"speaker": "ALIC", "phrase": "I would get them"}, {"speaker": "ALIC", "phrase": " it's just the person behind laugh me laugh"}, {"speaker": "ALIC", "phrase": " pushing laugh me out of the way."}, {"speaker": "ALIC", "phrase": " Getting into the cab."}, {"speaker": "FRAN", "phrase": " Where were you"}, {"speaker": "FRAN", "phrase": " in front of Saks or something laugh ?"}, {"speaker": "FRAN", "phrase": "PAUSE"}, {"speaker": "BERN", "phrase": "PAUSE"}, {"speaker": "ALIC", "phrase": " Grand Central Station probably."}, {"speaker": "FRAN", "phrase": " Oh Grand Central."}, {"speaker": "BERN", "phrase": "PAUSE"}, {"speaker": "ALIC", "phrase": "PAUSE"}, {"speaker": "FRAN", "phrase": " Oh"}, {"speaker": "FRAN", "phrase": " I'm guilty."}, {"speaker": "FRAN", "phrase": " Grand Central."}, {"speaker": "FRAN", "phrase": " I had client in the office building next to Grand Central."}, {"speaker": "ALIC", "phrase": "PAUSE"}, {"speaker": "FRAN", "phrase": " and I used to get in there and muscle people in front of me."}, {"speaker": "ALIC", "phrase": " It's impossible."}, {"speaker": "FRAN", "phrase": " Yeah really."}, {"speaker": "FRAN", "phrase": "PAUSE"}, {"speaker": "ALIC", "phrase": " I've always..."}, {"speaker": "FRAN", "phrase": " Cause it's an"}, {"speaker": "FRAN", "phrase": " constant flow."}, {"speaker": "ALIC", "phrase": " It's horrible."}, {"speaker": "BERN", "phrase": " New Yorker's are."}, {"speaker": "BERN", "phrase": " Yeah."}, {"speaker": "BERN", "phrase": " It's."}, {"speaker": "BERN", "phrase": " You're in hurry"}, {"speaker": "BERN", "phrase": " you're in rush"}, {"speaker": "BERN", "phrase": " and you learn to be little assertive."}, {"speaker": "FRAN", "phrase": " Yeah."}, {"speaker": "BERN", "phrase": " Or is it aggressive."}, {"speaker": "SEAN", "phrase": " Um."}, {"speaker": "FRAN", "phrase": " Well it's..."}, {"speaker": "SEAN", "phrase": " who would like what to drink with dinner."}, {"speaker": "ALIC", "phrase": "PAUSE"}, {"speaker": "ALIC", "phrase": " It's ballistic."}, {"speaker": "SEAN", "phrase": " Here's the choices."}, {"speaker": "ALIC", "phrase": " I have..."}, {"speaker": "SEAN", "phrase": " Mineral water"}, {"speaker": "SEAN", "phrase": " root beer"}, {"speaker": "SEAN", "phrase": " diet soda"}, {"speaker": "SEAN", "phrase": " or um"}, {"speaker": "SEAN", "phrase": " kinda strawberry soda."}, {"speaker": "ALIC", "phrase": " How about regular water."}, {"speaker": "FRAN", "phrase": " I think um"}, {"speaker": "FRAN", "phrase": " mineral water is what I want."}, {"speaker": "SEAN", "phrase": " Okay."}, {"speaker": "ALIC", "phrase": " Regular water"}, {"speaker": "ALIC", "phrase": " do you have that ?"}, {"speaker": "SEAN", "phrase": " Yep."}, {"speaker": "SEAN", "phrase": " Oh we have lots of that."}, {"speaker": "FRAN", "phrase": " Sean"}, {"speaker": "FRAN", "phrase": " I'm looking at all the paintings around"}, {"speaker": "FRAN", "phrase": " it's wonderful to see your work"}, {"speaker": "FRAN", "phrase": " uh."}, {"speaker": "SEAN", "phrase": " Thank you."}, {"speaker": "FRAN", "phrase": " I particularly like this one."}, {"speaker": "FRAN", "phrase": " There's something"}, {"speaker": "FRAN", "phrase": " that makes it"}, {"speaker": "FRAN", "phrase": " That feels almost Japanese about it."}, {"speaker": "SEAN", "phrase": " What ?"}, {"speaker": "ALIC", "phrase": " Whole year."}, {"speaker": "FRAN", "phrase": " This almost feels Japanese."}, {"speaker": "SEAN", "phrase": "PAUSE"}, {"speaker": "SEAN", "phrase": " Oh"}, {"speaker": "SEAN", "phrase": " that one goes with."}, {"speaker": "SEAN", "phrase": " That's um"}, {"speaker": "SEAN", "phrase": " um"}, {"speaker": "SEAN", "phrase": " God"}, {"speaker": "SEAN", "phrase": " Isis and Osiris."}, {"speaker": "SEAN", "phrase": " Osiris."}, {"speaker": "FRAN", "phrase": " Mm."}, {"speaker": "SEAN", "phrase": " and"}, {"speaker": "SEAN", "phrase": " and"}, {"speaker": "SEAN", "phrase": " with his fourteen pieces cut up"}, {"speaker": "SEAN", "phrase": " and Isis."}, {"speaker": "FRAN", "phrase": " Mm."}, {"speaker": "SEAN", "phrase": " But there is Japanese"}, {"speaker": "SEAN", "phrase": " because this"}, {"speaker": "SEAN", "phrase": " These were um"}, {"speaker": "SEAN", "phrase": " old temple hangings."}, {"speaker": "FRAN", "phrase": " ?"}, {"speaker": "FRAN", "phrase": " Oh."}, {"speaker": "SEAN", "phrase": " That I uh that I cut up."}, {"speaker": "FRAN", "phrase": " Okay."}, {"speaker": "SEAN", "phrase": " Yep."}, {"speaker": "ALIC", "phrase": " Oh wow."}, {"speaker": "ALIC", "phrase": " That's good."}, {"speaker": "FRAN", "phrase": " You cut up the temple hanging you barbarian ?"}, {"speaker": "BERN", "phrase": " They were..."}, {"speaker": "SEAN", "phrase": " Well..."}, {"speaker": "BERN", "phrase": " They started falling apart."}, {"speaker": "SEAN", "phrase": " They had fallen apart Fran."}, {"speaker": "FRAN", "phrase": "PAUSE"}, {"speaker": "FRAN", "phrase": "PAUSE"}, {"speaker": "FRAN", "phrase": " You actually saved them."}, {"speaker": "SEAN", "phrase": " I..."}, {"speaker": "ALIC", "phrase": " Right."}, {"speaker": "BERN", "phrase": " Yes."}, {"speaker": "SEAN", "phrase": " I had tried."}, {"speaker": "SEAN", "phrase": " I havethemin some pillows"}, {"speaker": "SEAN", "phrase": " and the pillows had finally had it"}, {"speaker": "SEAN", "phrase": " and I thought"}, {"speaker": "SEAN", "phrase": " you know"}, {"speaker": "SEAN", "phrase": " this is it."}, {"speaker": "FRAN", "phrase": " Yeah."}, {"speaker": "ALIC", "phrase": " Recycling."}, {"speaker": "ALIC", "phrase": " Yes."}, {"speaker": "FRAN", "phrase": " Now Bernard"}, {"speaker": "FRAN", "phrase": " some of your work is around too."}, {"speaker": "BERN", "phrase": " Well there's couple sculptures here."}, {"speaker": "SEAN", "phrase": " Those heads."}, {"speaker": "FRAN", "phrase": " Yes I see."}, {"speaker": "SEAN", "phrase": " they're Bernard's."}, {"speaker": "ALIC", "phrase": " I love this."}, {"speaker": "FRAN", "phrase": " Yes"}, {"speaker": "FRAN", "phrase": " They're won derful."}, {"speaker": "ALIC", "phrase": " I love that."}, {"speaker": "FRAN", "phrase": " You know Bernard"}, {"speaker": "FRAN", "phrase": " I hope you aren't disappointed when you go to pick up those two bits"}, {"speaker": "FRAN", "phrase": " that are left"}, {"speaker": "FRAN", "phrase": " of the sculpture."}, {"speaker": "BERN", "phrase": " I won't be."}, {"speaker": "FRAN", "phrase": " You know"}, {"speaker": "FRAN", "phrase": " but"}, {"speaker": "FRAN", "phrase": " they'll be nice yard ornaments."}, {"speaker": "BERN", "phrase": " Sure."}, {"speaker": "BERN", "phrase": " And..."}, {"speaker": "SEAN", "phrase": " What do you want to drink Bernard."}, {"speaker": "BERN", "phrase": " I'm gonna have water also."}, {"speaker": "BERN", "phrase": " But..."}, {"speaker": "SEAN", "phrase": " Fizzy or."}, {"speaker": "ALIC", "phrase": " Well how long."}, {"speaker": "ALIC", "phrase": " When are you gonna be here till."}, {"speaker": "BERN", "phrase": " Fizzy."}, {"speaker": "SEAN", "phrase": " Okay."}, {"speaker": "FRAN", "phrase": " I'll be here till Wednesday."}, {"speaker": "ALIC", "phrase": " Oh"}, {"speaker": "ALIC", "phrase": " just few days."}, {"speaker": "FRAN", "phrase": " Well I've been here for"}, {"speaker": "FRAN", "phrase": " since."}, {"speaker": "FRAN", "phrase": " I'I will have been here two full weeks."}, {"speaker": "FRAN", "phrase": " By the time I leave."}, {"speaker": "FRAN", "phrase": " Um"}, {"speaker": "FRAN", "phrase": " but I've just been real busy with"}, {"speaker": "FRAN", "phrase": " with this chore I was taking care of while I was here."}, {"speaker": "ALIC", "phrase": " Oh."}, {"speaker": "FRAN", "phrase": " So"}, {"speaker": "FRAN", "phrase": " I was emptying storeroom"}, {"speaker": "FRAN", "phrase": " and shipping some things back east."}, {"speaker": "SEAN", "phrase": " Her her brother was Jerrod Laker"}, {"speaker": "SEAN", "phrase": " the one I took care of ?"}, {"speaker": "ALIC", "phrase": " Oh yeah."}, {"speaker": "SEAN", "phrase": " And she's been sending his things back."}, {"speaker": "SEAN", "phrase": " He her brother had lotta things."}, {"speaker": "SEAN", "phrase": "PAUSE"}, {"speaker": "FRAN", "phrase": " Yeah"}, {"speaker": "FRAN", "phrase": " he had bunch of stuff."}, {"speaker": "ALIC", "phrase": " With."}, {"speaker": "ALIC", "phrase": " He."}, {"speaker": "ALIC", "phrase": " He worked for um"}, {"speaker": "ALIC", "phrase": " Benny Keller ?"}, {"speaker": "SEAN", "phrase": " Yeah."}, {"speaker": "FRAN", "phrase": " For years."}, {"speaker": "FRAN", "phrase": " Yes."}, {"speaker": "ALIC", "phrase": " Yeah I."}, {"speaker": "ALIC", "phrase": " I know him."}, {"speaker": "FRAN", "phrase": " Yeah."}, {"speaker": "ALIC", "phrase": " I did."}, {"speaker": "FRAN", "phrase": " Yeah."}, {"speaker": "ALIC", "phrase": " That's your brother ?"}, {"speaker": "FRAN", "phrase": " Yeah."}, {"speaker": "ALIC", "phrase": " Oh no."}, {"speaker": "FRAN", "phrase": " Yeah."}, {"speaker": "FRAN", "phrase": " So"}, {"speaker": "FRAN", "phrase": " his little private collection."}, {"speaker": "SEAN", "phrase": " can you open the drawer please."}, {"speaker": "ALIC", "phrase": " You..."}, {"speaker": "SEAN", "phrase": "PAUSE"}, {"speaker": "FRAN", "phrase": " I'm sending back"}, {"speaker": "FRAN", "phrase": " and it sounds"}, {"speaker": "FRAN", "phrase": " you know"}, {"speaker": "FRAN", "phrase": " to use the word collection sounds very grand."}, {"speaker": "SEAN", "phrase": "PAUSE"}, {"speaker": "FRAN", "phrase": " but it's just really bunch of."}, {"speaker": "SEAN", "phrase": "PAUSE"}, {"speaker": "BERN", "phrase": " put this in plastic bag."}, {"speaker": "ALIC", "phrase": " His personal stuff."}, {"speaker": "FRAN", "phrase": " Yeah."}, {"speaker": "FRAN", "phrase": " \u0294Yeah."}, {"speaker": "ALIC", "phrase": " He's your only brother ?"}, {"speaker": "SEAN", "phrase": " Is the whole ice box gonna smell."}, {"speaker": "FRAN", "phrase": " Yes"}, {"speaker": "FRAN", "phrase": " and we were very close."}, {"speaker": "FRAN", "phrase": " So"}, {"speaker": "FRAN", "phrase": " it was uh."}, {"speaker": "SEAN", "phrase": " I have little one right here I think."}, {"speaker": "FRAN", "phrase": " sad thing for me"}, {"speaker": "FRAN", "phrase": " to lose him but"}, {"speaker": "FRAN", "phrase": " Sean is marvellous."}, {"speaker": "FRAN", "phrase": " Looking after him."}, {"speaker": "FRAN", "phrase": " And fellow named Bob Butler also."}, {"speaker": "SEAN", "phrase": " How strong is this."}, {"speaker": "FRAN", "phrase": " I don't know if you know."}, {"speaker": "ALIC", "phrase": " I know Bob."}, {"speaker": "FRAN", "phrase": " Yeah."}, {"speaker": "FRAN", "phrase": " They were absolute angels."}, {"speaker": "ALIC", "phrase": " Wow."}, {"speaker": "FRAN", "phrase": " So."}, {"speaker": "ALIC", "phrase": " When was that."}, {"speaker": "ALIC", "phrase": " Two years ago ?"}, {"speaker": "FRAN", "phrase": " No."}, {"speaker": "FRAN", "phrase": " It's actually quite while now."}, {"speaker": "SEAN", "phrase": " Mm."}, {"speaker": "FRAN", "phrase": " It's four years."}, {"speaker": "X", "phrase": " four years ?"}, {"speaker": "FRAN", "phrase": " Yeah"}, {"speaker": "FRAN", "phrase": " it's astounding to me that it's that length of time."}, {"speaker": "ALIC", "phrase": " And his stuff was put in storage ?"}, {"speaker": "FRAN", "phrase": " Hmm."}, {"speaker": "SEAN", "phrase": " Okay."}, {"speaker": "BERN", "phrase": " I'll wait with that and."}, {"speaker": "FRAN", "phrase": " Yeah I just couldn't believe laugh."}, {"speaker": "BERN", "phrase": " Help you out."}, {"speaker": "SEAN", "phrase": " Sure."}, {"speaker": "ALIC", "phrase": " Oh wow."}, {"speaker": "SEAN", "phrase": " Um."}, {"speaker": "FRAN", "phrase": " For one thing"}, {"speaker": "FRAN", "phrase": " I had uh."}, {"speaker": "SEAN", "phrase": " You bring the plates."}, {"speaker": "FRAN", "phrase": " such tiny apartment."}, {"speaker": "FRAN", "phrase": " Um"}, {"speaker": "FRAN", "phrase": " when we went back to New York"}, {"speaker": "FRAN", "phrase": " um"}, {"speaker": "FRAN", "phrase": " I had kept studio there."}, {"speaker": "FRAN", "phrase": " And of course"}, {"speaker": "FRAN", "phrase": " that was small and"}, {"speaker": "FRAN", "phrase": " and then"}, {"speaker": "FRAN", "phrase": " we found another studio"}, {"speaker": "FRAN", "phrase": " in uh"}, {"speaker": "FRAN", "phrase": " in our neighborhood"}, {"speaker": "FRAN", "phrase": " that we liked"}, {"speaker": "FRAN", "phrase": " in the Village"}, {"speaker": "FRAN", "phrase": " and we moved into that"}, {"speaker": "FRAN", "phrase": " and we just got so busy"}, {"speaker": "FRAN", "phrase": " we didn't get around to moving into real apartment."}, {"speaker": "SEAN", "phrase": " Mm."}, {"speaker": "FRAN", "phrase": " until this past year."}, {"speaker": "FRAN", "phrase": " So that's why I'm doing it now."}, {"speaker": "SEAN", "phrase": " This is alright."}, {"speaker": "FRAN", "phrase": " But I also know"}, {"speaker": "FRAN", "phrase": " that I wasn't really ready to do it until now."}, {"speaker": "FRAN", "phrase": " So."}, {"speaker": "FRAN", "phrase": " You know"}, {"speaker": "FRAN", "phrase": " but it's okay now."}, {"speaker": "ALIC", "phrase": " Yeah"}, {"speaker": "ALIC", "phrase": " you know I take care of people's estates"}, {"speaker": "ALIC", "phrase": " and my."}, {"speaker": "ALIC", "phrase": " my garage is filled with dead people's things."}, {"speaker": "FRAN", "phrase": " Yeah."}, {"speaker": "ALIC", "phrase": " \u0294That"}, {"speaker": "ALIC", "phrase": " I don't."}, {"speaker": "ALIC", "phrase": " I wanna toss em."}, {"speaker": "ALIC", "phrase": " But \u0294it just."}, {"speaker": "ALIC", "phrase": " Maybe worth something"}, {"speaker": "ALIC", "phrase": " maybe somebody'll surface"}, {"speaker": "ALIC", "phrase": " so I have like four years' worth now."}, {"speaker": "ALIC", "phrase": " of"}, {"speaker": "ALIC", "phrase": "PAUSE"}, {"speaker": "ALIC", "phrase": " you know"}, {"speaker": "ALIC", "phrase": " an antique mirror"}, {"speaker": "ALIC", "phrase": " just."}, {"speaker": "ALIC", "phrase": " And every once in while somebody'll show up and say"}, {"speaker": "ALIC", "phrase": " do you know where such and such is."}, {"speaker": "ALIC", "phrase": " And I'll say"}, {"speaker": "ALIC", "phrase": " I've got that."}, {"speaker": "ALIC", "phrase": " and I'll hand it to em."}, {"speaker": "ALIC", "phrase": " and they're"}, {"speaker": "ALIC", "phrase": " I mean that just happened to me."}, {"speaker": "FRAN", "phrase": " Yeah."}, {"speaker": "ALIC", "phrase": " few weeks ago."}, {"speaker": "FRAN", "phrase": " They're excited and happy."}, {"speaker": "ALIC", "phrase": " Mhm."}, {"speaker": "FRAN", "phrase": " Yeah."}, {"speaker": "FRAN", "phrase": " that's great."}, {"speaker": "ALIC", "phrase": " And"}, {"speaker": "ALIC", "phrase": " But it's stuff."}, {"speaker": "FRAN", "phrase": " Yeah."}, {"speaker": "ALIC", "phrase": " And so"}, {"speaker": "ALIC", "phrase": " I don't wanna feel discouraged"}, {"speaker": "ALIC", "phrase": " cause like I'm the only one."}, {"speaker": "BERN", "phrase": " Oh yeah it's"}, {"speaker": "BERN", "phrase": " getting."}, {"speaker": "ALIC", "phrase": " I'm in charge of this"}, {"speaker": "ALIC", "phrase": " and so."}, {"speaker": "SEAN", "phrase": " Okay ladies ?"}, {"speaker": "ALIC", "phrase": " You know what I mean ?"}, {"speaker": "SEAN", "phrase": " Dinner."}, {"speaker": "FRAN", "phrase": " It smells divine."}, {"speaker": "ALIC", "phrase": " Oo."}, {"speaker": "BERN", "phrase": " It is."}, {"speaker": "FRAN", "phrase": " Where should we sit."}, {"speaker": "ALIC", "phrase": "PAUSE"}, {"speaker": "SEAN", "phrase": " Fran."}, {"speaker": "ALIC", "phrase": " Hey"}, {"speaker": "ALIC", "phrase": "PAUSE"}, {"speaker": "SEAN", "phrase": " Alice."}, {"speaker": "BERN", "phrase": " Oh yes."}, {"speaker": "FRAN", "phrase": " Did you say Fran ?"}, {"speaker": "ALIC", "phrase": " I don't know"}, {"speaker": "ALIC", "phrase": " I don't know if this is working."}, {"speaker": "SEAN", "phrase": " Yes."}, {"speaker": "ALIC", "phrase": " I don't even have clue."}, {"speaker": "FRAN", "phrase": " Oh"}, {"speaker": "FRAN", "phrase": " heaven."}, {"speaker": "ALIC", "phrase": " It should be going up."}, {"speaker": "BERN", "phrase": " Where's the microphone."}, {"speaker": "ALIC", "phrase": " This red one."}, {"speaker": "ALIC", "phrase": " Here."}, {"speaker": "ALIC", "phrase": " I'm not mechanical Sean."}, {"speaker": "SEAN", "phrase": " It's Sean concoction."}, {"speaker": "ALIC", "phrase": " It's."}, {"speaker": "ALIC", "phrase": " Looks like it's going too fast to be recording."}, {"speaker": "FRAN", "phrase": " What is it."}, {"speaker": "BERN", "phrase": " No"}, {"speaker": "BERN", "phrase": " that looks right."}, {"speaker": "FRAN", "phrase": " Oh trust the machinery."}, {"speaker": "ALIC", "phrase": "PAUSE"}, {"speaker": "ALIC", "phrase": " \u0294I don't."}, {"speaker": "SEAN", "phrase": " If it didn't it didn't."}, {"speaker": "FRAN", "phrase": " Oh this is great."}, {"speaker": "SEAN", "phrase": " Hey."}, {"speaker": "FRAN", "phrase": " I just got the same fabric."}, {"speaker": "ALIC", "phrase": " Where do I sit."}, {"speaker": "ALIC", "phrase": " Here ?"}, {"speaker": "SEAN", "phrase": " Here."}, {"speaker": "ALIC", "phrase": " I should turn..."}, {"speaker": "FRAN", "phrase": " to do dining room laugh chairs laugh."}, {"speaker": "ALIC", "phrase": " I have to see this."}, {"speaker": "SEAN", "phrase": " You're kidding."}, {"speaker": "FRAN", "phrase": " I'm serious."}, {"speaker": "FRAN", "phrase": " I did it in navy."}, {"speaker": "SEAN", "phrase": " Unhunh ?"}, {"speaker": "FRAN", "phrase": " and gold."}, {"speaker": "SEAN", "phrase": " I looked at the navy."}, {"speaker": "FRAN", "phrase": " and."}, {"speaker": "ALIC", "phrase": " Oh wow."}, {"speaker": "FRAN", "phrase": " uh"}, {"speaker": "FRAN", "phrase": " because"}, {"speaker": "FRAN", "phrase": " I had another fabric"}, {"speaker": "FRAN", "phrase": " it's uh"}, {"speaker": "FRAN", "phrase": " it's gorgeous blue with gold beads."}, {"speaker": "BERN", "phrase": " Do you need to scoot ?"}, {"speaker": "ALIC", "phrase": " Wow this is great."}, {"speaker": "FRAN", "phrase": " and I wanted to mix the two fabrics."}, {"speaker": "FRAN", "phrase": " And the red didn't work with it."}, {"speaker": "BERN", "phrase": " Yeah."}, {"speaker": "SEAN", "phrase": " Well I first had..."}, {"speaker": "FRAN", "phrase": " Cause I fell in love with the red."}, {"speaker": "SEAN", "phrase": " kind of"}, {"speaker": "SEAN", "phrase": " flower fabric"}, {"speaker": "SEAN", "phrase": " that I put on these ?"}, {"speaker": "FRAN", "phrase": " Unhunh ?"}, {"speaker": "SEAN", "phrase": " It."}, {"speaker": "SEAN", "phrase": " The chair's died."}, {"speaker": "BERN", "phrase": " It was horrible."}, {"speaker": "BERN", "phrase": " Yeah."}, {"speaker": "FRAN", "phrase": " Yeah."}, {"speaker": "SEAN", "phrase": " And so I went to the design center"}, {"speaker": "SEAN", "phrase": " and I went to all the places"}, {"speaker": "SEAN", "phrase": " and"}, {"speaker": "SEAN", "phrase": " that was the one."}, {"speaker": "FRAN", "phrase": " Yeah."}, {"speaker": "ALIC", "phrase": "Why do we have to look at the one I'm \u0294uh on haha."}, {"speaker": "ALIC", "phrase": "PAUSE"}, {"speaker": "BERN", "phrase": "PAUSE"}, {"speaker": "FRAN", "phrase": "PAUSE"}, {"speaker": "FRAN", "phrase": "PAUSE"}, {"speaker": "BERN", "phrase": "PAUSE"}, {"speaker": "ALIC", "phrase": "PAUSE"}, {"speaker": "FRAN", "phrase": " Because you're the."}, {"speaker": "FRAN", "phrase": " you'you're the slimmest"}, {"speaker": "FRAN", "phrase": " and show the most uh."}, {"speaker": "ALIC", "phrase": " Oh"}, {"speaker": "ALIC", "phrase": " chair."}, {"speaker": "FRAN", "phrase": " cushion cleft."}, {"speaker": "ALIC", "phrase": " Okay"}, {"speaker": "ALIC", "phrase": " that was cool."}, {"speaker": "FRAN", "phrase": " Right."}, {"speaker": "BERN", "phrase": " Cheers everybody."}, {"speaker": "BERN", "phrase": " here's to..."}, {"speaker": "ALIC", "phrase": " Cheers cheers."}, {"speaker": "FRAN", "phrase": " Cheers."}, {"speaker": "FRAN", "phrase": " cheers."}, {"speaker": "BERN", "phrase": " Cheers."}, {"speaker": "SEAN", "phrase": " It's nice to see you Fran."}, {"speaker": "FRAN", "phrase": " Lovely to be here."}, {"speaker": "X", "phrase": "PAUSE"}, {"speaker": "ALIC", "phrase": " I didn't realize that you had such close connection."}, {"speaker": "ALIC", "phrase": " That you..."}, {"speaker": "SEAN", "phrase": " Oh yeah."}, {"speaker": "ALIC", "phrase": " I didn't get that."}, {"speaker": "SEAN", "phrase": " We took care of Jerrod"}, {"speaker": "SEAN", "phrase": " and that's when we really."}, {"speaker": "SEAN", "phrase": " Well"}, {"speaker": "SEAN", "phrase": " we had heard of Fran."}, {"speaker": "FRAN", "phrase": " That's when I really got to meet em."}, {"speaker": "SEAN", "phrase": " for long time from Jerrod"}, {"speaker": "SEAN", "phrase": " and"}, {"speaker": "SEAN", "phrase": " but that's how we really met."}, {"speaker": "ALIC", "phrase": " Brother and sister."}, {"speaker": "BERN", "phrase": " I thought he just made it up."}, {"speaker": "SEAN", "phrase": " And then she's come."}, {"speaker": "FRAN", "phrase": " His faux sister."}, {"speaker": "SEAN", "phrase": " almost every year."}, {"speaker": "BERN", "phrase": " Yes."}, {"speaker": "FRAN", "phrase": " His fantasy sister."}, {"speaker": "BERN", "phrase": " Right."}, {"speaker": "FRAN", "phrase": " Well I used to come out here."}, {"speaker": "ALIC", "phrase": " to see your brother."}, {"speaker": "FRAN", "phrase": " with great regularity."}, {"speaker": "FRAN", "phrase": " I mean"}, {"speaker": "FRAN", "phrase": " I was out here about every."}, {"speaker": "ALIC", "phrase": " Don't you love it out here"}, {"speaker": "ALIC", "phrase": " don't you love it ?"}, {"speaker": "FRAN", "phrase": " I do"}, {"speaker": "FRAN", "phrase": " I adore it."}, {"speaker": "ALIC", "phrase": " This."}, {"speaker": "ALIC", "phrase": " Wouldn't this be in the top three of."}, {"speaker": "FRAN", "phrase": " This would be"}, {"speaker": "FRAN", "phrase": " if."}, {"speaker": "FRAN", "phrase": " Were I going to leave New York."}, {"speaker": "FRAN", "phrase": " This would definitely be"}, {"speaker": "FRAN", "phrase": " I think this would be my second choice."}, {"speaker": "FRAN", "phrase": " And"}, {"speaker": "FRAN", "phrase": " the other thing I would maybe do is"}, {"speaker": "FRAN", "phrase": " go back to New Orleans."}, {"speaker": "FRAN", "phrase": " But then like"}, {"speaker": "FRAN", "phrase": " I don't know."}, {"speaker": "SEAN", "phrase": " New Orleans ?"}, {"speaker": "FRAN", "phrase": " maybe come here in the summer or something."}, {"speaker": "FRAN", "phrase": " Because"}, {"speaker": "FRAN", "phrase": " it's just beastly there in the summer."}, {"speaker": "FRAN", "phrase": " You know"}, {"speaker": "FRAN", "phrase": " but this is definitely"}, {"speaker": "FRAN", "phrase": " and"}, {"speaker": "FRAN", "phrase": " oddly enough"}, {"speaker": "FRAN", "phrase": " do you know where else I might go ?"}, {"speaker": "FRAN", "phrase": " Buffalo New York."}, {"speaker": "FRAN", "phrase": " Is wonderful city."}, {"speaker": "BERN", "phrase": " I've heard."}, {"speaker": "FRAN", "phrase": " It has..."}, {"speaker": "ALIC", "phrase": " Buffalo ?"}, {"speaker": "SEAN", "phrase": " I was on the radio there today."}, {"speaker": "FRAN", "phrase": " You were ?"}, {"speaker": "SEAN", "phrase": " Yes."}, {"speaker": "FRAN", "phrase": " Oh wow."}, {"speaker": "SEAN", "phrase": " Doubleu."}, {"speaker": "SEAN", "phrase": " it was."}, {"speaker": "SEAN", "phrase": " I don't know what it was."}, {"speaker": "X", "phrase": "PAUSE"}, {"speaker": "FRAN", "phrase": " Unhunh ?"}, {"speaker": "SEAN", "phrase": "At two forty five."}, {"speaker": "SEAN", "phrase": "Five forty five there."}, {"speaker": "SEAN", "phrase": " Somebody's show."}, {"speaker": "SEAN", "phrase": " Mhm ?"}, {"speaker": "SEAN", "phrase": " Was raining there."}, {"speaker": "FRAN", "phrase": " It was ?"}, {"speaker": "SEAN", "phrase": " Mhm ?"}, {"speaker": "FRAN", "phrase": " Oh."}, {"speaker": "ALIC", "phrase": " Sean this is great."}, {"speaker": "FRAN", "phrase": " Well it's good day for people to be indoors listening to the radio."}, {"speaker": "BERN", "phrase": " Buffalo \u0294uh..."}, {"speaker": "SEAN", "phrase": " Is that where Linda's from ?"}, {"speaker": "FRAN", "phrase": " Linda's from Corning."}, {"speaker": "BERN", "phrase": " Or is she up farther."}, {"speaker": "BERN", "phrase": " Up farther."}, {"speaker": "FRAN", "phrase": " which is uh not too far away."}, {"speaker": "FRAN", "phrase": " But it's in the..."}, {"speaker": "BERN", "phrase": "PAUSE"}, {"speaker": "FRAN", "phrase": " in the same general area."}, {"speaker": "SEAN", "phrase": " Mm."}, {"speaker": "SEAN", "phrase": " came out good."}, {"speaker": "ALIC", "phrase": " It's great."}, {"speaker": "FRAN", "phrase": " Mm."}, {"speaker": "FRAN", "phrase": " Is this."}, {"speaker": "FRAN", "phrase": " We."}, {"speaker": "FRAN", "phrase": " This looks like something we used to call grillades."}, {"speaker": "FRAN", "phrase": " In in New Orleans."}, {"speaker": "FRAN", "phrase": " What is it."}, {"speaker": "SEAN", "phrase": " Grillades."}, {"speaker": "SEAN", "phrase": " Hunh ?"}, {"speaker": "FRAN", "phrase": " Mhm."}, {"speaker": "SEAN", "phrase": " This is red beans and rice"}, {"speaker": "SEAN", "phrase": " with some steak."}, {"speaker": "FRAN", "phrase": " Unhunh ?"}, {"speaker": "SEAN", "phrase": " and um"}, {"speaker": "SEAN", "phrase": " green and and red peppers cut up."}, {"speaker": "FRAN", "phrase": " It's delicious."}, {"speaker": "BERN", "phrase": " It is delicious Sean."}, {"speaker": "ALIC", "phrase": " Mm."}, {"speaker": "ALIC", "phrase": " It's great."}, {"speaker": "BERN", "phrase": "PAUSE"}, {"speaker": "FRAN", "phrase": " Did you invent this ?"}, {"speaker": "FRAN", "phrase": " Cause it's very like New Orleans recipe."}, {"speaker": "SEAN", "phrase": " Mhm."}, {"speaker": "SEAN", "phrase": " I invented it."}, {"speaker": "ALIC", "phrase": " Mhm."}, {"speaker": "FRAN", "phrase": " Mm."}, {"speaker": "FRAN", "phrase": " Wonderful."}, {"speaker": "SEAN", "phrase": " I had red beans and rice"}, {"speaker": "SEAN", "phrase": " for dinner"}, {"speaker": "SEAN", "phrase": " last week"}, {"speaker": "SEAN", "phrase": " and it was so great"}, {"speaker": "SEAN", "phrase": " and I thought"}, {"speaker": "SEAN", "phrase": " I could make this for dinner party."}, {"speaker": "ALIC", "phrase": " Yeah"}, {"speaker": "ALIC", "phrase": " what can I."}, {"speaker": "ALIC", "phrase": " \u0294You \u0294know."}, {"speaker": "SEAN", "phrase": " And just."}, {"speaker": "SEAN", "phrase": " And I'll just add to it"}, {"speaker": "SEAN", "phrase": " and"}, {"speaker": "SEAN", "phrase": " that's what I like."}, {"speaker": "SEAN", "phrase": " Is to add."}, {"speaker": "FRAN", "phrase": " And jazz it up."}, {"speaker": "SEAN", "phrase": " I couldn't really follow recipe."}, {"speaker": "FRAN", "phrase": " Mhm ?"}, {"speaker": "SEAN", "phrase": " I mean I could but"}, {"speaker": "SEAN", "phrase": " Hm."}, {"speaker": "BERN", "phrase": " I used to say"}, {"speaker": "BERN", "phrase": " well how much did you put in."}, {"speaker": "BERN", "phrase": " I don't know."}, {"speaker": "FRAN", "phrase": " Mhm ?"}, {"speaker": "SEAN", "phrase": " I don't know."}, {"speaker": "ALIC", "phrase": " Can you do it again."}, {"speaker": "ALIC", "phrase": " No"}, {"speaker": "ALIC", "phrase": " I don't think so."}, {"speaker": "SEAN", "phrase": " No."}, {"speaker": "FRAN", "phrase": " Well"}, {"speaker": "FRAN", "phrase": " my cooking comes out different"}, {"speaker": "FRAN", "phrase": " differently every time."}, {"speaker": "FRAN", "phrase": " Every time I make something."}, {"speaker": "ALIC", "phrase": " Every..."}, {"speaker": "FRAN", "phrase": " The only thing that's consistent is"}, {"speaker": "FRAN", "phrase": " my fried chicken"}, {"speaker": "FRAN", "phrase": " pretty much tastes the same"}, {"speaker": "FRAN", "phrase": " and"}, {"speaker": "FRAN", "phrase": " spaghetti sauce I make"}, {"speaker": "FRAN", "phrase": " tastes pretty much the same."}, {"speaker": "SEAN", "phrase": " Do you cook lot ?"}, {"speaker": "FRAN", "phrase": " I used to"}, {"speaker": "FRAN", "phrase": " I haven't in several years."}, {"speaker": "SEAN", "phrase": " Hm."}, {"speaker": "FRAN", "phrase": " But now"}, {"speaker": "FRAN", "phrase": " I have kitchen that"}, {"speaker": "FRAN", "phrase": " again I'll cook."}, {"speaker": "FRAN", "phrase": " I at least I..."}, {"speaker": "SEAN", "phrase": " You're on the twelfth floor ?"}, {"speaker": "FRAN", "phrase": " Yeah"}, {"speaker": "FRAN", "phrase": " I have great views."}, {"speaker": "FRAN", "phrase": " I'm thrilled with the views."}, {"speaker": "ALIC", "phrase": " You can cook on the twelfth floor ?"}, {"speaker": "FRAN", "phrase": " Mhm ?"}, {"speaker": "SEAN", "phrase": "PAUSE"}, {"speaker": "ALIC", "phrase": "PAUSE"}, {"speaker": "SEAN", "phrase": " Are you sure ?"}, {"speaker": "FRAN", "phrase": " Mhm ?"}, {"speaker": "ALIC", "phrase": " I think there's something"}, {"speaker": "ALIC", "phrase": " the pressure though."}, {"speaker": "ALIC", "phrase": " The air is thin."}, {"speaker": "FRAN", "phrase": " Mhm ?"}, {"speaker": "ALIC", "phrase": " As you go up ?"}, {"speaker": "FRAN", "phrase": " You have to adjust for altitude."}, {"speaker": "BERN", "phrase": " I was thinking of the barbecue."}, {"speaker": "FRAN", "phrase": "PAUSE"}, {"speaker": "BERN", "phrase": "PAUSE"}, {"speaker": "ALIC", "phrase": " That's right."}, {"speaker": "ALIC", "phrase": " Everything cooks faster."}, {"speaker": "BERN", "phrase": " I laugh always laugh run outside and cook."}, {"speaker": "FRAN", "phrase": " Mm."}, {"speaker": "BERN", "phrase": " The altitude laugh."}, {"speaker": "BERN", "phrase": " You have to be careful."}, {"speaker": "BERN", "phrase": " Right"}, {"speaker": "BERN", "phrase": " Especially with you're baking."}, {"speaker": "FRAN", "phrase": " Right."}, {"speaker": "BERN", "phrase": "PAUSE"}, {"speaker": "ALIC", "phrase": "PAUSE"}, {"speaker": "FRAN", "phrase": "PAUSE"}, {"speaker": "SEAN", "phrase": " Well Fran"}, {"speaker": "SEAN", "phrase": " I've been looking"}, {"speaker": "SEAN", "phrase": " really"}, {"speaker": "SEAN", "phrase": " for year or two"}, {"speaker": "SEAN", "phrase": " at different places to live."}, {"speaker": "SEAN", "phrase": " I went back to Europe."}, {"speaker": "FRAN", "phrase": " Mhm ?"}, {"speaker": "SEAN", "phrase": " to London and Paris"}, {"speaker": "SEAN", "phrase": " I've been in Sun Valley"}, {"speaker": "SEAN", "phrase": " Tucson"}, {"speaker": "SEAN", "phrase": " I've been."}, {"speaker": "SEAN", "phrase": " and Montana"}, {"speaker": "SEAN", "phrase": " Seattle"}, {"speaker": "SEAN", "phrase": " I liked Seattle lot."}, {"speaker": "FRAN", "phrase": " Mhm ?"}, {"speaker": "SEAN", "phrase": " But I couldn't live there."}, {"speaker": "SEAN", "phrase": " And."}, {"speaker": "SEAN", "phrase": " Outside of New York"}, {"speaker": "SEAN", "phrase": " and I couldn't go back to live in New York again"}, {"speaker": "SEAN", "phrase": " it's been"}, {"speaker": "SEAN", "phrase": " I'm over it."}, {"speaker": "FRAN", "phrase": " Mhm."}, {"speaker": "SEAN", "phrase": " This is the best place I've found."}, {"speaker": "FRAN", "phrase": " It got."}, {"speaker": "FRAN", "phrase": " \u0294uh I said..."}, {"speaker": "SEAN", "phrase": " and Alice always says."}, {"speaker": "ALIC", "phrase": " I."}, {"speaker": "SEAN", "phrase": " might as well not look Sean"}, {"speaker": "SEAN", "phrase": " I've looked everywhere."}, {"speaker": "ALIC", "phrase": " I've looked everywhere."}, {"speaker": "SEAN", "phrase": "PAUSE"}, {"speaker": "ALIC", "phrase": " you know."}, {"speaker": "FRAN", "phrase": " It's pointless."}, {"speaker": "ALIC", "phrase": " I've looked everywhere."}, {"speaker": "FRAN", "phrase": " Right."}, {"speaker": "SEAN", "phrase": " This is tiny little geographically wonderful."}, {"speaker": "ALIC", "phrase": " Haven."}, {"speaker": "ALIC", "phrase": " This is..."}, {"speaker": "SEAN", "phrase": " Mhm."}, {"speaker": "FRAN", "phrase": " Bloom."}, {"speaker": "SEAN", "phrase": " And it is the geography Alice."}, {"speaker": "ALIC", "phrase": " It's whatever it is."}, {"speaker": "ALIC", "phrase": " It works."}, {"speaker": "SEAN", "phrase": " It's geography."}, {"speaker": "SEAN", "phrase": " But I do miss"}, {"speaker": "SEAN", "phrase": " lot of things about city."}, {"speaker": "SEAN", "phrase": " And about New York."}, {"speaker": "FRAN", "phrase": " Well we go to the opera"}, {"speaker": "FRAN", "phrase": " and I go to museums."}, {"speaker": "SEAN", "phrase": " Mm."}, {"speaker": "FRAN", "phrase": " And"}, {"speaker": "FRAN", "phrase": " I would miss that."}, {"speaker": "SEAN", "phrase": " Mhm ?"}, {"speaker": "BERN", "phrase": " The New York opera."}, {"speaker": "FRAN", "phrase": " The Met."}, {"speaker": "BERN", "phrase": " Mhm."}, {"speaker": "ALIC", "phrase": " That's the best part of Age of Innocence."}, {"speaker": "ALIC", "phrase": " The beginning of it ?"}, {"speaker": "ALIC", "phrase": " I just saw that today."}, {"speaker": "SEAN", "phrase": " She went today."}, {"speaker": "FRAN", "phrase": " Mm."}, {"speaker": "ALIC", "phrase": " And this"}, {"speaker": "ALIC", "phrase": " the scene at the opera."}, {"speaker": "SEAN", "phrase": " Mm."}, {"speaker": "ALIC", "phrase": " New York."}, {"speaker": "ALIC", "phrase": " In eighteen seventy."}, {"speaker": "FRAN", "phrase": " Mm."}, {"speaker": "ALIC", "phrase": "PAUSE"}, {"speaker": "ALIC", "phrase": " It's such detail."}, {"speaker": "ALIC", "phrase": " An..."}, {"speaker": "SEAN", "phrase": " It said that's the best thing."}, {"speaker": "ALIC", "phrase": " Oh"}, {"speaker": "ALIC", "phrase": " Go is it..."}, {"speaker": "SEAN", "phrase": " the New York scene."}, {"speaker": "BERN", "phrase": " I wonder where the opera house was."}, {"speaker": "FRAN", "phrase": " Oh well."}, {"speaker": "SEAN", "phrase": " It was down on."}, {"speaker": "FRAN", "phrase": " when I came to New York"}, {"speaker": "FRAN", "phrase": " it was Thirtyninth and s \u0294uh..."}, {"speaker": "SEAN", "phrase": " Fourteenth..."}, {"speaker": "FRAN", "phrase": " When I came to New York"}, {"speaker": "FRAN", "phrase": " it was on Thirtyninth and and Broadway."}, {"speaker": "ALIC", "phrase": " I think it's at the big."}, {"speaker": "BERN", "phrase": " What year were you there ?"}, {"speaker": "FRAN", "phrase": " Sixtyfour."}, {"speaker": "FRAN", "phrase": " There were."}, {"speaker": "FRAN", "phrase": " It was the last season there."}, {"speaker": "BERN", "phrase": " They were."}, {"speaker": "BERN", "phrase": " Oh"}, {"speaker": "BERN", "phrase": " they were building Lincoln Center."}, {"speaker": "SEAN", "phrase": " That was the old opera house."}, {"speaker": "BERN", "phrase": " Because."}, {"speaker": "FRAN", "phrase": " That was the last season there."}, {"speaker": "BERN", "phrase": " Cause I was there"}, {"speaker": "BERN", "phrase": " I was there"}, {"speaker": "BERN", "phrase": " just as Lincoln Center was being finished."}, {"speaker": "ENV", "phrase": "PAUSE"}, {"speaker": "BERN", "phrase": " and."}, {"speaker": "SEAN", "phrase": " I'm hungry."}, {"speaker": "FRAN", "phrase": " So that would have been six."}, {"speaker": "ALIC", "phrase": " So good."}, {"speaker": "BERN", "phrase": " Was it that late ?"}, {"speaker": "BERN", "phrase": " I have it written down some place."}, {"speaker": "BERN", "phrase": " Those years are all foggy."}, {"speaker": "FRAN", "phrase": " Sixtyfive."}, {"speaker": "BERN", "phrase": " Sixtyfive"}, {"speaker": "BERN", "phrase": " sixtysix."}, {"speaker": "FRAN", "phrase": " Something like that."}, {"speaker": "BERN", "phrase": " And Leontyne Price sang Cleopatra in."}, {"speaker": "FRAN", "phrase": " Oh my."}, {"speaker": "BERN", "phrase": " One of the."}, {"speaker": "FRAN", "phrase": " Mm."}, {"speaker": "FRAN", "phrase": " That would have been wonderful to see."}, {"speaker": "SEAN", "phrase": " was it the old opera house"}, {"speaker": "SEAN", "phrase": " or the new one."}, {"speaker": "BERN", "phrase": " No the new."}, {"speaker": "BERN", "phrase": " Lincoln Center."}, {"speaker": "SEAN", "phrase": " Oh."}, {"speaker": "BERN", "phrase": " It had just."}, {"speaker": "FRAN", "phrase": " It's..."}, {"speaker": "BERN", "phrase": " just been opened."}, {"speaker": "FRAN", "phrase": " Well I like it."}, {"speaker": "FRAN", "phrase": " I mean."}, {"speaker": "BERN", "phrase": " Oh"}, {"speaker": "BERN", "phrase": " so you got to go to the old one."}, {"speaker": "FRAN", "phrase": " Yeah."}, {"speaker": "BERN", "phrase": " The one that's from eighteen."}, {"speaker": "FRAN", "phrase": " But the"}, {"speaker": "FRAN", "phrase": " \u0294uh I don't know when."}, {"speaker": "FRAN", "phrase": " You know"}, {"speaker": "FRAN", "phrase": " they tore it down"}, {"speaker": "FRAN", "phrase": " and I don't remember."}, {"speaker": "FRAN", "phrase": " I was too new..."}, {"speaker": "ALIC", "phrase": " You'll laugh be able to see in the movie"}, {"speaker": "ALIC", "phrase": " if you recognize."}, {"speaker": "FRAN", "phrase": " I was too new in New York"}, {"speaker": "FRAN", "phrase": " to understand what it meant."}, {"speaker": "FRAN", "phrase": " You know."}, {"speaker": "SEAN", "phrase": " Mm."}, {"speaker": "FRAN", "phrase": " So."}, {"speaker": "ALIC", "phrase": " Well I grew up in Philadelphia"}, {"speaker": "ALIC", "phrase": " and that's too close to New York."}, {"speaker": "SEAN", "phrase": "PAUSE"}, {"speaker": "ALIC", "phrase": " I used to go there all the time."}, {"speaker": "FRAN", "phrase": " Mhm."}, {"speaker": "ALIC", "phrase": " On the train."}, {"speaker": "ALIC", "phrase": " Every Wednesday."}, {"speaker": "ALIC", "phrase": " On theater day."}, {"speaker": "SEAN", "phrase": " Oh you went lot."}, {"speaker": "ALIC", "phrase": " All the time."}, {"speaker": "ALIC", "phrase": " Cause I was this theater..."}, {"speaker": "BERN", "phrase": " And all that time you never learned to get cab."}, {"speaker": "ALIC", "phrase": " I love theater."}, {"speaker": "BERN", "phrase": "PAUSE"}, {"speaker": "ALIC", "phrase": " No laugh."}, {"speaker": "ALIC", "phrase": " Oh no."}, {"speaker": "FRAN", "phrase": " Right."}, {"speaker": "SEAN", "phrase": "PAUSE"}, {"speaker": "ALIC", "phrase": " I would walk"}, {"speaker": "ALIC", "phrase": " I mean."}, {"speaker": "BERN", "phrase": "PAUSE"}, {"speaker": "ALIC", "phrase": " I wouldn't take cab when I was young."}, {"speaker": "SEAN", "phrase": "PAUSE"}, {"speaker": "SEAN", "phrase": " I'm not good at cabs laugh."}, {"speaker": "SEAN", "phrase": "PAUSE"}, {"speaker": "FRAN", "phrase": " Next time you come to New York."}, {"speaker": "ALIC", "phrase": "PAUSE"}, {"speaker": "FRAN", "phrase": " you must call me my dear"}, {"speaker": "FRAN", "phrase": " I will give you taxi les sons."}, {"speaker": "ALIC", "phrase": "PAUSE"}, {"speaker": "ALIC", "phrase": "PAUSE"}, {"speaker": "FRAN", "phrase": "PAUSE"}, {"speaker": "FRAN", "phrase": " See what you do is"}, {"speaker": "FRAN", "phrase": "you sort of sidle up to them"}, {"speaker": "FRAN", "phrase": " and you givethembump."}, {"speaker": "FRAN", "phrase": " And then you get in."}, {"speaker": "SEAN", "phrase": "PAUSE"}, {"speaker": "FRAN", "phrase": "PAUSE"}, {"speaker": "ALIC", "phrase": "PAUSE"}, {"speaker": "BERN", "phrase": "PAUSE"}, {"speaker": "BERN", "phrase": "PAUSE"}, {"speaker": "ALIC", "phrase": " I have boxing gloves."}, {"speaker": "FRAN", "phrase": "PAUSE"}, {"speaker": "ALIC", "phrase": " everything."}, {"speaker": "FRAN", "phrase": " Right."}, {"speaker": "BERN", "phrase": "PAUSE"}, {"speaker": "SEAN", "phrase": " I never had trouble."}, {"speaker": "ALIC", "phrase": " Something spray"}, {"speaker": "ALIC", "phrase": " You're big."}, {"speaker": "ALIC", "phrase": " You're big man."}, {"speaker": "SEAN", "phrase": " Yeah"}, {"speaker": "SEAN", "phrase": " that's true."}, {"speaker": "BERN", "phrase": " No."}, {"speaker": "ALIC", "phrase": " I'm this little person you know."}, {"speaker": "BERN", "phrase": " It was."}, {"speaker": "BERN", "phrase": " It was game."}, {"speaker": "BERN", "phrase": " To me it was like game"}, {"speaker": "BERN", "phrase": " Do I get it or not."}, {"speaker": "ALIC", "phrase": " I never got it."}, {"speaker": "SEAN", "phrase": "PAUSE"}, {"speaker": "ALIC", "phrase": " I mean really."}, {"speaker": "ALIC", "phrase": " I'm used to getting what I want."}, {"speaker": "ALIC", "phrase": " But laugh."}, {"speaker": "SEAN", "phrase": "PAUSE"}, {"speaker": "ALIC", "phrase": " Not cabs."}, {"speaker": "BERN", "phrase": " I couldn't have been greener when I went."}, {"speaker": "BERN", "phrase": " I mean this California."}, {"speaker": "FRAN", "phrase": "PAUSE"}, {"speaker": "BERN", "phrase": " you know"}, {"speaker": "BERN", "phrase": " all I knew was the beach."}, {"speaker": "BERN", "phrase": "PAUSE"}, {"speaker": "BERN", "phrase": " And there I was"}, {"speaker": "BERN", "phrase": " in New York city."}, {"speaker": "BERN", "phrase": "PAUSE"}, {"speaker": "FRAN", "phrase": " Did you like it ?"}, {"speaker": "SEAN", "phrase": " Hair school ?"}, {"speaker": "FRAN", "phrase": " How long did you stay."}, {"speaker": "BERN", "phrase": " Loved it."}, {"speaker": "BERN", "phrase": " Four years."}, {"speaker": "FRAN", "phrase": " Where'd you live."}, {"speaker": "BERN", "phrase": " Eightyfirst and First."}, {"speaker": "FRAN", "phrase": " Mhm ?"}, {"speaker": "BERN", "phrase": " then"}, {"speaker": "BERN", "phrase": " Sixty fourth and Second."}, {"speaker": "FRAN", "phrase": " Mhm ?"}, {"speaker": "BERN", "phrase": " and then"}, {"speaker": "BERN", "phrase": " the Lower East Side."}, {"speaker": "BERN", "phrase": " West Tenth."}, {"speaker": "FRAN", "phrase": " Well"}, {"speaker": "FRAN", "phrase": " that's not the Lower East Side."}, {"speaker": "FRAN", "phrase": " West Tenth is the Village."}, {"speaker": "BERN", "phrase": " Oh no wait."}, {"speaker": "BERN", "phrase": " Not West Tenth"}, {"speaker": "BERN", "phrase": " it must've been"}, {"speaker": "BERN", "phrase": " Forget my last address."}, {"speaker": "FRAN", "phrase": " East Tenth ?"}, {"speaker": "BERN", "phrase": " Yeah."}, {"speaker": "BERN", "phrase": " East Tenth."}, {"speaker": "FRAN", "phrase": " Mhm ?"}, {"speaker": "BERN", "phrase": " That's right."}, {"speaker": "BERN", "phrase": " It changes."}, {"speaker": "FRAN", "phrase": " Right"}, {"speaker": "FRAN", "phrase": " at Fifth Avenue."}, {"speaker": "BERN", "phrase": " I think between First and Second or."}, {"speaker": "FRAN", "phrase": " Mhm ?"}, {"speaker": "BERN", "phrase": " I wasn't down in A's bee's and cee's."}, {"speaker": "FRAN", "phrase": " Right."}, {"speaker": "BERN", "phrase": " It wasn't down that far."}, {"speaker": "FRAN", "phrase": " Alphabet city."}, {"speaker": "BERN", "phrase": " Yeah."}, {"speaker": "FRAN", "phrase": " Right."}, {"speaker": "ALIC", "phrase": " Do you have any kids ?"}, {"speaker": "ALIC", "phrase": " Did you ever manage kids ?"}, {"speaker": "FRAN", "phrase": " My husband has two children."}, {"speaker": "FRAN", "phrase": " And."}, {"speaker": "ALIC", "phrase": " Did you raisethemin New York ?"}, {"speaker": "ENV", "phrase": "PAUSE"}, {"speaker": "ALIC", "phrase": " I was gonna say"}, {"speaker": "ALIC", "phrase": " is that possible laugh ?"}, {"speaker": "FRAN", "phrase": " I didn't..."}, {"speaker": "ALIC", "phrase": " can laugh anybody laugh."}, {"speaker": "FRAN", "phrase": " It is possible."}, {"speaker": "FRAN", "phrase": "PAUSE"}, {"speaker": "FRAN", "phrase": " And they were raised partly in New York."}, {"speaker": "FRAN", "phrase": " But."}, {"speaker": "FRAN", "phrase": " But not by me."}, {"speaker": "FRAN", "phrase": " But"}, {"speaker": "FRAN", "phrase": " um"}, {"speaker": "FRAN", "phrase": " I have been clever enough to have grandchildren"}, {"speaker": "FRAN", "phrase": " and skip that interim step of having to raise children."}, {"speaker": "FRAN", "phrase": " So"}, {"speaker": "FRAN", "phrase": "PAUSE"}, {"speaker": "ALIC", "phrase": " Oh"}, {"speaker": "ALIC", "phrase": " right to the..."}, {"speaker": "FRAN", "phrase": " so I'm the grandmother"}, {"speaker": "FRAN", "phrase": "PAUSE"}, {"speaker": "BERN", "phrase": " Oh so you get to be."}, {"speaker": "FRAN", "phrase": " and I..."}, {"speaker": "BERN", "phrase": " grandma."}, {"speaker": "FRAN", "phrase": " Uh"}, {"speaker": "FRAN", "phrase": " yes"}, {"speaker": "FRAN", "phrase": " I get to be grandmother and"}, {"speaker": "FRAN", "phrase": " I ba bysit."}, {"speaker": "ALIC", "phrase": " A grandmother."}, {"speaker": "FRAN", "phrase": " and I see the kids"}, {"speaker": "FRAN", "phrase": " and they come"}, {"speaker": "FRAN", "phrase": " you know"}, {"speaker": "FRAN", "phrase": " and it's wonderful."}, {"speaker": "BERN", "phrase": " How long have you been married."}, {"speaker": "ENV", "phrase": "PAUSE"}, {"speaker": "FRAN", "phrase": " I'll be ten years in"}, {"speaker": "FRAN", "phrase": " next month."}, {"speaker": "BERN", "phrase": " Ah."}, {"speaker": "FRAN", "phrase": " So"}, {"speaker": "FRAN", "phrase": " It's great."}, {"speaker": "FRAN", "phrase": " We get along great."}, {"speaker": "FRAN", "phrase": " I mean"}, {"speaker": "FRAN", "phrase": " delight..."}, {"speaker": "BERN", "phrase": "PAUSE"}, {"speaker": "BERN", "phrase": " That helps."}, {"speaker": "SEAN", "phrase": " That's wonderful."}, {"speaker": "ALIC", "phrase": " That is."}, {"speaker": "BERN", "phrase": "PAUSE"}, {"speaker": "FRAN", "phrase": " Well."}, {"speaker": "ALIC", "phrase": " That's..."}, {"speaker": "FRAN", "phrase": " I was the world's oldest bride."}, {"speaker": "FRAN", "phrase": " I mean"}, {"speaker": "FRAN", "phrase": " I waited"}, {"speaker": "FRAN", "phrase": " and waited."}, {"speaker": "FRAN", "phrase": " And waited."}, {"speaker": "FRAN", "phrase": " and waited"}, {"speaker": "FRAN", "phrase": " and everyone had given up."}, {"speaker": "FRAN", "phrase": "PAUSE"}, {"speaker": "FRAN", "phrase": " But"}, {"speaker": "FRAN", "phrase": " when I finally did it"}, {"speaker": "FRAN", "phrase": " I'm I'm"}, {"speaker": "FRAN", "phrase": " \u0294uh I'm delighted that I waited."}, {"speaker": "FRAN", "phrase": " You know."}, {"speaker": "FRAN", "phrase": " so."}, {"speaker": "SEAN", "phrase": " Sure."}, {"speaker": "SEAN", "phrase": " Found somebody fun."}, {"speaker": "FRAN", "phrase": " Mhm ?"}, {"speaker": "SEAN", "phrase": " somebody with interests and."}, {"speaker": "BERN", "phrase": " A good writer ?"}, {"speaker": "FRAN", "phrase": " Mhm ?"}, {"speaker": "ALIC", "phrase": " A bad name though."}, {"speaker": "BERN", "phrase": "PAUSE"}, {"speaker": "ALIC", "phrase": " Larry."}, {"speaker": "ALIC", "phrase": " That was my husband's name."}, {"speaker": "SEAN", "phrase": " The..."}, {"speaker": "BERN", "phrase": "PAUSE"}, {"speaker": "FRAN", "phrase": " oh yeah ?"}, {"speaker": "ALIC", "phrase": " I'm sorry."}, {"speaker": "ALIC", "phrase": " Ugh."}, {"speaker": "ALIC", "phrase": "PAUSE"}]}