{"text": [{"speaker": "ALAN", "phrase": " I got story to tell you"}, {"speaker": "ALAN", "phrase": " it's shaggy dog story"}, {"speaker": "ALAN", "phrase": " but as long as we're talking about that recorder and sixhundred dollars"}, {"speaker": "ALAN", "phrase": " I'll tell you the story"}, {"speaker": "ALAN", "phrase": " oh gosh"}, {"speaker": "ALAN", "phrase": " uh"}, {"speaker": "ALAN", "phrase": " Rae and I and Sue and Buddy"}, {"speaker": "ALAN", "phrase": " took trip"}, {"speaker": "ALAN", "phrase": " to Mexico City."}, {"speaker": "JON", "phrase": "PAUSE"}, {"speaker": "ALAN", "phrase": " It must've been"}, {"speaker": "ALAN", "phrase": " four to six months after my dad died."}, {"speaker": "ALAN", "phrase": " That's how I remember it"}, {"speaker": "ALAN", "phrase": " he died in sixtys..."}, {"speaker": "JON", "phrase": " Oh God."}, {"speaker": "ALAN", "phrase": " December sixtyseven"}, {"speaker": "ALAN", "phrase": " so"}, {"speaker": "ALAN", "phrase": " sometime in sixtyeight we took this trip"}, {"speaker": "ALAN", "phrase": " we'd been talking about it for while"}, {"speaker": "ALAN", "phrase": " uh"}, {"speaker": "ALAN", "phrase": " flew down to Mexico City"}, {"speaker": "ALAN", "phrase": " uh we"}, {"speaker": "ALAN", "phrase": " think of the name of my hotel"}, {"speaker": "ALAN", "phrase": " which wouldn't mean anything now"}, {"speaker": "ALAN", "phrase": " but we ended up in fabulous hotel"}, {"speaker": "ALAN", "phrase": " uh"}, {"speaker": "ALAN", "phrase": " first night"}, {"speaker": "ALAN", "phrase": " we were very unhappy with our rooms"}, {"speaker": "ALAN", "phrase": " we got down there"}, {"speaker": "ALAN", "phrase": " and the next morning"}, {"speaker": "ALAN", "phrase": " Buddy"}, {"speaker": "ALAN", "phrase": " who's early riser anyhow"}, {"speaker": "ALAN", "phrase": " was probably up four o'clock"}, {"speaker": "ALAN", "phrase": " and he went down there complaining to the manager"}, {"speaker": "ALAN", "phrase": " So"}, {"speaker": "ALAN", "phrase": " cause it was not the accommodation we were supposed to have had"}, {"speaker": "ALAN", "phrase": " we checked in about eight o'clock at night or so"}, {"speaker": "ALAN", "phrase": " which is"}, {"speaker": "ALAN", "phrase": " in Mexico is like"}, {"speaker": "ALAN", "phrase": " you know"}, {"speaker": "ALAN", "phrase": " the."}, {"speaker": "ALAN", "phrase": " Well we ended up with corner suite."}, {"speaker": "ALAN", "phrase": " With"}, {"speaker": "ALAN", "phrase": " It was so big."}, {"speaker": "JON", "phrase": "PAUSE"}, {"speaker": "ALAN", "phrase": " we could've had party for fifty people."}, {"speaker": "ALAN", "phrase": " Three bathrooms in it"}, {"speaker": "ALAN", "phrase": " \u0294uh two bedrooms"}, {"speaker": "ALAN", "phrase": " so they had"}, {"speaker": "ALAN", "phrase": " but they had an extra guest bathroom"}, {"speaker": "ALAN", "phrase": " big bar"}, {"speaker": "ALAN", "phrase": " it was"}, {"speaker": "ALAN", "phrase": " open on two sides"}, {"speaker": "ALAN", "phrase": " of course we didn't have anybody there but the two of us"}, {"speaker": "ALAN", "phrase": " And I remember the New York Yankees were training there."}, {"speaker": "ALAN", "phrase": " So it probably was"}, {"speaker": "ALAN", "phrase": " the season opens in April"}, {"speaker": "ALAN", "phrase": " so it probably was February or March"}, {"speaker": "ALAN", "phrase": " Mickey Mantle"}, {"speaker": "ALAN", "phrase": "and uh Whitey Ford and all of them"}, {"speaker": "ALAN", "phrase": " I wish I'd been smart enough to know then that uh"}, {"speaker": "ALAN", "phrase": " these baseball cards"}, {"speaker": "ALAN", "phrase": " and those autographs"}, {"speaker": "ALAN", "phrase": " would be selling for"}, {"speaker": "ALAN", "phrase": " three or four hundred dollars."}, {"speaker": "JON", "phrase": "PAUSE"}, {"speaker": "ALAN", "phrase": " but"}, {"speaker": "ALAN", "phrase": " at any rate"}, {"speaker": "ALAN", "phrase": " uh"}, {"speaker": "ALAN", "phrase": " I went down there with recorder."}, {"speaker": "ALAN", "phrase": " We used to."}, {"speaker": "ALAN", "phrase": " We had those things at the store"}, {"speaker": "ALAN", "phrase": " that we used to use"}, {"speaker": "ALAN", "phrase": " when we'd go out of town and."}, {"speaker": "JON", "phrase": "PAUSE"}, {"speaker": "ALAN", "phrase": " particularly if we were looking at some site"}, {"speaker": "ALAN", "phrase": " or"}, {"speaker": "ALAN", "phrase": " we were looking at store."}, {"speaker": "JON", "phrase": "PAUSE"}, {"speaker": "ALAN", "phrase": " when we had some comments"}, {"speaker": "ALAN", "phrase": " we'd talk into those things."}, {"speaker": "ALAN", "phrase": "We had four or five of them"}, {"speaker": "ALAN", "phrase": " Aaron had one"}, {"speaker": "ALAN", "phrase": " I had one"}, {"speaker": "ALAN", "phrase": " Mike had one"}, {"speaker": "ALAN", "phrase": " had one"}, {"speaker": "ALAN", "phrase": " from that financial guy"}, {"speaker": "ALAN", "phrase": " Things sold at the time for about eight or ninehundred dollars."}, {"speaker": "JON", "phrase": " Eight or ninehundred ?"}, {"speaker": "ALAN", "phrase": "PAUSE"}, {"speaker": "ALAN", "phrase": " Eight or ninehundred dollars."}, {"speaker": "JON", "phrase": "PAUSE"}, {"speaker": "ALAN", "phrase": " Uh"}, {"speaker": "ALAN", "phrase": " you got very sophisticated one"}, {"speaker": "ALAN", "phrase": " but you know the little ones now about this size."}, {"speaker": "ALAN", "phrase": " Well this son of bitch weighed about fifteen pounds."}, {"speaker": "ALAN", "phrase": " It was some heavy son of bitch."}, {"speaker": "JON", "phrase": "PAUSE"}, {"speaker": "ALAN", "phrase": " Had pouch"}, {"speaker": "ALAN", "phrase": " like"}, {"speaker": "ALAN", "phrase": " sorta like you've got."}, {"speaker": "ALAN", "phrase": " I carried it around."}, {"speaker": "ALAN", "phrase": " Well any rate"}, {"speaker": "ALAN", "phrase": " my wife had fallen in love"}, {"speaker": "ALAN", "phrase": " with"}, {"speaker": "ALAN", "phrase": " Mexican artist by the name of Nierman."}, {"speaker": "ALAN", "phrase": " Forgot his first name."}, {"speaker": "ALAN", "phrase": " Jewish guy."}, {"speaker": "JON", "phrase": " Mm."}, {"speaker": "ALAN", "phrase": " Mexican national."}, {"speaker": "ALAN", "phrase": " His paintings sold"}, {"speaker": "ALAN", "phrase": " for generally"}, {"speaker": "ALAN", "phrase": " thousand dollars plus."}, {"speaker": "ALAN", "phrase": " Which was"}, {"speaker": "ALAN", "phrase": " for me."}, {"speaker": "JON", "phrase": " A lotta money in those days."}, {"speaker": "ALAN", "phrase": " Twentyfive years ago"}, {"speaker": "ALAN", "phrase": " I was."}, {"speaker": "ALAN", "phrase": " no way I was gonna spend."}, {"speaker": "ALAN", "phrase": " First of all I didn't like him."}, {"speaker": "ALAN", "phrase": " Very splashy."}, {"speaker": "ALAN", "phrase": " Albert and Marcia had one of his paintings"}, {"speaker": "ALAN", "phrase": " they had."}, {"speaker": "ALAN", "phrase": " They had."}, {"speaker": "ALAN", "phrase": " I I don't know"}, {"speaker": "ALAN", "phrase": " Marcia had relative in Mexico"}, {"speaker": "ALAN", "phrase": " or something."}, {"speaker": "ALAN", "phrase": " But they'd been down there."}, {"speaker": "ALAN", "phrase": " Many times and"}, {"speaker": "ALAN", "phrase": " and they had his book"}, {"speaker": "ALAN", "phrase": " and"}, {"speaker": "ALAN", "phrase": " we got down there"}, {"speaker": "ALAN", "phrase": " and he was"}, {"speaker": "ALAN", "phrase": " uh"}, {"speaker": "ALAN", "phrase": " all over the place."}, {"speaker": "ALAN", "phrase": " His paintings were"}, {"speaker": "ALAN", "phrase": " he lived in Mexico City."}, {"speaker": "ALAN", "phrase": " And uh."}, {"speaker": "JON", "phrase": "PAUSE"}, {"speaker": "ALAN", "phrase": " we had cab driver."}, {"speaker": "ALAN", "phrase": " Uh"}, {"speaker": "ALAN", "phrase": " that was gonna take us to"}, {"speaker": "ALAN", "phrase": " wherever the place where the gold was."}, {"speaker": "ALAN", "phrase": " I can't remember"}, {"speaker": "ALAN", "phrase": " one of the roughest rides"}, {"speaker": "ALAN", "phrase": " and if you ever been to Mexico City"}, {"speaker": "ALAN", "phrase": " you made that ride."}, {"speaker": "JON", "phrase": " Yeah."}, {"speaker": "ALAN", "phrase": " some kinda city"}, {"speaker": "ALAN", "phrase": " about hundred miles away"}, {"speaker": "ALAN", "phrase": " I thought we were gonna die going down there."}, {"speaker": "ALAN", "phrase": " An old car and"}, {"speaker": "ALAN", "phrase": " anyway."}, {"speaker": "ALAN", "phrase": " Well before that"}, {"speaker": "ALAN", "phrase": " he took us around the city"}, {"speaker": "ALAN", "phrase": " still got his card somewhere."}, {"speaker": "ALAN", "phrase": " Slammed the damn door on this guy"}, {"speaker": "ALAN", "phrase": " poor guy's hand one day"}, {"speaker": "ALAN", "phrase": " inadvertently"}, {"speaker": "ALAN", "phrase": " we were getting out"}, {"speaker": "ALAN", "phrase": " we had him about three days"}, {"speaker": "ALAN", "phrase": " one day we took him down to wherever we went"}, {"speaker": "ALAN", "phrase": " Buddy and Sue didn't go"}, {"speaker": "ALAN", "phrase": " but he took us to the ruins"}, {"speaker": "ALAN", "phrase": " and all that stuff."}, {"speaker": "ALAN", "phrase": " You know"}, {"speaker": "ALAN", "phrase": " uh"}, {"speaker": "ALAN", "phrase": " you know"}, {"speaker": "ALAN", "phrase": " I and I I knew then"}, {"speaker": "ALAN", "phrase": " and I know now"}, {"speaker": "ALAN", "phrase": " that those guys"}, {"speaker": "ALAN", "phrase": " take you to particular place"}, {"speaker": "ALAN", "phrase": " they get commission."}, {"speaker": "ALAN", "phrase": " Well"}, {"speaker": "ALAN", "phrase": " they took us to this guy's studio."}, {"speaker": "JON", "phrase": " He what ?"}, {"speaker": "ALAN", "phrase": " Took us to this artist's studio."}, {"speaker": "ALAN", "phrase": " Uh"}, {"speaker": "ALAN", "phrase": " and uh"}, {"speaker": "ALAN", "phrase": " Rae"}, {"speaker": "ALAN", "phrase": " he was there."}, {"speaker": "ALAN", "phrase": " And she saw painting she liked."}, {"speaker": "ALAN", "phrase": " And"}, {"speaker": "ALAN", "phrase": " uh"}, {"speaker": "ALAN", "phrase": " he wanted that damn recorder."}, {"speaker": "ALAN", "phrase": " And he said I tell you what I'll do."}, {"speaker": "ALAN", "phrase": " make you deal."}, {"speaker": "ALAN", "phrase": " He said I'll."}, {"speaker": "ALAN", "phrase": " You take this painting"}, {"speaker": "ALAN", "phrase": " I want that recorder."}, {"speaker": "ALAN", "phrase": " I'll take it."}, {"speaker": "ALAN", "phrase": "PAUSE"}, {"speaker": "ALAN", "phrase": " naw I can't do that"}, {"speaker": "ALAN", "phrase": " it's not mine."}, {"speaker": "ALAN", "phrase": " It was."}, {"speaker": "ALAN", "phrase": " It's about thousand dollar swap."}, {"speaker": "ALAN", "phrase": " Shit I thought my wife was gonna have fit."}, {"speaker": "JON", "phrase": "PAUSE"}, {"speaker": "ALAN", "phrase": " she was pissed off"}, {"speaker": "ALAN", "phrase": " Mexico City was"}, {"speaker": "ALAN", "phrase": " uh in those days"}, {"speaker": "ALAN", "phrase": " probably still is"}, {"speaker": "ALAN", "phrase": " not."}, {"speaker": "ALAN", "phrase": " For this guy he was very successful."}, {"speaker": "ALAN", "phrase": " Uh"}, {"speaker": "ALAN", "phrase": " very prolific."}, {"speaker": "ALAN", "phrase": " But it was an art colony"}, {"speaker": "ALAN", "phrase": " and there were lot of Americans down there."}, {"speaker": "ALAN", "phrase": " He was not an American."}, {"speaker": "ALAN", "phrase": " A lot of Americans down there"}, {"speaker": "ALAN", "phrase": " uh because"}, {"speaker": "ALAN", "phrase": " cost of living was so cheap at the time."}, {"speaker": "ALAN", "phrase": " And they had these art shows everywhere."}, {"speaker": "ALAN", "phrase": " Well we bought painting"}, {"speaker": "ALAN", "phrase": " uh"}, {"speaker": "ALAN", "phrase": " of little Mexican woman"}, {"speaker": "ALAN", "phrase": " still got it"}, {"speaker": "ALAN", "phrase": " with watermelon on her head"}, {"speaker": "ALAN", "phrase": " like it lot."}, {"speaker": "ALAN", "phrase": " Think I paid thirty dollars for it."}, {"speaker": "ALAN", "phrase": " Well that was about my price range."}, {"speaker": "ALAN", "phrase": " Uh"}, {"speaker": "ALAN", "phrase": " while I was down there"}, {"speaker": "ALAN", "phrase": " we may have bought couple of other inexpensive paintings"}, {"speaker": "ALAN", "phrase": " maybe collectively we bought"}, {"speaker": "ALAN", "phrase": " maybe spent hundred and fifty dollars."}, {"speaker": "ALAN", "phrase": " Uh"}, {"speaker": "ALAN", "phrase": " hell I was not an art."}, {"speaker": "ALAN", "phrase": " We weren't art collectors."}, {"speaker": "ALAN", "phrase": " And uh"}, {"speaker": "ALAN", "phrase": " to spend thousand dollars"}, {"speaker": "ALAN", "phrase": " to me for painting"}, {"speaker": "ALAN", "phrase": " was unthinkable."}, {"speaker": "ALAN", "phrase": " Uh"}, {"speaker": "ALAN", "phrase": " The first painting I ever bought"}, {"speaker": "ALAN", "phrase": " my fatherinlaw bought it from Geri"}, {"speaker": "ALAN", "phrase": " Geri Rae"}, {"speaker": "ALAN", "phrase": " it was one of Geri's original early early paintings"}, {"speaker": "ALAN", "phrase": " which I thoroughly enjoy"}, {"speaker": "ALAN", "phrase": " she's changed styles but"}, {"speaker": "ALAN", "phrase": " While we were down there"}, {"speaker": "ALAN", "phrase": " uh."}, {"speaker": "JON", "phrase": " You know I."}, {"speaker": "ALAN", "phrase": " This."}, {"speaker": "ALAN", "phrase": " It..."}, {"speaker": "JON", "phrase": " I've seen that somewhere before."}, {"speaker": "ALAN", "phrase": " You know I've had that painting for thirtyfive years I guess."}, {"speaker": "ALAN", "phrase": " I've never framed it."}, {"speaker": "ALAN", "phrase": " And I really like it."}, {"speaker": "ALAN", "phrase": " Uh"}, {"speaker": "ALAN", "phrase": " my."}, {"speaker": "ALAN", "phrase": " My my fatherinlaw wanted to give me painting for my."}, {"speaker": "ALAN", "phrase": " Piece of art for my office."}, {"speaker": "ALAN", "phrase": " And so I had."}, {"speaker": "ALAN", "phrase": " We had display guy at the time"}, {"speaker": "ALAN", "phrase": " by the name of Ben Money"}, {"speaker": "ALAN", "phrase": " fashioned himself as an artist."}, {"speaker": "ALAN", "phrase": " And I said Ben"}, {"speaker": "ALAN", "phrase": " pick me out something."}, {"speaker": "ALAN", "phrase": " You've got fifty bucks to spend."}, {"speaker": "ALAN", "phrase": " So"}, {"speaker": "ALAN", "phrase": " he got this from Geri"}, {"speaker": "ALAN", "phrase": " and I loved it."}, {"speaker": "ALAN", "phrase": "PAUSE"}, {"speaker": "JON", "phrase": " It's beautiful."}, {"speaker": "ALAN", "phrase": " And and"}, {"speaker": "ALAN", "phrase": " I can see all kinda things in it."}, {"speaker": "JON", "phrase": " It's got lotta color and."}, {"speaker": "ALAN", "phrase": " Lotta color."}, {"speaker": "ALAN", "phrase": " I see Chinese junk"}, {"speaker": "ALAN", "phrase": " At any rate"}, {"speaker": "ALAN", "phrase": " to make long."}, {"speaker": "ALAN", "phrase": " This fellow LeRoy Neiman"}, {"speaker": "ALAN", "phrase": " over here."}, {"speaker": "ALAN", "phrase": " Sports artist."}, {"speaker": "ALAN", "phrase": " Not the same guy"}, {"speaker": "ALAN", "phrase": " as this guy Nierman."}, {"speaker": "ALAN", "phrase": " I've forgotten his name."}, {"speaker": "JON", "phrase": " Oh I thought there was connection."}, {"speaker": "ALAN", "phrase": " No."}, {"speaker": "ALAN", "phrase": " No connection."}, {"speaker": "ALAN", "phrase": " there is connection on the story"}, {"speaker": "ALAN", "phrase": " Well"}, {"speaker": "ALAN", "phrase": " we looked at lot of art"}, {"speaker": "ALAN", "phrase": " in in in the"}, {"speaker": "ALAN", "phrase": " in the"}, {"speaker": "ALAN", "phrase": " uh parks"}, {"speaker": "ALAN", "phrase": " and there at least it was"}, {"speaker": "ALAN", "phrase": " pleasant weather and"}, {"speaker": "ALAN", "phrase": " Like that uh"}, {"speaker": "ALAN", "phrase": " It was sorta like"}, {"speaker": "ALAN", "phrase": " uh"}, {"speaker": "ALAN", "phrase": " What the hell they call the district in New York"}, {"speaker": "ALAN", "phrase": " where on Sunday"}, {"speaker": "ALAN", "phrase": " they put all the artists"}, {"speaker": "ALAN", "phrase": " put their paintings out"}, {"speaker": "ALAN", "phrase": " uh"}, {"speaker": "ALAN", "phrase": " the Village"}, {"speaker": "ALAN", "phrase": " the Village."}, {"speaker": "JON", "phrase": " The Village."}, {"speaker": "ALAN", "phrase": " You know all the all these artists put their."}, {"speaker": "ALAN", "phrase": " Well they had"}, {"speaker": "ALAN", "phrase": " must've had three areas like that."}, {"speaker": "ALAN", "phrase": " Parks with paintings"}, {"speaker": "ALAN", "phrase": " and my god"}, {"speaker": "ALAN", "phrase": " there must've been thousands of paintings."}, {"speaker": "ALAN", "phrase": " And uh"}, {"speaker": "ALAN", "phrase": "most of them"}, {"speaker": "ALAN", "phrase": " very inexpensive."}, {"speaker": "ALAN", "phrase": " Uh starving artists that were down there"}, {"speaker": "ALAN", "phrase": " lots of American."}, {"speaker": "JON", "phrase": "PAUSE"}, {"speaker": "ALAN", "phrase": " Well"}, {"speaker": "ALAN", "phrase": " uh"}, {"speaker": "ALAN", "phrase": " we wandered around down in the"}, {"speaker": "ALAN", "phrase": " the area which"}, {"speaker": "ALAN", "phrase": " I've forgotten the area that they called"}, {"speaker": "ALAN", "phrase": " in Mexico City where"}, {"speaker": "ALAN", "phrase": " uh"}, {"speaker": "ALAN", "phrase": " most of the jewelry shops are and things."}, {"speaker": "ALAN", "phrase": " It's got name."}, {"speaker": "ALAN", "phrase": " I can't remember"}, {"speaker": "ALAN", "phrase": " I've never been back."}, {"speaker": "ALAN", "phrase": " They also had lot of"}, {"speaker": "ALAN", "phrase": " uh"}, {"speaker": "ALAN", "phrase": " artist galleries down there."}, {"speaker": "ALAN", "phrase": " And I walked into this gallery"}, {"speaker": "ALAN", "phrase": " during one of our."}, {"speaker": "ALAN", "phrase": " We were down there maybe ten days."}, {"speaker": "ALAN", "phrase": " And I saw this guy Nierman."}, {"speaker": "ALAN", "phrase": " I never heard of him"}, {"speaker": "ALAN", "phrase": " at that time."}, {"speaker": "ALAN", "phrase": " He he he got famous at the nineteen"}, {"speaker": "ALAN", "phrase": " uh"}, {"speaker": "ALAN", "phrase": " probably seventytwo Olympics."}, {"speaker": "ALAN", "phrase": " Uh"}, {"speaker": "ALAN", "phrase": " but his."}, {"speaker": "ALAN", "phrase": " His art was already in collections of guys like Edward gee Robinson"}, {"speaker": "ALAN", "phrase": " it was very popular in Hollywood."}, {"speaker": "ALAN", "phrase": " He also was very prolific."}, {"speaker": "ALAN", "phrase": " Big handlebar mustache."}, {"speaker": "ALAN", "phrase": " And I walked in"}, {"speaker": "ALAN", "phrase": " and there must have been about"}, {"speaker": "ALAN", "phrase": " twelve or fifteen paintings in there."}, {"speaker": "ALAN", "phrase": " They were"}, {"speaker": "ALAN", "phrase": " uh."}, {"speaker": "JON", "phrase": " You walked into his studio"}, {"speaker": "JON", "phrase": " or."}, {"speaker": "ALAN", "phrase": " It was gallery."}, {"speaker": "ALAN", "phrase": " Uh"}, {"speaker": "ALAN", "phrase": " he didn't live there."}, {"speaker": "ALAN", "phrase": " he didn't live in Mexico."}, {"speaker": "JON", "phrase": " Okay."}, {"speaker": "ALAN", "phrase": " The."}, {"speaker": "ALAN", "phrase": " The guy."}, {"speaker": "ALAN", "phrase": " the Jewish fellow"}, {"speaker": "ALAN", "phrase": " they're both Jewish."}, {"speaker": "JON", "phrase": " Okay."}, {"speaker": "ALAN", "phrase": " this guy Nierman"}, {"speaker": "ALAN", "phrase": " who was Mexican national"}, {"speaker": "ALAN", "phrase": " lived there."}, {"speaker": "JON", "phrase": " Okay."}, {"speaker": "ALAN", "phrase": " Forgotten his first name."}, {"speaker": "ALAN", "phrase": " Leonardo Nierman or something."}, {"speaker": "ALAN", "phrase": " But any rate"}, {"speaker": "ALAN", "phrase": " but uh"}, {"speaker": "ALAN", "phrase": " \u0294uh this guy's name was LeRoy Neiman"}, {"speaker": "ALAN", "phrase": " I'd never heard of him"}, {"speaker": "ALAN", "phrase": " well I'd heard of Nierman."}, {"speaker": "ALAN", "phrase": " Uh"}, {"speaker": "ALAN", "phrase": " because Rae went down there wanting to buy one of those paintings."}, {"speaker": "ALAN", "phrase": " These were paintings"}, {"speaker": "ALAN", "phrase": " which I'd say were about the size of this Joe Namath."}, {"speaker": "ALAN", "phrase": " there."}, {"speaker": "ALAN", "phrase": " Which is seriograph."}, {"speaker": "ALAN", "phrase": " And"}, {"speaker": "ALAN", "phrase": " \u0294uh we went in"}, {"speaker": "ALAN", "phrase": " and uh"}, {"speaker": "ALAN", "phrase": " they were just back from Acapulco"}, {"speaker": "ALAN", "phrase": " season was just over in Acapulco."}, {"speaker": "ALAN", "phrase": " And he had about fifteen twenty paintings"}, {"speaker": "ALAN", "phrase": " twentyfive paintings"}, {"speaker": "ALAN", "phrase": " football players"}, {"speaker": "ALAN", "phrase": " horse races"}, {"speaker": "ALAN", "phrase": " that's what he did"}, {"speaker": "ALAN", "phrase": " they were about that size."}, {"speaker": "ALAN", "phrase": " I'd been in there"}, {"speaker": "ALAN", "phrase": "oh God I looked at them"}, {"speaker": "ALAN", "phrase": " they just struck me as something"}, {"speaker": "ALAN", "phrase": " I loved em."}, {"speaker": "ALAN", "phrase": " They were great."}, {"speaker": "ALAN", "phrase": " They were you know very."}, {"speaker": "ALAN", "phrase": " Had very distinctive style."}, {"speaker": "ALAN", "phrase": " And"}, {"speaker": "ALAN", "phrase": " uh"}, {"speaker": "ALAN", "phrase": " the guy said uh"}, {"speaker": "ALAN", "phrase": " God you've been in here"}, {"speaker": "ALAN", "phrase": " so many times that"}, {"speaker": "ALAN", "phrase": " said I'll make you deal."}, {"speaker": "ALAN", "phrase": " You pick out any four of these you want"}, {"speaker": "ALAN", "phrase": " I'll givethemto you for fivehundred dollars."}, {"speaker": "ALAN", "phrase": " The four of em."}, {"speaker": "ALAN", "phrase": " Shit"}, {"speaker": "ALAN", "phrase": " I loved those things."}, {"speaker": "ALAN", "phrase": " I stewed on those son of bitches"}, {"speaker": "ALAN", "phrase": " stewed on those son of bitches"}, {"speaker": "ALAN", "phrase": " I figured"}, {"speaker": "ALAN", "phrase": " I bought those fucking paintings"}, {"speaker": "ALAN", "phrase": " I'd have to buy that damn thing for Rae."}, {"speaker": "JON", "phrase": "PAUSE"}, {"speaker": "ALAN", "phrase": " or"}, {"speaker": "ALAN", "phrase": " I'd trade that camera for thousand dollars"}, {"speaker": "ALAN", "phrase": " and ninehundred dollars to buy another one"}, {"speaker": "ALAN", "phrase": " I promise you as God is my witness."}, {"speaker": "ALAN", "phrase": " This guy's originals sell for hundred thousand dollars apiece or more."}, {"speaker": "JON", "phrase": " You are kidding."}, {"speaker": "ALAN", "phrase": " They were."}, {"speaker": "ALAN", "phrase": " He is"}, {"speaker": "ALAN", "phrase": " big"}, {"speaker": "ALAN", "phrase": " big"}, {"speaker": "ALAN", "phrase": " He's the premiere sports artist in the world."}, {"speaker": "JON", "phrase": " Really."}, {"speaker": "ALAN", "phrase": " And uh"}, {"speaker": "ALAN", "phrase": " I'd never heard of him."}, {"speaker": "ALAN", "phrase": " And"}, {"speaker": "ALAN", "phrase": " but of course the price was right for me"}, {"speaker": "ALAN", "phrase": " but I didn't buy em."}, {"speaker": "ALAN", "phrase": " That was."}, {"speaker": "ALAN", "phrase": " That was about nineteen."}, {"speaker": "ALAN", "phrase": " Spring of sixtyeight."}, {"speaker": "ALAN", "phrase": " And I was watching the Olympics"}, {"speaker": "ALAN", "phrase": " of nineteenseventytwo."}, {"speaker": "ALAN", "phrase": " And he'd been engaged by the Olympic committee."}, {"speaker": "ALAN", "phrase": " Uh he was prominent then"}, {"speaker": "ALAN", "phrase": " but not world famous."}, {"speaker": "JON", "phrase": "PAUSE"}, {"speaker": "ALAN", "phrase": " And uh"}, {"speaker": "ALAN", "phrase": " I."}, {"speaker": "ALAN", "phrase": " He was up all over."}, {"speaker": "ALAN", "phrase": " He's got great big bull of."}, {"speaker": "ALAN", "phrase": " Bull Moose moustache sort of deal"}, {"speaker": "ALAN", "phrase": " General Bull Moose if you remember."}, {"speaker": "JON", "phrase": " Yep."}, {"speaker": "ALAN", "phrase": " And uh"}, {"speaker": "ALAN", "phrase": " his art was so distinctive."}, {"speaker": "ALAN", "phrase": " And he's."}, {"speaker": "ALAN", "phrase": " The sketching."}, {"speaker": "ALAN", "phrase": " I said Jesus."}, {"speaker": "ALAN", "phrase": " That's my man."}, {"speaker": "ALAN", "phrase": " I remember seeing at the Olympics."}, {"speaker": "ALAN", "phrase": " I hollered and screamed"}, {"speaker": "ALAN", "phrase": " and I told the story"}, {"speaker": "ALAN", "phrase": " Well of course"}, {"speaker": "ALAN", "phrase": " since that time"}, {"speaker": "ALAN", "phrase": " I'm on his mailing list"}, {"speaker": "ALAN", "phrase": "PAUSE"}, {"speaker": "ALAN", "phrase": " one main gallery in New York"}, {"speaker": "ALAN", "phrase": " that uh"}, {"speaker": "ALAN", "phrase": " think distributes for him around the United States"}, {"speaker": "ALAN", "phrase": " and I'm on the mailing list"}, {"speaker": "ALAN", "phrase": " and they get today"}, {"speaker": "ALAN", "phrase": " twentyfive hundred to twentysevenfifty for seriograph."}, {"speaker": "ALAN", "phrase": " Of which he produces maybe three to fivehundred of em."}, {"speaker": "ALAN", "phrase": " Depending on the issue."}, {"speaker": "ALAN", "phrase": " But these were originals."}, {"speaker": "ALAN", "phrase": "PAUSE"}, {"speaker": "ALAN", "phrase": " Jon I promise you as God as my witness."}, {"speaker": "ALAN", "phrase": " I."}, {"speaker": "ALAN", "phrase": " He was."}, {"speaker": "ALAN", "phrase": " I could've walked away with those things and."}, {"speaker": "ALAN", "phrase": " And uh"}, {"speaker": "ALAN", "phrase": " I I I."}, {"speaker": "ALAN", "phrase": " \u0294uh \u0294uh."}, {"speaker": "ALAN", "phrase": " But that's my story on that machine."}, {"speaker": "ALAN", "phrase": " That damn thing"}, {"speaker": "ALAN", "phrase": " and of course"}, {"speaker": "ALAN", "phrase": " I didn't"}, {"speaker": "ALAN", "phrase": " Obviously I didn't know what I was missing"}, {"speaker": "ALAN", "phrase": " if I'd done I'd done that."}, {"speaker": "JON", "phrase": "PAUSE"}, {"speaker": "JON", "phrase": " Obviously."}, {"speaker": "ALAN", "phrase": " But you know."}, {"speaker": "JON", "phrase": "PAUSE"}, {"speaker": "ALAN", "phrase": " It was..."}, {"speaker": "JON", "phrase": " But still fivehundred dollars was lot of money in..."}, {"speaker": "ALAN", "phrase": " \u0294uh Fivehundred dollars was..."}, {"speaker": "JON", "phrase": " You didn't spend that much on the whole trip probably."}, {"speaker": "ALAN", "phrase": " Oh hell I I"}, {"speaker": "ALAN", "phrase": " you know I I"}, {"speaker": "ALAN", "phrase": " I would I would say probably"}, {"speaker": "ALAN", "phrase": " certainly we didn't spend fivehundred dollars for"}, {"speaker": "ALAN", "phrase": " uh"}, {"speaker": "ALAN", "phrase": " for"}, {"speaker": "ALAN", "phrase": " novelties and things of that nature"}, {"speaker": "ALAN", "phrase": " you know it was."}, {"speaker": "ALAN", "phrase": " You you talking about long time ago."}, {"speaker": "ALAN", "phrase": " Mexico City was cheap."}, {"speaker": "ALAN", "phrase": " Jesus Christ."}, {"speaker": "JON", "phrase": " Oh man it was..."}, {"speaker": "ALAN", "phrase": " I mean"}, {"speaker": "ALAN", "phrase": " We we we stayed in first rate"}, {"speaker": "ALAN", "phrase": " I guess what you call today four star hotel but"}, {"speaker": "ALAN", "phrase": " hell"}, {"speaker": "ALAN", "phrase": " I don't imagine we paid"}, {"speaker": "ALAN", "phrase": " twenty dollars"}, {"speaker": "ALAN", "phrase": " twentyfive dollars night."}, {"speaker": "ALAN", "phrase": " You know uh uh."}, {"speaker": "JON", "phrase": " Probably."}, {"speaker": "JON", "phrase": " Probably."}, {"speaker": "ALAN", "phrase": " But uh"}, {"speaker": "ALAN", "phrase": " anyhow"}, {"speaker": "ALAN", "phrase": " uh I I I."}, {"speaker": "ALAN", "phrase": " God I my."}, {"speaker": "ALAN", "phrase": " I give my wife the story"}, {"speaker": "ALAN", "phrase": " Every once in while this guy's name."}, {"speaker": "ALAN", "phrase": " Cause uh I I I I I like this guy"}, {"speaker": "ALAN", "phrase": " love him."}, {"speaker": "ALAN", "phrase": " Uh"}, {"speaker": "ALAN", "phrase": " and of course"}, {"speaker": "ALAN", "phrase": " you know I've never"}, {"speaker": "ALAN", "phrase": " uh"}, {"speaker": "ALAN", "phrase": "PAUSE"}, {"speaker": "ALAN", "phrase": " This one over here on the right"}, {"speaker": "ALAN", "phrase": " although it's signed by"}, {"speaker": "ALAN", "phrase": " by"}, {"speaker": "ALAN", "phrase": "PAUSE"}, {"speaker": "ALAN", "phrase": " By"}, {"speaker": "ALAN", "phrase": " by LeRoy Neiman"}, {"speaker": "ALAN", "phrase": " Paul"}, {"speaker": "ALAN", "phrase": " and a uh"}, {"speaker": "ALAN", "phrase": " And is also signed by the artist"}, {"speaker": "ALAN", "phrase": " it was done for a"}, {"speaker": "ALAN", "phrase": " uh."}, {"speaker": "JON", "phrase": " Poster ?"}, {"speaker": "ALAN", "phrase": " A benefit"}, {"speaker": "ALAN", "phrase": " it was poster."}, {"speaker": "ALAN", "phrase": " That's just"}, {"speaker": "ALAN", "phrase": " That's not"}, {"speaker": "ALAN", "phrase": " that's not what they call seriograph"}, {"speaker": "ALAN", "phrase": " the Joe"}, {"speaker": "ALAN", "phrase": " the Joe uh Namath"}, {"speaker": "ALAN", "phrase": " Who was of course an Ala bama football player."}, {"speaker": "JON", "phrase": " Yeah."}, {"speaker": "JON", "phrase": " Yeah."}, {"speaker": "ALAN", "phrase": " is"}, {"speaker": "ALAN", "phrase": " I saw it out in San Francisco"}, {"speaker": "ALAN", "phrase": " and my"}, {"speaker": "ALAN", "phrase": " my my inlaws bought that for me"}, {"speaker": "ALAN", "phrase": " uh"}, {"speaker": "ALAN", "phrase": " but uh"}, {"speaker": "ALAN", "phrase": " uh."}, {"speaker": "JON", "phrase": " It's beauty though."}, {"speaker": "ALAN", "phrase": " That's my"}, {"speaker": "ALAN", "phrase": " That that's my"}, {"speaker": "ALAN", "phrase": " That's my"}, {"speaker": "ALAN", "phrase": " my experience with one of those machines."}, {"speaker": "ALAN", "phrase": " I didn't have enough judgment to"}, {"speaker": "ALAN", "phrase": " to trade him that fucking machine."}, {"speaker": "JON", "phrase": " To give him the machine."}, {"speaker": "JON", "phrase": "PAUSE"}, {"speaker": "ALAN", "phrase": " because I'd say probably it wasn't"}, {"speaker": "ALAN", "phrase": " Like it was like computers."}, {"speaker": "ALAN", "phrase": " Well in year or so after that"}, {"speaker": "ALAN", "phrase": " that thing was so impractical."}, {"speaker": "ALAN", "phrase": " Cause it was"}, {"speaker": "ALAN", "phrase": " heavy heavy heavy."}, {"speaker": "ALAN", "phrase": "PAUSE"}, {"speaker": "ALAN", "phrase": " uh and."}, {"speaker": "JON", "phrase": " Well they'."}, {"speaker": "JON", "phrase": " \u0294it's like you say I..."}, {"speaker": "ALAN", "phrase": "PAUSE"}, {"speaker": "JON", "phrase": " Eloise gave me one for Christmas about..."}, {"speaker": "ALAN", "phrase": "PAUSE"}, {"speaker": "ALAN", "phrase": " This big."}, {"speaker": "ALAN", "phrase": " You know"}, {"speaker": "ALAN", "phrase": " and you buy one for"}, {"speaker": "ALAN", "phrase": " sixty dollars."}, {"speaker": "ALAN", "phrase": " Eighty dollars."}, {"speaker": "ALAN", "phrase": " I got one"}, {"speaker": "ALAN", "phrase": " I bought from Radio Shack."}, {"speaker": "ALAN", "phrase": " It's..."}, {"speaker": "JON", "phrase": " Well did Rae ever get uh Nierman."}, {"speaker": "ALAN", "phrase": "PAUSE"}, {"speaker": "ALAN", "phrase": " No."}, {"speaker": "ALAN", "phrase": " Never did get it."}, {"speaker": "ALAN", "phrase": " But she nudged me when she got back"}, {"speaker": "ALAN", "phrase": " but of course"}, {"speaker": "ALAN", "phrase": " I guess"}, {"speaker": "ALAN", "phrase": " I haven't done it recently"}, {"speaker": "ALAN", "phrase": " but over the years I like to tell her this story."}, {"speaker": "JON", "phrase": "PAUSE"}, {"speaker": "ALAN", "phrase": " tonight"}, {"speaker": "ALAN", "phrase": " because I haven't thought about it in long time"}, {"speaker": "ALAN", "phrase": " And she'll say to me"}, {"speaker": "ALAN", "phrase": " I told you to get em."}, {"speaker": "JON", "phrase": "PAUSE"}, {"speaker": "ALAN", "phrase": " I told you."}, {"speaker": "ALAN", "phrase": " I must've gone into the place five times."}, {"speaker": "ALAN", "phrase": " You know"}, {"speaker": "ALAN", "phrase": " I'd go in there."}, {"speaker": "JON", "phrase": "PAUSE"}, {"speaker": "ALAN", "phrase": " and your mouth is just watering."}, {"speaker": "ALAN", "phrase": " Shit."}, {"speaker": "ALAN", "phrase": " If I buy those..."}, {"speaker": "JON", "phrase": " But you knew you were gonna have to buy her..."}, {"speaker": "ALAN", "phrase": " Well if I had to."}, {"speaker": "ALAN", "phrase": " If I bought those things"}, {"speaker": "ALAN", "phrase": " Shit I'd have to buy her that damn thing."}, {"speaker": "JON", "phrase": " Oh"}, {"speaker": "JON", "phrase": " ain't no question."}, {"speaker": "ALAN", "phrase": " And there was no question about that"}, {"speaker": "ALAN", "phrase": " there wouldn't've been any."}, {"speaker": "ALAN", "phrase": " Wouldn't been any living with her."}, {"speaker": "ALAN", "phrase": " You know"}, {"speaker": "ALAN", "phrase": " it's uh"}, {"speaker": "ALAN", "phrase": "PAUSE"}, {"speaker": "ALAN", "phrase": " You know"}, {"speaker": "ALAN", "phrase": " I."}, {"speaker": "ALAN", "phrase": " I've gotten lot better."}, {"speaker": "ALAN", "phrase": " But in those days"}, {"speaker": "ALAN", "phrase": " you know"}, {"speaker": "ALAN", "phrase": " hell I was"}, {"speaker": "ALAN", "phrase": " uh"}, {"speaker": "ALAN", "phrase": " maybe"}, {"speaker": "ALAN", "phrase": " I was"}, {"speaker": "ALAN", "phrase": " see."}, {"speaker": "ALAN", "phrase": " Sixtyeight"}, {"speaker": "ALAN", "phrase": "seventy eight eighty eight"}, {"speaker": "ALAN", "phrase": "PAUSE"}, {"speaker": "ALAN", "phrase": " Just twentyseven twentyeight years ago."}, {"speaker": "ALAN", "phrase": " I was thirtyeight thirtynine years old."}, {"speaker": "ALAN", "phrase": " And uh"}, {"speaker": "ALAN", "phrase": " I"}, {"speaker": "ALAN", "phrase": " I sure didn't have."}, {"speaker": "ALAN", "phrase": " \u0294uh I sure wasn't prosperous."}, {"speaker": "ALAN", "phrase": " I had my damn trip budgeted."}, {"speaker": "ALAN", "phrase": " And uh"}, {"speaker": "ALAN", "phrase": " to have gone out there and spent"}, {"speaker": "ALAN", "phrase": " another fifteenhundred to twothousand dollars for artwork"}, {"speaker": "ALAN", "phrase": " you know"}, {"speaker": "ALAN", "phrase": " my mother"}, {"speaker": "ALAN", "phrase": " who was you know strong as moose meat"}, {"speaker": "ALAN", "phrase": " come back"}, {"speaker": "ALAN", "phrase": " if she'd've known."}, {"speaker": "JON", "phrase": "PAUSE"}, {"speaker": "ALAN", "phrase": " She'd've figured I needed my fucking head examined."}, {"speaker": "ALAN", "phrase": "PAUSE"}, {"speaker": "JON", "phrase": " She'd've deducted it."}, {"speaker": "JON", "phrase": "PAUSE"}, {"speaker": "ALAN", "phrase": " Shit."}, {"speaker": "JON", "phrase": " Oh."}, {"speaker": "ALAN", "phrase": " Any rate uh."}, {"speaker": "JON", "phrase": " That's good story though."}, {"speaker": "ALAN", "phrase": " Ah it's true story."}, {"speaker": "JON", "phrase": " Good story."}, {"speaker": "ALAN", "phrase": " True story."}, {"speaker": "ALAN", "phrase": " It was true story."}, {"speaker": "ALAN", "phrase": " I I..."}, {"speaker": "JON", "phrase": " Well it would've cost you that to replace the doggone machine ?"}, {"speaker": "ALAN", "phrase": " Aw I'd've had to replace it for the store"}, {"speaker": "ALAN", "phrase": " uh"}, {"speaker": "ALAN", "phrase": " but as I said it was only matter of"}, {"speaker": "ALAN", "phrase": " I guess year"}, {"speaker": "ALAN", "phrase": " those things were really."}, {"speaker": "ALAN", "phrase": " Although we usedthemlot."}, {"speaker": "ALAN", "phrase": " Uh"}, {"speaker": "ALAN", "phrase": " in those days"}, {"speaker": "ALAN", "phrase": " and I"}, {"speaker": "ALAN", "phrase": " you know I recorded the whole trip"}, {"speaker": "ALAN", "phrase": " and uh"}, {"speaker": "ALAN", "phrase": " you know things that we did"}, {"speaker": "ALAN", "phrase": " It was wonderful trip"}, {"speaker": "ALAN", "phrase": " we had good times."}, {"speaker": "JON", "phrase": " Better than keeping diary ?"}, {"speaker": "ALAN", "phrase": " Oh yeah."}, {"speaker": "ALAN", "phrase": " A lot easier."}, {"speaker": "ALAN", "phrase": " It really is."}, {"speaker": "ALAN", "phrase": " Uh."}, {"speaker": "JON", "phrase": " We..."}, {"speaker": "ALAN", "phrase": " I keep..."}, {"speaker": "JON", "phrase": " Remember we tried keeping diary on the China trip"}, {"speaker": "JON", "phrase": " and man it was arduous."}, {"speaker": "ALAN", "phrase": " Well"}, {"speaker": "ALAN", "phrase": " I keep."}, {"speaker": "ALAN", "phrase": " course I we we haven't traveled much lately"}, {"speaker": "ALAN", "phrase": " I keep diary"}, {"speaker": "ALAN", "phrase": " when I"}, {"speaker": "ALAN", "phrase": " go out of the country."}, {"speaker": "ALAN", "phrase": " Still gotthemin here."}, {"speaker": "ALAN", "phrase": " Otherwise"}, {"speaker": "ALAN", "phrase": " my problem is"}, {"speaker": "ALAN", "phrase": " and it's lot easier to do it that way"}, {"speaker": "ALAN", "phrase": " but I"}, {"speaker": "ALAN", "phrase": " I keep I diary when I go out of the country."}, {"speaker": "JON", "phrase": "PAUSE"}, {"speaker": "ALAN", "phrase": " The problem is"}, {"speaker": "ALAN", "phrase": " \u0294uh with me"}, {"speaker": "ALAN", "phrase": " not that it comes up too much"}, {"speaker": "ALAN", "phrase": " but someone'll say something to me about somewhere I"}, {"speaker": "ALAN", "phrase": " Shit"}, {"speaker": "ALAN", "phrase": " I I"}, {"speaker": "ALAN", "phrase": " you know I"}, {"speaker": "ALAN", "phrase": " I forgot where I went."}, {"speaker": "ALAN", "phrase": " I have to look"}, {"speaker": "ALAN", "phrase": " cause I can't remember."}, {"speaker": "JON", "phrase": " Well you go to so many places"}, {"speaker": "JON", "phrase": " on cruise particularly"}, {"speaker": "JON", "phrase": " you know."}, {"speaker": "ALAN", "phrase": " Yeah."}, {"speaker": "JON", "phrase": " So many places in short time"}, {"speaker": "JON", "phrase": " that you getthemmixed up."}, {"speaker": "JON", "phrase": " Now we can't even keep our photos straight without the diary."}, {"speaker": "ALAN", "phrase": " Oh yeah."}, {"speaker": "ALAN", "phrase": " Well you know"}, {"speaker": "ALAN", "phrase": " when you get back from your trip"}, {"speaker": "ALAN", "phrase": " until you make another trip"}, {"speaker": "ALAN", "phrase": " you can remember."}, {"speaker": "ALAN", "phrase": " But"}, {"speaker": "ALAN", "phrase": " having taken as many trips as you've taken"}, {"speaker": "ALAN", "phrase": " shit"}, {"speaker": "ALAN", "phrase": " they sorta run together."}, {"speaker": "ALAN", "phrase": " I'm talking about."}, {"speaker": "JON", "phrase": " They do."}, {"speaker": "ALAN", "phrase": " the ones that were five years ago."}, {"speaker": "JON", "phrase": " Honest they do."}, {"speaker": "ALAN", "phrase": " to separate the trip that you went on this one."}, {"speaker": "ALAN", "phrase": " It's tough to do."}, {"speaker": "ALAN", "phrase": " And uh"}, {"speaker": "ALAN", "phrase": " but"}, {"speaker": "ALAN", "phrase": " they're lot."}, {"speaker": "ALAN", "phrase": " that's lot easier than diary"}, {"speaker": "ALAN", "phrase": " then you can transcribe it."}, {"speaker": "ALAN", "phrase": " But uh"}, {"speaker": "ALAN", "phrase": " I don't take"}, {"speaker": "ALAN", "phrase": " I don't take my diary in the domestic United States"}, {"speaker": "ALAN", "phrase": " and we haven't traveled all that much"}, {"speaker": "ALAN", "phrase": " but I have takenthem"}, {"speaker": "ALAN", "phrase": " uh"}, {"speaker": "ALAN", "phrase": " first trip I made"}, {"speaker": "ALAN", "phrase": " \u0294uh you know"}, {"speaker": "ALAN", "phrase": " out"}, {"speaker": "ALAN", "phrase": "PAUSE"}, {"speaker": "ALAN", "phrase": " In nineteenseventysix."}, {"speaker": "ALAN", "phrase": "PAUSE"}, {"speaker": "ALAN", "phrase": "PAUSE"}, {"speaker": "ALAN", "phrase": " Outside of Mexico"}, {"speaker": "ALAN", "phrase": " out of the country"}, {"speaker": "ALAN", "phrase": " was I went to"}, {"speaker": "ALAN", "phrase": " Uh we went to"}, {"speaker": "ALAN", "phrase": " I went to the Orient."}, {"speaker": "ALAN", "phrase": " On business trip."}, {"speaker": "ALAN", "phrase": " exploratory trip"}, {"speaker": "ALAN", "phrase": " I was there for fifteen days"}, {"speaker": "ALAN", "phrase": " worked my ass off."}, {"speaker": "ALAN", "phrase": " But it was uh"}, {"speaker": "ALAN", "phrase": " went to uh"}, {"speaker": "ALAN", "phrase": " Japan"}, {"speaker": "ALAN", "phrase": " went to Osaka"}, {"speaker": "ALAN", "phrase": " which was the textile city"}, {"speaker": "ALAN", "phrase": " and then uh"}, {"speaker": "ALAN", "phrase": " Taipei and Hong Kong."}, {"speaker": "ALAN", "phrase": " Uh"}, {"speaker": "ALAN", "phrase": " and it was"}, {"speaker": "ALAN", "phrase": " You've been."}, {"speaker": "ALAN", "phrase": " Um but it was for me"}, {"speaker": "ALAN", "phrase": " uh"}, {"speaker": "ALAN", "phrase": " uh not only an education"}, {"speaker": "ALAN", "phrase": " we'd been doing some importing"}, {"speaker": "ALAN", "phrase": " but uh through"}, {"speaker": "ALAN", "phrase": " group."}, {"speaker": "ALAN", "phrase": " And it was group of us that went."}, {"speaker": "ALAN", "phrase": " I guess it probably was"}, {"speaker": "ALAN", "phrase": " dozen in our group that went."}, {"speaker": "ALAN", "phrase": " There was group of stores that we were associated with"}, {"speaker": "ALAN", "phrase": " it was a an interesting trip"}, {"speaker": "ALAN", "phrase": " uh"}, {"speaker": "ALAN", "phrase": " \u0294uh very educational."}, {"speaker": "ALAN", "phrase": " Uh"}, {"speaker": "ALAN", "phrase": " still got my notes from nineteenseventysix but"}, {"speaker": "ALAN", "phrase": " and all those god damn cards"}, {"speaker": "ALAN", "phrase": " you know how they get over there"}, {"speaker": "ALAN", "phrase": " everybody gives you."}, {"speaker": "JON", "phrase": "PAUSE"}, {"speaker": "ALAN", "phrase": " gives you."}, {"speaker": "JON", "phrase": " Yeah."}, {"speaker": "ALAN", "phrase": " gives you card."}, {"speaker": "ALAN", "phrase": " I'll never forget how impressed I was with"}, {"speaker": "ALAN", "phrase": " of all the Orientals"}, {"speaker": "ALAN", "phrase": " the Japanese are so bright."}, {"speaker": "ALAN", "phrase": " My god."}, {"speaker": "ALAN", "phrase": " And uh just uh"}, {"speaker": "ALAN", "phrase": " uh uh."}, {"speaker": "JON", "phrase": " Catch on like that."}, {"speaker": "ALAN", "phrase": " They..."}, {"speaker": "JON", "phrase": " Don't they."}, {"speaker": "ALAN", "phrase": " Oh."}, {"speaker": "ALAN", "phrase": " They really they."}, {"speaker": "ALAN", "phrase": " they really they they really."}, {"speaker": "JON", "phrase": " They work at though man"}, {"speaker": "JON", "phrase": " and the Chinese work at it."}, {"speaker": "JON", "phrase": " They're good students"}, {"speaker": "JON", "phrase": " You know."}, {"speaker": "ALAN", "phrase": " Well yeah."}, {"speaker": "ALAN", "phrase": " well"}, {"speaker": "ALAN", "phrase": " you know"}, {"speaker": "ALAN", "phrase": " we see."}, {"speaker": "JON", "phrase": " Listen"}, {"speaker": "JON", "phrase": " look at these people from India."}, {"speaker": "JON", "phrase": " What good students they are."}, {"speaker": "JON", "phrase": " Some of your fine doctors."}, {"speaker": "ALAN", "phrase": " It's amazing ain't it."}, {"speaker": "JON", "phrase": " yeah."}, {"speaker": "ALAN", "phrase": " You know we see these people"}, {"speaker": "ALAN", "phrase": " you know."}, {"speaker": "ALAN", "phrase": " You know we've talked about this"}, {"speaker": "ALAN", "phrase": " on groups for years"}, {"speaker": "ALAN", "phrase": " all the problems we got with the Blacks"}, {"speaker": "ALAN", "phrase": " I was just reading an article"}, {"speaker": "ALAN", "phrase": " I believe it was the paper this morning."}, {"speaker": "ALAN", "phrase": " Where I read it."}, {"speaker": "ALAN", "phrase": " Maybe it was New York Times yesterday."}, {"speaker": "ALAN", "phrase": " Thirtythree percent"}, {"speaker": "ALAN", "phrase": " of the Black juveniles in their twenties"}, {"speaker": "ALAN", "phrase": " are either in jail."}, {"speaker": "JON", "phrase": "PAUSE"}, {"speaker": "ALAN", "phrase": " on parole"}, {"speaker": "ALAN", "phrase": " or just released."}, {"speaker": "ALAN", "phrase": " Thirtythree percent."}, {"speaker": "ALAN", "phrase": " And then I"}, {"speaker": "ALAN", "phrase": " I read in another..."}, {"speaker": "JON", "phrase": " And that doesn't count how many got away."}, {"speaker": "ALAN", "phrase": " Oh that's right."}, {"speaker": "ALAN", "phrase": " But that's of the."}, {"speaker": "ALAN", "phrase": " \u0294uh in their twenties."}, {"speaker": "ALAN", "phrase": " I read an article"}, {"speaker": "ALAN", "phrase": " within the last three or four months"}, {"speaker": "ALAN", "phrase": " and I'm"}, {"speaker": "ALAN", "phrase": " I believe I'm correct on this figure that"}, {"speaker": "ALAN", "phrase": " twelve percent of the Black male population of the United States is in prison."}, {"speaker": "ALAN", "phrase": " Twelve per cent."}, {"speaker": "ALAN", "phrase": " Of the Black male population."}, {"speaker": "ALAN", "phrase": " As you say"}, {"speaker": "ALAN", "phrase": " how many."}, {"speaker": "ALAN", "phrase": " You know"}, {"speaker": "ALAN", "phrase": " how many oughta be in jail"}, {"speaker": "ALAN", "phrase": " probably that many more."}, {"speaker": "ALAN", "phrase": " But the point I was gonna make is"}, {"speaker": "ALAN", "phrase": " and there're always exceptions."}, {"speaker": "ALAN", "phrase": " Uh not to take anything away from uh"}, {"speaker": "ALAN", "phrase": " Percy Jones."}, {"speaker": "ALAN", "phrase": " Whose article I read this morning."}, {"speaker": "ALAN", "phrase": " because I mean he's"}, {"speaker": "ALAN", "phrase": " I don't know"}, {"speaker": "ALAN", "phrase": " what his family had"}, {"speaker": "ALAN", "phrase": " but I mean he's"}, {"speaker": "ALAN", "phrase": " you know he's"}, {"speaker": "ALAN", "phrase": " he's he's he's"}, {"speaker": "ALAN", "phrase": " come out of it."}, {"speaker": "ALAN", "phrase": " But"}, {"speaker": "ALAN", "phrase": " by and large across the board"}, {"speaker": "ALAN", "phrase": " \u0294uh"}, {"speaker": "ALAN", "phrase": " they've just never educated themselves."}, {"speaker": "ALAN", "phrase": " Coming from these backgrounds."}, {"speaker": "JON", "phrase": " Well that's the hard part."}, {"speaker": "ALAN", "phrase": " and and yet you..."}, {"speaker": "JON", "phrase": " they haven't educated themselves."}, {"speaker": "ALAN", "phrase": " And you see these people come here from Taiwan"}, {"speaker": "ALAN", "phrase": " Korea"}, {"speaker": "ALAN", "phrase": " Cambodia"}, {"speaker": "ALAN", "phrase": " Taipei"}, {"speaker": "ALAN", "phrase": " parents can't speak English"}, {"speaker": "ALAN", "phrase": " they come over not speaking English"}, {"speaker": "ALAN", "phrase": " and they"}, {"speaker": "ALAN", "phrase": " they excel scholastically"}, {"speaker": "ALAN", "phrase": " in the most difficult subjects."}, {"speaker": "ALAN", "phrase": " I mean chemistry"}, {"speaker": "ALAN", "phrase": " physics"}, {"speaker": "ALAN", "phrase": " medicine."}, {"speaker": "ALAN", "phrase": " I remember one year"}, {"speaker": "ALAN", "phrase": " there for at the time I remember reading the article"}, {"speaker": "ALAN", "phrase": " it's been ten or twelve years ago"}, {"speaker": "ALAN", "phrase": " but fourteen"}, {"speaker": "ALAN", "phrase": " were."}, {"speaker": "ALAN", "phrase": " Fourteen"}, {"speaker": "ALAN", "phrase": " uh public and private high schools in ShreveportBos."}, {"speaker": "ALAN", "phrase": " I don't know how many there are today."}, {"speaker": "ALAN", "phrase": " I remember that"}, {"speaker": "ALAN", "phrase": " it was big article"}, {"speaker": "ALAN", "phrase": " that five valedictorians."}, {"speaker": "ALAN", "phrase": " For just ShreveportBossier."}, {"speaker": "ALAN", "phrase": " Five valedictorians that year were of Oriental descent."}, {"speaker": "ALAN", "phrase": " You know"}, {"speaker": "ALAN", "phrase": " couldn't've been at that time."}, {"speaker": "JON", "phrase": "PAUSE"}, {"speaker": "ALAN", "phrase": " two hundred and fifty families in the whole damn area."}, {"speaker": "JON", "phrase": " No."}, {"speaker": "ALAN", "phrase": " Uh."}, {"speaker": "JON", "phrase": "PAUSE"}, {"speaker": "ALAN", "phrase": " You know and you think..."}, {"speaker": "JON", "phrase": " You know um."}, {"speaker": "ALAN", "phrase": " and you think about the Jews"}, {"speaker": "ALAN", "phrase": " the Irish"}, {"speaker": "ALAN", "phrase": " and the Blacks"}, {"speaker": "ALAN", "phrase": " and it's the same all over the fucking world."}, {"speaker": "JON", "phrase": " Mm."}, {"speaker": "ALAN", "phrase": " And I just read an article in New York Times."}, {"speaker": "ALAN", "phrase": " Yesterday."}, {"speaker": "ALAN", "phrase": " I clipped it."}, {"speaker": "ALAN", "phrase": " For my wife to read."}, {"speaker": "ALAN", "phrase": " Uh"}, {"speaker": "ALAN", "phrase": " about the fact that"}, {"speaker": "ALAN", "phrase": " in Israel"}, {"speaker": "ALAN", "phrase": " where they have brought in"}, {"speaker": "ALAN", "phrase": " thirtythousand"}, {"speaker": "ALAN", "phrase": " where do the dark ones come from."}, {"speaker": "JON", "phrase": " Ethiopia."}, {"speaker": "ALAN", "phrase": " Ethiopia."}, {"speaker": "ALAN", "phrase": " Uh"}, {"speaker": "ALAN", "phrase": " and fivehundredthousand Russians."}, {"speaker": "ALAN", "phrase": " very proud of the fact that they've been able to do this"}, {"speaker": "ALAN", "phrase": " in country of five million people."}, {"speaker": "ALAN", "phrase": " Uh"}, {"speaker": "ALAN", "phrase": " which"}, {"speaker": "ALAN", "phrase": " would devastate most countries."}, {"speaker": "ALAN", "phrase": " I mean they"}, {"speaker": "ALAN", "phrase": " uh."}, {"speaker": "JON", "phrase": " It's ten percent."}, {"speaker": "ALAN", "phrase": " the"}, {"speaker": "ALAN", "phrase": " and and the"}, {"speaker": "ALAN", "phrase": " the Ethiopians in particular"}, {"speaker": "ALAN", "phrase": " had big march last week."}, {"speaker": "ALAN", "phrase": " Because they're secondclass citizens."}, {"speaker": "ALAN", "phrase": " The Jews look down on them too."}, {"speaker": "ALAN", "phrase": " You know they got"}, {"speaker": "ALAN", "phrase": " they got"}, {"speaker": "ALAN", "phrase": " they got"}, {"speaker": "ALAN", "phrase": " uh"}, {"speaker": "ALAN", "phrase": " class situation"}, {"speaker": "ALAN", "phrase": " they look different"}, {"speaker": "ALAN", "phrase": " they."}, {"speaker": "ALAN", "phrase": " And."}, {"speaker": "ALAN", "phrase": " Course they haven't accepted the Russians too well either."}, {"speaker": "ALAN", "phrase": " Uuh"}, {"speaker": "ALAN", "phrase": " \u0294although the"}, {"speaker": "ALAN", "phrase": " the the Russians"}, {"speaker": "ALAN", "phrase": " high percentage of Russians are"}, {"speaker": "ALAN", "phrase": " according to this article"}, {"speaker": "ALAN", "phrase": " uh are scientists"}, {"speaker": "ALAN", "phrase": " doctors"}, {"speaker": "ALAN", "phrase": " engineers"}, {"speaker": "ALAN", "phrase": " mathematicians"}, {"speaker": "ALAN", "phrase": " and they..."}, {"speaker": "JON", "phrase": " educated the difficult way."}, {"speaker": "ALAN", "phrase": " On areas score"}, {"speaker": "ALAN", "phrase": " score higher on the test than the"}, {"speaker": "ALAN", "phrase": " than the the nativeborns"}, {"speaker": "ALAN", "phrase": " but there's big"}, {"speaker": "ALAN", "phrase": " you know there's"}, {"speaker": "ALAN", "phrase": " there's"}, {"speaker": "ALAN", "phrase": " there's there's class differential."}, {"speaker": "ALAN", "phrase": " Which was interesting."}, {"speaker": "ALAN", "phrase": " I I really"}, {"speaker": "ALAN", "phrase": " hadn't thought about it in many years"}, {"speaker": "ALAN", "phrase": " how those Blacks"}, {"speaker": "ALAN", "phrase": " uh had integrated into the society."}, {"speaker": "ALAN", "phrase": " I am told"}, {"speaker": "ALAN", "phrase": "I haven't seen any of them"}, {"speaker": "ALAN", "phrase": " but the Blacks"}, {"speaker": "ALAN", "phrase": " they're not like our Blacks."}, {"speaker": "ALAN", "phrase": " they're."}, {"speaker": "JON", "phrase": " No no."}, {"speaker": "ALAN", "phrase": " Small"}, {"speaker": "ALAN", "phrase": " you know smaller features"}, {"speaker": "ALAN", "phrase": " but uh"}, {"speaker": "ALAN", "phrase": " they are dark skinned"}, {"speaker": "ALAN", "phrase": " and uh"}, {"speaker": "ALAN", "phrase": " they look different."}, {"speaker": "ALAN", "phrase": " And uh"}, {"speaker": "ALAN", "phrase": " I don't know whether there are any other Black Jews over there"}, {"speaker": "ALAN", "phrase": " but uh"}, {"speaker": "ALAN", "phrase": "PAUSE"}, {"speaker": "ALAN", "phrase": "..."}, {"speaker": "JON", "phrase": " A lot from South Africa"}, {"speaker": "JON", "phrase": " but they're welleducated people down there."}, {"speaker": "JON", "phrase": " A lot of em."}, {"speaker": "ALAN", "phrase": " A lot of Jews from South."}, {"speaker": "JON", "phrase": " Oh yeah."}, {"speaker": "ALAN", "phrase": " I'm."}, {"speaker": "ALAN", "phrase": " I know that this fellow Goldstone"}, {"speaker": "ALAN", "phrase": " who was head of this uh international war crimes tribunal"}, {"speaker": "ALAN", "phrase": " is Jewish fellow"}, {"speaker": "ALAN", "phrase": " because there was picture of him in the paper with yammaka on."}, {"speaker": "JON", "phrase": " Mm."}, {"speaker": "JON", "phrase": "PAUSE"}, {"speaker": "ALAN", "phrase": " You had to look close."}, {"speaker": "JON", "phrase": " Pretty good indication."}, {"speaker": "ALAN", "phrase": " Pretty good indication."}, {"speaker": "JON", "phrase": " Well you know."}, {"speaker": "ALAN", "phrase": " But uh."}, {"speaker": "JON", "phrase": " these \u0294uh."}, {"speaker": "JON", "phrase": " These \u0294uh."}, {"speaker": "JON", "phrase": " What astounds me is"}, {"speaker": "JON", "phrase": " and this goes back into nineteen"}, {"speaker": "JON", "phrase": " let's see Duna"}, {"speaker": "JON", "phrase": "PAUSE"}, {"speaker": "JON", "phrase": " died in seventyseven or something"}, {"speaker": "JON", "phrase": " so this"}, {"speaker": "JON", "phrase": " this goes back"}, {"speaker": "JON", "phrase": " oh further than that"}, {"speaker": "JON", "phrase": " maybe nineteenseventy."}, {"speaker": "JON", "phrase": " in \u0294uh."}, {"speaker": "JON", "phrase": " in Houston"}, {"speaker": "JON", "phrase": "PAUSE"}]}