{"text": [{"speaker": "NICK", "phrase": " Go get him."}, {"speaker": "X", "phrase": " Little boys' room ?"}, {"speaker": "X", "phrase": "PAUSE"}, {"speaker": "BENT", "phrase": " \u0294iai."}, {"speaker": "BENT", "phrase": "PAUSE"}, {"speaker": "NICK", "phrase": " God laugh."}, {"speaker": "DARR", "phrase": " No."}, {"speaker": "NICK", "phrase": " That whale got beached."}, {"speaker": "MART", "phrase": " He's not ready for that one."}, {"speaker": "DARR", "phrase": " No."}, {"speaker": "NICK", "phrase": " Now."}, {"speaker": "MART", "phrase": " You know how I..."}, {"speaker": "NICK", "phrase": " Alright."}, {"speaker": "X", "phrase": " ?"}, {"speaker": "NICK", "phrase": " Let's us three get together."}, {"speaker": "NICK", "phrase": " Us four."}, {"speaker": "DARR", "phrase": " you want the mat ?"}, {"speaker": "NICK", "phrase": " Bill"}, {"speaker": "NICK", "phrase": " you wanted to learn Hanemakikomi."}, {"speaker": "BILL", "phrase": " Yep."}, {"speaker": "BILL", "phrase": " sensei."}, {"speaker": "NICK", "phrase": " Right ?"}, {"speaker": "BILL", "phrase": " Right."}, {"speaker": "NICK", "phrase": " Darren"}, {"speaker": "NICK", "phrase": " drag that crashpad to the center of the mats and."}, {"speaker": "X", "phrase": " Bad connection."}, {"speaker": "NICK", "phrase": " Okay"}, {"speaker": "NICK", "phrase": " when I throw you Darren"}, {"speaker": "NICK", "phrase": " I'm gonna want you to"}, {"speaker": "NICK", "phrase": " slap real hard."}, {"speaker": "NICK", "phrase": " Okay"}, {"speaker": "NICK", "phrase": " it's gonna be rather hard fall."}, {"speaker": "NICK", "phrase": " This way y'all two can see it."}, {"speaker": "DARR", "phrase": " Oh boy."}, {"speaker": "DARR", "phrase": " Okay."}, {"speaker": "NICK", "phrase": " Well not an oh boy anything"}, {"speaker": "NICK", "phrase": " it's..."}, {"speaker": "DARR", "phrase": " Oh man."}, {"speaker": "NICK", "phrase": " No you're..."}, {"speaker": "DARR", "phrase": " Oh God laugh ?"}, {"speaker": "NICK", "phrase": "PAUSE"}, {"speaker": "BILL", "phrase": "PAUSE"}, {"speaker": "NICK", "phrase": " There you go."}, {"speaker": "NICK", "phrase": " There laugh you go."}, {"speaker": "X", "phrase": "PAUSE"}, {"speaker": "NICK", "phrase": " Didn't you wanted to hurt my new Brown Belt laugh tonight laugh ?"}, {"speaker": "NICK", "phrase": "PAUSE"}, {"speaker": "NICK", "phrase": " Alright"}, {"speaker": "NICK", "phrase": " take an inside sleeve grip with it."}, {"speaker": "NICK", "phrase": " And"}, {"speaker": "NICK", "phrase": " go ahead and grip my gi"}, {"speaker": "NICK", "phrase": " normally."}, {"speaker": "NICK", "phrase": " Darren."}, {"speaker": "NICK", "phrase": " Now with the Hanemakikomi"}, {"speaker": "NICK", "phrase": " you know how Makikomi"}, {"speaker": "NICK", "phrase": " the springing hip works ?"}, {"speaker": "NICK", "phrase": " You jerkthemup to you onto your chest ?"}, {"speaker": "X", "phrase": " Mhm."}, {"speaker": "NICK", "phrase": " Pivot."}, {"speaker": "DARR", "phrase": "PAUSE"}, {"speaker": "NICK", "phrase": " And then springthemout."}, {"speaker": "DARR", "phrase": " Ow."}, {"speaker": "DARR", "phrase": " Fuck."}, {"speaker": "NICK", "phrase": " With their thigh."}, {"speaker": "NICK", "phrase": " I mean."}, {"speaker": "NICK", "phrase": " with their thigh."}, {"speaker": "BENT", "phrase": " Put your ankles together Darren."}, {"speaker": "NICK", "phrase": " thigh."}, {"speaker": "DARR", "phrase": " Nope."}, {"speaker": "NICK", "phrase": " and uh calf."}, {"speaker": "NICK", "phrase": " Hunh ?"}, {"speaker": "BENT", "phrase": " ankles together ?"}, {"speaker": "DARR", "phrase": " Um"}, {"speaker": "DARR", "phrase": " actually in this case"}, {"speaker": "DARR", "phrase": " this to that"}, {"speaker": "DARR", "phrase": " don't do it."}, {"speaker": "DARR", "phrase": " I don't recommend it."}, {"speaker": "NICK", "phrase": " We try not."}, {"speaker": "NICK", "phrase": " We have little rank."}, {"speaker": "NICK", "phrase": " only White Belts do that Darren."}, {"speaker": "NICK", "phrase": " That's okay laugh."}, {"speaker": "NICK", "phrase": "PAUSE"}, {"speaker": "DARR", "phrase": " Well."}, {"speaker": "NICK", "phrase": "PAUSE"}, {"speaker": "DARR", "phrase": " I don't know what the hell I'm doing."}, {"speaker": "NICK", "phrase": " Okay."}, {"speaker": "X", "phrase": " Okay."}, {"speaker": "NICK", "phrase": " This this time you won't get chance laugh to laugh."}, {"speaker": "DARR", "phrase": " It's gonna be lot faster isn't it."}, {"speaker": "NICK", "phrase": " Well"}, {"speaker": "NICK", "phrase": " yes and"}, {"speaker": "NICK", "phrase": " you're gonna be carrying the weight of both of us when you're on your heels."}, {"speaker": "DARR", "phrase": " Oh okay."}, {"speaker": "NICK", "phrase": " Alright."}, {"speaker": "NICK", "phrase": " Now."}, {"speaker": "NICK", "phrase": " Just relax."}, {"speaker": "NICK", "phrase": " I'm not gonna hurt you at all."}, {"speaker": "NICK", "phrase": " Uh"}, {"speaker": "NICK", "phrase": " when I do the."}, {"speaker": "NICK", "phrase": " uh the Hanegoshi"}, {"speaker": "NICK", "phrase": " instead of pulling him all the way up ?"}, {"speaker": "NICK", "phrase": " Like this"}, {"speaker": "NICK", "phrase": " I'm gonna come"}, {"speaker": "NICK", "phrase": " and let go with this hand."}, {"speaker": "NICK", "phrase": " With my right hand"}, {"speaker": "NICK", "phrase": " I'm gonna wrap his right arm up."}, {"speaker": "DARR", "phrase": " Like so."}, {"speaker": "NICK", "phrase": " Just like this."}, {"speaker": "NICK", "phrase": " Just like you would in regular"}, {"speaker": "NICK", "phrase": " Sodemakikomi."}, {"speaker": "NICK", "phrase": " Then I'm gonna slam this leg up."}, {"speaker": "DARR", "phrase": "PAUSE"}, {"speaker": "NICK", "phrase": " and let fly."}, {"speaker": "DARR", "phrase": " \u0294Interesting."}, {"speaker": "NICK", "phrase": " There's not much difference"}, {"speaker": "NICK", "phrase": " I mean"}, {"speaker": "NICK", "phrase": " it's little more dynamic"}, {"speaker": "NICK", "phrase": " and it's good"}, {"speaker": "NICK", "phrase": " when you catch bentover opponent."}, {"speaker": "NICK", "phrase": " Out there in shiai."}, {"speaker": "NICK", "phrase": " \u0294uh Or randori."}, {"speaker": "NICK", "phrase": " No need to fix your gi right now."}, {"speaker": "NICK", "phrase": " It's gonna get messed up."}, {"speaker": "NICK", "phrase": " Bend over for me Darren"}, {"speaker": "NICK", "phrase": " No not."}, {"speaker": "NICK", "phrase": " Yeah."}, {"speaker": "NICK", "phrase": " Bend over like."}, {"speaker": "NICK", "phrase": " Grab my gi."}, {"speaker": "DARR", "phrase": " Alright ?"}, {"speaker": "NICK", "phrase": " From right here"}, {"speaker": "NICK", "phrase": " then I come."}, {"speaker": "DARR", "phrase": "PAUSE"}, {"speaker": "DARR", "phrase": "PAUSE"}, {"speaker": "NICK", "phrase": " I'm doing."}, {"speaker": "NICK", "phrase": " Pardon me."}, {"speaker": "NICK", "phrase": " Let me go back to Hanemakikomi"}, {"speaker": "NICK", "phrase": " I'm doing Sode."}, {"speaker": "NICK", "phrase": " Bend over."}, {"speaker": "NICK", "phrase": " I'm just gonna kinda scoop his arms up."}, {"speaker": "NICK", "phrase": " Bring it across."}, {"speaker": "DARR", "phrase": "PAUSE"}, {"speaker": "NICK", "phrase": " Notice how high I get up into his crotch with that foot ?"}, {"speaker": "NICK", "phrase": " That gives me more lift to him."}, {"speaker": "NICK", "phrase": " Uh bow."}, {"speaker": "NICK", "phrase": " Come here."}, {"speaker": "NICK", "phrase": " Bend over."}, {"speaker": "NICK", "phrase": " I've got my"}, {"speaker": "NICK", "phrase": " my high collar grip on"}, {"speaker": "NICK", "phrase": " on bentover player."}, {"speaker": "NICK", "phrase": " Who likes to watch my feet and mess around."}, {"speaker": "NICK", "phrase": " I'm gonna give him something to watch now."}, {"speaker": "NICK", "phrase": " I'm gonna come all the way around here"}, {"speaker": "NICK", "phrase": " and as I've got him wrapped up"}, {"speaker": "NICK", "phrase": " I'm wrapping up tight"}, {"speaker": "NICK", "phrase": " aren't I Bill."}, {"speaker": "BILL", "phrase": " Yep."}, {"speaker": "NICK", "phrase": " I'm gonna slam that up."}, {"speaker": "BILL", "phrase": "PAUSE"}, {"speaker": "BILL", "phrase": "PAUSE"}, {"speaker": "NICK", "phrase": " I'm gonna come all the way around on him."}, {"speaker": "NICK", "phrase": " See it's okay if I get this foot"}, {"speaker": "NICK", "phrase": " all the way up into the side of his crotch."}, {"speaker": "NICK", "phrase": " I want to really get that lift."}, {"speaker": "NICK", "phrase": " As I get that lift"}, {"speaker": "NICK", "phrase": "PAUSE"}, {"speaker": "NICK", "phrase": " I wanna get that outer winding pull."}, {"speaker": "NICK", "phrase": " That Makikomi."}, {"speaker": "NICK", "phrase": " Okay ?"}, {"speaker": "NICK", "phrase": " Let's give it try."}, {"speaker": "NICK", "phrase": " Bill I wanna see you throw Darren."}, {"speaker": "NICK", "phrase": " We need to practice Darren's Ukemi."}, {"speaker": "NICK", "phrase": "PAUSE"}, {"speaker": "NICK", "phrase": " I love it"}, {"speaker": "NICK", "phrase": " the only Hebrew I've ever seen make the sign of the cross."}, {"speaker": "DARR", "phrase": "PAUSE"}, {"speaker": "DARR", "phrase": " It takes too long to do the sign of star of David Nick."}, {"speaker": "NICK", "phrase": " Hush."}, {"speaker": "JED", "phrase": "PAUSE"}, {"speaker": "NICK", "phrase": " Sammy Davis Junior used to do it just fine."}, {"speaker": "NICK", "phrase": " Hajime."}, {"speaker": "X", "phrase": "..."}, {"speaker": "NICK", "phrase": " Now you gotta let go with the right hand Bill."}, {"speaker": "NICK", "phrase": " Get going"}, {"speaker": "NICK", "phrase": " wrap around."}, {"speaker": "NICK", "phrase": " There"}, {"speaker": "NICK", "phrase": " pull."}, {"speaker": "NICK", "phrase": " Pull"}, {"speaker": "NICK", "phrase": " outer winding pull."}, {"speaker": "DARR", "phrase": "PAUSE"}, {"speaker": "DARR", "phrase": "PAUSE"}, {"speaker": "DARR", "phrase": " And don't elbow me in the face."}, {"speaker": "NICK", "phrase": "PAUSE"}, {"speaker": "NICK", "phrase": " You need to let him have chance to slap."}, {"speaker": "DARR", "phrase": " That's good etiquette."}, {"speaker": "BILL", "phrase": " You're right."}, {"speaker": "NICK", "phrase": " Watch Bill."}, {"speaker": "NICK", "phrase": " From here"}, {"speaker": "NICK", "phrase": " come all the way around."}, {"speaker": "BILL", "phrase": " Okay."}, {"speaker": "NICK", "phrase": " to here."}, {"speaker": "NICK", "phrase": " See how I got him up on that one leg ?"}, {"speaker": "BILL", "phrase": " Gotta keep that on."}, {"speaker": "BILL", "phrase": " Okay."}, {"speaker": "NICK", "phrase": " Then I'm gonna kick his leg up."}, {"speaker": "DARR", "phrase": "PAUSE"}, {"speaker": "NICK", "phrase": " Boom."}, {"speaker": "NICK", "phrase": " In Hanegoshi."}, {"speaker": "NICK", "phrase": " That spring hip."}, {"speaker": "NICK", "phrase": " With an outer winding pull."}, {"speaker": "NICK", "phrase": " It's okay if you hit it low"}, {"speaker": "NICK", "phrase": " but if he's bent over"}, {"speaker": "NICK", "phrase": " you."}, {"speaker": "NICK", "phrase": " and you hit it low"}, {"speaker": "NICK", "phrase": " you're not gonna hit nothing."}, {"speaker": "NICK", "phrase": " From here"}, {"speaker": "NICK", "phrase": " I don't have."}, {"speaker": "NICK", "phrase": " I have too much distance between us."}, {"speaker": "NICK", "phrase": " But from here."}, {"speaker": "DARR", "phrase": "PAUSE"}, {"speaker": "NICK", "phrase": " I get more of spring off with it."}, {"speaker": "NICK", "phrase": " It's gonna be hard not to call it an ippon."}, {"speaker": "X", "phrase": " Mhm."}, {"speaker": "NICK", "phrase": "PAUSE"}, {"speaker": "NICK", "phrase": " And even if they don't"}, {"speaker": "NICK", "phrase": " I'm going right into Udegarami."}, {"speaker": "NICK", "phrase": " Go."}, {"speaker": "DARR", "phrase": "PAUSE"}, {"speaker": "NICK", "phrase": " Not bad ?"}, {"speaker": "NICK", "phrase": " Lug"}, {"speaker": "NICK", "phrase": " you wanna give it try ?"}, {"speaker": "NICK", "phrase": " Try it on Bill."}, {"speaker": "NICK", "phrase": " You're in front of Black Belt."}, {"speaker": "NICK", "phrase": " where he can see if he wants to."}, {"speaker": "DARR", "phrase": " Oh."}, {"speaker": "DARR", "phrase": " I'm sorry."}, {"speaker": "NICK", "phrase": " Alright."}, {"speaker": "X", "phrase": "PAUSE"}, {"speaker": "NICK", "phrase": " Gotta pull going this way."}, {"speaker": "BENT", "phrase": " Okay."}, {"speaker": "BENT", "phrase": " I need to have him here."}, {"speaker": "NICK", "phrase": " Jerk him."}, {"speaker": "NICK", "phrase": " You don't have to wrap both arms up ?"}, {"speaker": "NICK", "phrase": " Just one really"}, {"speaker": "NICK", "phrase": " \u0294uh jerk him around."}, {"speaker": "BENT", "phrase": " Okay"}, {"speaker": "BENT", "phrase": " and then spring the hip up."}, {"speaker": "NICK", "phrase": " Spring your hip."}, {"speaker": "NICK", "phrase": " Take high collar grip Lug"}, {"speaker": "NICK", "phrase": " if he's bent over that far"}, {"speaker": "NICK", "phrase": " you wouldn't start off like that."}, {"speaker": "NICK", "phrase": " Now."}, {"speaker": "NICK", "phrase": " You can just swing all the way around"}, {"speaker": "NICK", "phrase": " and grab that arm."}, {"speaker": "BENT", "phrase": " Okay."}, {"speaker": "NICK", "phrase": " Just."}, {"speaker": "NICK", "phrase": " No."}, {"speaker": "BENT", "phrase": "PAUSE"}, {"speaker": "NICK", "phrase": " There's no such thing as Haneuchimata."}, {"speaker": "NICK", "phrase": " You fall straight on your face."}, {"speaker": "BENT", "phrase": " Oh."}, {"speaker": "NICK", "phrase": " Alright"}, {"speaker": "NICK", "phrase": " you don't have the outer pull going for you."}, {"speaker": "NICK", "phrase": " You still don't have enough outer pull."}, {"speaker": "NICK", "phrase": " He oughtta be wound up on his tiptoes."}, {"speaker": "NICK", "phrase": " Way out to here."}, {"speaker": "NICK", "phrase": " Now spring your hip."}, {"speaker": "BENT", "phrase": " Okay."}, {"speaker": "NICK", "phrase": " Spring your hip."}, {"speaker": "BILL", "phrase": "PAUSE"}, {"speaker": "BILL", "phrase": "PAUSE"}, {"speaker": "NICK", "phrase": " There."}, {"speaker": "NICK", "phrase": " It's hard too"}, {"speaker": "NICK", "phrase": " for you"}, {"speaker": "NICK", "phrase": " your legs are so short"}, {"speaker": "NICK", "phrase": " and he's so tall."}, {"speaker": "NICK", "phrase": " Try it again."}, {"speaker": "NICK", "phrase": " And Martin if your hip joints were okay."}, {"speaker": "BENT", "phrase": " Yeah."}, {"speaker": "NICK", "phrase": " He'd be just perfect for you to"}, {"speaker": "NICK", "phrase": " okay"}, {"speaker": "NICK", "phrase": " for one thing you're backing in."}, {"speaker": "BENT", "phrase": " Okay."}, {"speaker": "NICK", "phrase": " Watch."}, {"speaker": "NICK", "phrase": " From here"}, {"speaker": "NICK", "phrase": " bend over."}, {"speaker": "NICK", "phrase": " From right here."}, {"speaker": "BENT", "phrase": " Okay."}, {"speaker": "NICK", "phrase": " Jock him into it."}, {"speaker": "BENT", "phrase": " Mhm."}, {"speaker": "NICK", "phrase": " I've gotta still jerk him up on his tiptoes to throw him"}, {"speaker": "NICK", "phrase": " from here ?"}, {"speaker": "NICK", "phrase": " See that half half instep ?"}, {"speaker": "BENT", "phrase": " Spot the hip ?"}, {"speaker": "NICK", "phrase": " I'm jerking"}, {"speaker": "NICK", "phrase": " I still get under him don't I."}, {"speaker": "BILL", "phrase": "PAUSE"}, {"speaker": "NICK", "phrase": " Then I'm on him."}, {"speaker": "NICK", "phrase": " It's hard to control that throw"}, {"speaker": "NICK", "phrase": " Did you land off the mat ?"}, {"speaker": "BILL", "phrase": " No no."}, {"speaker": "NICK", "phrase": " Good."}, {"speaker": "NICK", "phrase": " mother."}, {"speaker": "NICK", "phrase": " Koka."}, {"speaker": "X", "phrase": "PAUSE"}, {"speaker": "NICK", "phrase": " Tell you what."}, {"speaker": "NICK", "phrase": " Martin let's pull this down."}, {"speaker": "NICK", "phrase": " Okay."}, {"speaker": "NICK", "phrase": " Alright ?"}, {"speaker": "NICK", "phrase": " Lug"}, {"speaker": "NICK", "phrase": " Give more upward"}, {"speaker": "NICK", "phrase": " round pull."}, {"speaker": "NICK", "phrase": " From here."}, {"speaker": "NICK", "phrase": " Watch."}, {"speaker": "NICK", "phrase": " I get."}, {"speaker": "NICK", "phrase": " best way to do it is to feel it I guess."}, {"speaker": "NICK", "phrase": " Bend over."}, {"speaker": "NICK", "phrase": " Alright"}, {"speaker": "NICK", "phrase": " I'm gonna come to here"}, {"speaker": "NICK", "phrase": " now I jerk \u0294up"}, {"speaker": "NICK", "phrase": " first"}, {"speaker": "NICK", "phrase": " then I spin around."}, {"speaker": "BENT", "phrase": " Okay."}, {"speaker": "NICK", "phrase": " And I'm gonna let it go"}, {"speaker": "NICK", "phrase": " God you're heavy."}, {"speaker": "NICK", "phrase": "PAUSE"}, {"speaker": "NICK", "phrase": " Then I'm gonna let go here"}, {"speaker": "NICK", "phrase": " here"}, {"speaker": "NICK", "phrase": " see how I got you wound up ?"}, {"speaker": "BENT", "phrase": "PAUSE"}, {"speaker": "NICK", "phrase": " Down here."}, {"speaker": "NICK", "phrase": " This is not good throw to throw Lug in."}, {"speaker": "NICK", "phrase": "PAUSE"}, {"speaker": "X", "phrase": "PAUSE"}, {"speaker": "NICK", "phrase": " I would suggest doing this throw"}, {"speaker": "NICK", "phrase": " on combatants and opponents of equal height."}, {"speaker": "NICK", "phrase": " And size."}, {"speaker": "NICK", "phrase": " Lug would be much better"}, {"speaker": "NICK", "phrase": " for Sodemakikomi"}, {"speaker": "NICK", "phrase": " but not HandeHanemakikomi."}, {"speaker": "NICK", "phrase": " Cause the Hane"}, {"speaker": "NICK", "phrase": " you add that spring."}, {"speaker": "NICK", "phrase": " Alright"}, {"speaker": "NICK", "phrase": " I'm having to use my legs"}, {"speaker": "NICK", "phrase": " to throw his weight."}, {"speaker": "NICK", "phrase": " Instead of using \u0294Sodemakikomi."}, {"speaker": "BENT", "phrase": "PAUSE"}, {"speaker": "NICK", "phrase": " and get the outside of his legs"}, {"speaker": "NICK", "phrase": " and I can make that pretty throw."}, {"speaker": "NICK", "phrase": " Alright ?"}, {"speaker": "NICK", "phrase": " And with the Makikomi technique with it"}, {"speaker": "NICK", "phrase": " you don't have"}, {"speaker": "NICK", "phrase": " the Tsurikomi."}, {"speaker": "NICK", "phrase": " The lifting pull."}, {"speaker": "NICK", "phrase": " that you would normally have."}, {"speaker": "NICK", "phrase": " You don't have your right hand to help you with it."}, {"speaker": "NICK", "phrase": " All you have is an outer winding pull with the left hand."}, {"speaker": "NICK", "phrase": " It's gotta go up"}, {"speaker": "NICK", "phrase": " out"}, {"speaker": "NICK", "phrase": " and around."}, {"speaker": "NICK", "phrase": " Let's give it try."}, {"speaker": "NICK", "phrase": " Throw throw Bill again."}, {"speaker": "X", "phrase": "PAUSE"}, {"speaker": "NICK", "phrase": " Now"}, {"speaker": "NICK", "phrase": " spring the hip."}, {"speaker": "BILL", "phrase": "PAUSE"}, {"speaker": "BILL", "phrase": "PAUSE"}, {"speaker": "NICK", "phrase": " That's better."}, {"speaker": "JED", "phrase": " Yeah."}, {"speaker": "NICK", "phrase": " Much better."}, {"speaker": "NICK", "phrase": " Now let's throw it again"}, {"speaker": "NICK", "phrase": " and not have to stop"}, {"speaker": "NICK", "phrase": " and think about where the foot goes."}, {"speaker": "NICK", "phrase": " Now"}, {"speaker": "NICK", "phrase": " Just one moment."}, {"speaker": "NICK", "phrase": " The more acute angle"}, {"speaker": "NICK", "phrase": " that that knee gets at"}, {"speaker": "NICK", "phrase": " the more power you have with your spring from your hip joint."}, {"speaker": "NICK", "phrase": " From here"}, {"speaker": "NICK", "phrase": " even if I'm doing Hanegoshi."}, {"speaker": "NICK", "phrase": " if I get that"}, {"speaker": "NICK", "phrase": " that knee bent"}, {"speaker": "NICK", "phrase": " at ninety degrees right here"}, {"speaker": "NICK", "phrase": " well I can blast him"}, {"speaker": "NICK", "phrase": " from here."}, {"speaker": "BILL", "phrase": "PAUSE"}, {"speaker": "NICK", "phrase": " I've got lot of spring with it."}, {"speaker": "NICK", "phrase": " Also"}, {"speaker": "NICK", "phrase": " lay the instep of the foot."}, {"speaker": "NICK", "phrase": " Toes extremely wellpointed."}, {"speaker": "NICK", "phrase": " To the inside"}, {"speaker": "NICK", "phrase": " of his calf"}, {"speaker": "NICK", "phrase": " I mean his"}, {"speaker": "NICK", "phrase": " his uh thigh"}, {"speaker": "NICK", "phrase": " at the bend of his knee."}, {"speaker": "NICK", "phrase": " I don't care if your heel slides up into his crotch."}, {"speaker": "NICK", "phrase": " For a Hanemakikomi."}, {"speaker": "NICK", "phrase": " Now"}, {"speaker": "NICK", "phrase": " uh"}, {"speaker": "NICK", "phrase": " Hanegoshi"}, {"speaker": "NICK", "phrase": " I'd prefer that you do it little bit different."}, {"speaker": "NICK", "phrase": " But Hanemakikomi"}, {"speaker": "NICK", "phrase": " the higher up it gets"}, {"speaker": "NICK", "phrase": " the more spring you get."}, {"speaker": "NICK", "phrase": " Yoshi."}, {"speaker": "BENT", "phrase": " Is this the right position here ?"}, {"speaker": "NICK", "phrase": " Your knees need to be bent."}, {"speaker": "NICK", "phrase": " Now pull."}, {"speaker": "NICK", "phrase": " Pull pull pull"}, {"speaker": "NICK", "phrase": " and and spring."}, {"speaker": "NICK", "phrase": " Spring."}, {"speaker": "BENT", "phrase": " Okay."}, {"speaker": "BENT", "phrase": " I'm just trying to get this."}, {"speaker": "X", "phrase": "PAUSE"}, {"speaker": "BENT", "phrase": " this middle position."}, {"speaker": "NICK", "phrase": " Alright watch."}, {"speaker": "NICK", "phrase": " even though he's bent over"}, {"speaker": "NICK", "phrase": " I still have to get in."}, {"speaker": "BENT", "phrase": " Okay."}, {"speaker": "NICK", "phrase": " I've got to get him loaded."}, {"speaker": "NICK", "phrase": " Look at his look at his heels ?"}, {"speaker": "NICK", "phrase": " Is his heel up ?"}, {"speaker": "BENT", "phrase": " Yes."}, {"speaker": "NICK", "phrase": " Alright from here"}, {"speaker": "NICK", "phrase": " now I've I'm got to be lower"}, {"speaker": "NICK", "phrase": " come on back side of the hands."}, {"speaker": "BILL", "phrase": "PAUSE"}, {"speaker": "BILL", "phrase": "PAUSE"}, {"speaker": "NICK", "phrase": " And then I spring him off."}, {"speaker": "NICK", "phrase": " If he's bent over"}, {"speaker": "NICK", "phrase": " it's extremely hard for me to get under him"}, {"speaker": "NICK", "phrase": " with standard Tsurikomi grip."}, {"speaker": "NICK", "phrase": " Well this way I'm just scooting my butt in there on him."}, {"speaker": "NICK", "phrase": " It doesn't matter if I hit him"}, {"speaker": "NICK", "phrase": " little bit above his obi"}, {"speaker": "NICK", "phrase": " with my buttocks."}, {"speaker": "NICK", "phrase": " As long as"}, {"speaker": "NICK", "phrase": " that leg is automatically cocking as it goes in."}, {"speaker": "NICK", "phrase": " Then I'm throwing my weight straight forward."}, {"speaker": "BENT", "phrase": " Okay."}, {"speaker": "NICK", "phrase": " With that outer winding pull."}, {"speaker": "NICK", "phrase": " It's allimportant."}, {"speaker": "NICK", "phrase": " Jerk him around."}, {"speaker": "NICK", "phrase": " In big circle."}, {"speaker": "BILL", "phrase": "PAUSE"}, {"speaker": "NICK", "phrase": " Okay."}, {"speaker": "NICK", "phrase": " Everything was there but the leg."}, {"speaker": "NICK", "phrase": " Bill went into Uchimata."}, {"speaker": "NICK", "phrase": " I might have to have you throw Uchimata couple times"}, {"speaker": "NICK", "phrase": " so you can throw Hanegoshi."}, {"speaker": "NICK", "phrase": " Think of it"}, {"speaker": "NICK", "phrase": " as very short"}, {"speaker": "NICK", "phrase": " inverted kick."}, {"speaker": "NICK", "phrase": " Like that."}, {"speaker": "NICK", "phrase": " You know how you can use"}, {"speaker": "NICK", "phrase": "PAUSE"}, {"speaker": "NICK", "phrase": " inverted kick ?"}, {"speaker": "NICK", "phrase": " Up very close range ?"}, {"speaker": "BENT", "phrase": " Mhm ?"}, {"speaker": "NICK", "phrase": " That's exactly what you're doing."}, {"speaker": "NICK", "phrase": "PAUSE"}, {"speaker": "NICK", "phrase": " Kicking the inside of his thigh."}, {"speaker": "BENT", "phrase": " Okay."}, {"speaker": "NICK", "phrase": " This time do an inverted kick on the inside of his thigh when you do it."}, {"speaker": "NICK", "phrase": " Go into it and load him up two or three times."}, {"speaker": "NICK", "phrase": " Uchikomi."}, {"speaker": "NICK", "phrase": " Alright ?"}, {"speaker": "NICK", "phrase": " Bend your knees as you go in too."}, {"speaker": "NICK", "phrase": " You're just straight and."}, {"speaker": "NICK", "phrase": " straight and lockkneed ?"}, {"speaker": "NICK", "phrase": " There."}, {"speaker": "NICK", "phrase": " 'S better."}, {"speaker": "NICK", "phrase": " Now throw."}, {"speaker": "BENT", "phrase": "PAUSE"}, {"speaker": "BENT", "phrase": "PAUSE"}, {"speaker": "NICK", "phrase": " Relax."}, {"speaker": "NICK", "phrase": " Relax and throw."}, {"speaker": "BILL", "phrase": "PAUSE"}, {"speaker": "NICK", "phrase": " Better."}, {"speaker": "NICK", "phrase": " Better."}, {"speaker": "NICK", "phrase": " You're still sliding up that leg"}, {"speaker": "NICK", "phrase": " you're not springing it."}, {"speaker": "NICK", "phrase": " Bill"}, {"speaker": "NICK", "phrase": " let's see you throw couple times."}, {"speaker": "NICK", "phrase": " Throw me."}, {"speaker": "NICK", "phrase": "PAUSE"}, {"speaker": "NICK", "phrase": " It's hot in here."}, {"speaker": "NICK", "phrase": " Thank you."}, {"speaker": "NICK", "phrase": "PAUSE"}, {"speaker": "BILL", "phrase": " Okay it was..."}, {"speaker": "NICK", "phrase": " Now I'm gonna be sucker"}, {"speaker": "NICK", "phrase": " and watch your feet."}, {"speaker": "NICK", "phrase": " This."}, {"speaker": "NICK", "phrase": " Now you're just walking in on me man"}, {"speaker": "NICK", "phrase": " you you have no outer winding pull here."}, {"speaker": "NICK", "phrase": " Jerk me to you."}, {"speaker": "NICK", "phrase": " Hoo"}, {"speaker": "NICK", "phrase": " there we go"}, {"speaker": "NICK", "phrase": " I'm on my tiptoes"}, {"speaker": "NICK", "phrase": " what are you waiting for."}, {"speaker": "BILL", "phrase": "PAUSE"}, {"speaker": "NICK", "phrase": "PAUSE"}, {"speaker": "BILL", "phrase": " Not quite far enough in."}, {"speaker": "NICK", "phrase": " A little shaky"}, {"speaker": "NICK", "phrase": " but basic"}, {"speaker": "NICK", "phrase": " as long as you're getting my head"}, {"speaker": "NICK", "phrase": " to where it'll clear"}, {"speaker": "NICK", "phrase": " and"}, {"speaker": "NICK", "phrase": " won't snap my neck"}, {"speaker": "NICK", "phrase": " you'll be doing fine."}, {"speaker": "NICK", "phrase": " Make me happy camper"}, {"speaker": "NICK", "phrase": " Ah."}, {"speaker": "NICK", "phrase": " here"}, {"speaker": "NICK", "phrase": " an added."}, {"speaker": "NICK", "phrase": " an added attraction."}, {"speaker": "NICK", "phrase": " What are we gonna do now."}, {"speaker": "NICK", "phrase": " I've got my hand on your hip."}, {"speaker": "NICK", "phrase": " Whoa."}, {"speaker": "NICK", "phrase": " There we go."}, {"speaker": "NICK", "phrase": " That's it beau."}, {"speaker": "NICK", "phrase": " Throw."}, {"speaker": "BILL", "phrase": "PAUSE"}, {"speaker": "NICK", "phrase": "PAUSE"}, {"speaker": "NICK", "phrase": "PAUSE"}, {"speaker": "NICK", "phrase": " I was gonna get that arm free"}, {"speaker": "NICK", "phrase": "PAUSE"}, {"speaker": "BILL", "phrase": " Stop whispering."}, {"speaker": "NICK", "phrase": " Good."}, {"speaker": "NICK", "phrase": " Have you played player yet ?"}, {"speaker": "NICK", "phrase": " One of these ?"}, {"speaker": "NICK", "phrase": " You will."}, {"speaker": "BILL", "phrase": " Think I did."}, {"speaker": "X", "phrase": "PAUSE"}, {"speaker": "NICK", "phrase": " Jed"}, {"speaker": "NICK", "phrase": " you've seen these"}, {"speaker": "NICK", "phrase": " haven't you ?"}, {"speaker": "JED", "phrase": " Mhm."}, {"speaker": "NICK", "phrase": " Turn on in on with something."}, {"speaker": "NICK", "phrase": " Turn in to anything."}, {"speaker": "NICK", "phrase": " Ah."}, {"speaker": "NICK", "phrase": " Can't"}, {"speaker": "NICK", "phrase": " can you."}, {"speaker": "NICK", "phrase": " Go into Ouchi."}, {"speaker": "NICK", "phrase": " Now I'm playing you back."}, {"speaker": "NICK", "phrase": " But."}, {"speaker": "BILL", "phrase": " Okay."}, {"speaker": "NICK", "phrase": " you can hook that arm"}, {"speaker": "NICK", "phrase": " Oh"}, {"speaker": "NICK", "phrase": " there we go."}, {"speaker": "NICK", "phrase": " Hanemakikomi now."}, {"speaker": "NICK", "phrase": "PAUSE"}, {"speaker": "NICK", "phrase": " Ow."}, {"speaker": "JED", "phrase": " Alright."}, {"speaker": "NICK", "phrase": " Boy that's hard fall"}, {"speaker": "NICK", "phrase": "PAUSE"}, {"speaker": "JED", "phrase": " Oh."}, {"speaker": "NICK", "phrase": " Ippon."}, {"speaker": "NICK", "phrase": "PAUSE"}, {"speaker": "NICK", "phrase": " Alright"}, {"speaker": "NICK", "phrase": " that's where Hanemakikomi comes in."}, {"speaker": "NICK", "phrase": " Now"}, {"speaker": "NICK", "phrase": " the traditional way to do it"}, {"speaker": "NICK", "phrase": " is not all bent over."}, {"speaker": "NICK", "phrase": " It's from regular grip."}, {"speaker": "NICK", "phrase": " And I'll still go"}, {"speaker": "NICK", "phrase": "PAUSE"}, {"speaker": "BILL", "phrase": "PAUSE"}, {"speaker": "NICK", "phrase": " Not real."}, {"speaker": "NICK", "phrase": " Which that one wasn't very clean pretty throw."}, {"speaker": "BILL", "phrase": " functional."}, {"speaker": "NICK", "phrase": " Ah"}, {"speaker": "NICK", "phrase": " well"}, {"speaker": "NICK", "phrase": " it would have been better"}, {"speaker": "NICK", "phrase": " had my leg stayed lower."}, {"speaker": "NICK", "phrase": " Traditional Hane"}, {"speaker": "NICK", "phrase": " Hane uh"}, {"speaker": "NICK", "phrase": " Goshi leg."}, {"speaker": "BILL", "phrase": "PAUSE"}, {"speaker": "NICK", "phrase": " There."}, {"speaker": "BILL", "phrase": " That was pretty."}, {"speaker": "NICK", "phrase": " But I like the Hanemakikomi"}, {"speaker": "NICK", "phrase": " when it's used on player"}, {"speaker": "NICK", "phrase": " who's fighting you in that"}, {"speaker": "NICK", "phrase": " extreme defensive stance."}, {"speaker": "NICK", "phrase": " While he's down in deep jigo."}, {"speaker": "NICK", "phrase": " Preferably"}, {"speaker": "NICK", "phrase": " with his left foot forward."}, {"speaker": "NICK", "phrase": " Pressing against you with that left hand."}, {"speaker": "NICK", "phrase": " Keeping you out."}, {"speaker": "NICK", "phrase": " Doing this number."}, {"speaker": "NICK", "phrase": " Goes in laugh"}, {"speaker": "NICK", "phrase": " see he's already eliminated this place"}, {"speaker": "NICK", "phrase": "PAUSE"}, {"speaker": "NICK", "phrase": " All you have to do is jerk me around to it and come to me."}, {"speaker": "NICK", "phrase": " From there."}, {"speaker": "NICK", "phrase": " Jerk"}, {"speaker": "NICK", "phrase": " Hook"}, {"speaker": "NICK", "phrase": " And then spring me right there."}, {"speaker": "NICK", "phrase": " That's it."}, {"speaker": "NICK", "phrase": " Alright"}, {"speaker": "NICK", "phrase": " practice it on Darren couple times."}, {"speaker": "NICK", "phrase": " I wanna see it."}, {"speaker": "NICK", "phrase": " Think if you tried the throw ?"}, {"speaker": "BILL", "phrase": " Okay."}, {"speaker": "X", "phrase": " Can you tell ?"}, {"speaker": "NICK", "phrase": " On Darren."}, {"speaker": "NICK", "phrase": " Lug's little bit heavy for you."}, {"speaker": "BENT", "phrase": " Where is."}, {"speaker": "BENT", "phrase": " Here it is."}, {"speaker": "JED", "phrase": " Don't throw him off the mat now Bill."}, {"speaker": "BILL", "phrase": " Do we wanna do it using."}, {"speaker": "BILL", "phrase": " Yeah."}, {"speaker": "DARR", "phrase": " Ah the only thing I..."}, {"speaker": "NICK", "phrase": " Yeah."}, {"speaker": "NICK", "phrase": " Take your position on the mat."}, {"speaker": "DARR", "phrase": " All I do is."}, {"speaker": "DARR", "phrase": " ?"}, {"speaker": "DARR", "phrase": " I'm keeping you out like that ?"}, {"speaker": "BILL", "phrase": " Well that's fine down."}, {"speaker": "DARR", "phrase": " \u0294uh Are they on the chalk."}, {"speaker": "BILL", "phrase": " Yes you are."}, {"speaker": "DARR", "phrase": " Okay ?"}, {"speaker": "DARR", "phrase": " You gonna make ?"}, {"speaker": "NICK", "phrase": " Throw."}, {"speaker": "BILL", "phrase": "PAUSE"}, {"speaker": "DARR", "phrase": "PAUSE"}, {"speaker": "NICK", "phrase": " Well"}, {"speaker": "NICK", "phrase": " it's coming off as winding Uchimata."}, {"speaker": "BILL", "phrase": " Was I above your leg"}, {"speaker": "BILL", "phrase": " It did ?"}, {"speaker": "NICK", "phrase": " It's not the time for uh"}, {"speaker": "NICK", "phrase": " for uh extreme resistance yet."}, {"speaker": "NICK", "phrase": " We're in practice."}, {"speaker": "BILL", "phrase": " Okay."}, {"speaker": "NICK", "phrase": " Just put your hand up there"}, {"speaker": "NICK", "phrase": " and push little bit."}, {"speaker": "BILL", "phrase": "PAUSE"}, {"speaker": "NICK", "phrase": " Not lot of resistance from it."}, {"speaker": "NICK", "phrase": " And"}, {"speaker": "NICK", "phrase": "PAUSE"}, {"speaker": "NICK", "phrase": "PAUSE"}, {"speaker": "NICK", "phrase": " Thank you."}, {"speaker": "NICK", "phrase": " Cause you're throwing him over toward this edge."}, {"speaker": "BILL", "phrase": " Okay."}, {"speaker": "DARR", "phrase": "PAUSE"}, {"speaker": "NICK", "phrase": " That's it."}, {"speaker": "NICK", "phrase": "PAUSE"}, {"speaker": "NICK", "phrase": " Ippon."}, {"speaker": "NICK", "phrase": " Alright."}, {"speaker": "NICK", "phrase": " Lug let's see you throw uh"}, {"speaker": "NICK", "phrase": " throw Bill."}, {"speaker": "X", "phrase": " Okay."}, {"speaker": "NICK", "phrase": " Turn and bow to that Brown Belt."}, {"speaker": "DARR", "phrase": " I did."}, {"speaker": "NICK", "phrase": " Okay I didn't see you."}, {"speaker": "NICK", "phrase": " Sorry."}, {"speaker": "DARR", "phrase": " He didn't bow to me though."}, {"speaker": "NICK", "phrase": " Throw"}, {"speaker": "NICK", "phrase": " throw from there."}, {"speaker": "NICK", "phrase": "PAUSE"}, {"speaker": "NICK", "phrase": " That would've been fine ?"}, {"speaker": "NICK", "phrase": "PAUSE"}, {"speaker": "NICK", "phrase": " Man that would have been as fine as frog's hair."}, {"speaker": "NICK", "phrase": " Throw."}, {"speaker": "BILL", "phrase": "PAUSE"}, {"speaker": "NICK", "phrase": " Nice winding Uchimata."}, {"speaker": "NICK", "phrase": " The the only way that you're gonna get it Lug"}, {"speaker": "NICK", "phrase": " is to keep practicing it."}, {"speaker": "NICK", "phrase": " Alright"}, {"speaker": "NICK", "phrase": " now"}, {"speaker": "NICK", "phrase": " hook the arm"}, {"speaker": "NICK", "phrase": " hook the arm here."}, {"speaker": "NICK", "phrase": " All the way"}, {"speaker": "NICK", "phrase": " and just shoot this on across."}, {"speaker": "NICK", "phrase": " Release his head"}, {"speaker": "NICK", "phrase": " and shoot the arm"}, {"speaker": "NICK", "phrase": " straight through."}, {"speaker": "NICK", "phrase": " Now go."}, {"speaker": "NICK", "phrase": " Throw."}, {"speaker": "NICK", "phrase": " Throw."}, {"speaker": "BILL", "phrase": "PAUSE"}, {"speaker": "NICK", "phrase": " There."}, {"speaker": "NICK", "phrase": " You're still shooting up"}, {"speaker": "NICK", "phrase": " with bit of uh"}, {"speaker": "NICK", "phrase": " Uchimata."}, {"speaker": "NICK", "phrase": " Now I'm gonna throw him with left side."}, {"speaker": "NICK", "phrase": " Here."}, {"speaker": "NICK", "phrase": " It doesn't matter"}, {"speaker": "NICK", "phrase": " you can keep your right hand grip."}, {"speaker": "NICK", "phrase": " Alright"}, {"speaker": "NICK", "phrase": " now I'm just gonna shoot it to here."}, {"speaker": "DARR", "phrase": " \u0294uh."}, {"speaker": "NICK", "phrase": " Now I'm coming in with my knees bent ?"}, {"speaker": "DARR", "phrase": " Yeah but that makes..."}, {"speaker": "NICK", "phrase": " I've got him up."}, {"speaker": "DARR", "phrase": " Yeah but an elbow in my..."}, {"speaker": "NICK", "phrase": " Don't worry about it son"}, {"speaker": "NICK", "phrase": " I'm not going to hurt you."}, {"speaker": "NICK", "phrase": " I'm just doing Komi."}, {"speaker": "NICK", "phrase": " And from the right hand side."}, {"speaker": "NICK", "phrase": " Bend over."}, {"speaker": "NICK", "phrase": " Put your hand against my hip."}, {"speaker": "NICK", "phrase": " Hold me out."}, {"speaker": "DARR", "phrase": " Okay."}, {"speaker": "NICK", "phrase": " Alright from here"}, {"speaker": "NICK", "phrase": " he's holding me out."}, {"speaker": "NICK", "phrase": " I just come"}, {"speaker": "NICK", "phrase": " just like this."}, {"speaker": "NICK", "phrase": " See how I shoot this hand down ?"}, {"speaker": "NICK", "phrase": " I don't have to try to grab him around the head."}, {"speaker": "NICK", "phrase": " I shoot this hand down and I"}, {"speaker": "NICK", "phrase": " I'm gonna follow it."}, {"speaker": "NICK", "phrase": " With this shoulder."}, {"speaker": "DARR", "phrase": "PAUSE"}, {"speaker": "NICK", "phrase": " All I'm doing is my"}, {"speaker": "NICK", "phrase": " my roll out then."}, {"speaker": "NICK", "phrase": " Then I've got him all locked up"}, {"speaker": "NICK", "phrase": " now I'm good and tight against your chest Darren ?"}, {"speaker": "DARR", "phrase": " Uh"}, {"speaker": "DARR", "phrase": " are you"}, {"speaker": "DARR", "phrase": " yeah."}, {"speaker": "DARR", "phrase": " Well."}, {"speaker": "NICK", "phrase": " Am I tight against your chest."}, {"speaker": "NICK", "phrase": " Yes"}, {"speaker": "NICK", "phrase": " I'm right against your chest."}, {"speaker": "NICK", "phrase": " No space between us."}, {"speaker": "NICK", "phrase": " One of the secrets about making this throw work."}, {"speaker": "NICK", "phrase": " Bend over Bill"}, {"speaker": "NICK", "phrase": " put your hand there."}, {"speaker": "NICK", "phrase": " Alright from here"}, {"speaker": "NICK", "phrase": " I'm gonna roll it around here."}, {"speaker": "NICK", "phrase": " See how I got my chest ?"}, {"speaker": "NICK", "phrase": " Have I got your chest Bill ?"}, {"speaker": "BILL", "phrase": " Yep."}, {"speaker": "NICK", "phrase": " But my butt is in it"}, {"speaker": "NICK", "phrase": " that's okay."}, {"speaker": "BILL", "phrase": "PAUSE"}, {"speaker": "BILL", "phrase": "PAUSE"}, {"speaker": "JED", "phrase": " Oh."}, {"speaker": "NICK", "phrase": " Doesn't matter."}, {"speaker": "NICK", "phrase": "PAUSE"}, {"speaker": "JED", "phrase": " Textbook."}, {"speaker": "NICK", "phrase": " I think about ninety percent of your problem"}, {"speaker": "NICK", "phrase": " is the"}, {"speaker": "NICK", "phrase": " legs."}, {"speaker": "NICK", "phrase": " Try it on me."}, {"speaker": "NICK", "phrase": " Up now."}, {"speaker": "X", "phrase": " \u0294uh."}, {"speaker": "NICK", "phrase": " Alright I'm right here."}, {"speaker": "NICK", "phrase": " get over here."}, {"speaker": "NICK", "phrase": " Alright Lug"}, {"speaker": "NICK", "phrase": " swing that arm out of your way."}, {"speaker": "NICK", "phrase": " Swing it all the way around."}, {"speaker": "NICK", "phrase": " That's fine"}, {"speaker": "NICK", "phrase": " see I'm getting my arm out"}, {"speaker": "NICK", "phrase": " trying to step over now."}, {"speaker": "NICK", "phrase": " I think you're going to go"}, {"speaker": "NICK", "phrase": " and do"}, {"speaker": "NICK", "phrase": " uh"}, {"speaker": "NICK", "phrase": "PAUSE"}, {"speaker": "NICK", "phrase": " uh"}, {"speaker": "NICK", "phrase": " Sodemakikomi."}, {"speaker": "NICK", "phrase": " This is just what it feels like from this position."}, {"speaker": "NICK", "phrase": " So I'm gonna get ready to step over."}, {"speaker": "BENT", "phrase": " Okay."}, {"speaker": "NICK", "phrase": " to get away from that Sodemakikomi"}, {"speaker": "NICK", "phrase": " I wanna step"}, {"speaker": "NICK", "phrase": " so I can drop you with Taniotoshi."}, {"speaker": "BENT", "phrase": " Right."}, {"speaker": "NICK", "phrase": " And just as I get ready to step from here"}, {"speaker": "NICK", "phrase": " kick that leg in."}, {"speaker": "NICK", "phrase": "PAUSE"}, {"speaker": "BENT", "phrase": "PAUSE"}, {"speaker": "NICK", "phrase": " There I go."}, {"speaker": "NICK", "phrase": " Alright come here Bill"}, {"speaker": "NICK", "phrase": " Watch it Darren"}, {"speaker": "NICK", "phrase": " I mean uh"}, {"speaker": "NICK", "phrase": " Benton."}, {"speaker": "NICK", "phrase": " Alright"}, {"speaker": "NICK", "phrase": " tell me if this"}, {"speaker": "NICK", "phrase": " you know"}, {"speaker": "NICK", "phrase": " Sodemakikomi ?"}, {"speaker": "NICK", "phrase": " Now."}, {"speaker": "NICK", "phrase": " Ah"}, {"speaker": "NICK", "phrase": " there we go"}, {"speaker": "NICK", "phrase": " there we go"}, {"speaker": "NICK", "phrase": " no"}, {"speaker": "NICK", "phrase": " just don't counter"}, {"speaker": "NICK", "phrase": " just step over the damn thing."}, {"speaker": "NICK", "phrase": " There."}, {"speaker": "NICK", "phrase": " Alright now"}, {"speaker": "NICK", "phrase": " he stepped over"}, {"speaker": "NICK", "phrase": " so."}, {"speaker": "BILL", "phrase": "PAUSE"}, {"speaker": "BILL", "phrase": "PAUSE"}, {"speaker": "NICK", "phrase": " I can finish up"}, {"speaker": "NICK", "phrase": " with Hanemakikomi."}, {"speaker": "NICK", "phrase": " He off mat ?"}, {"speaker": "JED", "phrase": " No."}, {"speaker": "JED", "phrase": " he just hit his hand."}, {"speaker": "NICK", "phrase": " Oh laugh"}, {"speaker": "NICK", "phrase": " back laugh of his hand again."}, {"speaker": "JED", "phrase": "PAUSE"}, {"speaker": "NICK", "phrase": "PAUSE"}, {"speaker": "NICK", "phrase": "PAUSE"}, {"speaker": "NICK", "phrase": "PAUSE"}, {"speaker": "JED", "phrase": " I guess since he's off the mat"}, {"speaker": "JED", "phrase": " he didn't wanna hurt his arms."}, {"speaker": "NICK", "phrase": " Yeah."}, {"speaker": "NICK", "phrase": " He's used to wearing watch"}, {"speaker": "NICK", "phrase": " try and protect it."}, {"speaker": "NICK", "phrase": " Come throw him little bit Benton."}, {"speaker": "NICK", "phrase": " There"}, {"speaker": "NICK", "phrase": " Now"}, {"speaker": "NICK", "phrase": " shoot that leg"}, {"speaker": "NICK", "phrase": " shoot it now."}, {"speaker": "NICK", "phrase": " Ha."}, {"speaker": "NICK", "phrase": " You had perfect position with the foot."}, {"speaker": "NICK", "phrase": "PAUSE"}, {"speaker": "NICK", "phrase": " Jed"}, {"speaker": "NICK", "phrase": " can you add anything"}, {"speaker": "NICK", "phrase": " cause I'm out here on the."}, {"speaker": "JED", "phrase": " Yes."}, {"speaker": "NICK", "phrase": " in the front"}, {"speaker": "NICK", "phrase": " I can't see what's going on"}, {"speaker": "NICK", "phrase": " you're out here"}, {"speaker": "NICK", "phrase": " right here on the side."}, {"speaker": "JED", "phrase": "PAUSE"}, {"speaker": "JED", "phrase": " I've noticed something that your sensei is doing that you're not doing."}, {"speaker": "JED", "phrase": " He's reaching for the mat."}, {"speaker": "JED", "phrase": " He's in there and winds up."}, {"speaker": "NICK", "phrase": " Yeah."}, {"speaker": "JED", "phrase": " he's reaching for the mat"}, {"speaker": "JED", "phrase": " with this arm."}, {"speaker": "JED", "phrase": " And your arm's way up here high."}, {"speaker": "JED", "phrase": " You're like way up high off the ground"}, {"speaker": "JED", "phrase": " and your sensei"}, {"speaker": "JED", "phrase": " is way down like this."}, {"speaker": "JED", "phrase": " By the time he gets to the end of the throw."}, {"speaker": "JED", "phrase": " See the difference ?"}, {"speaker": "JED", "phrase": " So you're wrapping"}, {"speaker": "JED", "phrase": " and you're thinking"}, {"speaker": "JED", "phrase": " I gotta make this throw"}, {"speaker": "JED", "phrase": " what am I gonna do"}, {"speaker": "JED", "phrase": " and Nick"}, {"speaker": "JED", "phrase": " is going for the mat with this arm."}, {"speaker": "JED", "phrase": " He's into"}, {"speaker": "JED", "phrase": " almost like forward roll mode."}, {"speaker": "JED", "phrase": " The other difference that I noticed between you and your sensei is that"}, {"speaker": "JED", "phrase": " this foot is way out here."}, {"speaker": "JED", "phrase": " This the"}, {"speaker": "JED", "phrase": " your."}, {"speaker": "NICK", "phrase": " Are they trying to throw over the entire hip section ?"}, {"speaker": "JED", "phrase": " with."}, {"speaker": "JED", "phrase": " Mhm"}, {"speaker": "JED", "phrase": " And and and and"}, {"speaker": "JED", "phrase": " when Nick throws it"}, {"speaker": "JED", "phrase": " so pretty like he does"}, {"speaker": "JED", "phrase": " he's got the"}, {"speaker": "JED", "phrase": " his foot"}, {"speaker": "JED", "phrase": " much closer to the middle"}, {"speaker": "JED", "phrase": " of his opponent's center of gravity."}, {"speaker": "JED", "phrase": "PAUSE"}, {"speaker": "BENT", "phrase": " Kay."}, {"speaker": "JED", "phrase": " you're so wide that"}, {"speaker": "JED", "phrase": " if you lift up"}, {"speaker": "JED", "phrase": " when you lift up to make the springing motion"}, {"speaker": "JED", "phrase": " what happens is"}, {"speaker": "JED", "phrase": " you fall this way real quick."}, {"speaker": "NICK", "phrase": " That is it."}, {"speaker": "JED", "phrase": " And you don't have"}, {"speaker": "JED", "phrase": " enough to go like that."}, {"speaker": "JED", "phrase": " Try it one time."}, {"speaker": "JED", "phrase": " Reach for the ground with your wrapping arm"}, {"speaker": "JED", "phrase": " \u0294Uh \u0294uh \u0294uh..."}, {"speaker": "BENT", "phrase": "PAUSE"}, {"speaker": "BILL", "phrase": "PAUSE"}, {"speaker": "NICK", "phrase": " Better there."}, {"speaker": "JED", "phrase": " Yeah."}, {"speaker": "JED", "phrase": " It's better."}, {"speaker": "JED", "phrase": " Reach."}, {"speaker": "NICK", "phrase": " But."}, {"speaker": "JED", "phrase": " Reach"}, {"speaker": "JED", "phrase": " reach way into the ground with this one."}, {"speaker": "NICK", "phrase": "PAUSE"}, {"speaker": "NICK", "phrase": " Here here here's."}, {"speaker": "NICK", "phrase": " it's right here."}, {"speaker": "JED", "phrase": " Reach way like this."}, {"speaker": "JED", "phrase": " Like you were doing front roll out."}, {"speaker": "NICK", "phrase": "PAUSE"}, {"speaker": "JED", "phrase": " And and stand on this foot"}, {"speaker": "JED", "phrase": " so that you"}, {"speaker": "JED", "phrase": " are more balanced."}, {"speaker": "JED", "phrase": " Just little bit more"}, {"speaker": "JED", "phrase": " but you're going down."}, {"speaker": "JED", "phrase": " I mean."}, {"speaker": "NICK", "phrase": " Step in when you have his"}, {"speaker": "NICK", "phrase": " right between his legs."}, {"speaker": "NICK", "phrase": " No step deeper."}, {"speaker": "JED", "phrase": " Won't settle."}, {"speaker": "NICK", "phrase": " Step deeper."}, {"speaker": "BENT", "phrase": " Okay."}, {"speaker": "NICK", "phrase": " Look how."}, {"speaker": "NICK", "phrase": " Now."}, {"speaker": "NICK", "phrase": " Get your foot over here."}, {"speaker": "X", "phrase": " Bit more."}, {"speaker": "NICK", "phrase": " Step right between his legs."}, {"speaker": "BENT", "phrase": " That foot."}, {"speaker": "NICK", "phrase": " Now"}, {"speaker": "NICK", "phrase": " shoot your arm and"}, {"speaker": "NICK", "phrase": " and kick."}, {"speaker": "JED", "phrase": " Oh."}, {"speaker": "NICK", "phrase": " Ho"}, {"speaker": "NICK", "phrase": " Hanemaki komi."}, {"speaker": "X", "phrase": " Woo."}, {"speaker": "BENT", "phrase": " Ah so."}, {"speaker": "BENT", "phrase": "PAUSE"}, {"speaker": "NICK", "phrase": " Try it again."}, {"speaker": "NICK", "phrase": " Alright"}, {"speaker": "NICK", "phrase": " you notice the difference in the foot position"}, {"speaker": "NICK", "phrase": "PAUSE"}, {"speaker": "NICK", "phrase": " what."}, {"speaker": "NICK", "phrase": " how much that helped ?"}, {"speaker": "BENT", "phrase": " Mhm."}, {"speaker": "NICK", "phrase": " Step directly between his legs"}, {"speaker": "NICK", "phrase": " with your advancing foot."}, {"speaker": "NICK", "phrase": " No no no no no."}, {"speaker": "BENT", "phrase": " Ah."}, {"speaker": "NICK", "phrase": " You're not"}, {"speaker": "NICK", "phrase": " not between his legs."}, {"speaker": "JED", "phrase": " Now reach that arm."}, {"speaker": "JED", "phrase": " Reach that arm."}, {"speaker": "NICK", "phrase": " Shoot it."}, {"speaker": "JED", "phrase": " Reach that arm through."}, {"speaker": "BILL", "phrase": "PAUSE"}, {"speaker": "JED", "phrase": " The more you reach that arm through"}, {"speaker": "JED", "phrase": " let me add."}, {"speaker": "JED", "phrase": " Let me add one thing to it"}, {"speaker": "JED", "phrase": " to make it."}, {"speaker": "JED", "phrase": " cause it is hard fall if you're"}, {"speaker": "JED", "phrase": " throwing it contest style"}, {"speaker": "JED", "phrase": " if you're throwing it demo style"}, {"speaker": "JED", "phrase": " somebody once told me"}, {"speaker": "JED", "phrase": " that that"}, {"speaker": "JED", "phrase": " the way to practice"}, {"speaker": "JED", "phrase": " all the Makikomiwaza"}, {"speaker": "JED", "phrase": " was to go down like this."}, {"speaker": "JED", "phrase": " To take this foot if you're throwing righthand throws"}, {"speaker": "JED", "phrase": " and to take this foot"}, {"speaker": "JED", "phrase": " and stick it all the way through like this."}, {"speaker": "NICK", "phrase": " Yep."}, {"speaker": "JED", "phrase": " And just stick it."}, {"speaker": "JED", "phrase": " All the way"}, {"speaker": "JED", "phrase": " behind you"}, {"speaker": "JED", "phrase": " like this."}, {"speaker": "JED", "phrase": " And as you go down"}, {"speaker": "JED", "phrase": " \u0294uh and you roll like that."}, {"speaker": "JED", "phrase": " Okay"}, {"speaker": "JED", "phrase": " and if you do this"}, {"speaker": "JED", "phrase": " in demo"}, {"speaker": "JED", "phrase": " uh in demo fashion"}, {"speaker": "JED", "phrase": " you'll be so low to the ground"}, {"speaker": "JED", "phrase": " by the time that your opponent hits the ground"}, {"speaker": "JED", "phrase": " that you'll be real nice to him."}, {"speaker": "JED", "phrase": " And that way I mean"}, {"speaker": "JED", "phrase": " you can intensify"}, {"speaker": "JED", "phrase": " you can always intensify throwing."}, {"speaker": "JED", "phrase": " throw it harder."}, {"speaker": "JED", "phrase": " But the mark of good judo throw"}, {"speaker": "JED", "phrase": " is to be able to"}, {"speaker": "JED", "phrase": " do you see the people throw Seoi so nice"}, {"speaker": "JED", "phrase": " they can do."}, {"speaker": "JED", "phrase": " they could throw their grandmother"}, {"speaker": "JED", "phrase": " and it doesn't even hurt."}, {"speaker": "JED", "phrase": " She goes ah."}, {"speaker": "JED", "phrase": " That felt good."}, {"speaker": "JED", "phrase": " So you can do that."}, {"speaker": "NICK", "phrase": " Mm."}, {"speaker": "JED", "phrase": " by sticking that leg"}, {"speaker": "JED", "phrase": " all the way through"}, {"speaker": "JED", "phrase": " just like that."}, {"speaker": "JED", "phrase": " As you get."}, {"speaker": "JED", "phrase": " You follow what I'm saying ?"}, {"speaker": "BENT", "phrase": " Yes sir."}, {"speaker": "NICK", "phrase": " You don't have to drivethemthrough the mat."}, {"speaker": "JED", "phrase": " That"}, {"speaker": "JED", "phrase": " that's way that you can"}, {"speaker": "JED", "phrase": " practice it over and over"}, {"speaker": "JED", "phrase": " in demo style"}, {"speaker": "JED", "phrase": " and be so low to the ground"}, {"speaker": "JED", "phrase": " that it's real nice"}, {"speaker": "JED", "phrase": " it's about as good as you can get Makikomi for your uke."}, {"speaker": "JED", "phrase": " It's really not that bad."}, {"speaker": "JED", "phrase": " And you could."}, {"speaker": "JED", "phrase": " it's it's..."}, {"speaker": "NICK", "phrase": " Throw him"}, {"speaker": "NICK", "phrase": " and let him see."}, {"speaker": "JED", "phrase": " Alright"}, {"speaker": "JED", "phrase": " Alright"}, {"speaker": "JED", "phrase": " so we're coming over like this"}, {"speaker": "JED", "phrase": " coming in like this."}, {"speaker": "X", "phrase": "PAUSE"}, {"speaker": "JED", "phrase": " alright ?"}, {"speaker": "NICK", "phrase": " Nice easy clean fall."}, {"speaker": "NICK", "phrase": " Look how tight he is to my chest ?"}, {"speaker": "NICK", "phrase": " Look at his body position right here."}, {"speaker": "NICK", "phrase": " There is no."}, {"speaker": "NICK", "phrase": " You couldn't slide postcard between us."}, {"speaker": "BENT", "phrase": " I don't think you'd even do it between the."}, {"speaker": "BENT", "phrase": " get the hips."}, {"speaker": "JED", "phrase": " Well do you wanna do one more ?"}, {"speaker": "NICK", "phrase": " Yeah"}, {"speaker": "NICK", "phrase": " show him again."}]}