{"text": [{"speaker": "SETH", "phrase": " Excuse me."}, {"speaker": "ENV", "phrase": "PAUSE"}, {"speaker": "LARR", "phrase": " Hey"}, {"speaker": "LARR", "phrase": " how are you guy ?"}, {"speaker": "SETH", "phrase": " Are you Larry ?"}, {"speaker": "SETH", "phrase": " Are you Larry ?"}, {"speaker": "LARR", "phrase": " Yes."}, {"speaker": "LARR", "phrase": " How are you."}, {"speaker": "SETH", "phrase": " Are you."}, {"speaker": "SETH", "phrase": " You're the guy."}, {"speaker": "LARR", "phrase": " Hunh ?"}, {"speaker": "SETH", "phrase": " You're the guy to talk to then."}, {"speaker": "LARR", "phrase": " I'm the guy."}, {"speaker": "LARR", "phrase": " Yeah."}, {"speaker": "SETH", "phrase": "PAUSE"}, {"speaker": "SETH", "phrase": " I didn't know if I had the right place."}, {"speaker": "LARR", "phrase": " Yeah"}, {"speaker": "LARR", "phrase": " you got it."}, {"speaker": "LARR", "phrase": " I just..."}, {"speaker": "SETH", "phrase": " What are you doing there."}, {"speaker": "LARR", "phrase": " You're probably trying."}, {"speaker": "LARR", "phrase": " Yeah this is strange"}, {"speaker": "LARR", "phrase": " what's this guy doing."}, {"speaker": "SETH", "phrase": "PAUSE"}, {"speaker": "LARR", "phrase": " I'm putting water in twentysix gallon container"}, {"speaker": "LARR", "phrase": " inside my truck."}, {"speaker": "ENV", "phrase": "PAUSE"}, {"speaker": "SETH", "phrase": " Wow."}, {"speaker": "SETH", "phrase": " That's quite..."}, {"speaker": "LARR", "phrase": " Cause I had to haul it to property"}, {"speaker": "LARR", "phrase": " which doesn't have any water"}, {"speaker": "LARR", "phrase": " and I have to spray the road."}, {"speaker": "SETH", "phrase": " Ah."}, {"speaker": "LARR", "phrase": "PAUSE"}, {"speaker": "LARR", "phrase": " Cause the road before you can drive on it."}, {"speaker": "SETH", "phrase": " Interesting."}, {"speaker": "LARR", "phrase": " it needs more uh."}, {"speaker": "LARR", "phrase": " more stability."}, {"speaker": "LARR", "phrase": " Evidently."}, {"speaker": "LARR", "phrase": " So give me one second to lock this thing"}, {"speaker": "LARR", "phrase": " and then."}, {"speaker": "SETH", "phrase": " Is that to keep the dust"}, {"speaker": "SETH", "phrase": " keep the dust down ?"}, {"speaker": "LARR", "phrase": " well"}, {"speaker": "LARR", "phrase": " no"}, {"speaker": "LARR", "phrase": " it's not that so much"}, {"speaker": "LARR", "phrase": " it's uh."}, {"speaker": "ENV", "phrase": "PAUSE"}, {"speaker": "LARR", "phrase": " they put"}, {"speaker": "LARR", "phrase": " they put a uh"}, {"speaker": "LARR", "phrase": " type of uh base on it that needs water and."}, {"speaker": "ENV", "phrase": "PAUSE"}, {"speaker": "LARR", "phrase": " that just hasn't happened yet."}, {"speaker": "SETH", "phrase": " Oh."}, {"speaker": "LARR", "phrase": "..."}, {"speaker": "SETH", "phrase": " I see."}, {"speaker": "SETH", "phrase": " So there's some chemical reaction that has to take place."}, {"speaker": "LARR", "phrase": " Yeah."}, {"speaker": "LARR", "phrase": " I guess good analogy."}, {"speaker": "ENV", "phrase": "PAUSE"}, {"speaker": "LARR", "phrase": " Chelsea"}, {"speaker": "LARR", "phrase": " no."}, {"speaker": "ENV", "phrase": "PAUSE"}, {"speaker": "LARR", "phrase": " That should hold it in there."}, {"speaker": "LARR", "phrase": " Okay."}, {"speaker": "LARR", "phrase": " Nice to meet you."}, {"speaker": "SETH", "phrase": " How you doing."}, {"speaker": "SETH", "phrase": " Good to see you."}, {"speaker": "LARR", "phrase": " What's your name ?"}, {"speaker": "ENV", "phrase": "PAUSE"}, {"speaker": "SETH", "phrase": " Seth."}, {"speaker": "LARR", "phrase": " Seth."}, {"speaker": "LARR", "phrase": " Okay."}, {"speaker": "SETH", "phrase": " Here's my card here."}, {"speaker": "LARR", "phrase": " Thanks Seth."}, {"speaker": "ENV", "phrase": "PAUSE"}, {"speaker": "LARR", "phrase": " I think it's warming up bit here."}, {"speaker": "SETH", "phrase": " Is this the house we're looking at ?"}, {"speaker": "LARR", "phrase": " I'll take you down in the basement."}, {"speaker": "SETH", "phrase": " Is the furnace down in the basement ?"}, {"speaker": "LARR", "phrase": " What's left of it"}, {"speaker": "LARR", "phrase": " yeah."}, {"speaker": "SETH", "phrase": "PAUSE"}, {"speaker": "LARR", "phrase": "PAUSE"}, {"speaker": "LARR", "phrase": " We had all these..."}, {"speaker": "SETH", "phrase": " Is it old system ?"}, {"speaker": "LARR", "phrase": " Yeah."}, {"speaker": "LARR", "phrase": " We had the asbestos uh all removed from it and"}, {"speaker": "LARR", "phrase": " and uh."}, {"speaker": "SETH", "phrase": " Oh really."}, {"speaker": "LARR", "phrase": " so that's been done."}, {"speaker": "SETH", "phrase": " I was."}, {"speaker": "SETH", "phrase": " I was just at place that does asbestos removal."}, {"speaker": "LARR", "phrase": " Yeah"}, {"speaker": "LARR", "phrase": " where."}, {"speaker": "SETH", "phrase": " Cal."}, {"speaker": "SETH", "phrase": " Cal Tech ?"}, {"speaker": "LARR", "phrase": " they're the guys that did it."}, {"speaker": "SETH", "phrase": " Are they ?"}, {"speaker": "SETH", "phrase": " Alright."}, {"speaker": "LARR", "phrase": " Yeah."}, {"speaker": "SETH", "phrase": "PAUSE"}, {"speaker": "LARR", "phrase": " that's down in Berkeley"}, {"speaker": "LARR", "phrase": " right ?"}, {"speaker": "SETH", "phrase": " No they're."}, {"speaker": "SETH", "phrase": " they've got an office here in Nappa."}, {"speaker": "LARR", "phrase": " Cal Tech."}, {"speaker": "LARR", "phrase": " What was the."}, {"speaker": "LARR", "phrase": " No."}, {"speaker": "LARR", "phrase": " Synergy."}, {"speaker": "LARR", "phrase": " That's who."}, {"speaker": "SETH", "phrase": " Synergy."}, {"speaker": "SETH", "phrase": " different one."}, {"speaker": "LARR", "phrase": " \u0294I I'm sorry."}, {"speaker": "LARR", "phrase": " It's different outfit."}, {"speaker": "LARR", "phrase": " I didn't know they had one up here."}, {"speaker": "SETH", "phrase": " Yeah."}, {"speaker": "SETH", "phrase": " Though I think they had just recently moved here."}, {"speaker": "LARR", "phrase": " Unhunh."}, {"speaker": "SETH", "phrase": " Cause I was wondering..."}, {"speaker": "LARR", "phrase": " So where's the man with the uh camera"}, {"speaker": "LARR", "phrase": " and the..."}, {"speaker": "SETH", "phrase": " Oh I got the."}, {"speaker": "SETH", "phrase": " I got my recorder right here."}, {"speaker": "LARR", "phrase": "PAUSE"}, {"speaker": "LARR", "phrase": " That's pretty clever."}, {"speaker": "SETH", "phrase": " Yeah"}, {"speaker": "SETH", "phrase": " my brother is uh"}, {"speaker": "SETH", "phrase": " teaches linguistics"}, {"speaker": "SETH", "phrase": " and I guess he's doing this study."}, {"speaker": "LARR", "phrase": " Oh"}, {"speaker": "LARR", "phrase": " okay."}, {"speaker": "SETH", "phrase": " and they just want business conversations."}, {"speaker": "LARR", "phrase": " alright."}, {"speaker": "LARR", "phrase": " Well ?"}, {"speaker": "SETH", "phrase": " Wow."}, {"speaker": "LARR", "phrase": " Here's the animal."}, {"speaker": "SETH", "phrase": " My gosh."}, {"speaker": "SETH", "phrase": "PAUSE"}, {"speaker": "LARR", "phrase": "PAUSE"}, {"speaker": "SETH", "phrase": " Wow."}, {"speaker": "LARR", "phrase": "They took uh some of it with them obviously."}, {"speaker": "SETH", "phrase": " Did this used to be."}, {"speaker": "SETH", "phrase": " used to be an old oil..."}, {"speaker": "LARR", "phrase": " Yeah."}, {"speaker": "LARR", "phrase": " I think it was an old."}, {"speaker": "SETH", "phrase": " fire ?"}, {"speaker": "LARR", "phrase": " I think it was an old"}, {"speaker": "LARR", "phrase": " see the oil tank here ?"}, {"speaker": "LARR", "phrase": " Isn't that an oil tank ?"}, {"speaker": "SETH", "phrase": " Yeah."}, {"speaker": "LARR", "phrase": " That's what my guess is."}, {"speaker": "LARR", "phrase": " And uh."}, {"speaker": "X", "phrase": "PAUSE"}, {"speaker": "SETH", "phrase": " Wow."}, {"speaker": "LARR", "phrase": " do you have flashlight on you ?"}, {"speaker": "SETH", "phrase": " Sure do."}, {"speaker": "LARR", "phrase": " Yeah."}, {"speaker": "SETH", "phrase": " So"}, {"speaker": "SETH", "phrase": " then you get duct work ?"}, {"speaker": "SETH", "phrase": " Or is this the flue."}, {"speaker": "LARR", "phrase": " Well"}, {"speaker": "LARR", "phrase": " yeah."}, {"speaker": "LARR", "phrase": " What they did."}, {"speaker": "SETH", "phrase": " That's the flue I guess."}, {"speaker": "LARR", "phrase": " they they took the stubs"}, {"speaker": "LARR", "phrase": " and they cleanedthemup."}, {"speaker": "LARR", "phrase": "So you can tie right into them."}, {"speaker": "LARR", "phrase": " See ?"}, {"speaker": "SETH", "phrase": " Yeah."}, {"speaker": "SETH", "phrase": " So this used to have asbestos."}, {"speaker": "SETH", "phrase": " Hunh ?"}, {"speaker": "LARR", "phrase": " Yeah."}, {"speaker": "SETH", "phrase": " Where did all this connect ?"}, {"speaker": "SETH", "phrase": " Was there plenum on top of here ?"}, {"speaker": "LARR", "phrase": " So"}, {"speaker": "LARR", "phrase": " Yeah."}, {"speaker": "LARR", "phrase": " There was big hood that went over the top of this thing"}, {"speaker": "LARR", "phrase": " with these stack that went this way."}, {"speaker": "SETH", "phrase": " Okay."}, {"speaker": "SETH", "phrase": " Yeah like an octopus type."}, {"speaker": "LARR", "phrase": " and then one that goes back"}, {"speaker": "LARR", "phrase": " underneath there to the."}, {"speaker": "LARR", "phrase": " to the uh kitchen"}, {"speaker": "LARR", "phrase": " there there are different."}, {"speaker": "LARR", "phrase": " there are different ones"}, {"speaker": "LARR", "phrase": " that kinda go all the way up."}, {"speaker": "SETH", "phrase": " I see one"}, {"speaker": "SETH", "phrase": " there's rectangular one right there."}, {"speaker": "LARR", "phrase": " Yeah."}, {"speaker": "SETH", "phrase": " is that one right there"}, {"speaker": "SETH", "phrase": " that I'm flashing my light on ?"}, {"speaker": "LARR", "phrase": " \u0294Yeah"}, {"speaker": "LARR", "phrase": " it might be."}, {"speaker": "LARR", "phrase": " \u0294It kinda looks like it."}, {"speaker": "LARR", "phrase": " And then there was."}, {"speaker": "LARR", "phrase": " there's one farther up"}, {"speaker": "LARR", "phrase": " and then there is this one here."}, {"speaker": "SETH", "phrase": " So you have one two three"}, {"speaker": "SETH", "phrase": " at least two there."}, {"speaker": "LARR", "phrase": " Three"}, {"speaker": "LARR", "phrase": " and then there's another one way down."}, {"speaker": "LARR", "phrase": " I don't know if you can see it or not"}, {"speaker": "LARR", "phrase": " but it's."}, {"speaker": "LARR", "phrase": " it's up into the kitchen."}, {"speaker": "SETH", "phrase": " So there's probably three back there ?"}, {"speaker": "SETH", "phrase": " and."}, {"speaker": "SETH", "phrase": " and any over on this side ?"}, {"speaker": "LARR", "phrase": " Well"}, {"speaker": "LARR", "phrase": " no but"}, {"speaker": "LARR", "phrase": " what we."}, {"speaker": "LARR", "phrase": " we want to you to kinda give us an idea"}, {"speaker": "LARR", "phrase": " on what your thoughts are."}, {"speaker": "SETH", "phrase": " You wanna add."}, {"speaker": "SETH", "phrase": " add few more ?"}, {"speaker": "LARR", "phrase": " Add couple."}, {"speaker": "LARR", "phrase": " Yeah."}, {"speaker": "LARR", "phrase": " Back"}, {"speaker": "LARR", "phrase": " ee way back there ?"}, {"speaker": "LARR", "phrase": " Is that one way back ?"}, {"speaker": "LARR", "phrase": " Can't see it."}, {"speaker": "SETH", "phrase": " get this thing."}, {"speaker": "LARR", "phrase": " To help..."}, {"speaker": "SETH", "phrase": " to point."}, {"speaker": "LARR", "phrase": " I don't know what this was"}, {"speaker": "LARR", "phrase": " looks like they..."}, {"speaker": "SETH", "phrase": " That was connected to one of em."}, {"speaker": "LARR", "phrase": " Yeah."}, {"speaker": "LARR", "phrase": " They left that here."}, {"speaker": "SETH", "phrase": " I don't see any back in here"}, {"speaker": "SETH", "phrase": " but."}, {"speaker": "LARR", "phrase": " Well there's there's definitely one back there."}, {"speaker": "LARR", "phrase": " Now there's nothing out here"}, {"speaker": "LARR", "phrase": " and this is where we feel we we should add one."}, {"speaker": "LARR", "phrase": " Is"}, {"speaker": "LARR", "phrase": " this is"}, {"speaker": "LARR", "phrase": " gonna be dining room."}, {"speaker": "SETH", "phrase": " okay."}, {"speaker": "LARR", "phrase": " So"}, {"speaker": "LARR", "phrase": " uh"}, {"speaker": "LARR", "phrase": " one."}, {"speaker": "LARR", "phrase": " one there for sure."}, {"speaker": "SETH", "phrase": " What about"}, {"speaker": "SETH", "phrase": " uh"}, {"speaker": "SETH", "phrase": " what about above this section of the house."}, {"speaker": "LARR", "phrase": " Well"}, {"speaker": "LARR", "phrase": " let me show you that."}, {"speaker": "LARR", "phrase": " And you can give."}, {"speaker": "LARR", "phrase": " you can give me some idea about that as well."}, {"speaker": "SETH", "phrase": " Now uh"}, {"speaker": "SETH", "phrase": " you are on propane ?"}, {"speaker": "SETH", "phrase": " out here ?"}, {"speaker": "LARR", "phrase": " No."}, {"speaker": "LARR", "phrase": " This is natural gas."}, {"speaker": "SETH", "phrase": " Oh really."}, {"speaker": "LARR", "phrase": " Yeah."}, {"speaker": "SETH", "phrase": " Oh good."}, {"speaker": "LARR", "phrase": " Kinda rare."}, {"speaker": "SETH", "phrase": " That's good"}, {"speaker": "SETH", "phrase": " because uh"}, {"speaker": "SETH", "phrase": " the problem with propane is that"}, {"speaker": "SETH", "phrase": " they wouldn't be able to."}, {"speaker": "SETH", "phrase": " the."}, {"speaker": "SETH", "phrase": " the county would probably have problem with it."}, {"speaker": "LARR", "phrase": " Yeah."}, {"speaker": "SETH", "phrase": " Cause they're very concerned about propane."}, {"speaker": "SETH", "phrase": " But natural gas"}, {"speaker": "SETH", "phrase": " I can put..."}, {"speaker": "LARR", "phrase": " Yeah."}, {"speaker": "LARR", "phrase": " we were real happy to get this place with natural gas."}, {"speaker": "SETH", "phrase": " Do you want me to remove the old furnace."}, {"speaker": "LARR", "phrase": "PAUSE"}, {"speaker": "LARR", "phrase": " We'll not have to ?"}, {"speaker": "SETH", "phrase": " No uh"}, {"speaker": "SETH", "phrase": " do you want me to remove it."}, {"speaker": "LARR", "phrase": " Oh yes."}, {"speaker": "SETH", "phrase": " Okay."}, {"speaker": "LARR", "phrase": " Yeah."}, {"speaker": "SETH", "phrase": "PAUSE"}, {"speaker": "LARR", "phrase": " No that's."}, {"speaker": "LARR", "phrase": " that would be part of our deal."}, {"speaker": "LARR", "phrase": " Yeah."}, {"speaker": "SETH", "phrase": " Well the new furnace would be much smaller."}, {"speaker": "SETH", "phrase": " That much I can guarantee you."}, {"speaker": "LARR", "phrase": " Alright."}, {"speaker": "SETH", "phrase": " Do..."}, {"speaker": "LARR", "phrase": "..."}, {"speaker": "SETH", "phrase": " How many square feet is the house."}, {"speaker": "LARR", "phrase": " Uh"}, {"speaker": "LARR", "phrase": " well I guess it's around twentyeight."}, {"speaker": "LARR", "phrase": " Approximately."}, {"speaker": "SETH", "phrase": " Okay."}, {"speaker": "LARR", "phrase": " I have roof guy coming about this time too"}, {"speaker": "LARR", "phrase": " so."}, {"speaker": "SETH", "phrase": " You're doing the roof ?"}, {"speaker": "LARR", "phrase": " doorbell rings"}, {"speaker": "LARR", "phrase": " we know who it is."}, {"speaker": "SETH", "phrase": " Getting new roof put on too ?"}, {"speaker": "ENV", "phrase": "PAUSE"}, {"speaker": "LARR", "phrase": " Well I got some problems with leakage in certain areas"}, {"speaker": "LARR", "phrase": " and just gotta get it fixed"}, {"speaker": "LARR", "phrase": " before we get the rain again."}, {"speaker": "LARR", "phrase": " Alright"}, {"speaker": "LARR", "phrase": " well let's start in the kitchen."}, {"speaker": "LARR", "phrase": " Okay this is."}, {"speaker": "LARR", "phrase": " this is one right here."}, {"speaker": "LARR", "phrase": " See"}, {"speaker": "LARR", "phrase": " I don't think you saw this one"}, {"speaker": "LARR", "phrase": " but."}, {"speaker": "SETH", "phrase": " I'm wondering if"}, {"speaker": "SETH", "phrase": " you don't have floor plan of the house"}, {"speaker": "SETH", "phrase": " do you by any chance ?"}, {"speaker": "LARR", "phrase": " No."}, {"speaker": "LARR", "phrase": " We don't."}, {"speaker": "SETH", "phrase": "PAUSE"}, {"speaker": "LARR", "phrase": "PAUSE"}, {"speaker": "LARR", "phrase": " We didn't get anything when we bought this baby."}, {"speaker": "SETH", "phrase": " I'm wondering if I should just sketch it out."}, {"speaker": "LARR", "phrase": " Uh."}, {"speaker": "SETH", "phrase": "It's two story though"}, {"speaker": "SETH", "phrase": " right ?"}, {"speaker": "LARR", "phrase": "Two-story."}, {"speaker": "SETH", "phrase": "PAUSE"}, {"speaker": "SETH", "phrase": " Are there any registers on the second floor ?"}, {"speaker": "LARR", "phrase": " Unhunh."}, {"speaker": "SETH", "phrase": " Okay."}, {"speaker": "LARR", "phrase": " So all those s."}, {"speaker": "LARR", "phrase": " all those stubs that were behind us"}, {"speaker": "LARR", "phrase": " are the ones that go up through the wall."}, {"speaker": "SETH", "phrase": " Oh."}, {"speaker": "SETH", "phrase": " Okay."}, {"speaker": "LARR", "phrase": "PAUSE"}, {"speaker": "SETH", "phrase": " Well that's no problem."}, {"speaker": "LARR", "phrase": " Uh."}, {"speaker": "SETH", "phrase": " as long as I don't have to do any ducting to the second floor."}, {"speaker": "LARR", "phrase": " yeah."}, {"speaker": "LARR", "phrase": " No."}, {"speaker": "LARR", "phrase": " They only."}, {"speaker": "LARR", "phrase": " the only thing that we wanted you to do is tie into the existing ones."}, {"speaker": "SETH", "phrase": " Okay."}, {"speaker": "LARR", "phrase": " which are on the ground level."}, {"speaker": "SETH", "phrase": " How about that one right there."}, {"speaker": "SETH", "phrase": " Is that one ?"}, {"speaker": "LARR", "phrase": " Uh"}, {"speaker": "LARR", "phrase": " yeah."}, {"speaker": "LARR", "phrase": " That's one as well."}, {"speaker": "LARR", "phrase": " And then the return is back here."}, {"speaker": "SETH", "phrase": " Okay."}, {"speaker": "SETH", "phrase": " Good sized return."}, {"speaker": "LARR", "phrase": " Yeah."}, {"speaker": "SETH", "phrase": " Now you're not looking at \u0294uh adding air conditioning."}, {"speaker": "SETH", "phrase": " Right ?"}, {"speaker": "LARR", "phrase": " Well"}, {"speaker": "LARR", "phrase": " we would like to have that as an option."}, {"speaker": "SETH", "phrase": "PAUSE"}, {"speaker": "SETH", "phrase": " Okay."}, {"speaker": "LARR", "phrase": " We could always add that later."}, {"speaker": "LARR", "phrase": " Right ?"}, {"speaker": "SETH", "phrase": " Yeah."}, {"speaker": "SETH", "phrase": " One of the things you can do"}, {"speaker": "SETH", "phrase": " if if you don't wanna do it now"}, {"speaker": "SETH", "phrase": " you can"}, {"speaker": "SETH", "phrase": " what they call"}, {"speaker": "SETH", "phrase": " prep for air conditioning."}, {"speaker": "SETH", "phrase": " You can put in the coil."}, {"speaker": "SETH", "phrase": " See you've got the furnace and the coil."}, {"speaker": "LARR", "phrase": " Yeah."}, {"speaker": "SETH", "phrase": " and then"}, {"speaker": "SETH", "phrase": " when you add air conditioning in the future"}, {"speaker": "SETH", "phrase": " all you gotta do is put the outdoor condensing unit"}, {"speaker": "SETH", "phrase": " and refrigerant piping to that coil."}, {"speaker": "SETH", "phrase": " So it saves."}, {"speaker": "SETH", "phrase": " it saves additional work in the future."}, {"speaker": "LARR", "phrase": " Mhm."}, {"speaker": "SETH", "phrase": " Otherwise you gotta come back and put the coil in"}, {"speaker": "SETH", "phrase": " which means you gotta modify the duct work"}, {"speaker": "SETH", "phrase": " to get that coil in there so."}, {"speaker": "LARR", "phrase": " Right."}, {"speaker": "SETH", "phrase": " if you're thinking about doing it in the future"}, {"speaker": "SETH", "phrase": " you might wanna at least put the coil in."}, {"speaker": "SETH", "phrase": " It only costs about threehundred fifty dollars for the coil."}, {"speaker": "LARR", "phrase": " Oh."}, {"speaker": "LARR", "phrase": " Alright."}, {"speaker": "SETH", "phrase": " It's the it's the outdoor air conditioning that..."}, {"speaker": "LARR", "phrase": " Well"}, {"speaker": "LARR", "phrase": " write that in there"}, {"speaker": "LARR", "phrase": " anyway in the in the quote."}, {"speaker": "SETH", "phrase": " And now that's the the dining room you wanna add ?"}, {"speaker": "LARR", "phrase": " Yeah."}, {"speaker": "LARR", "phrase": " If you."}, {"speaker": "LARR", "phrase": " if you go over and have look at the dining room."}, {"speaker": "SETH", "phrase": " You got lotta glass in that room it looks like."}, {"speaker": "LARR", "phrase": " yeah"}, {"speaker": "LARR", "phrase": " and \u0294uh we're gonna be making changes to the to the house too"}, {"speaker": "LARR", "phrase": " so we're keeping that in mind."}, {"speaker": "LARR", "phrase": " But if you notice"}, {"speaker": "LARR", "phrase": " there are no registers in here."}, {"speaker": "LARR", "phrase": " So."}, {"speaker": "SETH", "phrase": " Is this accessible ?"}, {"speaker": "LARR", "phrase": " oh yeah."}, {"speaker": "SETH", "phrase": " I wonder."}, {"speaker": "SETH", "phrase": " I wonder if"}, {"speaker": "SETH", "phrase": " was this added on you think."}, {"speaker": "LARR", "phrase": "PAUSE"}, {"speaker": "SETH", "phrase": " maybe ?"}, {"speaker": "SETH", "phrase": " I'm just wondering if that foundation wall..."}, {"speaker": "LARR", "phrase": "PAUSE"}, {"speaker": "LARR", "phrase": " It might've been."}, {"speaker": "SETH", "phrase": " goes to that"}, {"speaker": "SETH", "phrase": " I wonder if I can get into this."}, {"speaker": "LARR", "phrase": " Oh you can get into it."}, {"speaker": "LARR", "phrase": " Yeah."}, {"speaker": "SETH", "phrase": " Okay."}, {"speaker": "LARR", "phrase": " Oh yeah."}, {"speaker": "LARR", "phrase": " I've been under here."}, {"speaker": "SETH", "phrase": " Oh okay."}, {"speaker": "SETH", "phrase": " Good."}, {"speaker": "LARR", "phrase": " So"}, {"speaker": "LARR", "phrase": " this is not problem."}, {"speaker": "SETH", "phrase": " Shoot I'd probably go with two registers in this room."}, {"speaker": "LARR", "phrase": "PAUSE"}, {"speaker": "LARR", "phrase": " Alright."}, {"speaker": "LARR", "phrase": "..."}, {"speaker": "SETH", "phrase": " I'd probably go like one here."}, {"speaker": "LARR", "phrase": " Oh yeah."}, {"speaker": "SETH", "phrase": " and one one there."}, {"speaker": "LARR", "phrase": " you'd do one over there as well ?"}, {"speaker": "SETH", "phrase": " Cause it's goodsized room with lot of glass."}, {"speaker": "LARR", "phrase": " Okay."}, {"speaker": "SETH", "phrase": " Or you could do it"}, {"speaker": "SETH", "phrase": " you know"}, {"speaker": "SETH", "phrase": " you could put like one on this wall"}, {"speaker": "SETH", "phrase": " and one on that wall."}, {"speaker": "LARR", "phrase": " Okay"}, {"speaker": "LARR", "phrase": " on the two two out..."}, {"speaker": "SETH", "phrase": " And then I'd probably tiethemboth together."}, {"speaker": "LARR", "phrase": " Yeah."}, {"speaker": "SETH", "phrase": "Y-branch"}, {"speaker": "SETH", "phrase": " you know like the room."}, {"speaker": "LARR", "phrase": " Mhm."}, {"speaker": "SETH", "phrase": " the room is shaped somewhat like this."}, {"speaker": "SETH", "phrase": " I could put like one there"}, {"speaker": "SETH", "phrase": " one there."}, {"speaker": "LARR", "phrase": " Now what we'd want you to do"}, {"speaker": "LARR", "phrase": " in this case"}, {"speaker": "LARR", "phrase": " is maybe..."}, {"speaker": "SETH", "phrase": " tie those together like that."}, {"speaker": "LARR", "phrase": " See this this."}, {"speaker": "LARR", "phrase": " The end of this room might be modified."}, {"speaker": "LARR", "phrase": " So"}, {"speaker": "LARR", "phrase": " all we wanna know is"}, {"speaker": "LARR", "phrase": " is that we can eventually be able to do this."}, {"speaker": "LARR", "phrase": " Alright."}, {"speaker": "LARR", "phrase": " To to get \u0294uh get this duct work done"}, {"speaker": "LARR", "phrase": " when we do."}, {"speaker": "LARR", "phrase": " when we do the modification to the..."}, {"speaker": "SETH", "phrase": " Oh"}, {"speaker": "SETH", "phrase": " so you may not do the duct work at this point ?"}, {"speaker": "LARR", "phrase": " Not not in this room."}, {"speaker": "SETH", "phrase": " do it in the future."}, {"speaker": "LARR", "phrase": " We."}, {"speaker": "LARR", "phrase": " Yeah."}, {"speaker": "LARR", "phrase": " Uh I I hate to see us do it."}, {"speaker": "SETH", "phrase": " Where are gonna be your..."}, {"speaker": "LARR", "phrase": " although if we do it in the sidewalls."}, {"speaker": "SETH", "phrase": " Well what would the modification be."}, {"speaker": "LARR", "phrase": " Oh we might take this out"}, {"speaker": "LARR", "phrase": " and we might push this out further"}, {"speaker": "LARR", "phrase": " and"}, {"speaker": "LARR", "phrase": " uh"}, {"speaker": "LARR", "phrase": " well"}, {"speaker": "LARR", "phrase": " here's the drawings"}, {"speaker": "LARR", "phrase": " right here."}, {"speaker": "LARR", "phrase": " Uh"}, {"speaker": "LARR", "phrase": " let's see"}, {"speaker": "LARR", "phrase": " that's the guest house."}, {"speaker": "LARR", "phrase": " Where is that sucker."}, {"speaker": "SETH", "phrase": " Dining room ?"}, {"speaker": "LARR", "phrase": " Yeah."}, {"speaker": "LARR", "phrase": " Yeah"}, {"speaker": "LARR", "phrase": " I."}, {"speaker": "LARR", "phrase": " It's right."}, {"speaker": "LARR", "phrase": "PAUSE"}, {"speaker": "LARR", "phrase": " here it here it here it is right here."}, {"speaker": "SETH", "phrase": " Is this the wall."}, {"speaker": "LARR", "phrase": " you can see that."}, {"speaker": "LARR", "phrase": " this is the current wall."}, {"speaker": "SETH", "phrase": " oh okay"}, {"speaker": "SETH", "phrase": " so are you gonna go out like three feet or so."}, {"speaker": "LARR", "phrase": " So we might."}, {"speaker": "LARR", "phrase": " we might."}, {"speaker": "LARR", "phrase": " we might \u0294uh do little modification."}, {"speaker": "SETH", "phrase": " tapered uh corners."}, {"speaker": "LARR", "phrase": " A tapered corner there."}, {"speaker": "LARR", "phrase": " So we might do little of that."}, {"speaker": "SETH", "phrase": " Okay."}, {"speaker": "LARR", "phrase": " But"}, {"speaker": "LARR", "phrase": " if you're gonna put it in this end wall"}, {"speaker": "LARR", "phrase": " then"}, {"speaker": "LARR", "phrase": " maybe it wouldn't be affected."}, {"speaker": "LARR", "phrase": " That one might down there."}, {"speaker": "LARR", "phrase": " Because"}, {"speaker": "LARR", "phrase": " we might uh."}, {"speaker": "SETH", "phrase": " Yeah."}, {"speaker": "LARR", "phrase": "PAUSE"}, {"speaker": "SETH", "phrase": " see well."}, {"speaker": "LARR", "phrase": " See eventually we have..."}, {"speaker": "SETH", "phrase": " you know you're right."}, {"speaker": "SETH", "phrase": " Cause I."}, {"speaker": "SETH", "phrase": " cause we're looking at right there"}, {"speaker": "SETH", "phrase": " course"}, {"speaker": "SETH", "phrase": " now you gonna go out..."}, {"speaker": "LARR", "phrase": " That's right."}, {"speaker": "LARR", "phrase": " See we're opening this."}, {"speaker": "SETH", "phrase": " That's gonna go that way."}, {"speaker": "LARR", "phrase": " that."}, {"speaker": "LARR", "phrase": " it's."}, {"speaker": "LARR", "phrase": " that that that's going out to this master"}, {"speaker": "LARR", "phrase": " which is gonna go up on the hill."}, {"speaker": "SETH", "phrase": " Aw"}, {"speaker": "SETH", "phrase": " so you'll need."}, {"speaker": "SETH", "phrase": " What about heating for that."}, {"speaker": "LARR", "phrase": " Well"}, {"speaker": "LARR", "phrase": " what we're gonna do is put uh radiated heat."}, {"speaker": "SETH", "phrase": " Okay."}, {"speaker": "LARR", "phrase": " in there."}, {"speaker": "SETH", "phrase": " That'll be slab floor then."}, {"speaker": "LARR", "phrase": " For sure."}, {"speaker": "LARR", "phrase": " Yeah"}, {"speaker": "LARR", "phrase": " yeah."}, {"speaker": "LARR", "phrase": " Uh."}, {"speaker": "SETH", "phrase": " So that one might change."}, {"speaker": "LARR", "phrase": " Yeah."}, {"speaker": "SETH", "phrase": " uh."}, {"speaker": "LARR", "phrase": " that's that's good point."}, {"speaker": "LARR", "phrase": " I've I I'm not uh"}, {"speaker": "LARR", "phrase": " we were..."}, {"speaker": "SETH", "phrase": " The only thing is"}, {"speaker": "SETH", "phrase": " I don't know how long"}, {"speaker": "SETH", "phrase": " is that gonna be like in the future"}, {"speaker": "SETH", "phrase": " like year down the road ?"}, {"speaker": "LARR", "phrase": " Yeah."}, {"speaker": "LARR", "phrase": " Probably."}, {"speaker": "SETH", "phrase": " Cause it would be nice to have heat in here in the meantime."}, {"speaker": "SETH", "phrase": " I mean say you do the furnace"}, {"speaker": "SETH", "phrase": " It would be nice to have it for this winter."}, {"speaker": "LARR", "phrase": " Well let me work that out with my wife."}, {"speaker": "LARR", "phrase": " Put that as..."}, {"speaker": "SETH", "phrase": " But one thing you can do"}, {"speaker": "SETH", "phrase": " even if you do modification"}, {"speaker": "SETH", "phrase": " you can move the register."}, {"speaker": "SETH", "phrase": " I mean say we put the register right here"}, {"speaker": "SETH", "phrase": " and that's gonna."}, {"speaker": "SETH", "phrase": " \u0294uh that would obviously have to be moved"}, {"speaker": "SETH", "phrase": " you know"}, {"speaker": "SETH", "phrase": " it's not big deal to move it from here to here."}, {"speaker": "LARR", "phrase": " Yeah."}, {"speaker": "SETH", "phrase": " You might have to add piece of duct work"}, {"speaker": "SETH", "phrase": " but it's not gonna be major change."}, {"speaker": "LARR", "phrase": " Okay."}, {"speaker": "LARR", "phrase": " Okay."}, {"speaker": "SETH", "phrase": " And this one you may not have to move at all."}, {"speaker": "SETH", "phrase": " That may be okay."}, {"speaker": "LARR", "phrase": " Alright."}, {"speaker": "SETH", "phrase": " But then that's probably how I'd do it"}, {"speaker": "SETH", "phrase": " something like that"}, {"speaker": "SETH", "phrase": " or"}, {"speaker": "SETH", "phrase": " if I had the registers going that way"}, {"speaker": "SETH", "phrase": " that might be the best way to do it."}, {"speaker": "SETH", "phrase": " It'd be like fourteen by six."}, {"speaker": "LARR", "phrase": "PAUSE"}, {"speaker": "SETH", "phrase": " I mean that would probably be an eightinch duct"}, {"speaker": "SETH", "phrase": " that'd be an eightinch"}, {"speaker": "SETH", "phrase": " that'd be teninch"}, {"speaker": "SETH", "phrase": " and then the furnace"}, {"speaker": "SETH", "phrase": " I don't know"}, {"speaker": "SETH", "phrase": " it's somewhere over there in that area."}, {"speaker": "LARR", "phrase": " Furnace is..."}, {"speaker": "SETH", "phrase": " I'm not sure how many feet."}, {"speaker": "LARR", "phrase": " Well the furnace sits down"}, {"speaker": "LARR", "phrase": " over in this"}, {"speaker": "LARR", "phrase": " this corner over here."}, {"speaker": "LARR", "phrase": " That's where the furnace is."}, {"speaker": "SETH", "phrase": " One."}, {"speaker": "SETH", "phrase": " Two."}, {"speaker": "LARR", "phrase": " Probably right in here."}, {"speaker": "SETH", "phrase": " Three."}, {"speaker": "LARR", "phrase": " And now."}, {"speaker": "LARR", "phrase": " That's probably."}, {"speaker": "LARR", "phrase": " that's one of the..."}, {"speaker": "SETH", "phrase": " That's about thirty..."}, {"speaker": "LARR", "phrase": " key"}, {"speaker": "LARR", "phrase": " my key concerns."}, {"speaker": "SETH", "phrase": " about thirtysix feet across."}, {"speaker": "LARR", "phrase": " is is the how noisy the furnace is."}, {"speaker": "LARR", "phrase": " That's real concern to me."}, {"speaker": "LARR", "phrase": " And uh"}, {"speaker": "LARR", "phrase": " I don't know what they've got these days"}, {"speaker": "LARR", "phrase": " if they're all."}, {"speaker": "LARR", "phrase": " \u0294uh I know there's pulse type furnaces"}, {"speaker": "LARR", "phrase": " which evidently are kinda loud or something."}, {"speaker": "SETH", "phrase": " Oh yeah."}, {"speaker": "SETH", "phrase": " Yeah."}, {"speaker": "SETH", "phrase": " Lennox pulse."}, {"speaker": "SETH", "phrase": "PAUSE"}, {"speaker": "LARR", "phrase": " oh really laugh ?"}, {"speaker": "SETH", "phrase": " That's loud one."}, {"speaker": "LARR", "phrase": " Is it ?"}, {"speaker": "SETH", "phrase": " Yeah."}, {"speaker": "LARR", "phrase": " Really."}, {"speaker": "SETH", "phrase": " I've put few of those in"}, {"speaker": "SETH", "phrase": " and they."}, {"speaker": "LARR", "phrase": " Have you."}, {"speaker": "SETH", "phrase": " I've had problems."}, {"speaker": "SETH", "phrase": " I wouldn't go with the Lennox pulse."}, {"speaker": "LARR", "phrase": " Okay."}, {"speaker": "SETH", "phrase": " If I go with a uh."}, {"speaker": "LARR", "phrase": " Well."}, {"speaker": "SETH", "phrase": " I'd probably go with the Carrier."}, {"speaker": "SETH", "phrase": " Carrier furnace."}, {"speaker": "SETH", "phrase": " The return grill's plenty big enough."}, {"speaker": "LARR", "phrase": " yeah."}, {"speaker": "LARR", "phrase": " It's big return."}, {"speaker": "SETH", "phrase": " I mean I can't."}, {"speaker": "SETH", "phrase": " you can't have any kind of problem there."}, {"speaker": "LARR", "phrase": " and."}, {"speaker": "LARR", "phrase": " and and the pipes are big enough"}, {"speaker": "LARR", "phrase": " so"}, {"speaker": "LARR", "phrase": " and that's normally when you get."}, {"speaker": "LARR", "phrase": " you get lot of noise in the house."}, {"speaker": "LARR", "phrase": " Is if your."}, {"speaker": "LARR", "phrase": " if your uh ducts are too small."}, {"speaker": "LARR", "phrase": " Right ?"}, {"speaker": "SETH", "phrase": " Right."}, {"speaker": "SETH", "phrase": " Yeah"}, {"speaker": "SETH", "phrase": " the two main sources of noise"}, {"speaker": "SETH", "phrase": " are either"}, {"speaker": "SETH", "phrase": " uh"}, {"speaker": "SETH", "phrase": " air noise"}, {"speaker": "SETH", "phrase": " which is due to undersized grills."}, {"speaker": "LARR", "phrase": " Really ?"}, {"speaker": "SETH", "phrase": " you got air rushing through there at high velocity."}, {"speaker": "SETH", "phrase": " The other source of noise is is the fan motor itself."}, {"speaker": "SETH", "phrase": "PAUSE"}, {"speaker": "LARR", "phrase": " In in the actual..."}, {"speaker": "SETH", "phrase": " In the unit itself."}, {"speaker": "LARR", "phrase": " Unhunh."}, {"speaker": "SETH", "phrase": " And that's usually solved by"}, {"speaker": "SETH", "phrase": " just having flexible duct between the unit and the and the registers"}, {"speaker": "SETH", "phrase": " so that it dampens out the noise."}, {"speaker": "SETH", "phrase": " In other words if we had the furnace like right behind that wall"}, {"speaker": "SETH", "phrase": " it would be noisy."}, {"speaker": "LARR", "phrase": " Yeah."}, {"speaker": "SETH", "phrase": " But we're going."}, {"speaker": "SETH", "phrase": " I'm not sure how it connects"}, {"speaker": "SETH", "phrase": " did we see that down there ?"}, {"speaker": "SETH", "phrase": " I'll have to go down and take look at that again but."}, {"speaker": "LARR", "phrase": " Okay."}, {"speaker": "SETH", "phrase": " I imagine it goes down"}, {"speaker": "SETH", "phrase": " and then we can run some kind of flexible duct to the unit."}, {"speaker": "SETH", "phrase": " As long as I can get say ten feet or so between that and the unit"}, {"speaker": "SETH", "phrase": " then I..."}, {"speaker": "LARR", "phrase": " You can."}, {"speaker": "SETH", "phrase": " then I can uh eliminate the noise problem."}, {"speaker": "LARR", "phrase": " Alright."}, {"speaker": "SETH", "phrase": " So it's basically thirty by thirty"}, {"speaker": "SETH", "phrase": " return air."}, {"speaker": "SETH", "phrase": " Thirty by thirty return air."}, {"speaker": "LARR", "phrase": " And this is uh"}, {"speaker": "LARR", "phrase": " this is the only return"}, {"speaker": "LARR", "phrase": " and I'd."}, {"speaker": "LARR", "phrase": " I would say not..."}, {"speaker": "SETH", "phrase": " Oh this is return also ?"}, {"speaker": "LARR", "phrase": " not placed"}, {"speaker": "LARR", "phrase": " not placed very well"}, {"speaker": "LARR", "phrase": " in the room."}, {"speaker": "SETH", "phrase": " This is..."}, {"speaker": "LARR", "phrase": " So."}, {"speaker": "SETH", "phrase": " this is supply though."}, {"speaker": "SETH", "phrase": " Right ?"}, {"speaker": "LARR", "phrase": " this is the supply."}, {"speaker": "LARR", "phrase": " Right."}, {"speaker": "SETH", "phrase": " Okay."}, {"speaker": "SETH", "phrase": " Yeah."}, {"speaker": "LARR", "phrase": " See"}, {"speaker": "LARR", "phrase": " and I'd."}, {"speaker": "LARR", "phrase": " Where would you suggest they would go."}, {"speaker": "LARR", "phrase": " If uh"}, {"speaker": "LARR", "phrase": " if we put uh."}, {"speaker": "SETH", "phrase": " Boy."}, {"speaker": "SETH", "phrase": " I would say"}, {"speaker": "SETH", "phrase": " I'd probably go with two."}, {"speaker": "SETH", "phrase": " I'd put one on each side"}, {"speaker": "SETH", "phrase": " I'd probably put one like right underneath that window there"}, {"speaker": "SETH", "phrase": " and maybe underneath that window."}, {"speaker": "SETH", "phrase": " Be nice to put it behind the couch"}, {"speaker": "SETH", "phrase": " but then you've."}, {"speaker": "SETH", "phrase": " it would be blocked off too much."}, {"speaker": "LARR", "phrase": " And you."}, {"speaker": "LARR", "phrase": " you so you you you try and putthemunder windows"}, {"speaker": "LARR", "phrase": " where that's where your..."}, {"speaker": "SETH", "phrase": " Yeah."}, {"speaker": "SETH", "phrase": " I try to putthemon the..."}, {"speaker": "LARR", "phrase": "..."}, {"speaker": "SETH", "phrase": " basically the coldest part of the room."}, {"speaker": "LARR", "phrase": " Okay."}, {"speaker": "SETH", "phrase": " Because uh"}, {"speaker": "SETH", "phrase": " it just helps"}, {"speaker": "SETH", "phrase": " \u0294y because otherwise"}, {"speaker": "SETH", "phrase": " \u0294you know"}, {"speaker": "SETH", "phrase": " with grill right here"}, {"speaker": "SETH", "phrase": " you end up having cold spots on the sides."}, {"speaker": "LARR", "phrase": " Mhm."}, {"speaker": "SETH", "phrase": " Cause what happens is"}, {"speaker": "SETH", "phrase": " the air goes back to the return grill"}, {"speaker": "SETH", "phrase": " so it never really."}, {"speaker": "LARR", "phrase": " It wouldn't get out circulating through..."}, {"speaker": "SETH", "phrase": " it never really blows out to the corners."}, {"speaker": "LARR", "phrase": " Right."}, {"speaker": "SETH", "phrase": " So that's why I try to put it as far away on the perimeter"}, {"speaker": "SETH", "phrase": " and have it pull across the room."}, {"speaker": "LARR", "phrase": " Okay."}, {"speaker": "LARR", "phrase": " well this is the only..."}, {"speaker": "SETH", "phrase": " So I don't know if you'd wanna..."}, {"speaker": "LARR", "phrase": " \u0294uh the only the only other addition room"}, {"speaker": "LARR", "phrase": " where we thought maybe registers would be important."}, {"speaker": "LARR", "phrase": " And I'd"}, {"speaker": "LARR", "phrase": " I don't know if"}, {"speaker": "LARR", "phrase": " uh"}, {"speaker": "LARR", "phrase": " floor registers ?"}, {"speaker": "LARR", "phrase": " Are there."}, {"speaker": "LARR", "phrase": " does it."}, {"speaker": "LARR", "phrase": " that's not good idea these days ?"}, {"speaker": "SETH", "phrase": " No"}, {"speaker": "SETH", "phrase": " I would go with floor registers in this house"}, {"speaker": "SETH", "phrase": " cause you got high ceilings."}, {"speaker": "LARR", "phrase": " \u0294uh."}, {"speaker": "SETH", "phrase": " Well in fact"}, {"speaker": "SETH", "phrase": " you wouldn't be able to put any kind of ceiling register in."}, {"speaker": "SETH", "phrase": " Cause you get the second floor."}, {"speaker": "LARR", "phrase": " Right."}, {"speaker": "SETH", "phrase": " So"}, {"speaker": "SETH", "phrase": " no."}, {"speaker": "SETH", "phrase": " Floor registers are fine"}, {"speaker": "SETH", "phrase": " for heating."}, {"speaker": "LARR", "phrase": " But."}, {"speaker": "LARR", "phrase": " you're talking about wall."}, {"speaker": "LARR", "phrase": " puttingthemin the wall here."}, {"speaker": "SETH", "phrase": " No"}, {"speaker": "SETH", "phrase": " I I was thinking about puttingthemin the floor."}, {"speaker": "LARR", "phrase": " Oh in the floor ?"}, {"speaker": "SETH", "phrase": " Yeah."}, {"speaker": "SETH", "phrase": " to go in the wall"}, {"speaker": "SETH", "phrase": " would be pretty tough."}, {"speaker": "LARR", "phrase": " Okay."}, {"speaker": "LARR", "phrase": " Alright."}, {"speaker": "SETH", "phrase": " I don't know if you wanna cut the floor though."}, {"speaker": "LARR", "phrase": " Yeah."}, {"speaker": "LARR", "phrase": " Well I hate to do it right there."}, {"speaker": "LARR", "phrase": " maybe we'd do it right in here."}, {"speaker": "SETH", "phrase": " Yeah."}, {"speaker": "SETH", "phrase": " But to get in the wall would be almost..."}, {"speaker": "LARR", "phrase": "PAUSE"}, {"speaker": "SETH", "phrase": " I mean you can do that during new construction"}, {"speaker": "SETH", "phrase": " but it's tough when you're coming back after the fact"}, {"speaker": "SETH", "phrase": " cause you just got"}, {"speaker": "SETH", "phrase": "PAUSE"}, {"speaker": "LARR", "phrase": " Sure."}, {"speaker": "SETH", "phrase": " your twobyfour framing"}, {"speaker": "SETH", "phrase": " and it's just too tough to get in there."}, {"speaker": "LARR", "phrase": " Okay."}, {"speaker": "LARR", "phrase": " Alright."}, {"speaker": "LARR", "phrase": " So we'd put couple in this room somewhere ?"}, {"speaker": "LARR", "phrase": " And then uh."}, {"speaker": "SETH", "phrase": " So this is like a family room ?"}, {"speaker": "SETH", "phrase": " Is that what this is ?"}, {"speaker": "LARR", "phrase": " Uh"}, {"speaker": "LARR", "phrase": " it's kinda like."}, {"speaker": "LARR", "phrase": " kinda little parlor"}, {"speaker": "LARR", "phrase": " library"}, {"speaker": "LARR", "phrase": " something"}, {"speaker": "LARR", "phrase": " resembles..."}, {"speaker": "SETH", "phrase": " Alright."}, {"speaker": "LARR", "phrase": "PAUSE"}, {"speaker": "LARR", "phrase": "PAUSE"}, {"speaker": "LARR", "phrase": " This is register"}, {"speaker": "LARR", "phrase": " so that's okay."}, {"speaker": "LARR", "phrase": " Cause it's under there."}, {"speaker": "SETH", "phrase": " Okay."}, {"speaker": "LARR", "phrase": " the bathroom has register"}, {"speaker": "LARR", "phrase": " now that was it."}, {"speaker": "LARR", "phrase": "PAUSE"}, {"speaker": "SETH", "phrase": " How about the uh thermostat."}, {"speaker": "LARR", "phrase": " This guy ?"}, {"speaker": "SETH", "phrase": " Okay."}, {"speaker": "SETH", "phrase": " I would definitely go with new thermostat."}, {"speaker": "LARR", "phrase": " Yeah."}, {"speaker": "LARR", "phrase": " Kind of antique."}, {"speaker": "SETH", "phrase": " But that's probably good."}, {"speaker": "SETH", "phrase": " that's probably good spot."}, {"speaker": "LARR", "phrase": " isn't it."}, {"speaker": "SETH", "phrase": " Yeah"}, {"speaker": "SETH", "phrase": " that should be in museum."}, {"speaker": "LARR", "phrase": "PAUSE"}, {"speaker": "LARR", "phrase": " Uh"}, {"speaker": "LARR", "phrase": " I don't know."}, {"speaker": "LARR", "phrase": " are we doing the right."}, {"speaker": "LARR", "phrase": " If I'm supposed to kinda walk you around the house here ?"}, {"speaker": "LARR", "phrase": " Is that what uh..."}, {"speaker": "SETH", "phrase": " Yeah."}, {"speaker": "SETH", "phrase": " Do you think."}, {"speaker": "ENV", "phrase": "PAUSE"}, {"speaker": "SETH", "phrase": " well"}, {"speaker": "SETH", "phrase": " I guess you haven't really..."}, {"speaker": "LARR", "phrase": " I don't know if there's anything you need to do up here."}, {"speaker": "LARR", "phrase": " Other than the fact just kinda know that we've got em."}, {"speaker": "SETH", "phrase": " Yeah"}, {"speaker": "SETH", "phrase": " you haven't really lived in the house during the winter."}, {"speaker": "SETH", "phrase": " Have you ?"}, {"speaker": "LARR", "phrase": " No."}, {"speaker": "LARR", "phrase": "PAUSE"}, {"speaker": "LARR", "phrase": " And that's what we..."}, {"speaker": "SETH", "phrase": " So you don't really know"}, {"speaker": "SETH", "phrase": " if there's..."}, {"speaker": "LARR", "phrase": " See and that's what we thought we would do"}, {"speaker": "LARR", "phrase": " uh."}, {"speaker": "SETH", "phrase": " So you're not really sure if there's any problems"}, {"speaker": "SETH", "phrase": " with heating certain areas."}, {"speaker": "LARR", "phrase": " That's right."}, {"speaker": "LARR", "phrase": " so I..."}, {"speaker": "SETH", "phrase": " So we don't know if there's any particular areas"}, {"speaker": "SETH", "phrase": " like that."}, {"speaker": "SETH", "phrase": " I bet you that parlor room has had hard time"}, {"speaker": "SETH", "phrase": " in the past."}, {"speaker": "LARR", "phrase": " Do you think it's pretty cool in there ?"}, {"speaker": "SETH", "phrase": " Just that one grill."}, {"speaker": "LARR", "phrase": " And then this guy has register"}, {"speaker": "LARR", "phrase": " so."}, {"speaker": "SETH", "phrase": " Oh they got AC up here too."}, {"speaker": "LARR", "phrase": " yeah."}, {"speaker": "LARR", "phrase": " I I think that's gonna go."}, {"speaker": "SETH", "phrase": " Well uh"}, {"speaker": "SETH", "phrase": " especially if you get the forced air heating and cooling."}, {"speaker": "LARR", "phrase": " Well"}, {"speaker": "LARR", "phrase": " Yes."}, {"speaker": "SETH", "phrase": " you won't need that."}, {"speaker": "LARR", "phrase": " One little guy there."}, {"speaker": "SETH", "phrase": " Yeah see these aren't strategically placed either"}, {"speaker": "SETH", "phrase": " but you've pretty much got no choice."}, {"speaker": "SETH", "phrase": " On most of these"}, {"speaker": "SETH", "phrase": " these."}, {"speaker": "SETH", "phrase": " it's almost impossible to to change these now"}, {"speaker": "SETH", "phrase": " but really on the second floor."}, {"speaker": "LARR", "phrase": " This one's not too bad."}, {"speaker": "SETH", "phrase": " the heat the heat's gonna rise"}, {"speaker": "SETH", "phrase": " from the first floor anyway."}, {"speaker": "LARR", "phrase": " Yeah up."}, {"speaker": "LARR", "phrase": " You know."}, {"speaker": "SETH", "phrase": " So I..."}, {"speaker": "LARR", "phrase": " And it'll hold it in here real well."}, {"speaker": "SETH", "phrase": " Yeah."}, {"speaker": "SETH", "phrase": " Typically"}, {"speaker": "SETH", "phrase": " if anything you have \u0294uh overheating problems."}, {"speaker": "LARR", "phrase": " Mm."}, {"speaker": "LARR", "phrase": " Yeah."}, {"speaker": "SETH", "phrase": " On the second floor."}, {"speaker": "LARR", "phrase": " Well see that's what we wanted to do"}, {"speaker": "LARR", "phrase": " is have some kind of system"}, {"speaker": "LARR", "phrase": " that we know we can shut off."}, {"speaker": "LARR", "phrase": " Certain certain areas."}, {"speaker": "LARR", "phrase": " Like if..."}, {"speaker": "SETH", "phrase": " One of the things we could do"}, {"speaker": "SETH", "phrase": " I don't think they have any dampers here."}, {"speaker": "SETH", "phrase": " Do they ?"}, {"speaker": "SETH", "phrase": " Oh they do."}, {"speaker": "LARR", "phrase": " Yeah."}, {"speaker": "SETH", "phrase": " So you can close off..."}, {"speaker": "LARR", "phrase": " Oh okay."}, {"speaker": "LARR", "phrase": " So that's how it's..."}, {"speaker": "SETH", "phrase": " Yeah you can close off individual..."}, {"speaker": "LARR", "phrase": " Close these off."}, {"speaker": "SETH", "phrase": "PAUSE"}, {"speaker": "LARR", "phrase": " and then."}, {"speaker": "LARR", "phrase": " then it'll force the air what."}, {"speaker": "LARR", "phrase": " Down into..."}, {"speaker": "SETH", "phrase": " Downstairs."}, {"speaker": "SETH", "phrase": " Now."}, {"speaker": "LARR", "phrase": "PAUSE"}, {"speaker": "SETH", "phrase": " the one thing you don't wanna do though"}, {"speaker": "SETH", "phrase": " is close off too many of em."}, {"speaker": "LARR", "phrase": " Cause then you put strain on the..."}, {"speaker": "SETH", "phrase": " Cause cause then you're uh."}, {"speaker": "SETH", "phrase": " yeah"}, {"speaker": "SETH", "phrase": " you've gotta have certain amount of air"}, {"speaker": "SETH", "phrase": " for the furnace to work properly."}, {"speaker": "SETH", "phrase": " And if you reduce the airflow too much"}, {"speaker": "SETH", "phrase": " then it won't have enough air going across the heat exchanger"}, {"speaker": "SETH", "phrase": " and it'll."}, {"speaker": "SETH", "phrase": " it'll overheat the heat exchanger."}, {"speaker": "LARR", "phrase": " Oh."}, {"speaker": "LARR", "phrase": " Really ?"}, {"speaker": "LARR", "phrase": " Okay."}, {"speaker": "SETH", "phrase": " So I would say."}, {"speaker": "ENV", "phrase": "PAUSE"}, {"speaker": "SETH", "phrase": " you don't want to close more than uh"}, {"speaker": "SETH", "phrase": " more than about twentyfive percent of em."}, {"speaker": "SETH", "phrase": " Or you can closethem"}, {"speaker": "SETH", "phrase": " \u0294y you know"}, {"speaker": "SETH", "phrase": " if you closethemuh \u0294a hundred percent."}, {"speaker": "SETH", "phrase": " If you closethemall the way"}, {"speaker": "SETH", "phrase": " you probably don't want to shut more than twentyfive percent of em."}, {"speaker": "SETH", "phrase": " All the way."}, {"speaker": "LARR", "phrase": "PAUSE"}, {"speaker": "SETH", "phrase": " Which would."}, {"speaker": "SETH", "phrase": " I'm not sure"}, {"speaker": "SETH", "phrase": " maybe all upstairs"}, {"speaker": "SETH", "phrase": " you might wanna leavethemcracked open just little bit though."}, {"speaker": "LARR", "phrase": " Unhunh ?"}, {"speaker": "SETH", "phrase": " Just to make sure you get enough air."}, {"speaker": "LARR", "phrase": " Yeah."}, {"speaker": "SETH", "phrase": " But"}, {"speaker": "SETH", "phrase": " okay"}, {"speaker": "SETH", "phrase": " so we'd be looking at adding two"}, {"speaker": "SETH", "phrase": " two registers for that parlor room ?"}, {"speaker": "LARR", "phrase": " Adding two to that parlor room."}, {"speaker": "SETH", "phrase": " And then what about that one."}, {"speaker": "SETH", "phrase": " Do you wanna hold off on that ?"}, {"speaker": "LARR", "phrase": " Well"}, {"speaker": "LARR", "phrase": " maybe we should just..."}, {"speaker": "SETH", "phrase": "Or would you wanna do at least one of them?"}, {"speaker": "LARR", "phrase": " \u0294uh I think we should do something"}, {"speaker": "LARR", "phrase": " yeah."}, {"speaker": "LARR", "phrase": " Only because..."}, {"speaker": "SETH", "phrase": " Because if that remodel's year away then."}, {"speaker": "LARR", "phrase": " I I."}, {"speaker": "LARR", "phrase": " I guess I."}, {"speaker": "LARR", "phrase": " I think this thing is gonna be cold little..."}, {"speaker": "SETH", "phrase": " oh"}, {"speaker": "SETH", "phrase": " I can definitely see laugh that."}, {"speaker": "LARR", "phrase": " I I I can tell you that"}, {"speaker": "LARR", "phrase": " because the windows."}, {"speaker": "SETH", "phrase": " See you only like."}, {"speaker": "SETH", "phrase": " the only heat you have in this room"}, {"speaker": "SETH", "phrase": " is that one register over there."}, {"speaker": "LARR", "phrase": " the windows in this thing are just about ready to fall out."}, {"speaker": "LARR", "phrase": " I mean they're."}, {"speaker": "LARR", "phrase": " they're not."}, {"speaker": "LARR", "phrase": " Look at this."}, {"speaker": "LARR", "phrase": " So I know there's gonna be lot of uh..."}, {"speaker": "SETH", "phrase": " A lotta infiltration."}, {"speaker": "LARR", "phrase": " Yeah."}, {"speaker": "LARR", "phrase": " Until we get this corrected."}, {"speaker": "SETH", "phrase": " See hopefully you'll go with doublepane glass on your remodel."}, {"speaker": "LARR", "phrase": "PAUSE"}, {"speaker": "SETH", "phrase": " That'll help cut down lot."}, {"speaker": "LARR", "phrase": " Yeah."}, {"speaker": "SETH", "phrase": " On your..."}, {"speaker": "LARR", "phrase": " Yeah."}, {"speaker": "SETH", "phrase": " heat loss."}, {"speaker": "LARR", "phrase": " So"}, {"speaker": "LARR", "phrase": " I mean"}, {"speaker": "LARR", "phrase": " \u0294uh in some ways"}, {"speaker": "LARR", "phrase": " having windows"}, {"speaker": "LARR", "phrase": " is it bad idea ?"}, {"speaker": "LARR", "phrase": " Because you get lot of natural heat from the the from sun."}, {"speaker": "SETH", "phrase": " That's right."}, {"speaker": "LARR", "phrase": " You know."}, {"speaker": "SETH", "phrase": " Okay this is like it would get..."}, {"speaker": "LARR", "phrase": " So."}, {"speaker": "SETH", "phrase": " This is like east facing."}, {"speaker": "SETH", "phrase": " Right ?"}, {"speaker": "SETH", "phrase": "PAUSE"}, {"speaker": "LARR", "phrase": " Yeah."}, {"speaker": "LARR", "phrase": " The in in..."}, {"speaker": "SETH", "phrase": " So you get some morning sun."}, {"speaker": "LARR", "phrase": " You get the morning"}, {"speaker": "LARR", "phrase": " in the winter"}, {"speaker": "LARR", "phrase": " it's gonna come right across like this."}, {"speaker": "SETH", "phrase": " Yeah."}, {"speaker": "LARR", "phrase": " So"}, {"speaker": "LARR", "phrase": "PAUSE"}, {"speaker": "SETH", "phrase": " So that's gonna be good."}, {"speaker": "LARR", "phrase": " So that'll be good."}, {"speaker": "LARR", "phrase": " So maybe one register in here for the moment"}, {"speaker": "LARR", "phrase": " until we kinda feel it out would be uh."}, {"speaker": "SETH", "phrase": " Sure."}, {"speaker": "SETH", "phrase": " I mean this one it looks like"}, {"speaker": "SETH", "phrase": " if we put register over here"}, {"speaker": "SETH", "phrase": " you wouldn't have to change it anyway."}, {"speaker": "LARR", "phrase": " Yeah."}, {"speaker": "LARR", "phrase": " No that that..."}, {"speaker": "SETH", "phrase": " With your remodel"}, {"speaker": "SETH", "phrase": " that might work into it."}, {"speaker": "LARR", "phrase": " Yeah."}, {"speaker": "SETH", "phrase": " And like I say"}, {"speaker": "SETH", "phrase": " even."}, {"speaker": "SETH", "phrase": " even if you do have to move it"}, {"speaker": "SETH", "phrase": " it's not big deal."}, {"speaker": "SETH", "phrase": " I mean somebody just moves it."}, {"speaker": "LARR", "phrase": " Okay."}, {"speaker": "SETH", "phrase": " you know"}, {"speaker": "SETH", "phrase": " carpenter can do it even."}, {"speaker": "SETH", "phrase": " You don't even need to have us come out and do it really."}, {"speaker": "SETH", "phrase": " You might have to add."}, {"speaker": "SETH", "phrase": " buy piece of flexible duct and stick it on there"}, {"speaker": "SETH", "phrase": " but it's not..."}, {"speaker": "LARR", "phrase": " Yeah."}, {"speaker": "SETH", "phrase": " not big deal."}, {"speaker": "LARR", "phrase": " Okay."}, {"speaker": "LARR", "phrase": " Alright."}, {"speaker": "SETH", "phrase": " Okay ?"}, {"speaker": "LARR", "phrase": " Well that sounds good."}, {"speaker": "SETH", "phrase": " Well let me check downstairs again"}, {"speaker": "SETH", "phrase": " I gotta take some measurements on that room."}, {"speaker": "LARR", "phrase": " Okay."}, {"speaker": "LARR", "phrase": " Well now you get."}, {"speaker": "LARR", "phrase": " you've got the logistics of."}, {"speaker": "LARR", "phrase": " Oh wait."}, {"speaker": "LARR", "phrase": " And then I think my wife."}, {"speaker": "SETH", "phrase": " Now you."}, {"speaker": "SETH", "phrase": " now you say about..."}, {"speaker": "LARR", "phrase": " my wife said she would like to have register put in this room."}, {"speaker": "LARR", "phrase": " And I think it's kinda weird"}, {"speaker": "LARR", "phrase": " but"}, {"speaker": "LARR", "phrase": " what do you think."}, {"speaker": "LARR", "phrase": " Why would she..."}, {"speaker": "SETH", "phrase": " What is this."}, {"speaker": "SETH", "phrase": " what is this room used for."}, {"speaker": "LARR", "phrase": " Well"}, {"speaker": "LARR", "phrase": "eventually this is gonna be"}, {"speaker": "LARR", "phrase": " uh"}, {"speaker": "LARR", "phrase": " and we're gonna open this up."}, {"speaker": "LARR", "phrase": " We're gonna take out some of these shelves"}, {"speaker": "LARR", "phrase": " and get some light to come through here."}, {"speaker": "SETH", "phrase": " This is sort of like pantry ?"}, {"speaker": "LARR", "phrase": " But"}, {"speaker": "LARR", "phrase": " kinda pantry area."}, {"speaker": "LARR", "phrase": " But it's gonna be an extension of the kitchen."}, {"speaker": "LARR", "phrase": " Kind of."}, {"speaker": "LARR", "phrase": " So"}, {"speaker": "LARR", "phrase": " I don't know if \u0294uh..."}, {"speaker": "SETH", "phrase": " I'd."}, {"speaker": "SETH", "phrase": " Yeah"}, {"speaker": "SETH", "phrase": " I'd put."}, {"speaker": "SETH", "phrase": " I'd probably put one like right there."}, {"speaker": "SETH", "phrase": " About right there."}, {"speaker": "LARR", "phrase": "PAUSE"}, {"speaker": "SETH", "phrase": " You gonna be putting anything there ?"}, {"speaker": "LARR", "phrase": " I think..."}, {"speaker": "SETH", "phrase": " Probably something's gonna go there."}, {"speaker": "SETH", "phrase": " Right ?"}, {"speaker": "SETH", "phrase": " A laugh table or something ?"}, {"speaker": "LARR", "phrase": " I don't know."}, {"speaker": "LARR", "phrase": " I"}, {"speaker": "LARR", "phrase": " Yeah."}, {"speaker": "SETH", "phrase": " Cause that's about the only spot you can put it."}, {"speaker": "SETH", "phrase": " Well"}, {"speaker": "SETH", "phrase": " I mean we could put."}, {"speaker": "SETH", "phrase": " we could put floor floor register right along here"}, {"speaker": "SETH", "phrase": " I don't know if you'd want that."}, {"speaker": "SETH", "phrase": " But that's probably where I'd put it."}, {"speaker": "SETH", "phrase": " In fact the one that I was gonna put in there"}, {"speaker": "SETH", "phrase": " I'd probably..."}, {"speaker": "LARR", "phrase": " We might have trouble getting to this spot though."}, {"speaker": "LARR", "phrase": " I think."}, {"speaker": "SETH", "phrase": " You think so ?"}, {"speaker": "LARR", "phrase": " Yeah."}, {"speaker": "LARR", "phrase": " Cause it starts getting real tight up there on this end."}, {"speaker": "LARR", "phrase": " Yeah."}, {"speaker": "LARR", "phrase": " Well"}, {"speaker": "LARR", "phrase": " let's uh."}, {"speaker": "SETH", "phrase": " Maybe on this end ?"}, {"speaker": "LARR", "phrase": " Yeah."}, {"speaker": "LARR", "phrase": " It would have to be"}, {"speaker": "LARR", "phrase": " if anywhere"}, {"speaker": "LARR", "phrase": " it'd have to be down."}, {"speaker": "SETH", "phrase": " that's not bad spot."}, {"speaker": "LARR", "phrase": " okay."}, {"speaker": "SETH", "phrase": " It's gonna help out"}, {"speaker": "SETH", "phrase": " cause I."}, {"speaker": "SETH", "phrase": " See this whole area"}, {"speaker": "SETH", "phrase": " you've just got that one grill."}, {"speaker": "SETH", "phrase": " It's pretty goodsized area right here."}, {"speaker": "LARR", "phrase": " Okay."}, {"speaker": "SETH", "phrase": " What about the kitchen."}, {"speaker": "LARR", "phrase": " Well let's."}, {"speaker": "LARR", "phrase": " let's consider that..."}, {"speaker": "SETH", "phrase": " Kitchen's got one ?"}, {"speaker": "LARR", "phrase": " kitchen's got one right here."}, {"speaker": "SETH", "phrase": " Yeah"}, {"speaker": "SETH", "phrase": " okay."}, {"speaker": "LARR", "phrase": " and uh"}, {"speaker": "LARR", "phrase": " I'm not too worried about the kitchen."}, {"speaker": "LARR", "phrase": " I don't like hot kitchens anyway."}, {"speaker": "LARR", "phrase": " Cause I mean."}, {"speaker": "LARR", "phrase": " you got stove going"}, {"speaker": "LARR", "phrase": " and."}, {"speaker": "LARR", "phrase": " Ah we're in good shape that way."}, {"speaker": "LARR", "phrase": " ah."}, {"speaker": "LARR", "phrase": " Wait minute."}, {"speaker": "LARR", "phrase": " Did I forget something else"}, {"speaker": "LARR", "phrase": " too."}, {"speaker": "LARR", "phrase": " Ah yeah."}, {"speaker": "LARR", "phrase": " We're gonna have to put register out here."}, {"speaker": "LARR", "phrase": " Because"}, {"speaker": "LARR", "phrase": " this this wall is eventually gonna come out."}, {"speaker": "LARR", "phrase": " And so uh."}, {"speaker": "SETH", "phrase": " Utility room."}, {"speaker": "LARR", "phrase": " utility room"}, {"speaker": "LARR", "phrase": " but it's gonna eventually be part of the kitchen."}, {"speaker": "LARR", "phrase": " And we're moving the utility room."}, {"speaker": "LARR", "phrase": " So"}, {"speaker": "LARR", "phrase": " and this."}, {"speaker": "LARR", "phrase": " laugh."}, {"speaker": "LARR", "phrase": " This is joke."}, {"speaker": "LARR", "phrase": " look at this."}, {"speaker": "SETH", "phrase": "PAUSE"}, {"speaker": "LARR", "phrase": "PAUSE"}, {"speaker": "SETH", "phrase": " Well some of these."}, {"speaker": "LARR", "phrase": "PAUSE"}, {"speaker": "LARR", "phrase": " Maybe maybe this doesn't make any sense"}, {"speaker": "LARR", "phrase": " to..."}, {"speaker": "SETH", "phrase": " well some of these things you may wanna wait until you do the remodel."}, {"speaker": "SETH", "phrase": " Like..."}, {"speaker": "LARR", "phrase": " I'm I'm I'm I'm beginning to wonder if..."}, {"speaker": "SETH", "phrase": " Because what I would."}, {"speaker": "SETH", "phrase": " What you can do"}, {"speaker": "SETH", "phrase": " uh."}, {"speaker": "LARR", "phrase": "PAUSE"}, {"speaker": "SETH", "phrase": " is tap right off the plenum."}, {"speaker": "SETH", "phrase": " Cause the furnace is somewhere in that general area."}, {"speaker": "LARR", "phrase": " It's right there"}, {"speaker": "LARR", "phrase": " yeah."}, {"speaker": "SETH", "phrase": " And you can just tap right off the plenum with duct"}, {"speaker": "SETH", "phrase": " and bring it to this room."}, {"speaker": "LARR", "phrase": " Okay."}, {"speaker": "LARR", "phrase": " Well that's what we wanted to..."}, {"speaker": "SETH", "phrase": " So that can be done."}, {"speaker": "LARR", "phrase": " that's what we wanna wanna know."}, {"speaker": "SETH", "phrase": " that can be done at later time."}, {"speaker": "LARR", "phrase": " Alright."}, {"speaker": "LARR", "phrase": " But maybe..."}, {"speaker": "SETH", "phrase": " That can be done at at any time."}, {"speaker": "LARR", "phrase": " maybe for the sake of your quotation."}, {"speaker": "SETH", "phrase": " Really."}, {"speaker": "LARR", "phrase": " you should say"}, {"speaker": "LARR", "phrase": " this is what it's gonna cost you to put in duct here"}, {"speaker": "LARR", "phrase": " all these ducts"}, {"speaker": "LARR", "phrase": " at this time."}, {"speaker": "SETH", "phrase": " Yeah."}, {"speaker": "SETH", "phrase": " Okay."}, {"speaker": "LARR", "phrase": " Now I don't know if."}, {"speaker": "LARR", "phrase": " if we can pricethemout individually"}, {"speaker": "LARR", "phrase": " or not."}, {"speaker": "SETH", "phrase": " Sure."}, {"speaker": "SETH", "phrase": " I call this what"}, {"speaker": "SETH", "phrase": " utility utility room."}, {"speaker": "LARR", "phrase": " Yeah."}, {"speaker": "LARR", "phrase": " Just uh call it..."}, {"speaker": "SETH", "phrase": " figure duct somewhere on this wall you think ?"}, {"speaker": "LARR", "phrase": " Yeah."}, {"speaker": "LARR", "phrase": " Let's just assume it'd be on this wall."}, {"speaker": "SETH", "phrase": " Okay."}, {"speaker": "SETH", "phrase": " Utility room kitchen"}, {"speaker": "SETH", "phrase": " that back one we'll call that pantry."}, {"speaker": "LARR", "phrase": " Yeah."}, {"speaker": "LARR", "phrase": " Pantry"}, {"speaker": "LARR", "phrase": " and then you got the dining room glass."}, {"speaker": "SETH", "phrase": " dining room."}, {"speaker": "LARR", "phrase": " glass dining room."}, {"speaker": "SETH", "phrase": " and then the parlor."}, {"speaker": "LARR", "phrase": " and then the parlor"}, {"speaker": "LARR", "phrase": " one on each end there."}, {"speaker": "SETH", "phrase": "PAUSE"}, {"speaker": "SETH", "phrase": " Yeah."}, {"speaker": "SETH", "phrase": " Cause we can dothemnow"}, {"speaker": "SETH", "phrase": " or we can dothemlater."}, {"speaker": "SETH", "phrase": "But it's not any more difficult to do them at later time."}, {"speaker": "SETH", "phrase": " So it's not like you have to do it now."}, {"speaker": "LARR", "phrase": " Okay."}, {"speaker": "SETH", "phrase": " So the registers that we're connecting to"}, {"speaker": "SETH", "phrase": " that are existing"}, {"speaker": "SETH", "phrase": " how many of those we have got."}, {"speaker": "SETH", "phrase": " We've got the one in the kitchen"}, {"speaker": "SETH", "phrase": " and then we've got uh"}, {"speaker": "SETH", "phrase": " one in the living room here."}, {"speaker": "LARR", "phrase": " That guy"}, {"speaker": "LARR", "phrase": " then there's one in the bathroom"}, {"speaker": "LARR", "phrase": " there's one in the s study"}, {"speaker": "LARR", "phrase": " and there is one in the library."}, {"speaker": "LARR", "phrase": " Or in the parlor."}, {"speaker": "LARR", "phrase": " I don't know what we'd do with that."}, {"speaker": "LARR", "phrase": " Do we disconnect that"}, {"speaker": "LARR", "phrase": " if we put two"}, {"speaker": "LARR", "phrase": " or do you leave it."}, {"speaker": "SETH", "phrase": " Uh"}, {"speaker": "SETH", "phrase": " yeah I might disconnect that."}, {"speaker": "SETH", "phrase": " Well it's not it's not connected up right now."}, {"speaker": "SETH", "phrase": " So."}, {"speaker": "LARR", "phrase": " Oh that's right."}, {"speaker": "SETH", "phrase": " so it'd just be matter."}, {"speaker": "SETH", "phrase": " Actually it."}, {"speaker": "SETH", "phrase": " it should be capped off probably though."}, {"speaker": "SETH", "phrase": " And this is the study"}, {"speaker": "SETH", "phrase": " one right there"}, {"speaker": "SETH", "phrase": " and the bathroom's got one ?"}, {"speaker": "LARR", "phrase": " Bathroom's got one"}, {"speaker": "LARR", "phrase": " over by the shower there."}, {"speaker": "LARR", "phrase": " On the floor."}, {"speaker": "SETH", "phrase": " Okay."}, {"speaker": "SETH", "phrase": " Okay"}, {"speaker": "SETH", "phrase": " let me take look downstairs again."}, {"speaker": "LARR", "phrase": " okay."}, {"speaker": "SETH", "phrase": " at that furnace."}]}