{"text": [{"speaker": "MARY", "phrase": " God"}, {"speaker": "MARY", "phrase": " I said I wasn't gonna do this anymore."}, {"speaker": "MARY", "phrase": " Stay up late."}, {"speaker": "MARY", "phrase": " Kinda defeats the purpose of getting up in the morning."}, {"speaker": "ALIC", "phrase": " I know."}, {"speaker": "ALIC", "phrase": " And it's hard habit to break."}, {"speaker": "ALIC", "phrase": " Usually I don't..."}, {"speaker": "MARY", "phrase": " It is."}, {"speaker": "ALIC", "phrase": " \u0294uh Usually I don't stay up late."}, {"speaker": "ALIC", "phrase": " But it's like"}, {"speaker": "ALIC", "phrase": " if I'm up after midnight ?"}, {"speaker": "ALIC", "phrase": " It's just like."}, {"speaker": "MARY", "phrase": "PAUSE"}, {"speaker": "ALIC", "phrase": " Hm."}, {"speaker": "ALIC", "phrase": " Yeah yeah."}, {"speaker": "MARY", "phrase": " What can I do now."}, {"speaker": "ALIC", "phrase": "PAUSE"}, {"speaker": "MARY", "phrase": "PAUSE"}, {"speaker": "ALIC", "phrase": " I still can't \u0294uh..."}, {"speaker": "MARY", "phrase": "PAUSE"}, {"speaker": "ALIC", "phrase": " God I still can't believe Tim bitching around and"}, {"speaker": "ALIC", "phrase": " he lied too."}, {"speaker": "ALIC", "phrase": " He said that he talked to Ron"}, {"speaker": "ALIC", "phrase": " and all this other shit ?"}, {"speaker": "MARY", "phrase": " About what."}, {"speaker": "ALIC", "phrase": " About \u0294uh the way they were feeling"}, {"speaker": "ALIC", "phrase": " of them being the only ones cleaning the house"}, {"speaker": "ALIC", "phrase": " and all this other shit ?"}, {"speaker": "ALIC", "phrase": " I mean what they don't realize"}, {"speaker": "ALIC", "phrase": " is like"}, {"speaker": "ALIC", "phrase": " shit"}, {"speaker": "ALIC", "phrase": " when Ron gets home from work"}, {"speaker": "ALIC", "phrase": " I wanna spend time with Ron"}, {"speaker": "ALIC", "phrase": " because Ron"}, {"speaker": "ALIC", "phrase": " usually doesn't get home till nine laugh or ten."}, {"speaker": "MARY", "phrase": " Yeah."}, {"speaker": "ALIC", "phrase": " Unlike Tim"}, {"speaker": "ALIC", "phrase": " he has to work"}, {"speaker": "ALIC", "phrase": " for every little dime that he makes."}, {"speaker": "ALIC", "phrase": " You know ?"}, {"speaker": "MARY", "phrase": " Yeah."}, {"speaker": "ALIC", "phrase": " He doesn't get any breaks."}, {"speaker": "MARY", "phrase": " Yeah\u0294"}, {"speaker": "MARY", "phrase": " Tim is on salary"}, {"speaker": "MARY", "phrase": " and he can take leave"}, {"speaker": "MARY", "phrase": " and."}, {"speaker": "ALIC", "phrase": " Mhm"}, {"speaker": "ALIC", "phrase": " and he earns leave."}, {"speaker": "MARY", "phrase": " he's..."}, {"speaker": "ALIC", "phrase": " he gets sick leave"}, {"speaker": "ALIC", "phrase": " we don't get shit."}, {"speaker": "MARY", "phrase": " I don't know."}, {"speaker": "MARY", "phrase": " It is really hard living with another couple."}, {"speaker": "ALIC", "phrase": " I mean"}, {"speaker": "ALIC", "phrase": " we."}, {"speaker": "ALIC", "phrase": " If we set our."}, {"speaker": "ALIC", "phrase": " If we sit down and set some rules"}, {"speaker": "ALIC", "phrase": " which we never did"}, {"speaker": "ALIC", "phrase": " \u0294uh \u0294uh \u0294it could work."}, {"speaker": "ALIC", "phrase": " You know."}, {"speaker": "MARY", "phrase": " Mhm."}, {"speaker": "ALIC", "phrase": " what it amounts to"}, {"speaker": "ALIC", "phrase": " is mutual respect"}, {"speaker": "ALIC", "phrase": " and like Tim told Ron"}, {"speaker": "ALIC", "phrase": " he told him"}, {"speaker": "ALIC", "phrase": " he goes um"}, {"speaker": "ALIC", "phrase": " what was it he goes"}, {"speaker": "ALIC", "phrase": " nobody fucks with my lifestyle."}, {"speaker": "ALIC", "phrase": " I laugh feel the exact same way."}, {"speaker": "ALIC", "phrase": " And all those bitches and complaints that he has"}, {"speaker": "ALIC", "phrase": " they're about my lifestyle."}, {"speaker": "MARY", "phrase": " Mhm."}, {"speaker": "ALIC", "phrase": " And he doesn't realize that."}, {"speaker": "MARY", "phrase": "PAUSE"}, {"speaker": "ALIC", "phrase": " And that's what I'm gonna tell him."}, {"speaker": "MARY", "phrase": " Well"}, {"speaker": "MARY", "phrase": " \u0294uh you know."}, {"speaker": "ALIC", "phrase": " And the only way it's gonna work"}, {"speaker": "ALIC", "phrase": " is if we have respect for one another."}, {"speaker": "MARY", "phrase": " That's right."}, {"speaker": "MARY", "phrase": " That's right."}, {"speaker": "ALIC", "phrase": " And it doesn't mean"}, {"speaker": "ALIC", "phrase": " going to our parents"}, {"speaker": "ALIC", "phrase": " and complaining about one another"}, {"speaker": "ALIC", "phrase": " I'm gonna tell him"}, {"speaker": "ALIC", "phrase": " if you have any complaints"}, {"speaker": "ALIC", "phrase": " you talk to the person that you have the complaint about."}, {"speaker": "ALIC", "phrase": " I'm also going to suggest"}, {"speaker": "ALIC", "phrase": " weekly house meetings to discuss such things."}, {"speaker": "MARY", "phrase": " Mhm."}, {"speaker": "MARY", "phrase": " Oh yeah."}, {"speaker": "MARY", "phrase": " Yeah."}, {"speaker": "MARY", "phrase": " You know what it would be"}, {"speaker": "MARY", "phrase": " real good lesson for them"}, {"speaker": "MARY", "phrase": " too"}, {"speaker": "MARY", "phrase": " in self assertiveness."}, {"speaker": "ALIC", "phrase": " Yep."}, {"speaker": "MARY", "phrase": " you know and"}, {"speaker": "MARY", "phrase": " especially the way um"}, {"speaker": "MARY", "phrase": " I mean Tim gets himself into a"}, {"speaker": "MARY", "phrase": " uncomfortable situation or whatever"}, {"speaker": "MARY", "phrase": " and his first reaction is to blow up about it."}, {"speaker": "ALIC", "phrase": " Mhm."}, {"speaker": "MARY", "phrase": " You know"}, {"speaker": "MARY", "phrase": " cause he let."}, {"speaker": "MARY", "phrase": " he lets it pile up."}, {"speaker": "ALIC", "phrase": " Yep."}, {"speaker": "MARY", "phrase": " He doesn't do nothing positive about it"}, {"speaker": "MARY", "phrase": " and then he just blows up."}, {"speaker": "ALIC", "phrase": " And if something bothers you"}, {"speaker": "ALIC", "phrase": " you go and you"}, {"speaker": "ALIC", "phrase": " I was"}, {"speaker": "ALIC", "phrase": " like last year"}, {"speaker": "ALIC", "phrase": " I was really proud of myself"}, {"speaker": "ALIC", "phrase": " when I was asked to take over intermediate algebra ?"}, {"speaker": "MARY", "phrase": " Unhunh."}, {"speaker": "ALIC", "phrase": " And teach it ?"}, {"speaker": "MARY", "phrase": "PAUSE"}, {"speaker": "ALIC", "phrase": " And I did."}, {"speaker": "MARY", "phrase": "PAUSE"}, {"speaker": "ALIC", "phrase": " And I also went."}, {"speaker": "MARY", "phrase": "PAUSE"}, {"speaker": "ALIC", "phrase": " and I asked for raise"}, {"speaker": "ALIC", "phrase": " instead of..."}, {"speaker": "MARY", "phrase": "PAUSE"}, {"speaker": "ALIC", "phrase": " cause instead of just sitting in the class and getting five dollars an hour"}, {"speaker": "ALIC", "phrase": " I was now gonna be up there teaching it."}, {"speaker": "MARY", "phrase": " Mhm."}, {"speaker": "ALIC", "phrase": " and instead of getting the five dollars an hour laugh"}, {"speaker": "ALIC", "phrase": " I ended up getting fifteen."}, {"speaker": "MARY", "phrase": " Really."}, {"speaker": "ALIC", "phrase": " But I went and I asked."}, {"speaker": "ALIC", "phrase": " Now if."}, {"speaker": "ALIC", "phrase": " You know if you put situation like that to Tim or Mandy"}, {"speaker": "ALIC", "phrase": " cause not because they're they're weak in character or anything"}, {"speaker": "ALIC", "phrase": " but because they're..."}, {"speaker": "MARY", "phrase": " They're babies."}, {"speaker": "ALIC", "phrase": " Yeah."}, {"speaker": "ALIC", "phrase": " They hem and haw around"}, {"speaker": "ALIC", "phrase": " and somebody else would have to talk for them."}, {"speaker": "ALIC", "phrase": " You know ?"}, {"speaker": "MARY", "phrase": " Yeah."}, {"speaker": "ALIC", "phrase": "PAUSE"}, {"speaker": "MARY", "phrase": " I don't know."}, {"speaker": "MARY", "phrase": " And it's"}, {"speaker": "MARY", "phrase": " Right now uh"}, {"speaker": "MARY", "phrase": " I don't know if I should mention it to him"}, {"speaker": "MARY", "phrase": " or what"}, {"speaker": "MARY", "phrase": " but"}, {"speaker": "MARY", "phrase": " I'm feeling like he's taking me for granted."}, {"speaker": "ALIC", "phrase": " Yep."}, {"speaker": "ALIC", "phrase": " And he's rolling in it"}, {"speaker": "ALIC", "phrase": " Mary."}, {"speaker": "ALIC", "phrase": " And you know what the sad thing"}, {"speaker": "ALIC", "phrase": " the thing that really scares me ?"}, {"speaker": "ALIC", "phrase": " is that they're n."}, {"speaker": "ALIC", "phrase": " at the rate they're going"}, {"speaker": "ALIC", "phrase": " and with all the breaks that they've gotten"}, {"speaker": "ALIC", "phrase": " they're never gonna have hard times."}, {"speaker": "MARY", "phrase": " Hard times do train you."}, {"speaker": "ALIC", "phrase": " Yep."}, {"speaker": "MARY", "phrase": " They do."}, {"speaker": "ALIC", "phrase": " Like I came over here to work with Danae"}, {"speaker": "ALIC", "phrase": " which is what I'm going to do"}, {"speaker": "ALIC", "phrase": " I'm going to do some translations for her and stuff ?"}, {"speaker": "MARY", "phrase": " Yeah."}, {"speaker": "ALIC", "phrase": " tonight ?"}, {"speaker": "ALIC", "phrase": " And um."}, {"speaker": "MARY", "phrase": "PAUSE"}, {"speaker": "ALIC", "phrase": " you know"}, {"speaker": "ALIC", "phrase": " I have to make at least fifty dollars or so."}, {"speaker": "MARY", "phrase": "PAUSE"}, {"speaker": "ALIC", "phrase": " to make it worth my time"}, {"speaker": "ALIC", "phrase": " but like tonight"}, {"speaker": "ALIC", "phrase": " well I called"}, {"speaker": "ALIC", "phrase": " you know"}, {"speaker": "ALIC", "phrase": " this thing was going on with Buck and everything"}, {"speaker": "ALIC", "phrase": " so I called um"}, {"speaker": "ALIC", "phrase": " Mandy's"}, {"speaker": "ALIC", "phrase": " or"}, {"speaker": "ALIC", "phrase": " I called our house"}, {"speaker": "ALIC", "phrase": " and Mandy answered the phone"}, {"speaker": "ALIC", "phrase": " and I said where's."}, {"speaker": "ALIC", "phrase": " you know where's."}, {"speaker": "ALIC", "phrase": " where."}, {"speaker": "ALIC", "phrase": " Is Ron there ?"}, {"speaker": "ALIC", "phrase": " And she said no."}, {"speaker": "ALIC", "phrase": " When we were on our way to Tim's game"}, {"speaker": "ALIC", "phrase": " he was at Town Pump"}, {"speaker": "ALIC", "phrase": " and he asked what time we'd be home"}, {"speaker": "ALIC", "phrase": " and we said probably about nine."}, {"speaker": "ALIC", "phrase": " And she said then we went over to your grandma's"}, {"speaker": "ALIC", "phrase": " but then we came back"}, {"speaker": "ALIC", "phrase": " and he wasn't here yet."}, {"speaker": "ALIC", "phrase": " So"}, {"speaker": "ALIC", "phrase": " I called the Town Pump"}, {"speaker": "ALIC", "phrase": " and asked if he was still in the casino"}, {"speaker": "ALIC", "phrase": " course he wasn't"}, {"speaker": "ALIC", "phrase": " he was on his way home."}, {"speaker": "ALIC", "phrase": " And I said tell."}, {"speaker": "ALIC", "phrase": " So I called Mandy back"}, {"speaker": "ALIC", "phrase": " and I told her to"}, {"speaker": "ALIC", "phrase": " have him call me."}, {"speaker": "ALIC", "phrase": " when he got home."}, {"speaker": "ALIC", "phrase": " So"}, {"speaker": "ALIC", "phrase": " I was in the bathtub when he called"}, {"speaker": "ALIC", "phrase": " and I talked to him for while and"}, {"speaker": "ALIC", "phrase": " he went and"}, {"speaker": "ALIC", "phrase": " he was really down about what what I told him that Tim had said to me"}, {"speaker": "ALIC", "phrase": " and how I was so upset ?"}, {"speaker": "ALIC", "phrase": " He goes why didn't you tell him to go and wake me up."}, {"speaker": "ALIC", "phrase": " I said I did"}, {"speaker": "ALIC", "phrase": " and he wouldn't do it."}, {"speaker": "MARY", "phrase": " Really ?"}, {"speaker": "ALIC", "phrase": " Mhm."}, {"speaker": "ALIC", "phrase": " He goes"}, {"speaker": "ALIC", "phrase": " they."}, {"speaker": "ALIC", "phrase": " they were sitting around getting all fucked up"}, {"speaker": "ALIC", "phrase": " he said but"}, {"speaker": "ALIC", "phrase": " he said I went right to bed"}, {"speaker": "ALIC", "phrase": " he said I didn't get done working until after nine."}, {"speaker": "MARY", "phrase": " Oh"}, {"speaker": "MARY", "phrase": " man."}, {"speaker": "ALIC", "phrase": "Cause that five car pile up they had between Hardin and Crow ?"}, {"speaker": "MARY", "phrase": " Oh"}, {"speaker": "MARY", "phrase": " shit"}, {"speaker": "MARY", "phrase": " really ?"}, {"speaker": "MARY", "phrase": " I didn't hear about it."}, {"speaker": "ALIC", "phrase": " Yeah."}, {"speaker": "ALIC", "phrase": " Ron was singlehandedly there."}, {"speaker": "ALIC", "phrase": " with one wrecker."}, {"speaker": "MARY", "phrase": " yeah."}, {"speaker": "ALIC", "phrase": "PAUSE"}, {"speaker": "MARY", "phrase": " Seems like any time I've seen wrecker out here"}, {"speaker": "MARY", "phrase": " there's always two guys in there."}, {"speaker": "ALIC", "phrase": " Hmm"}, {"speaker": "ALIC", "phrase": " everyone laugh was gone"}, {"speaker": "ALIC", "phrase": " when the call came in."}, {"speaker": "MARY", "phrase": " Oh."}, {"speaker": "ALIC", "phrase": " And Jay's not supposed to go on those anymore"}, {"speaker": "ALIC", "phrase": " because of his heart"}, {"speaker": "ALIC", "phrase": " so he had to send Ron by himself"}, {"speaker": "ALIC", "phrase": " and Ron was slowly pulling everybody out of the ditch."}, {"speaker": "MARY", "phrase": " Did they all hit each other ?"}, {"speaker": "MARY", "phrase": " Or just."}, {"speaker": "ALIC", "phrase": " Kind of."}, {"speaker": "ALIC", "phrase": " a\u0294 semi bumped car"}, {"speaker": "ALIC", "phrase": " and then went and"}, {"speaker": "ALIC", "phrase": " went on two wheels"}, {"speaker": "ALIC", "phrase": " and"}, {"speaker": "ALIC", "phrase": " just about lost it"}, {"speaker": "ALIC", "phrase": " and then got back up on all all its wheels again."}, {"speaker": "MARY", "phrase": " Oh."}, {"speaker": "MARY", "phrase": " Did it land in the ditch ?"}, {"speaker": "ALIC", "phrase": " But it."}, {"speaker": "ALIC", "phrase": " Kind of"}, {"speaker": "ALIC", "phrase": " it was able to get out"}, {"speaker": "ALIC", "phrase": " but all the other cars that were in the direct vicinity"}, {"speaker": "ALIC", "phrase": " all hit the ditch."}, {"speaker": "ALIC", "phrase": " And then"}, {"speaker": "ALIC", "phrase": " there was three cars and the semi."}, {"speaker": "ALIC", "phrase": " And then"}, {"speaker": "ALIC", "phrase": " this uh"}, {"speaker": "ALIC", "phrase": " this guy pulled up and."}, {"speaker": "MARY", "phrase": "PAUSE"}, {"speaker": "ALIC", "phrase": " he was going to uh"}, {"speaker": "ALIC", "phrase": " Peggy."}, {"speaker": "MARY", "phrase": "PAUSE"}, {"speaker": "ALIC", "phrase": " you remember Peggy White ?"}, {"speaker": "MARY", "phrase": " Yeah."}, {"speaker": "ALIC", "phrase": " Her husband"}, {"speaker": "ALIC", "phrase": " Gary Bighare ?"}, {"speaker": "MARY", "phrase": " Mhm ?"}, {"speaker": "ALIC", "phrase": " Him and her pulled up"}, {"speaker": "ALIC", "phrase": " and they were in the van ?"}, {"speaker": "ALIC", "phrase": " And they stopped to ask Ron what happened ?"}, {"speaker": "ALIC", "phrase": "And here another car came and rearended them."}, {"speaker": "MARY", "phrase": " Oh."}, {"speaker": "ALIC", "phrase": " And they ended up having to take um Peggy White by helicopter to Billings."}, {"speaker": "MARY", "phrase": " Man that's pretty bad."}, {"speaker": "ALIC", "phrase": " I know."}, {"speaker": "ALIC", "phrase": " Darn"}, {"speaker": "ALIC", "phrase": " this darn dog keeps breathing"}, {"speaker": "ALIC", "phrase": " and like dreaming"}, {"speaker": "ALIC", "phrase": " you know I wonder if we should wake her up ?"}, {"speaker": "MARY", "phrase": " No"}, {"speaker": "MARY", "phrase": " she'll get scared and want to go outside."}, {"speaker": "MARY", "phrase": " Kinda nervous"}, {"speaker": "MARY", "phrase": " you know."}, {"speaker": "ALIC", "phrase": " They say you can really mess up dog"}, {"speaker": "ALIC", "phrase": " by wakingthemup when they're dreaming."}, {"speaker": "MARY", "phrase": " Really ?"}, {"speaker": "ALIC", "phrase": " Mhm."}, {"speaker": "ALIC", "phrase": " It's so cold outside"}, {"speaker": "ALIC", "phrase": " but yet sometimes she insists on staying out there."}, {"speaker": "MARY", "phrase": " I know."}, {"speaker": "MARY", "phrase": " You know what I was thinking of doing ?"}, {"speaker": "ALIC", "phrase": " Hunh."}, {"speaker": "MARY", "phrase": " I don't know"}, {"speaker": "MARY", "phrase": " she's kind of shy"}, {"speaker": "MARY", "phrase": " but I was wondering."}, {"speaker": "ALIC", "phrase": "PAUSE"}, {"speaker": "MARY", "phrase": " what it would be like to train her."}, {"speaker": "ALIC", "phrase": "PAUSE"}, {"speaker": "MARY", "phrase": " to pull sled."}, {"speaker": "ALIC", "phrase": " I don't know if she'd do it."}, {"speaker": "MARY", "phrase": " I don't know if she would either."}, {"speaker": "MARY", "phrase": " She's kind of timid."}, {"speaker": "ALIC", "phrase": " Mhm."}, {"speaker": "ALIC", "phrase": " She doesn't trust too many people at all."}, {"speaker": "MARY", "phrase": " Yeah."}, {"speaker": "ALIC", "phrase": " Oh and you know another thing that Tim had the audacity to bitch about ?"}, {"speaker": "MARY", "phrase": " What."}, {"speaker": "ALIC", "phrase": " He said um"}, {"speaker": "ALIC", "phrase": " Mandy had to stay up all by herself and decorate the tree."}, {"speaker": "ALIC", "phrase": " until four in the morning."}, {"speaker": "ALIC", "phrase": " And I even asked if we could put our ornaments on there"}, {"speaker": "ALIC", "phrase": " and they told me that there wouldn't be enough room."}, {"speaker": "MARY", "phrase": " Really ?"}, {"speaker": "ALIC", "phrase": " Mhm"}, {"speaker": "ALIC", "phrase": " Tim said that."}, {"speaker": "MARY", "phrase": " She was probably lonely when she was doing it"}, {"speaker": "MARY", "phrase": " you know that ?"}, {"speaker": "MARY", "phrase": " She probably was."}, {"speaker": "MARY", "phrase": "..."}, {"speaker": "ALIC", "phrase": " I sat up with her"}, {"speaker": "ALIC", "phrase": " and I was talking to her"}, {"speaker": "ALIC", "phrase": " she was doing all the decorating"}, {"speaker": "ALIC", "phrase": " I mean"}, {"speaker": "ALIC", "phrase": " what was I gonna do."}, {"speaker": "ALIC", "phrase": " I mean"}, {"speaker": "ALIC", "phrase": " she was just putting up the balls and everything and"}, {"speaker": "ALIC", "phrase": " she'd say where"}, {"speaker": "ALIC", "phrase": " where do you think this should go and"}, {"speaker": "ALIC", "phrase": " so I was sitting there doing my Welfare application."}, {"speaker": "ALIC", "phrase": " And uh"}, {"speaker": "ALIC", "phrase": " you laugh know laugh I was just sitting there watching her"}, {"speaker": "ALIC", "phrase": " telling her where to put everything and what not."}, {"speaker": "MARY", "phrase": " Did you know Nickie wanted her own tree ?"}, {"speaker": "ALIC", "phrase": " Yes ?"}, {"speaker": "MARY", "phrase": " And I forgot to bring it in"}, {"speaker": "MARY", "phrase": " it's outside ?"}, {"speaker": "ALIC", "phrase": " What are you gonna do with it."}, {"speaker": "MARY", "phrase": " She wants to set it up for her Barbies."}, {"speaker": "MARY", "phrase": " I was just gonna use tin can and put rocks in the bottom ?"}, {"speaker": "ALIC", "phrase": " Mhm."}, {"speaker": "MARY", "phrase": " And just stick it in there."}, {"speaker": "MARY", "phrase": " And you know what I did ?"}, {"speaker": "ALIC", "phrase": " Hm."}, {"speaker": "MARY", "phrase": " I didn't want to waste tree's life."}, {"speaker": "ALIC", "phrase": "PAUSE"}, {"speaker": "MARY", "phrase": " so I just cut branch off one."}, {"speaker": "MARY", "phrase": " God"}, {"speaker": "MARY", "phrase": " I fell up there."}, {"speaker": "MARY", "phrase": "PAUSE"}, {"speaker": "ALIC", "phrase": " Where'd you go."}, {"speaker": "ALIC", "phrase": " to get em."}, {"speaker": "MARY", "phrase": " You know where Sarah and Arvela live ?"}, {"speaker": "ALIC", "phrase": " Mhm."}, {"speaker": "MARY", "phrase": " Just around the corner."}, {"speaker": "MARY", "phrase": " Remember that first cattle guard you go over ?"}, {"speaker": "ALIC", "phrase": " Unhunh."}, {"speaker": "MARY", "phrase": " I didn't even go over that."}, {"speaker": "ALIC", "phrase": " You mean"}, {"speaker": "ALIC", "phrase": " kinda like by the."}, {"speaker": "ALIC", "phrase": " by the tunnel ?"}, {"speaker": "MARY", "phrase": " Right below the tunnel."}, {"speaker": "ALIC", "phrase": " Oh."}, {"speaker": "MARY", "phrase": " And I just walked up."}, {"speaker": "MARY", "phrase": " We just walked up around uh"}, {"speaker": "MARY", "phrase": " that area"}, {"speaker": "MARY", "phrase": " God Alice that was fun."}, {"speaker": "ALIC", "phrase": " Did you get grandma tree too ?"}, {"speaker": "MARY", "phrase": " Hunhunh."}, {"speaker": "ALIC", "phrase": " Does she already have one ?"}, {"speaker": "MARY", "phrase": " Hmm."}, {"speaker": "MARY", "phrase": " That pickup could only hold like three."}, {"speaker": "ALIC", "phrase": " Mm."}, {"speaker": "ALIC", "phrase": " I wonder why."}, {"speaker": "ALIC", "phrase": " Did daddy say to take the pickup back ?"}, {"speaker": "ALIC", "phrase": " Or what was the deal."}, {"speaker": "MARY", "phrase": " Yeah."}, {"speaker": "MARY", "phrase": " Yeah."}, {"speaker": "ALIC", "phrase": " Why."}, {"speaker": "MARY", "phrase": " Cause Phoebe needs it."}, {"speaker": "ALIC", "phrase": " What's wrong with the car."}, {"speaker": "ALIC", "phrase": "PAUSE"}, {"speaker": "MARY", "phrase": " Oh"}, {"speaker": "MARY", "phrase": " you didn't hear about it ?"}, {"speaker": "ALIC", "phrase": " Hunhunh."}, {"speaker": "MARY", "phrase": " Oh"}, {"speaker": "MARY", "phrase": " you did"}, {"speaker": "MARY", "phrase": " about how the engine was on fire ?"}, {"speaker": "ALIC", "phrase": " Mhm."}, {"speaker": "MARY", "phrase": " See there was oil spilling out"}, {"speaker": "MARY", "phrase": " leaking out from the valve cover."}, {"speaker": "ALIC", "phrase": " Mhm."}, {"speaker": "MARY", "phrase": " The valve cover gasket apparently cracked or whatever"}, {"speaker": "MARY", "phrase": " and there was oil coming out"}, {"speaker": "MARY", "phrase": " and the oil got hot"}, {"speaker": "MARY", "phrase": " and you know how it gets hot and smokes ?"}, {"speaker": "ALIC", "phrase": " Mhm."}, {"speaker": "MARY", "phrase": " Well"}, {"speaker": "MARY", "phrase": " I guess enough came out"}, {"speaker": "MARY", "phrase": " because we were losing oil bad"}, {"speaker": "MARY", "phrase": " going from Billings to Crow"}, {"speaker": "MARY", "phrase": " um"}, {"speaker": "MARY", "phrase": " there's lot of..."}, {"speaker": "ALIC", "phrase": "PAUSE"}, {"speaker": "MARY", "phrase": " smoke coming out"}, {"speaker": "MARY", "phrase": " and by the time we got to Hardin"}, {"speaker": "MARY", "phrase": " we had to put like uh"}, {"speaker": "MARY", "phrase": " three or four quarts in."}, {"speaker": "ALIC", "phrase": " Unhunh."}, {"speaker": "MARY", "phrase": " It was three."}, {"speaker": "MARY", "phrase": " And"}, {"speaker": "MARY", "phrase": " by the time we got to..."}, {"speaker": "ALIC", "phrase": "PAUSE"}, {"speaker": "MARY", "phrase": " Crow"}, {"speaker": "MARY", "phrase": " it was"}, {"speaker": "MARY", "phrase": " it was one quart low."}, {"speaker": "MARY", "phrase": " And there was smoke still coming from under the engine"}, {"speaker": "MARY", "phrase": " I figure if it was losing that much oil"}, {"speaker": "MARY", "phrase": " then it caught fire."}, {"speaker": "ALIC", "phrase": " Mhm."}, {"speaker": "MARY", "phrase": " Cause the engine was hot"}, {"speaker": "MARY", "phrase": " cause there wasn't enough water in the radiator."}, {"speaker": "ALIC", "phrase": " Mhm."}, {"speaker": "MARY", "phrase": " I talked to Oscar about it"}, {"speaker": "MARY", "phrase": " and he said"}, {"speaker": "MARY", "phrase": " well I checked"}, {"speaker": "MARY", "phrase": " it was only"}, {"speaker": "MARY", "phrase": " it was only about"}, {"speaker": "MARY", "phrase": " I'd say half quart to quart short of water."}, {"speaker": "MARY", "phrase": " But that shouldn't make any difference."}, {"speaker": "MARY", "phrase": " He goes the only thing I can think of"}, {"speaker": "MARY", "phrase": " is that there was an air lock in there."}, {"speaker": "ALIC", "phrase": "PAUSE"}, {"speaker": "MARY", "phrase": " And that running the engine out on the open road ?"}, {"speaker": "ALIC", "phrase": " Mhm."}, {"speaker": "MARY", "phrase": " Caused that air lock to come through."}, {"speaker": "MARY", "phrase": " flushed it out."}, {"speaker": "ALIC", "phrase": " And bust the gasket ?"}, {"speaker": "MARY", "phrase": " No"}, {"speaker": "MARY", "phrase": " it would more or less um"}, {"speaker": "MARY", "phrase": " the engine wasn't being kept cool enough."}, {"speaker": "MARY", "phrase": " Cause there wasn't enough fluid in the radiator."}, {"speaker": "ALIC", "phrase": "PAUSE"}, {"speaker": "ALIC", "phrase": " Unhunh."}, {"speaker": "MARY", "phrase": " And"}, {"speaker": "MARY", "phrase": " you know how the radiator's"}, {"speaker": "MARY", "phrase": " the pipe's close to other parts of the engine ?"}, {"speaker": "ALIC", "phrase": " Yeah."}, {"speaker": "ALIC", "phrase": " So what..."}, {"speaker": "MARY", "phrase": " It was some part in there."}, {"speaker": "ALIC", "phrase": " caused the fire."}, {"speaker": "MARY", "phrase": " The engine being too hot"}, {"speaker": "MARY", "phrase": " and the oil leaking."}, {"speaker": "ALIC", "phrase": " So he knew that the oil was leaking ?"}, {"speaker": "MARY", "phrase": " No"}, {"speaker": "MARY", "phrase": " we knew we were losing oil"}, {"speaker": "MARY", "phrase": " but we didn't know where."}, {"speaker": "MARY", "phrase": " I just figured it was from that valve cover gasket."}, {"speaker": "MARY", "phrase": " Just from lifting up the hood and looking at it."}, {"speaker": "ALIC", "phrase": " So what's he gonna do."}, {"speaker": "MARY", "phrase": " Well"}, {"speaker": "MARY", "phrase": " \u0294and two of his wires"}, {"speaker": "MARY", "phrase": " the sparkplug wires ?"}, {"speaker": "ALIC", "phrase": " Unhunh."}, {"speaker": "MARY", "phrase": " were fried all the way through."}, {"speaker": "ALIC", "phrase": " Unhunh."}, {"speaker": "MARY", "phrase": " So we took those off and we"}, {"speaker": "MARY", "phrase": " replaced them with some old ones out of the garage."}, {"speaker": "ALIC", "phrase": " I knew that."}, {"speaker": "MARY", "phrase": " And it runs."}, {"speaker": "MARY", "phrase": " It runs."}, {"speaker": "MARY", "phrase": " There's enough uh"}, {"speaker": "MARY", "phrase": " radiator fluid in there."}, {"speaker": "ALIC", "phrase": " Mhm."}, {"speaker": "MARY", "phrase": " so that it will"}, {"speaker": "MARY", "phrase": " It's it's enough."}, {"speaker": "ALIC", "phrase": " Mhm."}, {"speaker": "MARY", "phrase": " But I think running it out on the open road"}, {"speaker": "MARY", "phrase": " will cause it possibly to shoot more oil out."}, {"speaker": "ALIC", "phrase": " Mhm."}, {"speaker": "MARY", "phrase": " That valve cover gasket has to be replaced."}, {"speaker": "ALIC", "phrase": " Hm."}, {"speaker": "ALIC", "phrase": "PAUSE"}, {"speaker": "MARY", "phrase": " I don't know."}, {"speaker": "MARY", "phrase": " Oh I freaked Cookie and"}, {"speaker": "MARY", "phrase": " Rita and"}, {"speaker": "MARY", "phrase": " Gary out tonight."}, {"speaker": "MARY", "phrase": " Remember the Plainfeather uh Claypit ?"}, {"speaker": "MARY", "phrase": " where that red clay is ?"}, {"speaker": "ALIC", "phrase": " Mhm."}, {"speaker": "MARY", "phrase": " Right there."}, {"speaker": "MARY", "phrase": " I saw my my speedometer just go Brr."}, {"speaker": "MARY", "phrase": " like that just down."}, {"speaker": "MARY", "phrase": " You know"}, {"speaker": "MARY", "phrase": " and I knew exactly what it was."}, {"speaker": "MARY", "phrase": " What I have to do"}, {"speaker": "MARY", "phrase": " is take off the distributor wire"}, {"speaker": "MARY", "phrase": " and splice it in with the fuel pump wire."}, {"speaker": "ALIC", "phrase": " Mhm."}, {"speaker": "MARY", "phrase": " Because my fuel pump is now electric"}, {"speaker": "MARY", "phrase": " Never used to be."}, {"speaker": "ALIC", "phrase": " Mhm."}, {"speaker": "MARY", "phrase": " Hand me that ashtray."}, {"speaker": "MARY", "phrase": " Or your light"}, {"speaker": "MARY", "phrase": " I mean."}, {"speaker": "MARY", "phrase": " Your light."}, {"speaker": "MARY", "phrase": " It's behind the sewing machine."}, {"speaker": "MARY", "phrase": "PAUSE"}, {"speaker": "ALIC", "phrase": "PAUSE"}, {"speaker": "MARY", "phrase": " And uh"}, {"speaker": "MARY", "phrase": " sometimes it gets loose."}, {"speaker": "ALIC", "phrase": "PAUSE"}, {"speaker": "MARY", "phrase": " And no more fuel."}, {"speaker": "ALIC", "phrase": " Unhunh."}, {"speaker": "MARY", "phrase": " So I stopped the car"}, {"speaker": "MARY", "phrase": " and they said what are you doing."}, {"speaker": "MARY", "phrase": " I said"}, {"speaker": "MARY", "phrase": " oh"}, {"speaker": "MARY", "phrase": " I gotta tighten this wire here."}, {"speaker": "MARY", "phrase": " So I had Cookie turn on the ignition and turn it off."}, {"speaker": "MARY", "phrase": " So"}, {"speaker": "MARY", "phrase": " cause see"}, {"speaker": "MARY", "phrase": " once you turn that key on"}, {"speaker": "MARY", "phrase": " then you hear the\u0294"}, {"speaker": "MARY", "phrase": " the fuel pump come on."}, {"speaker": "ALIC", "phrase": " Mhm."}, {"speaker": "MARY", "phrase": " And if the wire's not connected right"}, {"speaker": "MARY", "phrase": " it doesn't come on."}, {"speaker": "ALIC", "phrase": " Mhm."}, {"speaker": "MARY", "phrase": " So I did that"}, {"speaker": "MARY", "phrase": " and I lit match to find out where I was"}, {"speaker": "MARY", "phrase": " and"}, {"speaker": "MARY", "phrase": " after everything was hunkydory"}, {"speaker": "MARY", "phrase": " then I"}, {"speaker": "MARY", "phrase": " shut the hood"}, {"speaker": "MARY", "phrase": " and got back in"}, {"speaker": "MARY", "phrase": " and I started up the engine and"}, {"speaker": "MARY", "phrase": " both Gary and Rita were sitting on the edges of their seat."}, {"speaker": "MARY", "phrase": " And I turned around and I looked"}, {"speaker": "MARY", "phrase": " and I said"}, {"speaker": "MARY", "phrase": " did I scare you kids ?"}, {"speaker": "MARY", "phrase": " They wouldn't say anything"}, {"speaker": "MARY", "phrase": " then Gary goes"}, {"speaker": "MARY", "phrase": " yeah"}, {"speaker": "MARY", "phrase": " I was scared."}, {"speaker": "MARY", "phrase": "PAUSE"}, {"speaker": "ALIC", "phrase": "PAUSE"}, {"speaker": "MARY", "phrase": "PAUSE"}, {"speaker": "ALIC", "phrase": "PAUSE"}, {"speaker": "MARY", "phrase": " But I freakedthemout"}, {"speaker": "MARY", "phrase": " I don't know."}, {"speaker": "MARY", "phrase": " Then daddy said something about the steering column on my car needing work ?"}, {"speaker": "ALIC", "phrase": " Mhm."}, {"speaker": "MARY", "phrase": " Said long as I don't drive it fast"}, {"speaker": "MARY", "phrase": " it should be alright."}, {"speaker": "MARY", "phrase": " But oh man I don't know."}, {"speaker": "MARY", "phrase": " See the thing about it is"}, {"speaker": "MARY", "phrase": " if I go after Ken"}, {"speaker": "MARY", "phrase": " I'm not really gonna have any money."}, {"speaker": "ALIC", "phrase": " Mhm."}, {"speaker": "MARY", "phrase": " to um"}, {"speaker": "MARY", "phrase": " you know"}, {"speaker": "MARY", "phrase": " do things."}, {"speaker": "MARY", "phrase": " I'm not saying I'm gonna pay for everything"}, {"speaker": "MARY", "phrase": " but"}, {"speaker": "MARY", "phrase": " I don't want to be broke around him."}, {"speaker": "MARY", "phrase": "PAUSE"}, {"speaker": "ALIC", "phrase": " I know"}, {"speaker": "ALIC", "phrase": " that really sucks."}, {"speaker": "MARY", "phrase": " Cause I wanna at least be able to put gas in the car."}, {"speaker": "ALIC", "phrase": "PAUSE"}, {"speaker": "ALIC", "phrase": " Mhm."}, {"speaker": "MARY", "phrase": " and go do something."}, {"speaker": "ALIC", "phrase": " I don't think it's such good idea for you to go up there in the winter."}, {"speaker": "MARY", "phrase": " Mm."}, {"speaker": "MARY", "phrase": " I've been thinking about that."}, {"speaker": "ALIC", "phrase": " We should all get some money together and"}, {"speaker": "ALIC", "phrase": " is there any way he could like."}, {"speaker": "MARY", "phrase": "PAUSE"}, {"speaker": "ALIC", "phrase": " meet us in Great Falls or something ?"}, {"speaker": "ALIC", "phrase": " Cause I'd like to go up there and go to the"}, {"speaker": "ALIC", "phrase": " um"}, {"speaker": "ALIC", "phrase": " Red Lobster ?"}, {"speaker": "MARY", "phrase": " Really ?"}, {"speaker": "ALIC", "phrase": " Yeah."}, {"speaker": "ALIC", "phrase": " Cause I've been just"}, {"speaker": "ALIC", "phrase": " craving seafood."}, {"speaker": "MARY", "phrase": " That's the halfway point"}, {"speaker": "MARY", "phrase": " he could do it."}, {"speaker": "ALIC", "phrase": " Yeah."}, {"speaker": "MARY", "phrase": " I bet he could do it."}, {"speaker": "MARY", "phrase": " When though."}, {"speaker": "ALIC", "phrase": " I don't know."}, {"speaker": "MARY", "phrase": " He goes back to school like the second."}, {"speaker": "ALIC", "phrase": " \u0294uh"}, {"speaker": "ALIC", "phrase": " Oh"}, {"speaker": "ALIC", "phrase": " shoot."}, {"speaker": "ALIC", "phrase": " Well isn't there any way"}, {"speaker": "ALIC", "phrase": " like we."}, {"speaker": "ALIC", "phrase": " that we could just meet him up there and"}, {"speaker": "ALIC", "phrase": " maybe..."}, {"speaker": "MARY", "phrase": " What"}, {"speaker": "MARY", "phrase": " bring him down ?"}, {"speaker": "ALIC", "phrase": " Bring him down"}, {"speaker": "ALIC", "phrase": " or"}, {"speaker": "ALIC", "phrase": " I don't wanna take your car."}, {"speaker": "MARY", "phrase": "PAUSE"}, {"speaker": "ALIC", "phrase": " I was gonna ask you and mom"}, {"speaker": "ALIC", "phrase": " too"}, {"speaker": "ALIC", "phrase": " if you could um"}, {"speaker": "ALIC", "phrase": " take care of Trace for couple days next week."}, {"speaker": "MARY", "phrase": " Oh ?"}, {"speaker": "MARY", "phrase": " What you got in mind."}, {"speaker": "ALIC", "phrase": " I need to get caught up on my work."}, {"speaker": "MARY", "phrase": " Wednesday I have an appointment at nine thirty."}, {"speaker": "ALIC", "phrase": " Mom's off"}, {"speaker": "ALIC", "phrase": " isn't she ?"}, {"speaker": "MARY", "phrase": " Oh"}, {"speaker": "MARY", "phrase": " that's right."}, {"speaker": "MARY", "phrase": " That's right."}, {"speaker": "ALIC", "phrase": " Yeah I think that'd"}, {"speaker": "ALIC", "phrase": " I think that'd um"}, {"speaker": "ALIC", "phrase": " work out"}, {"speaker": "ALIC", "phrase": " like if she had to go shopping or something maybe you could go with her"}, {"speaker": "ALIC", "phrase": " and help her with him ?"}, {"speaker": "ALIC", "phrase": "And Nicky helps her with him a lot anyway."}, {"speaker": "MARY", "phrase": " And then of course he adores me."}, {"speaker": "ALIC", "phrase": "PAUSE"}, {"speaker": "ALIC", "phrase": " Mhm."}, {"speaker": "MARY", "phrase": " I remember I was pregnant with Nicky."}, {"speaker": "MARY", "phrase": " And uh"}, {"speaker": "MARY", "phrase": " Boots's little boy"}, {"speaker": "MARY", "phrase": " he really liked me."}, {"speaker": "ALIC", "phrase": " Mhm."}, {"speaker": "MARY", "phrase": " when I was pregnant with her ?"}, {"speaker": "ALIC", "phrase": " Mhm."}, {"speaker": "MARY", "phrase": " \u0294uh You know how it is when we're pregnant"}, {"speaker": "MARY", "phrase": " we get real sleepy ?"}, {"speaker": "ALIC", "phrase": " Mhm."}, {"speaker": "MARY", "phrase": " I'd fall asleep on the couch"}, {"speaker": "MARY", "phrase": " and he'd lay by me."}, {"speaker": "ALIC", "phrase": " Mhm."}, {"speaker": "MARY", "phrase": " And he'd fall asleep with me."}, {"speaker": "MARY", "phrase": " And I remember he would."}, {"speaker": "MARY", "phrase": " I woke up"}, {"speaker": "MARY", "phrase": " and here he was gone"}, {"speaker": "MARY", "phrase": " his mother carried him in the other room."}, {"speaker": "ALIC", "phrase": " Mhm laugh."}, {"speaker": "MARY", "phrase": " and God"}, {"speaker": "MARY", "phrase": " that kind of pissed me off."}, {"speaker": "ALIC", "phrase": " Was."}, {"speaker": "ALIC", "phrase": " Would um"}, {"speaker": "ALIC", "phrase": " Was Nicky mad when Trace was boy ?"}, {"speaker": "MARY", "phrase": " Kind of."}, {"speaker": "MARY", "phrase": " She thinks I should have twins."}, {"speaker": "MARY", "phrase": " Twin girls."}, {"speaker": "ALIC", "phrase": "PAUSE"}, {"speaker": "MARY", "phrase": " But I don't think she'll realize the uh"}, {"speaker": "MARY", "phrase": " sibling rivalry."}, {"speaker": "ALIC", "phrase": "PAUSE"}, {"speaker": "MARY", "phrase": " But I don't know"}, {"speaker": "MARY", "phrase": " she's six years old now."}, {"speaker": "MARY", "phrase": " And they say that if there's six years between children"}, {"speaker": "MARY", "phrase": " there's not that much rivalry."}, {"speaker": "ALIC", "phrase": " After four there's almost none."}, {"speaker": "MARY", "phrase": " Really ?"}, {"speaker": "ALIC", "phrase": " Mhm."}, {"speaker": "MARY", "phrase": " Cause they're."}, {"speaker": "ALIC", "phrase": " Four is ideal."}, {"speaker": "MARY", "phrase": " they're kind of in different worlds."}, {"speaker": "ALIC", "phrase": " Yeah."}, {"speaker": "ALIC", "phrase": " Because"}, {"speaker": "ALIC", "phrase": " see"}, {"speaker": "ALIC", "phrase": " Trace will be"}, {"speaker": "ALIC", "phrase": " the next time I have baby"}, {"speaker": "ALIC", "phrase": " Trace will probably be"}, {"speaker": "ALIC", "phrase": " about three ?"}, {"speaker": "ALIC", "phrase": " four ?"}, {"speaker": "MARY", "phrase": " Hm."}, {"speaker": "ALIC", "phrase": " That's when I'm gonna get this shit taken out."}, {"speaker": "MARY", "phrase": "PAUSE"}, {"speaker": "ALIC", "phrase": " Tammy Kashen has one of these too."}, {"speaker": "MARY", "phrase": " What is it."}, {"speaker": "ALIC", "phrase": " Norplant ?"}, {"speaker": "MARY", "phrase": " Oh really."}, {"speaker": "ALIC", "phrase": " Deon told me."}, {"speaker": "ALIC", "phrase": " Cause I asked him what his intentions were with her."}, {"speaker": "ALIC", "phrase": " Cause I told him I thought he was too young to be so involved."}, {"speaker": "MARY", "phrase": " Gwen was telling me that"}, {"speaker": "MARY", "phrase": " Did she talk to you lately ?"}, {"speaker": "ALIC", "phrase": " Hmm."}, {"speaker": "MARY", "phrase": " They had cyst on her ovary."}, {"speaker": "MARY", "phrase": " And they had to go in and take it out ?"}, {"speaker": "ALIC", "phrase": " Mhm."}, {"speaker": "MARY", "phrase": " Take out that cyst ?"}, {"speaker": "ALIC", "phrase": " Mhm."}, {"speaker": "MARY", "phrase": " And it's really screwed up her uh."}, {"speaker": "ALIC", "phrase": " menstrual."}, {"speaker": "ALIC", "phrase": " cycle ?"}, {"speaker": "MARY", "phrase": " her cycle"}, {"speaker": "MARY", "phrase": " her"}, {"speaker": "MARY", "phrase": " her hormones ?"}, {"speaker": "ALIC", "phrase": " Unhunh."}, {"speaker": "MARY", "phrase": " And they said that she might have to get pregnant again"}, {"speaker": "MARY", "phrase": " just to straighten it out."}, {"speaker": "ALIC", "phrase": "PAUSE"}, {"speaker": "MARY", "phrase": " So"}, {"speaker": "MARY", "phrase": " and then she goes"}, {"speaker": "MARY", "phrase": " so tell."}, {"speaker": "MARY", "phrase": " tell Deon."}, {"speaker": "MARY", "phrase": " And she really laughed."}, {"speaker": "ALIC", "phrase": "PAUSE"}, {"speaker": "MARY", "phrase": " I don't know if Tammy would be too happy with that though."}, {"speaker": "MARY", "phrase": " Seems to me that she's trying to straighten herself out"}, {"speaker": "MARY", "phrase": " and"}, {"speaker": "MARY", "phrase": " pursue family."}, {"speaker": "ALIC", "phrase": " Tammy ?"}, {"speaker": "MARY", "phrase": " What do you think."}, {"speaker": "ALIC", "phrase": " I don't know."}, {"speaker": "MARY", "phrase": " Or do you think it might be matter of convenience."}, {"speaker": "ALIC", "phrase": " I think it's convenience for both of em."}, {"speaker": "MARY", "phrase": " Yeah ?"}, {"speaker": "MARY", "phrase": " Yeah ?"}, {"speaker": "ALIC", "phrase": " It's also convenience for Cookie."}, {"speaker": "MARY", "phrase": " Oh yeah."}, {"speaker": "MARY", "phrase": "PAUSE"}]}