{"longText": [{"speaker": "MICH", "phrase": " Hm."}, {"speaker": "MICH", "phrase": " yeah."}, {"speaker": "JIM", "phrase": " And even if I go out and ask for it."}, {"speaker": "JIM", "phrase": " you know"}, {"speaker": "JIM", "phrase": " I say"}, {"speaker": "JIM", "phrase": " can I copy that."}, {"speaker": "JIM", "phrase": " I won't feel guilty."}, {"speaker": "JIM", "phrase": " I really won't."}, {"speaker": "JIM", "phrase": " It's just set of instructions"}, {"speaker": "JIM", "phrase": " I used to program."}, {"speaker": "JIM", "phrase": " little bit"}, {"speaker": "JIM", "phrase": " and"}, {"speaker": "JIM", "phrase": " and um"}, {"speaker": "JIM", "phrase": " those guys have so much fun writing those programs."}, {"speaker": "JIM", "phrase": " you know"}, {"speaker": "JIM", "phrase": " that's the\u0294."}, {"speaker": "JIM", "phrase": " I think that's."}, {"speaker": "JIM", "phrase": " that's pretty..."}, {"speaker": "MICH", "phrase": " Yeah well."}, {"speaker": "JIM", "phrase": " \u0294uh That's pretty much the end of it."}, {"speaker": "MICH", "phrase": " creative people generally do what they love to do."}, {"speaker": "JIM", "phrase": " Yeah"}, {"speaker": "JIM", "phrase": " right."}, {"speaker": "JIM", "phrase": " And that's pretty much the end of the truthful part of the process."}, {"speaker": "JIM", "phrase": " The rest of it is all marketing."}, {"speaker": "MICH", "phrase": " Hm."}, {"speaker": "JIM", "phrase": " and the marketplace is uh"}, {"speaker": "JIM", "phrase": " you know"}, {"speaker": "JIM", "phrase": " maybe I think I live in Tangiers."}, {"speaker": "JIM", "phrase": " you know ?"}, {"speaker": "JIM", "phrase": " Maybe I think the marketplace is uh."}, {"speaker": "MICH", "phrase": "PAUSE"}, {"speaker": "JIM", "phrase": " you get what you can get."}, {"speaker": "MICH", "phrase": " yeah."}, {"speaker": "JIM", "phrase": " Uh"}, {"speaker": "JIM", "phrase": " seems to be that way."}, {"speaker": "JIM", "phrase": " you know"}, {"speaker": "JIM", "phrase": " as long as I'm not hurting another person directly"}, {"speaker": "JIM", "phrase": "PAUSE"}, {"speaker": "MICH", "phrase": " Right."}, {"speaker": "JIM", "phrase": " You know ?"}, {"speaker": "JIM", "phrase": " or even indirectly."}, {"speaker": "JIM", "phrase": " but just throwing my money out there"}, {"speaker": "JIM", "phrase": " he may never see penny of it."}, {"speaker": "JIM", "phrase": " he may have sold the rights."}, {"speaker": "MICH", "phrase": "PAUSE"}, {"speaker": "JIM", "phrase": " outright."}, {"speaker": "JIM", "phrase": " You laugh know laugh ?"}, {"speaker": "MICH", "phrase": "PAUSE"}, {"speaker": "JIM", "phrase": "PAUSE"}, {"speaker": "MICH", "phrase": " That certainly happens in music."}, {"speaker": "JIM", "phrase": " Happens laugh yes laugh."}, {"speaker": "JIM", "phrase": " \u0294yeah."}, {"speaker": "MICH", "phrase": " Yeah."}, {"speaker": "JIM", "phrase": " You know ?"}, {"speaker": "JIM", "phrase": " I mean it happens all over the place."}, {"speaker": "MICH", "phrase": " You know I wish I was"}, {"speaker": "MICH", "phrase": " uh"}, {"speaker": "MICH", "phrase": " the person"}, {"speaker": "MICH", "phrase": " whose voice they used in the telephone"}, {"speaker": "MICH", "phrase": " when it tells you"}, {"speaker": "MICH", "phrase": " the number has been changed"}, {"speaker": "MICH", "phrase": " And that I had uh"}, {"speaker": "MICH", "phrase": " copyright"}, {"speaker": "MICH", "phrase": "PAUSE"}, {"speaker": "MICH", "phrase": " get some royalties."}, {"speaker": "MICH", "phrase": " Like"}, {"speaker": "MICH", "phrase": " that lady"}, {"speaker": "MICH", "phrase": " you know"}, {"speaker": "MICH", "phrase": " you hear"}, {"speaker": "MICH", "phrase": " the number you have reached"}, {"speaker": "MICH", "phrase": " daduh daduh daduh daduh daduh daduh."}, {"speaker": "JIM", "phrase": " they got different woman"}, {"speaker": "JIM", "phrase": " didn't they."}, {"speaker": "MICH", "phrase": " Hunh ?"}, {"speaker": "JIM", "phrase": " didn't they get different woman ?"}, {"speaker": "JIM", "phrase": " When she tried to do that ?"}, {"speaker": "MICH", "phrase": " I don't know if they did."}, {"speaker": "JIM", "phrase": " they"}, {"speaker": "JIM", "phrase": " they"}, {"speaker": "JIM", "phrase": " they hired another voice."}, {"speaker": "MICH", "phrase": " I didn't hear any followup."}, {"speaker": "MICH", "phrase": " but."}, {"speaker": "JIM", "phrase": " that's what I thought that they did anyways."}, {"speaker": "MICH", "phrase": " Yeah ?"}, {"speaker": "MICH", "phrase": " hunh."}, {"speaker": "MICH", "phrase": " they certainly use her lot."}, {"speaker": "MICH", "phrase": " But I mean."}, {"speaker": "MICH", "phrase": " they only use"}, {"speaker": "MICH", "phrase": " what."}, {"speaker": "MICH", "phrase": " \u0294uh."}, {"speaker": "MICH", "phrase": " five seconds total or something ?"}, {"speaker": "MICH", "phrase": " You know"}, {"speaker": "MICH", "phrase": " it's."}, {"speaker": "MICH", "phrase": "PAUSE"}, {"speaker": "JIM", "phrase": " Probably took her long time to"}, {"speaker": "JIM", "phrase": " to say every possible combination."}, {"speaker": "MICH", "phrase": " oh but"}, {"speaker": "MICH", "phrase": " \u0294they."}, {"speaker": "MICH", "phrase": " \u0294the computer does that."}, {"speaker": "MICH", "phrase": " All she has to do is say each digit."}, {"speaker": "MICH", "phrase": " and the computer."}, {"speaker": "JIM", "phrase": " Oh that's all it is."}, {"speaker": "MICH", "phrase": " Yeah."}, {"speaker": "MICH", "phrase": " it's like series of samples."}, {"speaker": "JIM", "phrase": " And it automatically sorts em."}, {"speaker": "MICH", "phrase": " Unhunh."}, {"speaker": "JIM", "phrase": " Yeah."}, {"speaker": "MICH", "phrase": " right."}, {"speaker": "MICH", "phrase": " yeah."}, {"speaker": "MICH", "phrase": " so it's"}, {"speaker": "MICH", "phrase": " Probably the total actual speaking that they use"}, {"speaker": "MICH", "phrase": " is pretty short."}, {"speaker": "MICH", "phrase": " It would be much more pleasant if they had done all the combinations though."}, {"speaker": "MICH", "phrase": " You know"}, {"speaker": "MICH", "phrase": " call it up"}, {"speaker": "MICH", "phrase": " and there's something that actually says your number"}, {"speaker": "MICH", "phrase": " in toto"}, {"speaker": "MICH", "phrase": " You know ?"}, {"speaker": "JIM", "phrase": " Yeah."}, {"speaker": "JIM", "phrase": " Or"}, {"speaker": "JIM", "phrase": " because it recognizes your phone number"}, {"speaker": "JIM", "phrase": " it automatically goes into the computer"}, {"speaker": "JIM", "phrase": " finds that."}, {"speaker": "MICH", "phrase": " Yeah."}, {"speaker": "JIM", "phrase": " and."}, {"speaker": "JIM", "phrase": " and names the name."}, {"speaker": "MICH", "phrase": " that sample."}, {"speaker": "JIM", "phrase": " Thank you Mister Smith"}, {"speaker": "JIM", "phrase": " for calling Pacific Bell."}, {"speaker": "JIM", "phrase": "PAUSE"}, {"speaker": "MICH", "phrase": " yeah"}, {"speaker": "MICH", "phrase": " right."}, {"speaker": "MICH", "phrase": " You know laugh"}, {"speaker": "MICH", "phrase": "PAUSE"}, {"speaker": "JIM", "phrase": " I am your personal computer representative."}, {"speaker": "JIM", "phrase": "PAUSE"}, {"speaker": "MICH", "phrase": " That'd be great."}, {"speaker": "JIM", "phrase": "PAUSE"}, {"speaker": "MICH", "phrase": "PAUSE"}, {"speaker": "JIM", "phrase": " Push one"}, {"speaker": "JIM", "phrase": " if you wish to know my phone number"}, {"speaker": "JIM", "phrase": " push two"}, {"speaker": "JIM", "phrase": " if you wish to..."}, {"speaker": "MICH", "phrase": "PAUSE"}, {"speaker": "MICH", "phrase": " My phone number that I..."}, {"speaker": "JIM", "phrase": " you know have dinner with me"}, {"speaker": "JIM", "phrase": " push three."}, {"speaker": "MICH", "phrase": "PAUSE"}, {"speaker": "JIM", "phrase": " if you want to uh"}, {"speaker": "JIM", "phrase": " \u0294uh..."}, {"speaker": "MICH", "phrase": " Artificial intelligence personality"}, {"speaker": "MICH", "phrase": " that you call up."}, {"speaker": "JIM", "phrase": " Yeah laugh so laugh"}, {"speaker": "JIM", "phrase": " if you do not like this personality"}, {"speaker": "JIM", "phrase": " push zero"}, {"speaker": "JIM", "phrase": " and a new personality."}, {"speaker": "MICH", "phrase": " Yeah laugh."}, {"speaker": "MICH", "phrase": "PAUSE"}, {"speaker": "JIM", "phrase": " will be provided for you."}, {"speaker": "MICH", "phrase": " \u0294Yeah."}, {"speaker": "JIM", "phrase": " at no extra charge."}, {"speaker": "MICH", "phrase": " \u0294Yeah."}, {"speaker": "MICH", "phrase": " Hunh."}, {"speaker": "JIM", "phrase": " You are allowed up to five personalities in one phone call."}, {"speaker": "JIM", "phrase": "PAUSE"}, {"speaker": "MICH", "phrase": "PAUSE"}, {"speaker": "JIM", "phrase": "PAUSE"}, {"speaker": "JIM", "phrase": " \u0294uh well the networking of computers is getting uh such that"}, {"speaker": "JIM", "phrase": " you know"}, {"speaker": "JIM", "phrase": " almost anything's possible."}, {"speaker": "JIM", "phrase": " Any..."}, {"speaker": "MICH", "phrase": " Yeah"}, {"speaker": "MICH", "phrase": " that's why I like it."}, {"speaker": "JIM", "phrase": " It's just matrixing"}, {"speaker": "JIM", "phrase": " and"}, {"speaker": "JIM", "phrase": " just"}, {"speaker": "JIM", "phrase": " constantly"}, {"speaker": "JIM", "phrase": " building and building"}, {"speaker": "JIM", "phrase": " upon building upon building"}, {"speaker": "JIM", "phrase": " on these complexities"}, {"speaker": "JIM", "phrase": " and building controllers for them."}, {"speaker": "MICH", "phrase": " That's right"}, {"speaker": "MICH", "phrase": " and."}, {"speaker": "JIM", "phrase": " and building on top of those."}, {"speaker": "MICH", "phrase": " And you're building on the thoughts of your predecessors."}, {"speaker": "JIM", "phrase": "PAUSE"}, {"speaker": "MICH", "phrase": " but your predecessors"}, {"speaker": "MICH", "phrase": " in this case"}, {"speaker": "MICH", "phrase": " could be like last year."}, {"speaker": "JIM", "phrase": "PAUSE"}, {"speaker": "MICH", "phrase": " You know it's like"}, {"speaker": "MICH", "phrase": " it's moving so fast."}, {"speaker": "JIM", "phrase": " Oh."}, {"speaker": "JIM", "phrase": " So fast."}, {"speaker": "MICH", "phrase": " It's like..."}, {"speaker": "JIM", "phrase": "PAUSE"}, {"speaker": "MICH", "phrase": " It's reflection of the brain"}, {"speaker": "MICH", "phrase": " and it's communication like books"}, {"speaker": "MICH", "phrase": " but it's much quicker."}, {"speaker": "MICH", "phrase": " And it's like."}, {"speaker": "JIM", "phrase": " but when they get..."}, {"speaker": "MICH", "phrase": " if you can think of something and define it"}, {"speaker": "MICH", "phrase": " you can make it happen."}, {"speaker": "MICH", "phrase": " If it just about information."}, {"speaker": "MICH", "phrase": " I mean you can't..."}, {"speaker": "JIM", "phrase": " If it's just about information"}, {"speaker": "JIM", "phrase": " that's very true."}, {"speaker": "MICH", "phrase": " Yeah."}, {"speaker": "MICH", "phrase": " You can't conjure something up"}, {"speaker": "MICH", "phrase": " like car out of nothing."}, {"speaker": "MICH", "phrase": " But"}, {"speaker": "MICH", "phrase": "PAUSE"}, {"speaker": "JIM", "phrase": " well with the superconductors"}, {"speaker": "JIM", "phrase": " uh"}, {"speaker": "JIM", "phrase": " that's gonna make it"}, {"speaker": "JIM", "phrase": " you know"}, {"speaker": "JIM", "phrase": " so economical."}, {"speaker": "MICH", "phrase": " mhm."}, {"speaker": "JIM", "phrase": " for everybody"}, {"speaker": "JIM", "phrase": " to have"}, {"speaker": "JIM", "phrase": " all the electronic"}, {"speaker": "JIM", "phrase": " this and that that they want"}, {"speaker": "JIM", "phrase": " because there'll be so little loss of electricity."}, {"speaker": "MICH", "phrase": " Yeah."}, {"speaker": "MICH", "phrase": " And it'll be small."}, {"speaker": "JIM", "phrase": " You know and it."}, {"speaker": "JIM", "phrase": " It'll be so small"}, {"speaker": "JIM", "phrase": " that we'll have enormous."}, {"speaker": "JIM", "phrase": " uh\u0294."}, {"speaker": "JIM", "phrase": " we should have an enormous supply of it."}, {"speaker": "MICH", "phrase": " yeah like"}, {"speaker": "MICH", "phrase": " every light switch will have its own computer or something you know."}, {"speaker": "MICH", "phrase": " Basically"}, {"speaker": "MICH", "phrase": " because it'll be cheap enough that"}, {"speaker": "MICH", "phrase": " cheap as switch these days or something."}, {"speaker": "JIM", "phrase": " it won't cost anything."}, {"speaker": "MICH", "phrase": " you know ?"}, {"speaker": "JIM", "phrase": "PAUSE"}, {"speaker": "JIM", "phrase": " and it."}, {"speaker": "JIM", "phrase": " \u0294and when they go into outer space"}, {"speaker": "JIM", "phrase": " and start growing this those uh"}, {"speaker": "JIM", "phrase": " silicon chips without any flaws."}, {"speaker": "MICH", "phrase": " Hm."}, {"speaker": "JIM", "phrase": " they'll be able to uh"}, {"speaker": "JIM", "phrase": " grow circuitry that is so complicated"}, {"speaker": "JIM", "phrase": " that"}, {"speaker": "JIM", "phrase": " you know"}, {"speaker": "JIM", "phrase": " that gravity destroys it."}, {"speaker": "JIM", "phrase": " so they'll be able to uh."}, {"speaker": "MICH", "phrase": " Hm."}, {"speaker": "JIM", "phrase": " uh."}, {"speaker": "MICH", "phrase": " Yeah."}, {"speaker": "JIM", "phrase": " \u0294uh."}, {"speaker": "JIM", "phrase": " they'll be able to get these fantastic uh circuits"}, {"speaker": "JIM", "phrase": " like say for whole television set"}, {"speaker": "JIM", "phrase": " just on one chip."}, {"speaker": "JIM", "phrase": " And uh."}, {"speaker": "MICH", "phrase": "PAUSE"}, {"speaker": "JIM", "phrase": " uh"}, {"speaker": "JIM", "phrase": " and then it'll harden out there"}, {"speaker": "JIM", "phrase": " and they'll bring it back."}, {"speaker": "JIM", "phrase": " uh"}, {"speaker": "JIM", "phrase": " the whole thing is s."}, {"speaker": "MICH", "phrase": "PAUSE"}, {"speaker": "JIM", "phrase": " is s"}, {"speaker": "JIM", "phrase": " is so sensational."}, {"speaker": "MICH", "phrase": " That'll be expensive at first."}, {"speaker": "JIM", "phrase": " God."}, {"speaker": "JIM", "phrase": " But can you..."}, {"speaker": "MICH", "phrase": " growingthemin space"}, {"speaker": "MICH", "phrase": " but that's great."}, {"speaker": "JIM", "phrase": " yeah."}, {"speaker": "JIM", "phrase": " it'll."}, {"speaker": "JIM", "phrase": " it'll uh"}, {"speaker": "JIM", "phrase": " it'll be worth it."}, {"speaker": "MICH", "phrase": " In."}, {"speaker": "MICH", "phrase": " This technology out of most of"}, {"speaker": "MICH", "phrase": " uh"}, {"speaker": "MICH", "phrase": " anything in the past"}, {"speaker": "MICH", "phrase": " has."}, {"speaker": "MICH", "phrase": " it's becoming like we're shaping our our destiny"}, {"speaker": "MICH", "phrase": " or ourselves."}, {"speaker": "MICH", "phrase": " um"}, {"speaker": "MICH", "phrase": " with this technology"}, {"speaker": "MICH", "phrase": " more than we have in \u0294uh with any other in the past"}, {"speaker": "MICH", "phrase": " it seems."}, {"speaker": "MICH", "phrase": " just like"}, {"speaker": "MICH", "phrase": " whatever we think it \u0294uh."}, {"speaker": "MICH", "phrase": " we can make it."}, {"speaker": "MICH", "phrase": " but there's one technology that's um"}, {"speaker": "MICH", "phrase": " gonna overtake that"}, {"speaker": "MICH", "phrase": " and that's DNA research."}, {"speaker": "MICH", "phrase": " which is"}, {"speaker": "MICH", "phrase": " like"}, {"speaker": "MICH", "phrase": " total scam at this point"}, {"speaker": "MICH", "phrase": " still it's"}, {"speaker": "MICH", "phrase": " they're just like"}, {"speaker": "MICH", "phrase": " bombarding \u0294uh organisms with radiation"}, {"speaker": "MICH", "phrase": " to see what comes up."}, {"speaker": "MICH", "phrase": " you know."}, {"speaker": "MICH", "phrase": " We have very little control over it."}, {"speaker": "MICH", "phrase": " But once we do"}, {"speaker": "MICH", "phrase": " we'll be able to program biology as well."}, {"speaker": "JIM", "phrase": " Well that's pretty frightening concept."}, {"speaker": "MICH", "phrase": " It is frightening but."}, {"speaker": "JIM", "phrase": " We can't even control our freeways."}, {"speaker": "MICH", "phrase": " um"}, {"speaker": "MICH", "phrase": " I know."}, {"speaker": "JIM", "phrase": " you know ?"}, {"speaker": "MICH", "phrase": "PAUSE"}, {"speaker": "JIM", "phrase": " I mean."}, {"speaker": "MICH", "phrase": " but"}, {"speaker": "MICH", "phrase": " \u0294uh."}, {"speaker": "MICH", "phrase": " the thing is"}, {"speaker": "MICH", "phrase": " any technology that comes up"}, {"speaker": "MICH", "phrase": " it gets used."}, {"speaker": "MICH", "phrase": " Once it's out there in the open."}, {"speaker": "JIM", "phrase": "PAUSE"}, {"speaker": "MICH", "phrase": "..."}, {"speaker": "JIM", "phrase": " Well I hope..."}, {"speaker": "MICH", "phrase": " the society as whole."}, {"speaker": "JIM", "phrase": " I hope they use fractals."}, {"speaker": "JIM", "phrase": " Are you familiar with fractals ?"}, {"speaker": "MICH", "phrase": " Unhunh."}, {"speaker": "JIM", "phrase": " Yeah"}, {"speaker": "JIM", "phrase": " I hope they use lot of fractals."}, {"speaker": "JIM", "phrase": " Because f..."}, {"speaker": "MICH", "phrase": " in biology research ?"}, {"speaker": "JIM", "phrase": " \u0294uh"}, {"speaker": "JIM", "phrase": " \u0294uh No."}, {"speaker": "JIM", "phrase": " But in"}, {"speaker": "JIM", "phrase": " well"}, {"speaker": "JIM", "phrase": " the connection between mathematics and biology"}, {"speaker": "JIM", "phrase": " can be found..."}, {"speaker": "MICH", "phrase": " unhunh."}, {"speaker": "JIM", "phrase": " uh"}, {"speaker": "JIM", "phrase": " more easily with fractals"}, {"speaker": "JIM", "phrase": " than it can with uh regular mathematics."}, {"speaker": "MICH", "phrase": " Yeah."}, {"speaker": "JIM", "phrase": "PAUSE"}, {"speaker": "MICH", "phrase": " Yeah."}, {"speaker": "JIM", "phrase": " So"}, {"speaker": "JIM", "phrase": " you know"}, {"speaker": "JIM", "phrase": " I'm looking for the connection"}, {"speaker": "JIM", "phrase": " between science and"}, {"speaker": "JIM", "phrase": " and religion and"}, {"speaker": "JIM", "phrase": " and and and biology."}, {"speaker": "MICH", "phrase": " mhm."}, {"speaker": "JIM", "phrase": " as it were"}, {"speaker": "JIM", "phrase": "PAUSE"}, {"speaker": "JIM", "phrase": " you know"}, {"speaker": "JIM", "phrase": " the living as spiritual"}, {"speaker": "JIM", "phrase": " and the."}, {"speaker": "JIM", "phrase": " and the."}, {"speaker": "MICH", "phrase": " Like the ancient science were."}, {"speaker": "JIM", "phrase": " and the."}, {"speaker": "JIM", "phrase": " and the scientific"}, {"speaker": "JIM", "phrase": " Pardon ?"}, {"speaker": "MICH", "phrase": " it was"}, {"speaker": "MICH", "phrase": " like the ancient science"}, {"speaker": "MICH", "phrase": " it was just branch of knowledge"}, {"speaker": "MICH", "phrase": " which included all knowledge basi cally."}, {"speaker": "JIM", "phrase": " Alchemy."}, {"speaker": "JIM", "phrase": " alchemy."}, {"speaker": "JIM", "phrase": " Right ?"}, {"speaker": "MICH", "phrase": " Unhunh."}, {"speaker": "JIM", "phrase": " yeah."}, {"speaker": "MICH", "phrase": "PAUSE"}, {"speaker": "MICH", "phrase": " Whatever gets the job done."}, {"speaker": "JIM", "phrase": "PAUSE"}, {"speaker": "JIM", "phrase": " the gestalt."}, {"speaker": "MICH", "phrase": "PAUSE"}, {"speaker": "JIM", "phrase": " the totality is taken into account"}, {"speaker": "JIM", "phrase": " as opposed to"}, {"speaker": "JIM", "phrase": " as opposed to the observer."}, {"speaker": "MICH", "phrase": " Right."}, {"speaker": "JIM", "phrase": " you know"}, {"speaker": "JIM", "phrase": " I remember"}, {"speaker": "JIM", "phrase": " back in the psychedelic days"}, {"speaker": "JIM", "phrase": " there was this poster of the scientist."}, {"speaker": "JIM", "phrase": " I've always been on"}, {"speaker": "JIM", "phrase": " kind of crusade"}, {"speaker": "JIM", "phrase": " \u0294uh for scientific uh"}, {"speaker": "JIM", "phrase": " responsibility."}, {"speaker": "JIM", "phrase": " Right ?"}, {"speaker": "JIM", "phrase": " And scientists are"}, {"speaker": "JIM", "phrase": " are taking such control over the world these days."}, {"speaker": "JIM", "phrase": " uh with their"}, {"speaker": "JIM", "phrase": " you know"}, {"speaker": "JIM", "phrase": " not the scientists"}, {"speaker": "JIM", "phrase": " but what they've invented."}, {"speaker": "JIM", "phrase": " And the way it's marketed"}, {"speaker": "JIM", "phrase": " and the way we're."}, {"speaker": "JIM", "phrase": " we develop needs for it."}, {"speaker": "JIM", "phrase": " And I remember this cartoon I saw"}, {"speaker": "JIM", "phrase": " of"}, {"speaker": "JIM", "phrase": " of"}, {"speaker": "JIM", "phrase": " it was called The Scientist."}, {"speaker": "JIM", "phrase": " and it had this"}, {"speaker": "JIM", "phrase": " this wonderful stone statue"}, {"speaker": "JIM", "phrase": " about twenty stories tall"}, {"speaker": "JIM", "phrase": " of naked man"}, {"speaker": "JIM", "phrase": " and naked woman"}, {"speaker": "JIM", "phrase": " intertwined with each other"}, {"speaker": "JIM", "phrase": " hugging each other"}, {"speaker": "JIM", "phrase": " full frontal"}, {"speaker": "JIM", "phrase": " and their arms wrapped around each other"}, {"speaker": "JIM", "phrase": " and then they."}, {"speaker": "JIM", "phrase": " they looked like they were so intertwined"}, {"speaker": "JIM", "phrase": " and they spiraled down and"}, {"speaker": "JIM", "phrase": " and they're."}, {"speaker": "JIM", "phrase": " they're statue."}, {"speaker": "JIM", "phrase": " right."}, {"speaker": "MICH", "phrase": " Hm."}, {"speaker": "JIM", "phrase": " made out of stone."}, {"speaker": "JIM", "phrase": " and they're"}, {"speaker": "JIM", "phrase": " and the whole base of the statue is crumbling."}, {"speaker": "JIM", "phrase": " Right ?"}, {"speaker": "JIM", "phrase": " And it's just like rubble."}, {"speaker": "JIM", "phrase": " like from"}, {"speaker": "JIM", "phrase": " just below the knees"}, {"speaker": "JIM", "phrase": " down"}, {"speaker": "JIM", "phrase": " was just kind of rubble."}, {"speaker": "JIM", "phrase": " but the rest of it was all real clear"}, {"speaker": "JIM", "phrase": " few\u0294 little."}, {"speaker": "JIM", "phrase": " some of it was chipped off"}, {"speaker": "JIM", "phrase": " you know"}, {"speaker": "JIM", "phrase": " it was old but"}, {"speaker": "JIM", "phrase": " and."}, {"speaker": "JIM", "phrase": " and down at the bottom"}, {"speaker": "JIM", "phrase": " of this"}, {"speaker": "JIM", "phrase": " this rubble"}, {"speaker": "JIM", "phrase": " was this little man."}, {"speaker": "JIM", "phrase": " who was scientist."}, {"speaker": "JIM", "phrase": " And he had this big magnifying glass."}, {"speaker": "JIM", "phrase": " and he was looking at the rubble."}, {"speaker": "JIM", "phrase": " Looking with his head down."}, {"speaker": "MICH", "phrase": "PAUSE"}, {"speaker": "MICH", "phrase": " Hm."}, {"speaker": "JIM", "phrase": " not looking up at the statue"}, {"speaker": "JIM", "phrase": " and seeing the love"}, {"speaker": "JIM", "phrase": " and the symbol there"}, {"speaker": "JIM", "phrase": " but looking down at the crumbs"}, {"speaker": "JIM", "phrase": " you know."}, {"speaker": "MICH", "phrase": " Hm."}, {"speaker": "JIM", "phrase": " at the rubble at the bottom."}, {"speaker": "JIM", "phrase": " With his magnifying glass."}, {"speaker": "JIM", "phrase": " and"}, {"speaker": "JIM", "phrase": " and"}, {"speaker": "JIM", "phrase": " to me that"}, {"speaker": "JIM", "phrase": " that always symbolized"}, {"speaker": "JIM", "phrase": " kind of rather clearly"}, {"speaker": "JIM", "phrase": " the limitations of the scientific method."}, {"speaker": "JIM", "phrase": "PAUSE"}, {"speaker": "JIM", "phrase": " if it doesn't take into account."}, {"speaker": "MICH", "phrase": " well."}, {"speaker": "JIM", "phrase": " the."}, {"speaker": "JIM", "phrase": " the the the whole human experience"}, {"speaker": "JIM", "phrase": " and"}, {"speaker": "JIM", "phrase": " including"}, {"speaker": "JIM", "phrase": " the unbelievable parts of it."}, {"speaker": "JIM", "phrase": " the parts that are just legend."}, {"speaker": "JIM", "phrase": " and myth."}, {"speaker": "JIM", "phrase": " and"}, {"speaker": "JIM", "phrase": " and uh"}, {"speaker": "JIM", "phrase": " alluded to."}, {"speaker": "MICH", "phrase": " you mean the theories."}, {"speaker": "JIM", "phrase": " and"}, {"speaker": "JIM", "phrase": " and the psychedelic experiences"}, {"speaker": "JIM", "phrase": " and the subjective."}, {"speaker": "MICH", "phrase": " oh"}, {"speaker": "MICH", "phrase": " on that side."}, {"speaker": "JIM", "phrase": " you know"}, {"speaker": "JIM", "phrase": " and insanity"}, {"speaker": "JIM", "phrase": " and."}, {"speaker": "MICH", "phrase": "PAUSE"}, {"speaker": "JIM", "phrase": " What"}, {"speaker": "JIM", "phrase": " I mean."}, {"speaker": "MICH", "phrase": " well."}, {"speaker": "JIM", "phrase": " you know they..."}, {"speaker": "MICH", "phrase": " \u0294uh."}, {"speaker": "JIM", "phrase": " They've got to take into account."}, {"speaker": "MICH", "phrase": " \u0294uh."}, {"speaker": "JIM", "phrase": " uh."}, {"speaker": "MICH", "phrase": " but"}, {"speaker": "MICH", "phrase": " you can't."}, {"speaker": "JIM", "phrase": " the East"}, {"speaker": "JIM", "phrase": " with all its"}, {"speaker": "JIM", "phrase": " with all its fantastic discoveries."}, {"speaker": "MICH", "phrase": " but you can't look at the stars with microscope."}, {"speaker": "MICH", "phrase": " And science is microscope."}, {"speaker": "MICH", "phrase": " Each scientist has their"}, {"speaker": "MICH", "phrase": " their field of um"}, {"speaker": "MICH", "phrase": " expertise"}, {"speaker": "MICH", "phrase": " and if they're gonna go"}, {"speaker": "MICH", "phrase": " if they're gonna stretch out far enough into the\u0294."}, {"speaker": "MICH", "phrase": " the unknown."}, {"speaker": "MICH", "phrase": " where they can find something new."}, {"speaker": "MICH", "phrase": " They have to do it in straight line."}, {"speaker": "MICH", "phrase": " They can't do it."}, {"speaker": "JIM", "phrase": " that's true."}, {"speaker": "MICH", "phrase": " in all directions at once."}, {"speaker": "MICH", "phrase": " Because then you run into things that we already know."}, {"speaker": "MICH", "phrase": " So the problem is communication between..."}, {"speaker": "JIM", "phrase": " but they're doing it"}, {"speaker": "JIM", "phrase": " they're doing it with mathematics."}, {"speaker": "JIM", "phrase": " Right ?"}, {"speaker": "JIM", "phrase": " I mean."}, {"speaker": "MICH", "phrase": " Well."}, {"speaker": "JIM", "phrase": " no."}, {"speaker": "MICH", "phrase": " but the"}, {"speaker": "MICH", "phrase": " problem is"}, {"speaker": "MICH", "phrase": " communication between the branches of science."}, {"speaker": "JIM", "phrase": " mhm."}, {"speaker": "MICH", "phrase": " I think."}, {"speaker": "JIM", "phrase": " that's true."}, {"speaker": "MICH", "phrase": " cause"}, {"speaker": "MICH", "phrase": " who's gonna be able to hold"}, {"speaker": "MICH", "phrase": " all that knowledge"}, {"speaker": "MICH", "phrase": " and make the connections."}, {"speaker": "JIM", "phrase": " Well"}, {"speaker": "JIM", "phrase": " the philosophers"}, {"speaker": "JIM", "phrase": " and the spiritual leaders"}, {"speaker": "JIM", "phrase": " and"}, {"speaker": "JIM", "phrase": " I mean"}, {"speaker": "JIM", "phrase": " cause"}, {"speaker": "JIM", "phrase": " the stuff can be understand"}, {"speaker": "JIM", "phrase": " understood"}, {"speaker": "JIM", "phrase": " The goals."}, {"speaker": "MICH", "phrase": " Those people can tell you."}, {"speaker": "JIM", "phrase": " or the"}, {"speaker": "JIM", "phrase": " or the cutting."}, {"speaker": "JIM", "phrase": " cutting edge"}, {"speaker": "JIM", "phrase": " can be understand."}, {"speaker": "JIM", "phrase": " understood intellectually"}, {"speaker": "JIM", "phrase": "PAUSE"}, {"speaker": "MICH", "phrase": " but those people can't tell you the details."}, {"speaker": "MICH", "phrase": " they know the whole structure"}, {"speaker": "MICH", "phrase": " but see."}, {"speaker": "JIM", "phrase": " well the..."}, {"speaker": "MICH", "phrase": " it's like both sides."}, {"speaker": "MICH", "phrase": " You have to have somebody looking at the details."}, {"speaker": "JIM", "phrase": " got to have leader."}, {"speaker": "MICH", "phrase": " and somebody looking at the."}, {"speaker": "MICH", "phrase": "PAUSE"}, {"speaker": "JIM", "phrase": " and you got to have"}, {"speaker": "JIM", "phrase": " bunch of workers."}, {"speaker": "JIM", "phrase": " You know ?"}, {"speaker": "MICH", "phrase": " Yeah."}, {"speaker": "JIM", "phrase": " And you gotta have somebody."}, {"speaker": "MICH", "phrase": " right."}, {"speaker": "JIM", "phrase": " who isn't necessarily inclined to deal with the details that much"}, {"speaker": "JIM", "phrase": " who's guiding"}, {"speaker": "JIM", "phrase": " those who are willing to sit there."}, {"speaker": "MICH", "phrase": " I guess that's the problem."}, {"speaker": "JIM", "phrase": " and make all the..."}, {"speaker": "MICH", "phrase": " we don't have guider."}, {"speaker": "JIM", "phrase": " yeah."}, {"speaker": "JIM", "phrase": " there's no"}, {"speaker": "JIM", "phrase": " there's no lead"}, {"speaker": "JIM", "phrase": " or there's no focus."}, {"speaker": "MICH", "phrase": " yeah."}, {"speaker": "JIM", "phrase": " and..."}, {"speaker": "MICH", "phrase": " That's right."}, {"speaker": "JIM", "phrase": " and uh"}, {"speaker": "JIM", "phrase": " you know"}, {"speaker": "JIM", "phrase": " I think"}, {"speaker": "JIM", "phrase": " I think that"}, {"speaker": "JIM", "phrase": " one of the reasons that there's been no focus is because"}, {"speaker": "JIM", "phrase": " \u0294uh uh"}, {"speaker": "JIM", "phrase": " everybody accepted the scientific method as the best tool that we have"}, {"speaker": "JIM", "phrase": " And was kinda letting the scientific method be the..."}, {"speaker": "MICH", "phrase": " Mhm."}, {"speaker": "JIM", "phrase": " be the leader."}, {"speaker": "JIM", "phrase": " The."}, {"speaker": "JIM", "phrase": " you know"}, {"speaker": "JIM", "phrase": " just continue inventorying and."}, {"speaker": "MICH", "phrase": " Well those people who are doing research."}, {"speaker": "JIM", "phrase": " continue inventorying"}, {"speaker": "JIM", "phrase": " cataloging"}, {"speaker": "JIM", "phrase": " \u0294uh experimenting"}, {"speaker": "JIM", "phrase": " You know."}, {"speaker": "JIM", "phrase": " documenting."}, {"speaker": "JIM", "phrase": " uh"}, {"speaker": "JIM", "phrase": " uh"}, {"speaker": "JIM", "phrase": " whatever."}, {"speaker": "JIM", "phrase": " and"}, {"speaker": "JIM", "phrase": " instead of"}, {"speaker": "JIM", "phrase": " instead of uh"}, {"speaker": "JIM", "phrase": " uh coming at it from another direction."}, {"speaker": "JIM", "phrase": " Trying to find"}, {"speaker": "JIM", "phrase": " trying to find"}, {"speaker": "JIM", "phrase": " uh"}, {"speaker": "JIM", "phrase": " trying to find ways to"}, {"speaker": "JIM", "phrase": " to"}, {"speaker": "JIM", "phrase": " like with with Einstein for example"}, {"speaker": "JIM", "phrase": " you know"}, {"speaker": "JIM", "phrase": " uh"}, {"speaker": "JIM", "phrase": " it seemed to me"}, {"speaker": "JIM", "phrase": " he was trying to."}, {"speaker": "JIM", "phrase": " he was."}, {"speaker": "JIM", "phrase": " experimenting with"}, {"speaker": "JIM", "phrase": " with new ways of doing things"}, {"speaker": "JIM", "phrase": " you know."}, {"speaker": "MICH", "phrase": " well thinking about things."}, {"speaker": "JIM", "phrase": "PAUSE"}, {"speaker": "JIM", "phrase": " uh and thinking about things"}, {"speaker": "JIM", "phrase": " and he was trying to."}, {"speaker": "JIM", "phrase": " he."}, {"speaker": "JIM", "phrase": " I think he was ultimately trying to"}, {"speaker": "JIM", "phrase": " trying to discover the speed of his own thought."}, {"speaker": "JIM", "phrase": "PAUSE"}, {"speaker": "MICH", "phrase": " Hm."}, {"speaker": "JIM", "phrase": " You know"}, {"speaker": "JIM", "phrase": " I mean"}, {"speaker": "JIM", "phrase": " \u0294uh he was like"}, {"speaker": "JIM", "phrase": " really off into wonderful abstract notions"}, {"speaker": "JIM", "phrase": " that were all based in peaceful world."}, {"speaker": "MICH", "phrase": "PAUSE"}, {"speaker": "JIM", "phrase": " You know ?"}, {"speaker": "JIM", "phrase": " that couldn't exist unless he was secure."}, {"speaker": "JIM", "phrase": " that we had peaceful world."}, {"speaker": "JIM", "phrase": " or that that peace was part of it."}, {"speaker": "JIM", "phrase": " Of what he was about."}, {"speaker": "JIM", "phrase": " and"}, {"speaker": "JIM", "phrase": " so much of today's technology is soulless."}, {"speaker": "JIM", "phrase": " and has nothing to do with peace"}, {"speaker": "JIM", "phrase": " it has to do with"}, {"speaker": "JIM", "phrase": " just generally"}, {"speaker": "JIM", "phrase": " chewing up"}, {"speaker": "JIM", "phrase": " you know"}, {"speaker": "JIM", "phrase": " consumerism basically and."}, {"speaker": "MICH", "phrase": " Mhm."}, {"speaker": "JIM", "phrase": " chewing up."}, {"speaker": "JIM", "phrase": "PAUSE"}, {"speaker": "JIM", "phrase": " chewing up new."}, {"speaker": "JIM", "phrase": " uh"}, {"speaker": "JIM", "phrase": " chewing up the human experience"}, {"speaker": "JIM", "phrase": " and turning it into"}, {"speaker": "JIM", "phrase": " some kind of consumer need."}, {"speaker": "MICH", "phrase": " Did you ever get into Tesla ?"}, {"speaker": "JIM", "phrase": " uh"}, {"speaker": "JIM", "phrase": " just"}, {"speaker": "JIM", "phrase": " ever so peripherally."}, {"speaker": "MICH", "phrase": " He had lot of real wacky ideas on big levels."}, {"speaker": "MICH", "phrase": " He wanted world power system"}, {"speaker": "MICH", "phrase": " that you could um"}, {"speaker": "MICH", "phrase": " tap into the air basically"}, {"speaker": "MICH", "phrase": " and get power anywhere on earth."}, {"speaker": "MICH", "phrase": " and um"}, {"speaker": "MICH", "phrase": "..."}, {"speaker": "JIM", "phrase": " that's what the Tesla coil was about ?"}, {"speaker": "MICH", "phrase": " Yeah."}, {"speaker": "MICH", "phrase": " but"}, {"speaker": "MICH", "phrase": " the problem was"}, {"speaker": "MICH", "phrase": " that it"}, {"speaker": "MICH", "phrase": " it uh"}, {"speaker": "MICH", "phrase": " it interfered with um"}, {"speaker": "MICH", "phrase": " well"}, {"speaker": "MICH", "phrase": " matter."}, {"speaker": "MICH", "phrase": " I laugh mean"}, {"speaker": "MICH", "phrase": "PAUSE"}, {"speaker": "MICH", "phrase": " it was not clean broadcast system."}, {"speaker": "MICH", "phrase": " Like everything in the room"}, {"speaker": "MICH", "phrase": " if you had Tesla coil in the middle of the room"}, {"speaker": "MICH", "phrase": " all the metal objects would be receiving it constantly."}, {"speaker": "JIM", "phrase": " Mhm."}, {"speaker": "MICH", "phrase": " So"}, {"speaker": "MICH", "phrase": " it wasn't really very efficient either."}, {"speaker": "MICH", "phrase": " Because you'd have to have."}, {"speaker": "MICH", "phrase": " an immense amount of power being broadcast"}, {"speaker": "MICH", "phrase": " so that"}, {"speaker": "MICH", "phrase": " few points could receive"}, {"speaker": "MICH", "phrase": " you know"}, {"speaker": "MICH", "phrase": " their share of it."}, {"speaker": "MICH", "phrase": "PAUSE"}, {"speaker": "JIM", "phrase": " now what about"}, {"speaker": "JIM", "phrase": " if they."}, {"speaker": "JIM", "phrase": " with the superconductor."}, {"speaker": "JIM", "phrase": " Will that change all that ?"}, {"speaker": "MICH", "phrase": " I don't know."}, {"speaker": "MICH", "phrase": " He was dealing with it being basically energy"}, {"speaker": "MICH", "phrase": " and being sent through the air"}, {"speaker": "MICH", "phrase": " uh you know"}, {"speaker": "MICH", "phrase": " like light."}, {"speaker": "JIM", "phrase": " like"}, {"speaker": "JIM", "phrase": " yeah."}, {"speaker": "JIM", "phrase": " Like tapping right into just the energy of the earth"}, {"speaker": "JIM", "phrase": " or something."}, {"speaker": "JIM", "phrase": " alright."}, {"speaker": "MICH", "phrase": " yeah."}, {"speaker": "MICH", "phrase": " which doesn't really \u0294uh require conductor."}, {"speaker": "JIM", "phrase": " yeah..."}, {"speaker": "MICH", "phrase": " you know"}, {"speaker": "MICH", "phrase": " I mean light will go through vacuum."}, {"speaker": "MICH", "phrase": " So"}, {"speaker": "MICH", "phrase": " \u0294uh I think he was"}, {"speaker": "MICH", "phrase": " I mean he basically invented the radio"}, {"speaker": "MICH", "phrase": " and stuff like that"}, {"speaker": "MICH", "phrase": " you know."}, {"speaker": "MICH", "phrase": "PAUSE"}, {"speaker": "JIM", "phrase": " It's pretty confusing to me."}, {"speaker": "JIM", "phrase": " but uh"}, {"speaker": "JIM", "phrase": " yeah"}, {"speaker": "JIM", "phrase": " those those guys are the guys I think that are the heroes"}, {"speaker": "JIM", "phrase": " uh"}, {"speaker": "JIM", "phrase": " or"}, {"speaker": "JIM", "phrase": " that are the unsung heroes."}, {"speaker": "JIM", "phrase": "PAUSE"}, {"speaker": "MICH", "phrase": " yeah."}, {"speaker": "JIM", "phrase": " You know"}, {"speaker": "JIM", "phrase": " the."}, {"speaker": "JIM", "phrase": " the uh"}, {"speaker": "JIM", "phrase": " and."}, {"speaker": "JIM", "phrase": " and and business and"}, {"speaker": "JIM", "phrase": " I mean this is cliche"}, {"speaker": "JIM", "phrase": " but"}, {"speaker": "JIM", "phrase": " but business has always uh"}, {"speaker": "JIM", "phrase": " taken these works"}, {"speaker": "JIM", "phrase": " and"}, {"speaker": "JIM", "phrase": " and manipulatedthem"}, {"speaker": "JIM", "phrase": " either"}, {"speaker": "JIM", "phrase": " to their benefit"}, {"speaker": "JIM", "phrase": " or"}, {"speaker": "JIM", "phrase": " to our benefit"}, {"speaker": "JIM", "phrase": " or to our detriment"}, {"speaker": "JIM", "phrase": " or something"}, {"speaker": "JIM", "phrase": " based on economic"}, {"speaker": "JIM", "phrase": " what the obvious"}, {"speaker": "JIM", "phrase": " or the..."}, {"speaker": "MICH", "phrase": " hm."}, {"speaker": "JIM", "phrase": " more immediate economic..."}, {"speaker": "MICH", "phrase": " Right."}, {"speaker": "MICH", "phrase": " it's like"}, {"speaker": "MICH", "phrase": " well"}, {"speaker": "MICH", "phrase": " gee"}, {"speaker": "MICH", "phrase": " yeah"}, {"speaker": "MICH", "phrase": " I know"}, {"speaker": "MICH", "phrase": " I know how we can make money with this."}, {"speaker": "MICH", "phrase": " I mean you just do it."}, {"speaker": "JIM", "phrase": " yeah."}, {"speaker": "JIM", "phrase": " Well that's what I like about fractals."}, {"speaker": "JIM", "phrase": " is because uh"}, {"speaker": "JIM", "phrase": " uh"}, {"speaker": "JIM", "phrase": " with these new mathematical formulas"}, {"speaker": "JIM", "phrase": "PAUSE"}, {"speaker": "MICH", "phrase": " mhm."}, {"speaker": "JIM", "phrase": " even though"}, {"speaker": "JIM", "phrase": " you know"}, {"speaker": "JIM", "phrase": " because it's mathematical"}, {"speaker": "JIM", "phrase": " and it."}, {"speaker": "JIM", "phrase": " it has to work I guess with numbers in it."}, {"speaker": "JIM", "phrase": " some way."}, {"speaker": "JIM", "phrase": " uh"}, {"speaker": "JIM", "phrase": " it's opens door into"}, {"speaker": "JIM", "phrase": " what appears to be all the substance that's underneath the obvious."}, {"speaker": "JIM", "phrase": " You know."}, {"speaker": "MICH", "phrase": " hm."}, {"speaker": "JIM", "phrase": " with."}, {"speaker": "JIM", "phrase": " if if regular math is the obvious"}, {"speaker": "JIM", "phrase": " uh"}, {"speaker": "JIM", "phrase": " these fractals seem to"}, {"speaker": "JIM", "phrase": " seem to represent"}, {"speaker": "JIM", "phrase": " everything that numbers aren't."}, {"speaker": "JIM", "phrase": " and uh that's..."}, {"speaker": "MICH", "phrase": " Well"}, {"speaker": "MICH", "phrase": " something that numbers aren't."}, {"speaker": "MICH", "phrase": " I don't think it's everything."}, {"speaker": "JIM", "phrase": " not everything."}, {"speaker": "JIM", "phrase": " but..."}, {"speaker": "MICH", "phrase": " cause there are."}, {"speaker": "JIM", "phrase": " but the first window"}, {"speaker": "JIM", "phrase": " into that."}, {"speaker": "MICH", "phrase": " yeah."}, {"speaker": "MICH", "phrase": " well"}, {"speaker": "MICH", "phrase": " it."}, {"speaker": "MICH", "phrase": " like."}, {"speaker": "MICH", "phrase": " every theory is just"}, {"speaker": "MICH", "phrase": " \u0294uh \u0294uh it's window"}, {"speaker": "MICH", "phrase": " and it's also like model of um reality"}, {"speaker": "MICH", "phrase": " and it's really not reality."}, {"speaker": "MICH", "phrase": " And uh"}, {"speaker": "MICH", "phrase": " like fractal can get really close at \u0294uh."}, {"speaker": "MICH", "phrase": " like describing growth patterns"}, {"speaker": "MICH", "phrase": " like plant or something."}, {"speaker": "JIM", "phrase": " Yes."}, {"speaker": "JIM", "phrase": " Yes."}, {"speaker": "JIM", "phrase": " Right."}, {"speaker": "JIM", "phrase": " Right."}, {"speaker": "MICH", "phrase": " Um"}, {"speaker": "MICH", "phrase": " but"}, {"speaker": "MICH", "phrase": " it's still not the totality of plant."}, {"speaker": "JIM", "phrase": " No it isn't"}, {"speaker": "JIM", "phrase": " by any stretch."}, {"speaker": "JIM", "phrase": " But for mathematics or for science"}, {"speaker": "JIM", "phrase": " it's."}, {"speaker": "JIM", "phrase": " it's an opportunity for them to..."}, {"speaker": "MICH", "phrase": " it's the closest thing we have."}, {"speaker": "JIM", "phrase": " to"}, {"speaker": "JIM", "phrase": " yeah."}, {"speaker": "JIM", "phrase": " To get closer to"}, {"speaker": "JIM", "phrase": " to the chaos"}, {"speaker": "JIM", "phrase": " or the"}, {"speaker": "JIM", "phrase": " or the order of chaos."}, {"speaker": "MICH", "phrase": " Mhm."}, {"speaker": "MICH", "phrase": " Uh"}, {"speaker": "MICH", "phrase": " that exists uh"}, {"speaker": "MICH", "phrase": " uh \u0294uh \u0294as subtext"}, {"speaker": "MICH", "phrase": " to our life"}, {"speaker": "MICH", "phrase": " to our experience on this planet."}, {"speaker": "JIM", "phrase": " And when we're."}, {"speaker": "MICH", "phrase": " Mm."}, {"speaker": "JIM", "phrase": " and when we're."}, {"speaker": "JIM", "phrase": " when we're going to"}, {"speaker": "JIM", "phrase": " uh"}, {"speaker": "JIM", "phrase": " say blow up the first atomic bomb"}, {"speaker": "JIM", "phrase": " and and and"}, {"speaker": "JIM", "phrase": " we don't bother"}, {"speaker": "JIM", "phrase": " to ask the American people"}, {"speaker": "JIM", "phrase": " or the people of the world"}, {"speaker": "JIM", "phrase": " if if if we mind."}, {"speaker": "MICH", "phrase": "PAUSE"}, {"speaker": "JIM", "phrase": " uh"}, {"speaker": "JIM", "phrase": " if there's chance you know"}, {"speaker": "JIM", "phrase": " cause they didn't know for sure"}, {"speaker": "JIM", "phrase": " whether it would destroy the universe or not."}, {"speaker": "MICH", "phrase": " Yeah."}, {"speaker": "MICH", "phrase": " Or not."}, {"speaker": "MICH", "phrase": "PAUSE"}, {"speaker": "JIM", "phrase": " And."}, {"speaker": "MICH", "phrase": " It might have started chain reaction that just blew up the whole earth."}, {"speaker": "JIM", "phrase": " That's right."}, {"speaker": "JIM", "phrase": " And it might very well still have started that chain reaction."}, {"speaker": "JIM", "phrase": " And that it's all happening in fractal country"}, {"speaker": "JIM", "phrase": " and it has..."}, {"speaker": "MICH", "phrase": " Aah."}, {"speaker": "JIM", "phrase": " and it"}, {"speaker": "JIM", "phrase": " and it's manifesting itself in"}, {"speaker": "JIM", "phrase": " in disharmony"}, {"speaker": "JIM", "phrase": " uh"}, {"speaker": "JIM", "phrase": " in"}, {"speaker": "JIM", "phrase": " in the deterioration of the planet."}, {"speaker": "JIM", "phrase": " We're all worried about the ozone"}, {"speaker": "JIM", "phrase": " we're all worried about the uh"}, {"speaker": "JIM", "phrase": "PAUSE"}, {"speaker": "MICH", "phrase": " Hm."}, {"speaker": "JIM", "phrase": " uh"}, {"speaker": "JIM", "phrase": " cancer is everywhere"}, {"speaker": "JIM", "phrase": " uh."}, {"speaker": "MICH", "phrase": " so you're saying it might have done the same bad thing"}, {"speaker": "MICH", "phrase": " but in sort of more roundabout way."}, {"speaker": "JIM", "phrase": " it's just that the."}, {"speaker": "JIM", "phrase": " except that the universe is such complex phenomenon"}, {"speaker": "JIM", "phrase": " that it's so deep"}, {"speaker": "JIM", "phrase": " it's."}, {"speaker": "JIM", "phrase": " the fabric that we are witnessing"}, {"speaker": "JIM", "phrase": " through science"}, {"speaker": "JIM", "phrase": " and through any known ability to understand."}, {"speaker": "MICH", "phrase": " Mm."}, {"speaker": "JIM", "phrase": " is just thin shell from how deep"}, {"speaker": "JIM", "phrase": " this phantasmagorical experience goes"}, {"speaker": "JIM", "phrase": " and that when they did that"}, {"speaker": "JIM", "phrase": " it's possible that they started chain reaction"}, {"speaker": "JIM", "phrase": " at such subatomic level"}, {"speaker": "JIM", "phrase": " sub sub sub sub subatomic level."}, {"speaker": "MICH", "phrase": " it's gonna take while to crumble."}, {"speaker": "JIM", "phrase": " that it'll take while before it"}, {"speaker": "JIM", "phrase": " it"}, {"speaker": "JIM", "phrase": " it really"}, {"speaker": "JIM", "phrase": " you know"}, {"speaker": "JIM", "phrase": " goes"}, {"speaker": "JIM", "phrase": " you know"}, {"speaker": "JIM", "phrase": " and just rips it apart."}, {"speaker": "MICH", "phrase": " Yeah."}, {"speaker": "JIM", "phrase": " it might take"}, {"speaker": "JIM", "phrase": " it might take"}, {"speaker": "JIM", "phrase": " few."}, {"speaker": "JIM", "phrase": " it might take five hundred years."}, {"speaker": "JIM", "phrase": " or thousand years."}, {"speaker": "MICH", "phrase": " Yeah."}, {"speaker": "JIM", "phrase": " or hundred years."}, {"speaker": "JIM", "phrase": " or maybe it's."}, {"speaker": "JIM", "phrase": " maybe in fifty years."}, {"speaker": "JIM", "phrase": " or it might never happen but"}, {"speaker": "JIM", "phrase": " it's."}, {"speaker": "JIM", "phrase": " to me"}, {"speaker": "JIM", "phrase": " that was scientific irresponsibility."}, {"speaker": "JIM", "phrase": " And"}, {"speaker": "JIM", "phrase": " without the knowledge of"}, {"speaker": "JIM", "phrase": " of"}, {"speaker": "JIM", "phrase": " what fractals symbolize"}, {"speaker": "JIM", "phrase": " at this point"}, {"speaker": "JIM", "phrase": " to me"}, {"speaker": "JIM", "phrase": " uh"}, {"speaker": "JIM", "phrase": " they."}, {"speaker": "JIM", "phrase": "PAUSE"}, {"speaker": "JIM", "phrase": " they could make that decision easier."}, {"speaker": "JIM", "phrase": " And"}, {"speaker": "JIM", "phrase": " with the sci..."}, {"speaker": "MICH", "phrase": " fractals could have made the decision easier ?"}, {"speaker": "JIM", "phrase": "PAUSE"}, {"speaker": "JIM", "phrase": " No."}, {"speaker": "JIM", "phrase": " No."}, {"speaker": "JIM", "phrase": " Without the knowledge of fractals."}, {"speaker": "JIM", "phrase": " The decision was made easier."}, {"speaker": "JIM", "phrase": " If fractals were known at that time."}, {"speaker": "MICH", "phrase": " oh."}, {"speaker": "JIM", "phrase": " there might have been little more caution"}, {"speaker": "JIM", "phrase": " because there was"}, {"speaker": "JIM", "phrase": " there's this window."}, {"speaker": "MICH", "phrase": " but fractals don't uh"}, {"speaker": "MICH", "phrase": " don't imply any particular morals."}, {"speaker": "JIM", "phrase": " well they imply"}, {"speaker": "JIM", "phrase": " no they don't imply morals"}, {"speaker": "JIM", "phrase": " but they do imply that there's more than the obvious going on."}, {"speaker": "MICH", "phrase": " Well all math does that."}, {"speaker": "JIM", "phrase": " Uh"}, {"speaker": "JIM", "phrase": " not to me."}, {"speaker": "JIM", "phrase": " uh it's..."}, {"speaker": "MICH", "phrase": " They're just another system"}, {"speaker": "MICH", "phrase": " that's all"}, {"speaker": "MICH", "phrase": " just another model."}, {"speaker": "JIM", "phrase": " it's"}, {"speaker": "JIM", "phrase": " \u0294uh to me it's model"}, {"speaker": "JIM", "phrase": " it's it's model into the fourth dimension"}, {"speaker": "JIM", "phrase": " as opposed to"}, {"speaker": "JIM", "phrase": " you know."}, {"speaker": "MICH", "phrase": " Well"}, {"speaker": "MICH", "phrase": " actually."}, {"speaker": "JIM", "phrase": " the third dimension."}, {"speaker": "MICH", "phrase": " Einstein's theory is model in the fourth dimension"}, {"speaker": "MICH", "phrase": " and that's time."}, {"speaker": "MICH", "phrase": " Um"}, {"speaker": "MICH", "phrase": " but fractal can be applied to"}, {"speaker": "MICH", "phrase": " many dimensions or."}, {"speaker": "MICH", "phrase": " or just"}, {"speaker": "MICH", "phrase": " I mean"}, {"speaker": "MICH", "phrase": " any number of dimensions."}, {"speaker": "MICH", "phrase": " it's basically"}, {"speaker": "MICH", "phrase": " taking something and dividing it up randomly."}, {"speaker": "MICH", "phrase": " or"}, {"speaker": "MICH", "phrase": " with some system."}, {"speaker": "MICH", "phrase": " it's like nested"}, {"speaker": "MICH", "phrase": " nested values."}, {"speaker": "MICH", "phrase": " basically."}, {"speaker": "MICH", "phrase": " Inside gallon you have four quarts"}, {"speaker": "MICH", "phrase": " inside of four."}, {"speaker": "MICH", "phrase": " inside quart you have"}, {"speaker": "MICH", "phrase": " the certain amount of cups"}, {"speaker": "MICH", "phrase": " and then"}, {"speaker": "MICH", "phrase": " you know."}, {"speaker": "MICH", "phrase": " etcetera etcetera."}, {"speaker": "MICH", "phrase": "PAUSE"}, {"speaker": "JIM", "phrase": " well."}, {"speaker": "MICH", "phrase": " I don't see how it's..."}, {"speaker": "JIM", "phrase": " yeah"}, {"speaker": "JIM", "phrase": " except it's not"}, {"speaker": "JIM", "phrase": " it's not uh"}, {"speaker": "JIM", "phrase": " it's not so"}, {"speaker": "JIM", "phrase": " it's not squared"}, {"speaker": "JIM", "phrase": " and it's not as predictable as that."}, {"speaker": "JIM", "phrase": " I mean it's uh"}, {"speaker": "JIM", "phrase": " it's"}, {"speaker": "JIM", "phrase": " it's not predictable at all really."}, {"speaker": "JIM", "phrase": " It's"}, {"speaker": "JIM", "phrase": " it's it's found phenomenon."}, {"speaker": "MICH", "phrase": " Well it's not predictable if you apply random values to the subdivisions."}, {"speaker": "JIM", "phrase": " The subdivisions have to be random."}, {"speaker": "JIM", "phrase": " They."}, {"speaker": "JIM", "phrase": " it has to have randomness to it."}, {"speaker": "JIM", "phrase": " the order"}, {"speaker": "JIM", "phrase": " I don't think is"}, {"speaker": "JIM", "phrase": " is understood."}, {"speaker": "JIM", "phrase": " yet."}, {"speaker": "JIM", "phrase": " I mean I might be wrong"}, {"speaker": "JIM", "phrase": " but that's my understanding."}, {"speaker": "MICH", "phrase": " Hm."}, {"speaker": "MICH", "phrase": " well"}, {"speaker": "MICH", "phrase": " I think."}, {"speaker": "JIM", "phrase": " that's why"}, {"speaker": "JIM", "phrase": " they're calling it"}, {"speaker": "JIM", "phrase": " the."}, {"speaker": "JIM", "phrase": " they're calling it"}, {"speaker": "JIM", "phrase": " uh"}, {"speaker": "JIM", "phrase": " the mathematics of chaos."}, {"speaker": "MICH", "phrase": " Oh"}, {"speaker": "MICH", "phrase": " that's different thing."}, {"speaker": "MICH", "phrase": " That's not fractals."}, {"speaker": "JIM", "phrase": " Yeah"}, {"speaker": "JIM", "phrase": " that's fractals."}, {"speaker": "JIM", "phrase": " It includes other..."}, {"speaker": "MICH", "phrase": " well fractals can be used to describe chaos."}, {"speaker": "JIM", "phrase": " it includes"}, {"speaker": "JIM", "phrase": " it includes other"}, {"speaker": "JIM", "phrase": " it."}, {"speaker": "JIM", "phrase": " Yes."}, {"speaker": "JIM", "phrase": " It can."}, {"speaker": "JIM", "phrase": " And it includes other mathematics too."}, {"speaker": "MICH", "phrase": " But fractals is separate."}, {"speaker": "MICH", "phrase": " yeah."}, {"speaker": "MICH", "phrase": " I mean"}, {"speaker": "MICH", "phrase": " and chaos is."}, {"speaker": "MICH", "phrase": " \u0294uh they overlap."}, {"speaker": "JIM", "phrase": " Mhm."}, {"speaker": "MICH", "phrase": " Chaos I guess is basically analysis of noise."}, {"speaker": "JIM", "phrase": " for the scientist"}, {"speaker": "JIM", "phrase": " For the scientist"}, {"speaker": "JIM", "phrase": " the scientist has never."}, {"speaker": "JIM", "phrase": " has never had tool"}, {"speaker": "JIM", "phrase": " where he had that overlap."}, {"speaker": "JIM", "phrase": " you see."}, {"speaker": "JIM", "phrase": "PAUSE"}, {"speaker": "MICH", "phrase": " Hm."}, {"speaker": "JIM", "phrase": " see that's."}, {"speaker": "JIM", "phrase": " that's the point that I'm trying to get at."}, {"speaker": "JIM", "phrase": " is is that"}, {"speaker": "JIM", "phrase": " because the scientific method now has that tool of overlap"}, {"speaker": "JIM", "phrase": " it's giving them something that they never had before."}, {"speaker": "MICH", "phrase": " Hm."}, {"speaker": "JIM", "phrase": " and"}, {"speaker": "JIM", "phrase": " that is an opportunity"}, {"speaker": "JIM", "phrase": " to meet spirituality."}, {"speaker": "MICH", "phrase": " Yeah well"}, {"speaker": "MICH", "phrase": " there's..."}, {"speaker": "JIM", "phrase": " in physics."}, {"speaker": "MICH", "phrase": " There's opportunities to meet spirituality"}, {"speaker": "MICH", "phrase": " twentyfour hours day wherever you go."}, {"speaker": "MICH", "phrase": " just by being alive."}, {"speaker": "MICH", "phrase": " If they don't wanna see it"}, {"speaker": "MICH", "phrase": " they're not gonna see it in fractals."}, {"speaker": "JIM", "phrase": " Well yeah"}, {"speaker": "JIM", "phrase": " lot of people will."}, {"speaker": "JIM", "phrase": " A lot of people will uh"}, {"speaker": "JIM", "phrase": " it'll dawn on them"}, {"speaker": "JIM", "phrase": " because they follow the scientific impulse"}, {"speaker": "JIM", "phrase": " and"}, {"speaker": "JIM", "phrase": " fractals may be the very thing that boggles them out enough"}, {"speaker": "JIM", "phrase": " where they have to do some serious questioning about things."}, {"speaker": "JIM", "phrase": " is my theory."}, {"speaker": "MICH", "phrase": " Yeah."}, {"speaker": "JIM", "phrase": " You know."}, {"speaker": "MICH", "phrase": " Maybe."}, {"speaker": "MICH", "phrase": " They'll probably find it in something"}, {"speaker": "MICH", "phrase": " if there fractals weren't there."}, {"speaker": "MICH", "phrase": " I think um"}, {"speaker": "MICH", "phrase": " it's like all the the ideas that we have"}, {"speaker": "MICH", "phrase": " throughout the ages"}, {"speaker": "MICH", "phrase": " and the various"}, {"speaker": "MICH", "phrase": " they're just sort of echos of uh"}, {"speaker": "MICH", "phrase": " the past."}, {"speaker": "MICH", "phrase": " And they come under different names and things."}, {"speaker": "MICH", "phrase": " Just like um"}, {"speaker": "MICH", "phrase": " the latest power now is corporations."}, {"speaker": "MICH", "phrase": " Right ?"}, {"speaker": "MICH", "phrase": " And before that it was"}, {"speaker": "MICH", "phrase": " like uh governments"}, {"speaker": "MICH", "phrase": " before that it was"}, {"speaker": "MICH", "phrase": " principalities"}, {"speaker": "MICH", "phrase": " before that it was gangs"}, {"speaker": "MICH", "phrase": " you know."}, {"speaker": "MICH", "phrase": "PAUSE"}, {"speaker": "JIM", "phrase": "PAUSE"}, {"speaker": "JIM", "phrase": " And tribes."}, {"speaker": "MICH", "phrase": " And gangs are coming back"}, {"speaker": "MICH", "phrase": " now"}, {"speaker": "MICH", "phrase": " you know ?"}, {"speaker": "MICH", "phrase": " but uh."}, {"speaker": "JIM", "phrase": " God"}, {"speaker": "JIM", "phrase": " are they ever."}, {"speaker": "MICH", "phrase": " um."}, {"speaker": "JIM", "phrase": " it's unbelievable."}, {"speaker": "MICH", "phrase": " And knowledge"}, {"speaker": "MICH", "phrase": " and and the pursuit of um"}, {"speaker": "MICH", "phrase": " spirituality"}, {"speaker": "MICH", "phrase": " has taken on many forms."}, {"speaker": "JIM", "phrase": "PAUSE"}, {"speaker": "MICH", "phrase": " And if person wants to find it in"}, {"speaker": "MICH", "phrase": " in something they believe in"}, {"speaker": "MICH", "phrase": " and they believe in science"}, {"speaker": "MICH", "phrase": " they'll find it in science."}, {"speaker": "JIM", "phrase": " well that's very true"}, {"speaker": "JIM", "phrase": " but I mean"}, {"speaker": "JIM", "phrase": "PAUSE"}, {"speaker": "JIM", "phrase": " \u0294that."}, {"speaker": "JIM", "phrase": " I think that that."}, {"speaker": "JIM", "phrase": " that people who find spirituality in science"}, {"speaker": "JIM", "phrase": " as their sole spiritual source are"}, {"speaker": "JIM", "phrase": " people that are fucking up the planet laugh."}, {"speaker": "JIM", "phrase": " You know ?"}, {"speaker": "JIM", "phrase": " I don't think science is the."}, {"speaker": "JIM", "phrase": " I don't think science can be God."}, {"speaker": "JIM", "phrase": " I've been watching Two Thousand And One lately."}, {"speaker": "JIM", "phrase": " You know ?"}, {"speaker": "JIM", "phrase": " I mean that's what that's all."}, {"speaker": "JIM", "phrase": "PAUSE"}, {"speaker": "JIM", "phrase": " that's not what it's all about"}, {"speaker": "JIM", "phrase": " but that's"}, {"speaker": "JIM", "phrase": " major theme in it."}, {"speaker": "JIM", "phrase": " you know"}, {"speaker": "JIM", "phrase": " that"}, {"speaker": "JIM", "phrase": " the race between the human and the"}, {"speaker": "JIM", "phrase": " and the tech..."}, {"speaker": "MICH", "phrase": " mhm."}, {"speaker": "JIM", "phrase": " and its"}, {"speaker": "JIM", "phrase": " and its technological manifestation of"}, {"speaker": "JIM", "phrase": " well."}, {"speaker": "JIM", "phrase": " you know"}, {"speaker": "JIM", "phrase": " I think that"}, {"speaker": "JIM", "phrase": " we built..."}, {"speaker": "MICH", "phrase": " it's like are we gonna be part of it"}, {"speaker": "MICH", "phrase": " or are we gonna make it."}, {"speaker": "JIM", "phrase": " Is it gonna do us"}, {"speaker": "JIM", "phrase": " or are we gonna do it."}, {"speaker": "JIM", "phrase": " you know"}, {"speaker": "JIM", "phrase": " is our creation"}, {"speaker": "JIM", "phrase": " it's like the Frankenstein myth."}, {"speaker": "JIM", "phrase": " Is our creation going to uh"}, {"speaker": "JIM", "phrase": " destroy us ?"}, {"speaker": "JIM", "phrase": " or are we going to continue."}, {"speaker": "MICH", "phrase": " Yeah uh"}, {"speaker": "MICH", "phrase": " look at what's on TV."}, {"speaker": "MICH", "phrase": "PAUSE"}, {"speaker": "JIM", "phrase": " yeah."}, {"speaker": "JIM", "phrase": " I just put it on."}, {"speaker": "MICH", "phrase": " Mandelbrot."}, {"speaker": "MICH", "phrase": " oh."}, {"speaker": "JIM", "phrase": " I just put it on."}, {"speaker": "MICH", "phrase": " okay."}, {"speaker": "JIM", "phrase": " Yeah."}, {"speaker": "MICH", "phrase": " I see."}, {"speaker": "MICH", "phrase": " I thought they were showing that on the uh ads"}, {"speaker": "MICH", "phrase": " for some reason."}, {"speaker": "JIM", "phrase": "PAUSE"}, {"speaker": "MICH", "phrase": "PAUSE"}, {"speaker": "JIM", "phrase": " \u0294uh."}, {"speaker": "MICH", "phrase": " A little too hip for TV."}, {"speaker": "JIM", "phrase": " Little too hip"}, {"speaker": "JIM", "phrase": " yeah."}, {"speaker": "MICH", "phrase": " So they're colorcycling right now."}, {"speaker": "MICH", "phrase": " Does it zoom later ?"}, {"speaker": "MICH", "phrase": " I guess it must."}, {"speaker": "JIM", "phrase": " Yeah"}, {"speaker": "JIM", "phrase": " I've got zooms on here too."}, {"speaker": "JIM", "phrase": " and I..."}, {"speaker": "MICH", "phrase": " Where'd you tape it from."}, {"speaker": "JIM", "phrase": " uh"}, {"speaker": "JIM", "phrase": " This one's Fractal Fantasy"}, {"speaker": "JIM", "phrase": " which is"}, {"speaker": "JIM", "phrase": " for sale."}, {"speaker": "MICH", "phrase": " Hunh."}, {"speaker": "JIM", "phrase": " and the other one is uh"}, {"speaker": "JIM", "phrase": " Fractal Zooms"}, {"speaker": "JIM", "phrase": " which I don't think is available"}, {"speaker": "JIM", "phrase": " and then I've got uh test film from IBM laboratories."}, {"speaker": "JIM", "phrase": " of uh"}, {"speaker": "JIM", "phrase": " uh"}, {"speaker": "JIM", "phrase": " uh"}, {"speaker": "JIM", "phrase": " taking Julia set into the fourth dimension."}, {"speaker": "MICH", "phrase": " Hm."}, {"speaker": "JIM", "phrase": " which."}, {"speaker": "JIM", "phrase": " and then they zoom through it"}, {"speaker": "JIM", "phrase": " it's pretty."}, {"speaker": "JIM", "phrase": " pretty fantastic looking."}]}
