{"text": [{"speaker": "CAM", "phrase": "PAUSE"}, {"speaker": "CAM", "phrase": " No"}, {"speaker": "CAM", "phrase": " he doesn't."}, {"speaker": "CAM", "phrase": " He doesn't call really."}, {"speaker": "LAJU", "phrase": "PAUSE"}, {"speaker": "CAM", "phrase": " I don't."}, {"speaker": "CAM", "phrase": " The only thing is like at at home"}, {"speaker": "CAM", "phrase": " sometimes he likes to sit by me and stuff like."}, {"speaker": "LAJU", "phrase": " I forgot to tell you"}, {"speaker": "LAJU", "phrase": " look for the house with the reindeer."}, {"speaker": "LAJU", "phrase": " You could find it lot easier if you couldn't remember where we were."}, {"speaker": "CAM", "phrase": " Oh really ?"}, {"speaker": "LAJU", "phrase": "PAUSE"}, {"speaker": "CAM", "phrase": " I always remember at."}, {"speaker": "LAJU", "phrase": " Once you get to it."}, {"speaker": "CAM", "phrase": " Once I see it"}, {"speaker": "CAM", "phrase": " I know"}, {"speaker": "CAM", "phrase": " oh that's it."}, {"speaker": "LAJU", "phrase": " Yeah."}, {"speaker": "CAM", "phrase": " I'll look at some of the houses"}, {"speaker": "CAM", "phrase": " I'm like ooh"}, {"speaker": "CAM", "phrase": " is it this one"}, {"speaker": "CAM", "phrase": " is this one it"}, {"speaker": "CAM", "phrase": " and then I."}, {"speaker": "CAM", "phrase": " Oh no"}, {"speaker": "CAM", "phrase": " that's the one."}, {"speaker": "LAJU", "phrase": " Yeah"}, {"speaker": "LAJU", "phrase": " the one with the two reindeer that"}, {"speaker": "LAJU", "phrase": " Mark and Tim last year took and put on top of each other as if they were humping."}, {"speaker": "LAJU", "phrase": " I was."}, {"speaker": "LAJU", "phrase": " Neighbors are gonna see this"}, {"speaker": "LAJU", "phrase": " so I went out in the morning I'm like."}, {"speaker": "CAM", "phrase": " Oh God."}, {"speaker": "LAJU", "phrase": "PAUSE"}, {"speaker": "LAJU", "phrase": " so I get out of my car"}, {"speaker": "LAJU", "phrase": " stop in the driveway"}, {"speaker": "LAJU", "phrase": " takethemoff of each other."}, {"speaker": "LAJU", "phrase": " I was like"}, {"speaker": "LAJU", "phrase": " I'll just kill them."}, {"speaker": "CAM", "phrase": " Those naughty boys."}, {"speaker": "LAJU", "phrase": " But um"}, {"speaker": "LAJU", "phrase": " mm"}, {"speaker": "LAJU", "phrase": " no"}, {"speaker": "LAJU", "phrase": " he just."}, {"speaker": "LAJU", "phrase": " He he"}, {"speaker": "LAJU", "phrase": " he's become more attached."}, {"speaker": "LAJU", "phrase": " and"}, {"speaker": "LAJU", "phrase": " I think lot of it is because lot of his"}, {"speaker": "LAJU", "phrase": " friends have now gotten married"}, {"speaker": "LAJU", "phrase": " and have children"}, {"speaker": "LAJU", "phrase": " and he doesn't do as much with them."}, {"speaker": "LAJU", "phrase": " And I think that's why"}, {"speaker": "LAJU", "phrase": " but he has gotten so attached to me and it."}, {"speaker": "CAM", "phrase": "PAUSE"}, {"speaker": "LAJU", "phrase": " I've always been very independent"}, {"speaker": "LAJU", "phrase": " and lot of it had to do with like me growing up the way I did"}, {"speaker": "LAJU", "phrase": " with my my um"}, {"speaker": "LAJU", "phrase": " my mother dying."}, {"speaker": "CAM", "phrase": " Mhm."}, {"speaker": "LAJU", "phrase": " younger"}, {"speaker": "LAJU", "phrase": " and then living with my one aunt"}, {"speaker": "LAJU", "phrase": " and then my aunt died when I was twelve"}, {"speaker": "LAJU", "phrase": " and then moving to another aunt"}, {"speaker": "LAJU", "phrase": " which was moving up here"}, {"speaker": "LAJU", "phrase": " and"}, {"speaker": "LAJU", "phrase": " I I've always had to go back and forth"}, {"speaker": "LAJU", "phrase": " I've always traveled on my own"}, {"speaker": "LAJU", "phrase": " I've always flown everywhere by myself"}, {"speaker": "LAJU", "phrase": " uh"}, {"speaker": "LAJU", "phrase": " I've always done everything."}, {"speaker": "LAJU", "phrase": " I've had to deal with my father"}, {"speaker": "LAJU", "phrase": " I'd listen to my sister"}, {"speaker": "LAJU", "phrase": " when my nephew started college"}, {"speaker": "LAJU", "phrase": " how she was saying"}, {"speaker": "LAJU", "phrase": " she filled out all of his applications for where he was going and"}, {"speaker": "LAJU", "phrase": " she did all of these things when he had to apply for scholarship or whatever"}, {"speaker": "LAJU", "phrase": " she filled out everything"}, {"speaker": "LAJU", "phrase": " and I'm like"}, {"speaker": "LAJU", "phrase": "PAUSE"}, {"speaker": "LAJU", "phrase": " I did it by myself"}, {"speaker": "LAJU", "phrase": " you read the form"}, {"speaker": "LAJU", "phrase": " and you fill it out."}, {"speaker": "CAM", "phrase": " Wow."}, {"speaker": "LAJU", "phrase": " No one did it for me"}, {"speaker": "LAJU", "phrase": " you know"}, {"speaker": "LAJU", "phrase": " and I was very \u0294uh much"}, {"speaker": "LAJU", "phrase": " whatever I needed"}, {"speaker": "LAJU", "phrase": " I I got my money from my father"}, {"speaker": "LAJU", "phrase": " he paid for school"}, {"speaker": "LAJU", "phrase": " but"}, {"speaker": "LAJU", "phrase": " I did everything on my own."}, {"speaker": "LAJU", "phrase": " I I didn't have anyone."}, {"speaker": "CAM", "phrase": " See my parents weren't very"}, {"speaker": "CAM", "phrase": " I don't know."}, {"speaker": "LAJU", "phrase": "PAUSE"}, {"speaker": "CAM", "phrase": " They're not extremely educated"}, {"speaker": "CAM", "phrase": " and they're not"}, {"speaker": "CAM", "phrase": " really on top of things"}, {"speaker": "CAM", "phrase": " and so when it came to things like that."}, {"speaker": "LAJU", "phrase": "PAUSE"}, {"speaker": "CAM", "phrase": " they wouldn't know how to help me."}, {"speaker": "CAM", "phrase": "PAUSE"}, {"speaker": "LAJU", "phrase": " Really."}, {"speaker": "CAM", "phrase": " Yeah"}, {"speaker": "CAM", "phrase": " they wouldn't."}, {"speaker": "CAM", "phrase": " I mean they had no clue"}, {"speaker": "CAM", "phrase": " they didn't give me any suggestions of where to go to school"}, {"speaker": "CAM", "phrase": " they said"}, {"speaker": "CAM", "phrase": " oh yeah go to school"}, {"speaker": "CAM", "phrase": " we'll pay for it."}, {"speaker": "CAM", "phrase": " We want you to go to school."}, {"speaker": "CAM", "phrase": " But they had no idea of"}, {"speaker": "CAM", "phrase": " you know"}, {"speaker": "CAM", "phrase": " what's good school"}, {"speaker": "CAM", "phrase": " what's bad school"}, {"speaker": "CAM", "phrase": " you know"}, {"speaker": "CAM", "phrase": "any type of direction ?"}, {"speaker": "LAJU", "phrase": "PAUSE"}, {"speaker": "LAJU", "phrase": "PAUSE"}, {"speaker": "LAJU", "phrase": " \u0294uh \u0294uh Yeah."}, {"speaker": "CAM", "phrase": " They didn't give me anything like that."}, {"speaker": "LAJU", "phrase": " and see I feel that's one of the biggest setbacks."}, {"speaker": "CAM", "phrase": "PAUSE"}, {"speaker": "LAJU", "phrase": " I I see this with with black youths today"}, {"speaker": "LAJU", "phrase": " is that"}, {"speaker": "LAJU", "phrase": " because your generations in the past"}, {"speaker": "LAJU", "phrase": " were not educated."}, {"speaker": "CAM", "phrase": " Mm."}, {"speaker": "LAJU", "phrase": " you have harder time deciding on what's good school"}, {"speaker": "LAJU", "phrase": " what's good curriculum for you to take"}, {"speaker": "LAJU", "phrase": " your your parents aren't able to talk to you about it."}, {"speaker": "LAJU", "phrase": " just as you were saying"}, {"speaker": "LAJU", "phrase": " even though you're not black"}, {"speaker": "LAJU", "phrase": " but you were just saying that"}, {"speaker": "LAJU", "phrase": " but black children have that even more so."}, {"speaker": "CAM", "phrase": " Right."}, {"speaker": "LAJU", "phrase": " Because you."}, {"speaker": "LAJU", "phrase": " You're you're more likely not to be come from educated parents."}, {"speaker": "LAJU", "phrase": " Whereas I came from an educated family"}, {"speaker": "LAJU", "phrase": " it was just the fact"}, {"speaker": "LAJU", "phrase": " they made us do everything on our own."}, {"speaker": "LAJU", "phrase": " And."}, {"speaker": "CAM", "phrase": " Mm."}, {"speaker": "LAJU", "phrase": " but"}, {"speaker": "LAJU", "phrase": " \u0294uh black people also"}, {"speaker": "LAJU", "phrase": " those that have more"}, {"speaker": "LAJU", "phrase": " tried to teach you to be stronger."}, {"speaker": "LAJU", "phrase": " But I think they instilled tried tried to make me so strong"}, {"speaker": "LAJU", "phrase": " that they forgot"}, {"speaker": "LAJU", "phrase": " that I was person."}, {"speaker": "LAJU", "phrase": " And I mean like"}, {"speaker": "LAJU", "phrase": " I I often feel like at times that"}, {"speaker": "LAJU", "phrase": " and maybe it's the gayness coming out in me but"}, {"speaker": "LAJU", "phrase": " I don't like it"}, {"speaker": "LAJU", "phrase": " like and when I was home"}, {"speaker": "LAJU", "phrase": " just went home to Indiana."}, {"speaker": "LAJU", "phrase": " I went to hug my sister"}, {"speaker": "LAJU", "phrase": " and I still feel that she finds coldness in hugging."}, {"speaker": "CAM", "phrase": " She doesn't like to hug."}, {"speaker": "LAJU", "phrase": " No."}, {"speaker": "LAJU", "phrase": " My family's not very much hugging."}, {"speaker": "CAM", "phrase": " Oh."}, {"speaker": "LAJU", "phrase": " I mean"}, {"speaker": "LAJU", "phrase": " my whole life"}, {"speaker": "LAJU", "phrase": " we've never been very"}, {"speaker": "LAJU", "phrase": " you greet someone"}, {"speaker": "LAJU", "phrase": " you don't hug them."}, {"speaker": "LAJU", "phrase": " You're just like hi"}, {"speaker": "LAJU", "phrase": " how are you"}, {"speaker": "LAJU", "phrase": " and even like male female."}, {"speaker": "LAJU", "phrase": " You don't do it."}, {"speaker": "CAM", "phrase": " See uh my my mother was like that more so."}, {"speaker": "LAJU", "phrase": "PAUSE"}, {"speaker": "CAM", "phrase": " And then my father was different."}, {"speaker": "LAJU", "phrase": " Very emotional ?"}, {"speaker": "LAJU", "phrase": " Very hugging ?"}, {"speaker": "CAM", "phrase": " Yeah"}, {"speaker": "CAM", "phrase": " very hugging"}, {"speaker": "CAM", "phrase": " they were just."}, {"speaker": "CAM", "phrase": " See my family is more."}, {"speaker": "LAJU", "phrase": "PAUSE"}, {"speaker": "CAM", "phrase": " it's it's different."}, {"speaker": "CAM", "phrase": " It's like."}, {"speaker": "LAJU", "phrase": " Mm."}, {"speaker": "CAM", "phrase": " \u0294uh each member of the family is slightly different"}, {"speaker": "CAM", "phrase": " and different amount of touch."}, {"speaker": "LAJU", "phrase": " I always said"}, {"speaker": "LAJU", "phrase": " that if I had children"}, {"speaker": "LAJU", "phrase": " I would always."}, {"speaker": "LAJU", "phrase": " Especially if I had son"}, {"speaker": "LAJU", "phrase": " I would hug him"}, {"speaker": "LAJU", "phrase": " just so he knew that I loved him."}, {"speaker": "CAM", "phrase": " Right."}, {"speaker": "CAM", "phrase": " I think it's important"}, {"speaker": "CAM", "phrase": " I think it's good."}, {"speaker": "LAJU", "phrase": "PAUSE"}, {"speaker": "CAM", "phrase": " I don't think you can overly hug"}, {"speaker": "CAM", "phrase": " um"}, {"speaker": "CAM", "phrase": " with family and stuff like that."}, {"speaker": "LAJU", "phrase": " Yeah."}, {"speaker": "LAJU", "phrase": " See and that's how I feel"}, {"speaker": "LAJU", "phrase": " is that"}, {"speaker": "LAJU", "phrase": " I want to hug him"}, {"speaker": "LAJU", "phrase": " because I want him to know that I do love him."}, {"speaker": "CAM", "phrase": " Mhm."}, {"speaker": "LAJU", "phrase": " And that"}, {"speaker": "LAJU", "phrase": " I I I want my children"}, {"speaker": "LAJU", "phrase": " if I if I ever had children"}, {"speaker": "LAJU", "phrase": " to know"}, {"speaker": "LAJU", "phrase": " that"}, {"speaker": "LAJU", "phrase": " there is nothing wrong with showing physical affection between two men."}, {"speaker": "LAJU", "phrase": " It doesn't make you gay."}, {"speaker": "CAM", "phrase": " Right."}, {"speaker": "LAJU", "phrase": " You know"}, {"speaker": "LAJU", "phrase": " and that is one of the things that Scott was saying yesterday"}, {"speaker": "LAJU", "phrase": " it really bothered Scott lot"}, {"speaker": "LAJU", "phrase": " because his nephew"}, {"speaker": "LAJU", "phrase": " uh"}, {"speaker": "LAJU", "phrase": " kept calling him Aunt Scott."}, {"speaker": "LAJU", "phrase": " Because"}, {"speaker": "LAJU", "phrase": " and his nephew was just being rude and obnoxious about every gift"}, {"speaker": "LAJU", "phrase": " he he unwrapped"}, {"speaker": "LAJU", "phrase": " and his brother said"}, {"speaker": "LAJU", "phrase": " oh that's just the way kids are today"}, {"speaker": "LAJU", "phrase": " and I'm like"}, {"speaker": "LAJU", "phrase": " no that's the way you train your kids."}, {"speaker": "LAJU", "phrase": " If you don't train your kids to be any better"}, {"speaker": "LAJU", "phrase": " then they are"}, {"speaker": "LAJU", "phrase": " and see and in Scott's family"}, {"speaker": "LAJU", "phrase": " like his brother"}, {"speaker": "LAJU", "phrase": " his older brother'll say"}, {"speaker": "LAJU", "phrase": " oh Scott's my best friend."}, {"speaker": "LAJU", "phrase": " But he'll tease Scott"}, {"speaker": "LAJU", "phrase": " oh why aren't you married."}, {"speaker": "LAJU", "phrase": " You know"}, {"speaker": "LAJU", "phrase": " you must be fag."}, {"speaker": "LAJU", "phrase": " Or this"}, {"speaker": "LAJU", "phrase": " and he'll laugh it off"}, {"speaker": "LAJU", "phrase": " and he doesn't realize"}, {"speaker": "LAJU", "phrase": " well yeah Scott is gay"}, {"speaker": "LAJU", "phrase": " and it hurts Scott."}, {"speaker": "CAM", "phrase": " He doesn't know that he's gay ?"}, {"speaker": "LAJU", "phrase": " Hmmm."}, {"speaker": "CAM", "phrase": "PAUSE"}, {"speaker": "LAJU", "phrase": " Has no idea."}, {"speaker": "LAJU", "phrase": " He's probably he's gonna drop him off"}, {"speaker": "LAJU", "phrase": " which is why I have to close those blinds soon."}, {"speaker": "LAJU", "phrase": " But uh"}, {"speaker": "LAJU", "phrase": "PAUSE"}, {"speaker": "LAJU", "phrase": " it it's the way he is."}, {"speaker": "LAJU", "phrase": " And his brother is just like that."}, {"speaker": "LAJU", "phrase": " And so"}, {"speaker": "LAJU", "phrase": " he"}, {"speaker": "LAJU", "phrase": " and and so his little boy is growing up the same way."}, {"speaker": "LAJU", "phrase": " Larry's twelve."}, {"speaker": "LAJU", "phrase": " And he's like this big kid"}, {"speaker": "LAJU", "phrase": " cause he's overweight."}, {"speaker": "LAJU", "phrase": " And I told Scott I said well Scott"}, {"speaker": "LAJU", "phrase": " I wouldn't take it personal"}, {"speaker": "LAJU", "phrase": " cause Scott was telling me this morning"}, {"speaker": "LAJU", "phrase": " I said"}, {"speaker": "LAJU", "phrase": " first of all"}, {"speaker": "LAJU", "phrase": " Larry's twelve years old"}, {"speaker": "LAJU", "phrase": " he's like six foot one"}, {"speaker": "LAJU", "phrase": " and he's fat."}, {"speaker": "LAJU", "phrase": " I mean"}, {"speaker": "LAJU", "phrase": " he's just probably good two hundred fifty pounds I said."}, {"speaker": "CAM", "phrase": " He's six one ?"}, {"speaker": "CAM", "phrase": " At twelve ?"}, {"speaker": "LAJU", "phrase": " At twelve years old."}, {"speaker": "CAM", "phrase": " Oh that's scary."}, {"speaker": "LAJU", "phrase": " And he's like two hundred and fifty pounds."}, {"speaker": "LAJU", "phrase": " And I said Scott he's compensating"}, {"speaker": "LAJU", "phrase": " for the fact"}, {"speaker": "LAJU", "phrase": " I said I bet you the kids pick on him"}, {"speaker": "LAJU", "phrase": " I said he's different."}, {"speaker": "LAJU", "phrase": " I said so therefore"}, {"speaker": "LAJU", "phrase": " he probably is big bully at school."}, {"speaker": "LAJU", "phrase": " And I said"}, {"speaker": "LAJU", "phrase": " so he's probably just like this kid who's just like"}, {"speaker": "LAJU", "phrase": " real bitter"}, {"speaker": "LAJU", "phrase": " because nobody."}, {"speaker": "LAJU", "phrase": " And I said his dad is just an a jerk"}, {"speaker": "LAJU", "phrase": " Scott's brother"}, {"speaker": "LAJU", "phrase": " will call our house"}, {"speaker": "LAJU", "phrase": " and just"}, {"speaker": "LAJU", "phrase": " is just rude to Scott"}, {"speaker": "LAJU", "phrase": " But yet he'll turn around and ask Scott to borrow five thousand dollars."}, {"speaker": "LAJU", "phrase": " I mean like he just borrowed twentyfive thousand dollars from Scott"}, {"speaker": "LAJU", "phrase": " like two years ago"}, {"speaker": "LAJU", "phrase": " and told Scott"}, {"speaker": "LAJU", "phrase": " oh I'll give it back"}, {"speaker": "LAJU", "phrase": " I'm gonna invest it and I'll give it back in three months."}, {"speaker": "LAJU", "phrase": " So"}, {"speaker": "LAJU", "phrase": " he gives Scott."}, {"speaker": "LAJU", "phrase": " It takes him instead"}, {"speaker": "LAJU", "phrase": " year and half to pay Scott back."}, {"speaker": "LAJU", "phrase": " Like Scott's got twentyfive thousand dollars just to lay around."}, {"speaker": "LAJU", "phrase": " Like that."}, {"speaker": "LAJU", "phrase": " You know and"}, {"speaker": "LAJU", "phrase": " that's the way his brother is."}, {"speaker": "LAJU", "phrase": " You know very"}, {"speaker": "LAJU", "phrase": " and he's just"}, {"speaker": "LAJU", "phrase": " he's just mean to Scott."}, {"speaker": "LAJU", "phrase": " He says things to Scott"}, {"speaker": "LAJU", "phrase": " just like"}, {"speaker": "LAJU", "phrase": " oh just awful things about gay and."}, {"speaker": "CAM", "phrase": " Well"}, {"speaker": "CAM", "phrase": " why doesn't Scott say something."}, {"speaker": "LAJU", "phrase": " Because"}, {"speaker": "LAJU", "phrase": " Scott hasn't dealt with his gayness himself"}, {"speaker": "LAJU", "phrase": " and he hasn't dealt with"}, {"speaker": "LAJU", "phrase": " who he is."}, {"speaker": "CAM", "phrase": " Mm."}, {"speaker": "LAJU", "phrase": " And that's why he doesn't say anything."}, {"speaker": "CAM", "phrase": " So you can't really blame the guy in the sense that."}, {"speaker": "LAJU", "phrase": "PAUSE"}, {"speaker": "CAM", "phrase": " he doesn't know he's hurting him ?"}, {"speaker": "LAJU", "phrase": " If Scott doesn't stick up for himself."}, {"speaker": "CAM", "phrase": " Right."}, {"speaker": "LAJU", "phrase": " And I keep telling Scott."}, {"speaker": "CAM", "phrase": "PAUSE"}, {"speaker": "LAJU", "phrase": " you're gonna have to say something."}, {"speaker": "CAM", "phrase": "PAUSE"}, {"speaker": "LAJU", "phrase": " Because all of these things are hurting you."}, {"speaker": "CAM", "phrase": " Yeah."}, {"speaker": "LAJU", "phrase": " And Scott's like oh it doesn't bother me"}, {"speaker": "LAJU", "phrase": " and I'm like then why are you talking about it."}, {"speaker": "LAJU", "phrase": " I said if that would have been my nephew"}, {"speaker": "LAJU", "phrase": " and he would have said that to me"}, {"speaker": "LAJU", "phrase": " I'd've knocked him across that chair"}, {"speaker": "LAJU", "phrase": " I don't care how big he was."}, {"speaker": "CAM", "phrase": "PAUSE"}, {"speaker": "LAJU", "phrase": " \u0294uh laugh \u0294uh."}, {"speaker": "CAM", "phrase": " Oh yeah."}, {"speaker": "LAJU", "phrase": " \u0294uh I said my nephews."}, {"speaker": "LAJU", "phrase": " My nephews and nieces do not"}, {"speaker": "LAJU", "phrase": " one of the little girls."}, {"speaker": "CAM", "phrase": "PAUSE"}, {"speaker": "LAJU", "phrase": " uh"}, {"speaker": "LAJU", "phrase": " tried pulling something on."}, {"speaker": "LAJU", "phrase": " We went shopping"}, {"speaker": "LAJU", "phrase": " and tried the little attitude in the in the mall."}, {"speaker": "LAJU", "phrase": " And I grabbed her and I said"}, {"speaker": "LAJU", "phrase": " I don't care if you are my sister's child"}, {"speaker": "LAJU", "phrase": " I will knock you across that bench"}, {"speaker": "LAJU", "phrase": " in second."}, {"speaker": "CAM", "phrase": "PAUSE"}, {"speaker": "LAJU", "phrase": " I said I don't have to take that."}, {"speaker": "CAM", "phrase": "PAUSE"}, {"speaker": "LAJU", "phrase": " I laugh just it's."}, {"speaker": "LAJU", "phrase": " You will never go shopping with me again."}, {"speaker": "CAM", "phrase": "PAUSE"}, {"speaker": "LAJU", "phrase": " Um"}, {"speaker": "LAJU", "phrase": " I just don't believe in it"}, {"speaker": "LAJU", "phrase": " and I I I'm sorry"}, {"speaker": "LAJU", "phrase": " I was not hit as child"}, {"speaker": "LAJU", "phrase": " but I also was not nasty"}, {"speaker": "LAJU", "phrase": " like some kids now ?"}, {"speaker": "LAJU", "phrase": " He's right."}, {"speaker": "LAJU", "phrase": " They do talk bad."}, {"speaker": "LAJU", "phrase": " Some of the kids say things"}, {"speaker": "LAJU", "phrase": " but kids always do"}, {"speaker": "LAJU", "phrase": " but"}, {"speaker": "LAJU", "phrase": " that's not an excuse."}, {"speaker": "ENV", "phrase": "PAUSE"}, {"speaker": "CAM", "phrase": " Exactly."}, {"speaker": "LAJU", "phrase": "PAUSE"}, {"speaker": "ENV", "phrase": "PAUSE"}, {"speaker": "LAJU", "phrase": " Hello ?"}, {"speaker": "LAJU", "phrase": " Hello ?"}, {"speaker": "LAJU", "phrase": " What's wrong."}, {"speaker": "CAM", "phrase": " It's Jimmy."}, {"speaker": "LAJU", "phrase": " \u0294Why."}, {"speaker": "LAJU", "phrase": "PAUSE"}, {"speaker": "LAJU", "phrase": " Why ?"}, {"speaker": "LAJU", "phrase": "PAUSE"}, {"speaker": "LAJU", "phrase": "PAUSE"}, {"speaker": "LAJU", "phrase": " \u0294uh laugh \u0294uh laugh Okay"}, {"speaker": "LAJU", "phrase": " alright."}, {"speaker": "LAJU", "phrase": "PAUSE"}, {"speaker": "LAJU", "phrase": " Yeah."}, {"speaker": "LAJU", "phrase": " If you don't have enough gas and you're worried"}, {"speaker": "LAJU", "phrase": " that you're gonna run out"}, {"speaker": "LAJU", "phrase": " I wouldn't go anywhere either."}, {"speaker": "LAJU", "phrase": " So why don't you."}, {"speaker": "LAJU", "phrase": " I'll call you later on."}, {"speaker": "LAJU", "phrase": " Okay ?"}, {"speaker": "LAJU", "phrase": " Bye."}, {"speaker": "ENV", "phrase": "PAUSE"}, {"speaker": "LAJU", "phrase": " He's afraid that he's gonna run out of gas getting over here."}, {"speaker": "CAM", "phrase": " Well why doesn't he get gas."}, {"speaker": "LAJU", "phrase": " I don't know"}, {"speaker": "LAJU", "phrase": " he drove all the way back from Green Bay with"}, {"speaker": "LAJU", "phrase": " just on that."}, {"speaker": "LAJU", "phrase": " And he thought he was \u0294gonna"}, {"speaker": "LAJU", "phrase": " \u0294like"}, {"speaker": "LAJU", "phrase": " make it"}, {"speaker": "LAJU", "phrase": " and somebody would be open"}, {"speaker": "LAJU", "phrase": " and I'm like"}, {"speaker": "LAJU", "phrase": " so he said he's like"}, {"speaker": "LAJU", "phrase": " it'."}, {"speaker": "LAJU", "phrase": " He said it's like past empty"}, {"speaker": "LAJU", "phrase": " it's past the E"}, {"speaker": "LAJU", "phrase": " and so he's afraid"}, {"speaker": "LAJU", "phrase": " that he'll run out on his way over"}, {"speaker": "LAJU", "phrase": " and he probably would."}, {"speaker": "CAM", "phrase": " Oh."}, {"speaker": "CAM", "phrase": " Well he should just"}, {"speaker": "CAM", "phrase": " go to gas station."}, {"speaker": "LAJU", "phrase": " So he said he'll."}, {"speaker": "LAJU", "phrase": " Well there's one down the street from his house"}, {"speaker": "LAJU", "phrase": " but it'll probably be open tomorrow morning."}, {"speaker": "CAM", "phrase": " Oh."}, {"speaker": "LAJU", "phrase": " It's not open now."}, {"speaker": "LAJU", "phrase": " So he said he'd just rather stay home."}, {"speaker": "LAJU", "phrase": " Instead"}, {"speaker": "LAJU", "phrase": " and I said fine"}, {"speaker": "LAJU", "phrase": " go ahead and stay home."}, {"speaker": "CAM", "phrase": "PAUSE"}, {"speaker": "LAJU", "phrase": " But I don't know"}, {"speaker": "LAJU", "phrase": " I I really think that"}, {"speaker": "LAJU", "phrase": " it it's hard."}, {"speaker": "CAM", "phrase": "PAUSE"}, {"speaker": "LAJU", "phrase": " it's hard"}, {"speaker": "LAJU", "phrase": " it's it is hard having"}, {"speaker": "LAJU", "phrase": " to hide this like Scott's doing"}, {"speaker": "LAJU", "phrase": " I couldn't hide it any longer than he has"}, {"speaker": "LAJU", "phrase": " he's hiding it way too long."}, {"speaker": "CAM", "phrase": " Yeah."}, {"speaker": "LAJU", "phrase": "PAUSE"}, {"speaker": "CAM", "phrase": " No I couldn't hide it that long either."}, {"speaker": "CAM", "phrase": " I told my mother when I had like"}, {"speaker": "CAM", "phrase": " my boyfriend moved away."}, {"speaker": "CAM", "phrase": " She..."}, {"speaker": "LAJU", "phrase": " Is that why you told her ?"}, {"speaker": "CAM", "phrase": " Mm."}, {"speaker": "CAM", "phrase": " Cause I was really upset."}, {"speaker": "CAM", "phrase": " And then I."}, {"speaker": "CAM", "phrase": " And then she's like"}, {"speaker": "CAM", "phrase": " well it's good thing he moved away"}, {"speaker": "CAM", "phrase": " cause he was sort of effeminate"}, {"speaker": "CAM", "phrase": " and I was really offended."}, {"speaker": "LAJU", "phrase": " That's how she took it ?"}, {"speaker": "CAM", "phrase": " Yeah."}, {"speaker": "CAM", "phrase": " And I was really offended"}, {"speaker": "CAM", "phrase": " cause she said something like."}, {"speaker": "LAJU", "phrase": "PAUSE"}, {"speaker": "CAM", "phrase": " well it's good thing"}, {"speaker": "CAM", "phrase": " he was sort of weird"}, {"speaker": "CAM", "phrase": " I didn't like you hanging around him."}, {"speaker": "CAM", "phrase": " And I said what do you mean he was weird."}, {"speaker": "CAM", "phrase": " And she said he was sort of effeminate."}, {"speaker": "CAM", "phrase": " And I was like"}, {"speaker": "CAM", "phrase": " well what do you mean"}, {"speaker": "CAM", "phrase": " he's gay or something"}, {"speaker": "CAM", "phrase": " she's like well I think he might have been."}, {"speaker": "CAM", "phrase": " And I said well \u0294uh"}, {"speaker": "CAM", "phrase": " why"}, {"speaker": "CAM", "phrase": " does that bother you ?"}, {"speaker": "CAM", "phrase": " I said because I am."}, {"speaker": "CAM", "phrase": " And she's like"}, {"speaker": "CAM", "phrase": " no."}, {"speaker": "CAM", "phrase": " You're not."}, {"speaker": "CAM", "phrase": " I know you."}, {"speaker": "CAM", "phrase": " You're not gay."}, {"speaker": "CAM", "phrase": "PAUSE"}, {"speaker": "LAJU", "phrase": "PAUSE"}, {"speaker": "CAM", "phrase": " And I said"}, {"speaker": "CAM", "phrase": " yes I am."}, {"speaker": "CAM", "phrase": " I said"}, {"speaker": "CAM", "phrase": " how do you know me"}, {"speaker": "CAM", "phrase": " better than I know myself laugh."}, {"speaker": "CAM", "phrase": "PAUSE"}, {"speaker": "CAM", "phrase": " And she's just looking at me"}, {"speaker": "CAM", "phrase": " and she was like really upset."}, {"speaker": "CAM", "phrase": "PAUSE"}, {"speaker": "LAJU", "phrase": " Did she tell your dad or did you tell your dad."}, {"speaker": "CAM", "phrase": " No"}, {"speaker": "CAM", "phrase": " she ended up telling him I think eventually"}, {"speaker": "CAM", "phrase": " but not right away."}, {"speaker": "CAM", "phrase": " First thing I had to go to see \u0294a psychiatrist."}, {"speaker": "LAJU", "phrase": "PAUSE"}, {"speaker": "LAJU", "phrase": " Oh she made you go do that."}, {"speaker": "CAM", "phrase": " Mhm"}, {"speaker": "CAM", "phrase": " I went."}, {"speaker": "LAJU", "phrase": " Oh Jim's mother told him that too."}, {"speaker": "CAM", "phrase": " See and then I went"}, {"speaker": "CAM", "phrase": " and the guy's like really nice"}, {"speaker": "CAM", "phrase": " and he's like well what what's why are you here."}, {"speaker": "LAJU", "phrase": "PAUSE"}, {"speaker": "CAM", "phrase": " tell me what's what's going on."}, {"speaker": "CAM", "phrase": " And I said well."}, {"speaker": "LAJU", "phrase": " How old were you at this time."}, {"speaker": "CAM", "phrase": " Nineteen."}, {"speaker": "LAJU", "phrase": " And she said that's for the psychiatrist at nineteen ?"}, {"speaker": "LAJU", "phrase": " She didn't think you knew"}, {"speaker": "LAJU", "phrase": " enough about yourself at that age ?"}, {"speaker": "CAM", "phrase": " Right."}, {"speaker": "CAM", "phrase": " Well"}, {"speaker": "CAM", "phrase": " she didn't want to believe it"}, {"speaker": "CAM", "phrase": " you know."}, {"speaker": "LAJU", "phrase": "PAUSE"}, {"speaker": "LAJU", "phrase": " Yeah."}, {"speaker": "CAM", "phrase": " I guess you can't blamethem"}, {"speaker": "CAM", "phrase": " some to some extent."}, {"speaker": "CAM", "phrase": " So then I went to the psychiatrist and"}, {"speaker": "CAM", "phrase": " he's like well what's the problem"}, {"speaker": "CAM", "phrase": " and I said"}, {"speaker": "CAM", "phrase": " well"}, {"speaker": "CAM", "phrase": " my mother's upset because I'm gay."}, {"speaker": "CAM", "phrase": "PAUSE"}, {"speaker": "CAM", "phrase": " And he's like"}, {"speaker": "CAM", "phrase": " well it sounds like she has problem then laugh"}, {"speaker": "CAM", "phrase": "PAUSE"}, {"speaker": "LAJU", "phrase": "PAUSE"}, {"speaker": "LAJU", "phrase": " Did he really say that ?"}, {"speaker": "CAM", "phrase": " Yes."}, {"speaker": "CAM", "phrase": " He said it sounds like she's the one with the problem."}, {"speaker": "CAM", "phrase": " And I didn't even think about how I said it."}, {"speaker": "CAM", "phrase": " I just said it ?"}, {"speaker": "CAM", "phrase": " You know ?"}, {"speaker": "CAM", "phrase": " And he interpreted how I said it"}, {"speaker": "CAM", "phrase": " as how it was."}, {"speaker": "CAM", "phrase": " You know"}, {"speaker": "CAM", "phrase": " which is true."}, {"speaker": "LAJU", "phrase": " And you know what's really funny"}, {"speaker": "LAJU", "phrase": " is that psychiatrist would say that."}, {"speaker": "CAM", "phrase": "PAUSE"}, {"speaker": "CAM", "phrase": "PAUSE"}, {"speaker": "LAJU", "phrase": " and knowingly know that"}, {"speaker": "LAJU", "phrase": " you know"}, {"speaker": "LAJU", "phrase": " he accepted the fact that yes you are gay"}, {"speaker": "LAJU", "phrase": " that it is something that"}, {"speaker": "LAJU", "phrase": " like when Mike told his friend Julia"}, {"speaker": "LAJU", "phrase": " Mike was telling me that Julia said"}, {"speaker": "LAJU", "phrase": " oh I don't like it"}, {"speaker": "LAJU", "phrase": " but if that's what you want"}, {"speaker": "LAJU", "phrase": " maybe that's not truly who you are."}, {"speaker": "LAJU", "phrase": " You know"}, {"speaker": "LAJU", "phrase": " and"}, {"speaker": "LAJU", "phrase": " I said to Mike"}, {"speaker": "LAJU", "phrase": " I said then Mike she didn't accept it."}, {"speaker": "LAJU", "phrase": " And"}, {"speaker": "LAJU", "phrase": " he said"}, {"speaker": "LAJU", "phrase": " well"}, {"speaker": "LAJU", "phrase": " I think she accepted it"}, {"speaker": "LAJU", "phrase": " she just said that"}, {"speaker": "LAJU", "phrase": " and he told her that he feels he was born with it"}, {"speaker": "LAJU", "phrase": " and she said"}, {"speaker": "LAJU", "phrase": " no"}, {"speaker": "LAJU", "phrase": " I don't believe that"}, {"speaker": "LAJU", "phrase": " I think it's your choice that that's what you want."}, {"speaker": "LAJU", "phrase": " And I said."}, {"speaker": "LAJU", "phrase": " And I and I told Mike"}, {"speaker": "LAJU", "phrase": " I said you know"}, {"speaker": "LAJU", "phrase": " I hate when people say that"}, {"speaker": "LAJU", "phrase": " because"}, {"speaker": "LAJU", "phrase": " if I felt that was my choice"}, {"speaker": "LAJU", "phrase": " I don't think that would've been the first choice I would've picked."}, {"speaker": "CAM", "phrase": "PAUSE"}, {"speaker": "CAM", "phrase": " Oh laugh God no."}, {"speaker": "LAJU", "phrase": " And it's not to say that I'm ashamed of being gay."}, {"speaker": "CAM", "phrase": " No."}, {"speaker": "LAJU", "phrase": " \u0294uh what it is is that"}, {"speaker": "LAJU", "phrase": " because of what society has done"}, {"speaker": "LAJU", "phrase": " or has laid the rules for us"}, {"speaker": "LAJU", "phrase": " I don't really think I would have chose to be gay."}, {"speaker": "CAM", "phrase": "PAUSE"}, {"speaker": "LAJU", "phrase": " I I wouldn't."}, {"speaker": "LAJU", "phrase": " Why would I want to be gay"}, {"speaker": "LAJU", "phrase": " and have to deal with what we go through."}, {"speaker": "CAM", "phrase": " Exactly."}, {"speaker": "CAM", "phrase": " And that's what I explained to my folks now and."}, {"speaker": "LAJU", "phrase": "PAUSE"}, {"speaker": "CAM", "phrase": " and they \u0294uh totally believe that it's."}, {"speaker": "LAJU", "phrase": "PAUSE"}, {"speaker": "CAM", "phrase": " like hereditary or genetic or whatever"}, {"speaker": "CAM", "phrase": " that it's not choice."}, {"speaker": "CAM", "phrase": " You know"}, {"speaker": "CAM", "phrase": " because..."}, {"speaker": "LAJU", "phrase": " They do believe it now ?"}, {"speaker": "CAM", "phrase": " Oh yeah."}, {"speaker": "CAM", "phrase": " They totally..."}, {"speaker": "LAJU", "phrase": " Oh"}, {"speaker": "LAJU", "phrase": " I believe it's it's."}, {"speaker": "LAJU", "phrase": " I don't know if it's hereditary ?"}, {"speaker": "LAJU", "phrase": " I do believe it's something."}, {"speaker": "LAJU", "phrase": " It's gene"}, {"speaker": "LAJU", "phrase": " or it's something."}, {"speaker": "CAM", "phrase": " Right."}, {"speaker": "LAJU", "phrase": " I I don't think."}, {"speaker": "LAJU", "phrase": " I don't care what people say."}, {"speaker": "LAJU", "phrase": " you are."}, {"speaker": "LAJU", "phrase": " You do not choose."}, {"speaker": "CAM", "phrase": " Unhunh."}, {"speaker": "LAJU", "phrase": " I've known"}, {"speaker": "LAJU", "phrase": " since I was"}, {"speaker": "LAJU", "phrase": " gosh"}, {"speaker": "LAJU", "phrase": " probably"}, {"speaker": "LAJU", "phrase": " I can remember ?"}, {"speaker": "LAJU", "phrase": " Four ?"}, {"speaker": "LAJU", "phrase": " Five years old ?"}, {"speaker": "CAM", "phrase": " I remember that."}, {"speaker": "CAM", "phrase": " Yeah."}, {"speaker": "LAJU", "phrase": " I remember looking at"}, {"speaker": "LAJU", "phrase": " my uncle was sleeping"}, {"speaker": "LAJU", "phrase": " on the couch"}, {"speaker": "LAJU", "phrase": " in our family room"}, {"speaker": "LAJU", "phrase": " and"}, {"speaker": "LAJU", "phrase": " he was sleeping there with his boxers on"}, {"speaker": "LAJU", "phrase": " and his peepee fell out of his pants."}, {"speaker": "LAJU", "phrase": " And I just stood there and stared at it"}, {"speaker": "LAJU", "phrase": " and I was..."}, {"speaker": "CAM", "phrase": "PAUSE"}, {"speaker": "LAJU", "phrase": " And I know it was sexual arousement"}, {"speaker": "LAJU", "phrase": " cause I can remember feeling sexually interested."}, {"speaker": "CAM", "phrase": "PAUSE"}, {"speaker": "LAJU", "phrase": " And so I was like four years old."}, {"speaker": "LAJU", "phrase": " So I knew then."}, {"speaker": "LAJU", "phrase": " You you know what you feel inside."}, {"speaker": "LAJU", "phrase": " You you you can't..."}, {"speaker": "CAM", "phrase": " Right."}, {"speaker": "LAJU", "phrase": " And I don't care what anybody says"}, {"speaker": "LAJU", "phrase": " at four years old"}, {"speaker": "LAJU", "phrase": " I."}, {"speaker": "LAJU", "phrase": " I chose that ?"}, {"speaker": "LAJU", "phrase": " That I liked what I saw"}, {"speaker": "LAJU", "phrase": " I don't think so."}, {"speaker": "LAJU", "phrase": " I don't think I knew at four years old"}, {"speaker": "LAJU", "phrase": " that I could actually just say oh"}, {"speaker": "LAJU", "phrase": " wow"}, {"speaker": "LAJU", "phrase": " I wanna play with this guy."}, {"speaker": "LAJU", "phrase": " You know."}, {"speaker": "CAM", "phrase": " Right."}, {"speaker": "LAJU", "phrase": " I don't think so."}, {"speaker": "LAJU", "phrase": " And and if they say things like"}, {"speaker": "LAJU", "phrase": " oh when I was maybe seven"}, {"speaker": "LAJU", "phrase": " I slept with my cousin Tommy"}, {"speaker": "LAJU", "phrase": " who was probably twelve thirteen ?"}, {"speaker": "LAJU", "phrase": " At the time"}, {"speaker": "LAJU", "phrase": " and I slept with him"}, {"speaker": "LAJU", "phrase": " no he was sixteen."}, {"speaker": "LAJU", "phrase": " Shared bed with him"}, {"speaker": "LAJU", "phrase": " and he"}, {"speaker": "LAJU", "phrase": " uh"}, {"speaker": "LAJU", "phrase": " started fondling me"}, {"speaker": "LAJU", "phrase": " and I enjoyed it"}, {"speaker": "LAJU", "phrase": " and I fondled him back."}, {"speaker": "LAJU", "phrase": " And I was like seven years old."}, {"speaker": "LAJU", "phrase": " And I I don't say that he did it to me"}, {"speaker": "LAJU", "phrase": " he molested me or"}, {"speaker": "LAJU", "phrase": " or raped me as people are saying now"}, {"speaker": "LAJU", "phrase": " the older uncle"}, {"speaker": "LAJU", "phrase": " generally"}, {"speaker": "LAJU", "phrase": " I think these kids."}, {"speaker": "CAM", "phrase": " Hm."}, {"speaker": "LAJU", "phrase": " not saying adults should've been more responsible"}, {"speaker": "LAJU", "phrase": " my sixteenyearold cousin should have been more responsible."}, {"speaker": "CAM", "phrase": "PAUSE"}, {"speaker": "LAJU", "phrase": " and not played with sevenyearold child"}, {"speaker": "LAJU", "phrase": " but"}, {"speaker": "LAJU", "phrase": " he did."}, {"speaker": "LAJU", "phrase": " But I'm not gonna turn around and tell my aunt"}, {"speaker": "LAJU", "phrase": " well"}, {"speaker": "LAJU", "phrase": " gee your son"}, {"speaker": "LAJU", "phrase": " molested me as child."}, {"speaker": "CAM", "phrase": " Is he gay ?"}, {"speaker": "LAJU", "phrase": " No."}, {"speaker": "CAM", "phrase": " He's not gay."}, {"speaker": "LAJU", "phrase": " Well"}, {"speaker": "LAJU", "phrase": " we don't know."}, {"speaker": "LAJU", "phrase": "PAUSE"}, {"speaker": "CAM", "phrase": "PAUSE"}, {"speaker": "LAJU", "phrase": " Actually"}, {"speaker": "LAJU", "phrase": " I think he is."}, {"speaker": "LAJU", "phrase": " He brought home drag queen for Christmas last year."}, {"speaker": "LAJU", "phrase": " So."}, {"speaker": "CAM", "phrase": " Oh yeah."}, {"speaker": "CAM", "phrase": "PAUSE"}, {"speaker": "LAJU", "phrase": "PAUSE"}, {"speaker": "LAJU", "phrase": " But"}, {"speaker": "LAJU", "phrase": " at the time no."}, {"speaker": "LAJU", "phrase": " he."}, {"speaker": "LAJU", "phrase": " Like when he turned twentytwo"}, {"speaker": "LAJU", "phrase": " he got married"}, {"speaker": "LAJU", "phrase": " and he had kids and stuff"}, {"speaker": "LAJU", "phrase": " he has kids"}, {"speaker": "LAJU", "phrase": " which doesn't mean anything"}, {"speaker": "LAJU", "phrase": " there are lot of fags with kids"}, {"speaker": "LAJU", "phrase": " but"}, {"speaker": "LAJU", "phrase": " he just is very"}, {"speaker": "LAJU", "phrase": " that was what happened to me."}, {"speaker": "LAJU", "phrase": " And and I don't blame my cousin"}, {"speaker": "LAJU", "phrase": " it was just another awakening experience for me"}, {"speaker": "LAJU", "phrase": " I mean there were several experiences"}, {"speaker": "LAJU", "phrase": " when I was growing up"}, {"speaker": "LAJU", "phrase": " I mean"}, {"speaker": "LAJU", "phrase": " I remember watching one of our neighbors"}, {"speaker": "LAJU", "phrase": " who was taking shower"}, {"speaker": "LAJU", "phrase": " and you could see right through his bedroom"}, {"speaker": "LAJU", "phrase": " and he got out and he was naked."}, {"speaker": "LAJU", "phrase": " And I remember watching."}, {"speaker": "LAJU", "phrase": " And I remember being mesmerized by his body."}, {"speaker": "LAJU", "phrase": " I was never really that mesmerized by female's body"}, {"speaker": "LAJU", "phrase": " as I was by male's body"}, {"speaker": "LAJU", "phrase": " and so."}, {"speaker": "CAM", "phrase": " Right."}, {"speaker": "LAJU", "phrase": " that's why I don't understand where uh they come up with this of"}, {"speaker": "LAJU", "phrase": " it's your choice."}, {"speaker": "LAJU", "phrase": " It's not."}, {"speaker": "LAJU", "phrase": " I I know"}, {"speaker": "LAJU", "phrase": " that that's what I felt."}, {"speaker": "CAM", "phrase": " Well"}, {"speaker": "CAM", "phrase": " I remember when I was."}, {"speaker": "CAM", "phrase": " I was like probably three or four."}, {"speaker": "LAJU", "phrase": "PAUSE"}, {"speaker": "CAM", "phrase": " and I was wrestling on"}, {"speaker": "CAM", "phrase": " I I remember wrestling on the floor."}, {"speaker": "LAJU", "phrase": "PAUSE"}, {"speaker": "CAM", "phrase": " with my brothers"}, {"speaker": "CAM", "phrase": " and being aroused."}, {"speaker": "CAM", "phrase": " Mhm."}, {"speaker": "CAM", "phrase": " Just like goofing around and stuff like that ?"}, {"speaker": "LAJU", "phrase": " Mhm."}, {"speaker": "CAM", "phrase": " And then I think the."}, {"speaker": "CAM", "phrase": " \u0294The experience when I was younger"}, {"speaker": "CAM", "phrase": " and my \u0294uholder brothers had friends over."}, {"speaker": "CAM", "phrase": " I remember the."}, {"speaker": "CAM", "phrase": " He he he come over with these friends"}, {"speaker": "CAM", "phrase": " with these guys"}, {"speaker": "CAM", "phrase": " and I would just be like"}, {"speaker": "CAM", "phrase": " in lust."}, {"speaker": "CAM", "phrase": "PAUSE"}, {"speaker": "CAM", "phrase": " For laugh these laugh guys"}, {"speaker": "CAM", "phrase": " I mean"}, {"speaker": "CAM", "phrase": " I must have been like nine or ten"}, {"speaker": "CAM", "phrase": " and I was just like idolizing these guys."}, {"speaker": "CAM", "phrase": " Like oh my God"}, {"speaker": "CAM", "phrase": " wow"}, {"speaker": "CAM", "phrase": " I remember"}, {"speaker": "CAM", "phrase": " I would like imagine like"}, {"speaker": "CAM", "phrase": " if I could have them in my bedroom."}, {"speaker": "LAJU", "phrase": " See yeah."}, {"speaker": "CAM", "phrase": " That type of thing."}, {"speaker": "CAM", "phrase": " You know"}, {"speaker": "CAM", "phrase": " oh if..."}, {"speaker": "LAJU", "phrase": " Mhm."}, {"speaker": "CAM", "phrase": " as if they were like toy or something."}, {"speaker": "LAJU", "phrase": "PAUSE"}, {"speaker": "LAJU", "phrase": " That was my older brother"}, {"speaker": "LAJU", "phrase": " because my older brother."}, {"speaker": "CAM", "phrase": "PAUSE"}, {"speaker": "LAJU", "phrase": " uh"}, {"speaker": "LAJU", "phrase": " played football at Perdue."}, {"speaker": "CAM", "phrase": " Mhm."}, {"speaker": "LAJU", "phrase": " and I used to go to games"}, {"speaker": "LAJU", "phrase": " and I followed him around"}, {"speaker": "LAJU", "phrase": " he'd take me for weekends"}, {"speaker": "LAJU", "phrase": " and then I'd get to sit in the locker room."}, {"speaker": "LAJU", "phrase": " And"}, {"speaker": "LAJU", "phrase": " these guys would like tickle me"}, {"speaker": "LAJU", "phrase": " and hug me"}, {"speaker": "LAJU", "phrase": " and I was just little kid."}, {"speaker": "LAJU", "phrase": " Cause I probably."}, {"speaker": "LAJU", "phrase": " Mm"}, {"speaker": "LAJU", "phrase": " I was probably about ten at the time"}, {"speaker": "LAJU", "phrase": " ten eleven"}, {"speaker": "LAJU", "phrase": " and they just thought I was the nicest little boy"}, {"speaker": "LAJU", "phrase": " and"}, {"speaker": "LAJU", "phrase": " I just had"}, {"speaker": "LAJU", "phrase": " and I knew it."}, {"speaker": "LAJU", "phrase": " I was always sexually aroused by it."}, {"speaker": "LAJU", "phrase": " And."}, {"speaker": "LAJU", "phrase": " And you know these things"}, {"speaker": "LAJU", "phrase": " and"}, {"speaker": "LAJU", "phrase": " you know it's inside of you."}, {"speaker": "LAJU", "phrase": " And."}, {"speaker": "CAM", "phrase": " Mhm."}, {"speaker": "LAJU", "phrase": " you know"}, {"speaker": "LAJU", "phrase": " what what do you do."}, {"speaker": "LAJU", "phrase": " And I know my brother"}, {"speaker": "LAJU", "phrase": " who lives in Dallas"}, {"speaker": "LAJU", "phrase": " uh"}, {"speaker": "LAJU", "phrase": " the one that played football at Perdue"}, {"speaker": "LAJU", "phrase": " he."}, {"speaker": "LAJU", "phrase": " He knew it."}, {"speaker": "LAJU", "phrase": " He he knew"}, {"speaker": "LAJU", "phrase": " he knew especially after Ron"}, {"speaker": "LAJU", "phrase": " because when I left California"}, {"speaker": "LAJU", "phrase": " I didn't come back here first"}, {"speaker": "LAJU", "phrase": " I actually went to Dallas."}, {"speaker": "LAJU", "phrase": " Because my brother's like come and stay with me"}, {"speaker": "LAJU", "phrase": " things'll work out"}, {"speaker": "LAJU", "phrase": " and"}, {"speaker": "LAJU", "phrase": " you can look for job down here."}, {"speaker": "LAJU", "phrase": " And so"}, {"speaker": "LAJU", "phrase": " Ron flew to Dallas"}, {"speaker": "LAJU", "phrase": " and went to my brother's house"}, {"speaker": "LAJU", "phrase": " and banged on the door"}, {"speaker": "LAJU", "phrase": " and said I want to see him"}, {"speaker": "LAJU", "phrase": " we need to talk"}, {"speaker": "LAJU", "phrase": " and my brother's like"}, {"speaker": "LAJU", "phrase": " this is really odd for two friends"}, {"speaker": "LAJU", "phrase": " to be this emotionally attached."}, {"speaker": "LAJU", "phrase": " And I was like crying all the time"}, {"speaker": "LAJU", "phrase": " and like when Ron came"}, {"speaker": "LAJU", "phrase": " I started crying"}, {"speaker": "LAJU", "phrase": " and I was just like"}, {"speaker": "LAJU", "phrase": " just tell him to leave me alone"}, {"speaker": "LAJU", "phrase": " just get him out of here"}, {"speaker": "LAJU", "phrase": " and blah blah blah"}, {"speaker": "LAJU", "phrase": " and."}, {"speaker": "CAM", "phrase": " Oh my God."}, {"speaker": "LAJU", "phrase": " Now you tell me your family doesn't realize"}, {"speaker": "LAJU", "phrase": " now what is wrong"}, {"speaker": "LAJU", "phrase": " that two friends are"}, {"speaker": "LAJU", "phrase": "PAUSE"}, {"speaker": "CAM", "phrase": " Having."}, {"speaker": "LAJU", "phrase": " thing."}, {"speaker": "LAJU", "phrase": " They're fighting each other"}, {"speaker": "LAJU", "phrase": " one guy's standing outside the house at midnight screaming"}, {"speaker": "LAJU", "phrase": " let me talk to him let me talk to him"}, {"speaker": "LAJU", "phrase": " it is little weird."}, {"speaker": "LAJU", "phrase": " You know"}, {"speaker": "LAJU", "phrase": " so."}, {"speaker": "CAM", "phrase": " Yeah"}, {"speaker": "CAM", "phrase": " I think they would figure that one out."}, {"speaker": "LAJU", "phrase": " Yeah"}, {"speaker": "LAJU", "phrase": " and my brother had met Ron"}, {"speaker": "LAJU", "phrase": " cause we went down there on vacation of spring break once"}, {"speaker": "LAJU", "phrase": " and he thought he was really cool"}, {"speaker": "LAJU", "phrase": " and stuff so"}, {"speaker": "LAJU", "phrase": " he really liked him lot"}, {"speaker": "LAJU", "phrase": " until that episode"}, {"speaker": "LAJU", "phrase": " and then"}, {"speaker": "LAJU", "phrase": " uh"}, {"speaker": "LAJU", "phrase": " I haven't spoke to my brother to be honest with you since."}, {"speaker": "CAM", "phrase": " Really ?"}, {"speaker": "LAJU", "phrase": " \u0294uh."}, {"speaker": "CAM", "phrase": " Why."}, {"speaker": "CAM", "phrase": " was he like upset ?"}, {"speaker": "LAJU", "phrase": " \u0294uh No"}, {"speaker": "LAJU", "phrase": " I think I'm afraid."}, {"speaker": "CAM", "phrase": " Oh."}, {"speaker": "LAJU", "phrase": " I'm afraid that he's gonna come right out and ask me."}, {"speaker": "CAM", "phrase": " Oh."}, {"speaker": "LAJU", "phrase": " about it"}, {"speaker": "LAJU", "phrase": " and what happened was"}, {"speaker": "LAJU", "phrase": " I ended up leaving Dallas"}, {"speaker": "LAJU", "phrase": " and coming back to Wisconsin like week later."}, {"speaker": "CAM", "phrase": " But doesn't he come up here ever ?"}, {"speaker": "CAM", "phrase": " For holidays at all or anything ?"}, {"speaker": "LAJU", "phrase": " I won't go home when he's here."}, {"speaker": "CAM", "phrase": " Are you serious ?"}, {"speaker": "LAJU", "phrase": "PAUSE"}, {"speaker": "LAJU", "phrase": " I won't go to Indiana"}, {"speaker": "LAJU", "phrase": " \u0294uh see I don't have any family in Wisconsin."}, {"speaker": "LAJU", "phrase": " My family's all in Indiana."}, {"speaker": "CAM", "phrase": " Mm."}, {"speaker": "LAJU", "phrase": " So when he comes home"}, {"speaker": "LAJU", "phrase": " like if I know he's coming home for Thanksgiving"}, {"speaker": "LAJU", "phrase": " I won't go home."}, {"speaker": "CAM", "phrase": "PAUSE"}, {"speaker": "LAJU", "phrase": " He did call me one time"}, {"speaker": "LAJU", "phrase": " because he needed me to sign property agreement"}, {"speaker": "LAJU", "phrase": " some property we own jointly."}, {"speaker": "CAM", "phrase": " Mhm."}, {"speaker": "LAJU", "phrase": "PAUSE"}, {"speaker": "LAJU", "phrase": " My."}, {"speaker": "LAJU", "phrase": " There's eight of us"}, {"speaker": "LAJU", "phrase": " that my grandparents left us"}, {"speaker": "LAJU", "phrase": " and he needed to borrow money against it."}, {"speaker": "LAJU", "phrase": " So he called"}, {"speaker": "LAJU", "phrase": " and left me message"}, {"speaker": "LAJU", "phrase": " I wasn't home"}, {"speaker": "LAJU", "phrase": " I was working"}, {"speaker": "LAJU", "phrase": " and"}, {"speaker": "LAJU", "phrase": " he said"}, {"speaker": "LAJU", "phrase": " gave me his number and told me to call him back"}, {"speaker": "LAJU", "phrase": " and"}, {"speaker": "LAJU", "phrase": " I called my sister and said fine"}, {"speaker": "LAJU", "phrase": " send me the."}, {"speaker": "LAJU", "phrase": " Tell him to send me the paper and I'll sign it"}, {"speaker": "LAJU", "phrase": " and I never talked to him."}, {"speaker": "CAM", "phrase": "PAUSE"}, {"speaker": "LAJU", "phrase": " So I haven't talked to my brother"}, {"speaker": "LAJU", "phrase": " see I've been in Milwaukee for ten years"}, {"speaker": "LAJU", "phrase": " so"}, {"speaker": "LAJU", "phrase": " about ten and half years."}, {"speaker": "CAM", "phrase": " Wow."}, {"speaker": "CAM", "phrase": " How old is he."}, {"speaker": "LAJU", "phrase": " He's lot older than I am"}, {"speaker": "LAJU", "phrase": " cause if I was ten and he was nineteen"}, {"speaker": "LAJU", "phrase": " so he's nine years older than me ?"}, {"speaker": "CAM", "phrase": " Oh."}, {"speaker": "LAJU", "phrase": " So he's."}, {"speaker": "LAJU", "phrase": " He's older"}, {"speaker": "LAJU", "phrase": " he's in his forties."}, {"speaker": "LAJU", "phrase": " Yeah."}, {"speaker": "LAJU", "phrase": " He's in his forties."}, {"speaker": "CAM", "phrase": " Don't you think it's it's more that you were nervous at the time."}, {"speaker": "LAJU", "phrase": " Well now I'm gonna tell him."}, {"speaker": "LAJU", "phrase": " I've I keep telling myself every month"}, {"speaker": "LAJU", "phrase": " call him"}, {"speaker": "LAJU", "phrase": " and just tell him"}, {"speaker": "LAJU", "phrase": " because I wanna go to Dallas"}, {"speaker": "LAJU", "phrase": " and I wanna."}, {"speaker": "LAJU", "phrase": " I I miss my brother."}, {"speaker": "LAJU", "phrase": " He was my best"}, {"speaker": "LAJU", "phrase": " and he knows."}, {"speaker": "LAJU", "phrase": " He knows."}, {"speaker": "LAJU", "phrase": " But"}, {"speaker": "LAJU", "phrase": " I just couldn't"}, {"speaker": "LAJU", "phrase": " just come right out and tell him then."}, {"speaker": "LAJU", "phrase": " I couldn't tell him"}, {"speaker": "LAJU", "phrase": "PAUSE"}, {"speaker": "LAJU", "phrase": " There was more to it than that."}, {"speaker": "LAJU", "phrase": " Ron came to the house"}, {"speaker": "LAJU", "phrase": " he had gun"}, {"speaker": "LAJU", "phrase": " they had to call the police."}, {"speaker": "CAM", "phrase": " He had gun ?"}, {"speaker": "LAJU", "phrase": " Yes."}, {"speaker": "CAM", "phrase": "PAUSE"}, {"speaker": "LAJU", "phrase": " And he was standing outside the house"}, {"speaker": "LAJU", "phrase": " saying I'm gonna."}, {"speaker": "LAJU", "phrase": " I'm gonna kill myself"}, {"speaker": "LAJU", "phrase": " if you don't talk to me"}, {"speaker": "LAJU", "phrase": " just tell me"}, {"speaker": "LAJU", "phrase": " and"}, {"speaker": "LAJU", "phrase": "PAUSE"}, {"speaker": "LAJU", "phrase": " There was just so much to this whole."}, {"speaker": "CAM", "phrase": " This is the guy who doesn't know he's gay."}, {"speaker": "CAM", "phrase": " Or isn't sure if he's gay."}, {"speaker": "LAJU", "phrase": " Yes."}, {"speaker": "LAJU", "phrase": " Yes."}, {"speaker": "LAJU", "phrase": " Who's now in the air force and lives in in South Carolina."}, {"speaker": "LAJU", "phrase": " \u0294So."}, {"speaker": "CAM", "phrase": " Wait second."}, {"speaker": "CAM", "phrase": " I thought this guy was was married."}, {"speaker": "LAJU", "phrase": " Ron."}, {"speaker": "CAM", "phrase": " Ron"}, {"speaker": "CAM", "phrase": " he's married"}, {"speaker": "CAM", "phrase": " right ?"}, {"speaker": "LAJU", "phrase": " That's Darren."}, {"speaker": "CAM", "phrase": " Oh"}, {"speaker": "CAM", "phrase": " I'm thinking of Darren right."}, {"speaker": "LAJU", "phrase": " No"}, {"speaker": "LAJU", "phrase": " Darren's the other guy that"}, {"speaker": "LAJU", "phrase": " was also in frat that I knew in college"}, {"speaker": "LAJU", "phrase": " the one that I told."}, {"speaker": "CAM", "phrase": " Oh those frat boys are too much."}, {"speaker": "LAJU", "phrase": " I know."}, {"speaker": "LAJU", "phrase": " He was the one that I told"}, {"speaker": "LAJU", "phrase": " that if he'd had told me he loved me"}, {"speaker": "LAJU", "phrase": " I would have never left Washington and moved with Ron."}, {"speaker": "LAJU", "phrase": " I would have stuck with Darren."}, {"speaker": "CAM", "phrase": " Oh."}, {"speaker": "LAJU", "phrase": " I would have never."}, {"speaker": "LAJU", "phrase": " Cause I never really"}, {"speaker": "LAJU", "phrase": " like I said"}, {"speaker": "LAJU", "phrase": " Ron was my friend."}, {"speaker": "LAJU", "phrase": " And I knew Ron was my friend."}, {"speaker": "CAM", "phrase": "PAUSE"}, {"speaker": "LAJU", "phrase": " And"}, {"speaker": "LAJU", "phrase": " I was in love with Darren."}, {"speaker": "LAJU", "phrase": " When I was in college"}, {"speaker": "LAJU", "phrase": " and to this day"}, {"speaker": "LAJU", "phrase": " if Scott wasn't here"}, {"speaker": "LAJU", "phrase": " and Darren wasn't married to woman"}, {"speaker": "LAJU", "phrase": " I would be with Darren."}, {"speaker": "LAJU", "phrase": " He was probably the best sexual partner"}, {"speaker": "LAJU", "phrase": " I \u0294uh could ever imagine."}, {"speaker": "LAJU", "phrase": "PAUSE"}, {"speaker": "CAM", "phrase": "PAUSE"}, {"speaker": "LAJU", "phrase": "PAUSE"}, {"speaker": "CAM", "phrase": " Oh my God."}, {"speaker": "LAJU", "phrase": " And we never had sex."}, {"speaker": "LAJU", "phrase": " He's the only person I know who kissed me"}, {"speaker": "LAJU", "phrase": " when when he kissed me I just came right on the spot."}, {"speaker": "CAM", "phrase": " You never had sex."}, {"speaker": "LAJU", "phrase": " Not"}, {"speaker": "LAJU", "phrase": " you know."}, {"speaker": "LAJU", "phrase": " Not the booty dance."}, {"speaker": "LAJU", "phrase": "PAUSE"}, {"speaker": "CAM", "phrase": "PAUSE"}, {"speaker": "CAM", "phrase": " The booty dance."}, {"speaker": "LAJU", "phrase": " \u0294uh laugh."}, {"speaker": "CAM", "phrase": " Wow."}, {"speaker": "LAJU", "phrase": " We had um."}, {"speaker": "CAM", "phrase": " You had oral sex."}, {"speaker": "LAJU", "phrase": " Oral sex."}, {"speaker": "LAJU", "phrase": " But he was just"}, {"speaker": "LAJU", "phrase": " oh"}, {"speaker": "LAJU", "phrase": " and fine."}, {"speaker": "LAJU", "phrase": " And I don't like men with like auburn hair."}, {"speaker": "LAJU", "phrase": " But he had auburn hair"}, {"speaker": "LAJU", "phrase": " and these turquoise eyes"}, {"speaker": "LAJU", "phrase": " and he was like"}, {"speaker": "LAJU", "phrase": " six foot"}, {"speaker": "LAJU", "phrase": " and just"}, {"speaker": "LAJU", "phrase": " oh"}, {"speaker": "LAJU", "phrase": " and he still is."}, {"speaker": "LAJU", "phrase": " I was just like"}, {"speaker": "LAJU", "phrase": " he is to die for."}, {"speaker": "LAJU", "phrase": " I thought"}, {"speaker": "LAJU", "phrase": " why."}, {"speaker": "LAJU", "phrase": " I was so young then and so stupid."}, {"speaker": "LAJU", "phrase": " He was the one that blamed me."}, {"speaker": "CAM", "phrase": "PAUSE"}, {"speaker": "LAJU", "phrase": " he wouldn't speak to me for six months"}, {"speaker": "LAJU", "phrase": " the first time we messed around we were drunk."}, {"speaker": "LAJU", "phrase": " And we messed around."}, {"speaker": "LAJU", "phrase": " And he wouldn't speak to me for six months"}, {"speaker": "LAJU", "phrase": " and said it was my fault that he knows he's not gay."}, {"speaker": "LAJU", "phrase": " But yet he was the one that grabbed me and threw me on the floor."}, {"speaker": "CAM", "phrase": " He confronted you and said that to you ?"}, {"speaker": "LAJU", "phrase": " And got on top of me."}, {"speaker": "LAJU", "phrase": " I called him."}, {"speaker": "CAM", "phrase": " Oh."}, {"speaker": "LAJU", "phrase": " the next day after it had happened."}, {"speaker": "LAJU", "phrase": " And he said I don't want to talk to you"}, {"speaker": "LAJU", "phrase": " you took advantage of me when I was drunk."}, {"speaker": "LAJU", "phrase": " But he's the one that grabbed me"}, {"speaker": "LAJU", "phrase": " kissed me"}, {"speaker": "LAJU", "phrase": " took my underwear off"}, {"speaker": "LAJU", "phrase": " and"}, {"speaker": "LAJU", "phrase": " he started it."}, {"speaker": "LAJU", "phrase": " You know"}, {"speaker": "LAJU", "phrase": " I knew what I was about."}, {"speaker": "LAJU", "phrase": " I didn't get into it"}, {"speaker": "LAJU", "phrase": " but I knew."}, {"speaker": "CAM", "phrase": " Right."}, {"speaker": "LAJU", "phrase": " And"}, {"speaker": "LAJU", "phrase": " he was the one"}, {"speaker": "LAJU", "phrase": " that was the first experience."}, {"speaker": "LAJU", "phrase": " And then the second experience"}, {"speaker": "LAJU", "phrase": " he didn't speak to me for three months"}, {"speaker": "LAJU", "phrase": " \u0294uh because he blamed me for that."}, {"speaker": "LAJU", "phrase": " And then"}, {"speaker": "LAJU", "phrase": " the third experience he blamed me for"}, {"speaker": "LAJU", "phrase": " he's been blaming me for all of these experiences"}, {"speaker": "LAJU", "phrase": " up until"}, {"speaker": "LAJU", "phrase": " uh like"}, {"speaker": "LAJU", "phrase": " Scott and I got serious like the year after"}, {"speaker": "LAJU", "phrase": " and I was still kind of seeing Darren"}, {"speaker": "LAJU", "phrase": " I went out to Washington and stuff"}, {"speaker": "LAJU", "phrase": " and that's when he stopped blaming me."}, {"speaker": "LAJU", "phrase": " Now"}, {"speaker": "LAJU", "phrase": " he calls me and tells me that he wants to be with me."}, {"speaker": "LAJU", "phrase": " And"}, {"speaker": "LAJU", "phrase": " he called."}, {"speaker": "LAJU", "phrase": " Like he called me last week"}, {"speaker": "LAJU", "phrase": " and said he wanted to be with me."}, {"speaker": "CAM", "phrase": " You're kidding."}, {"speaker": "LAJU", "phrase": " No."}, {"speaker": "LAJU", "phrase": " But he's married to Lauren."}, {"speaker": "LAJU", "phrase": " And I keep telling him"}, {"speaker": "LAJU", "phrase": " get out of that relationship"}, {"speaker": "LAJU", "phrase": " before you have children."}, {"speaker": "LAJU", "phrase": " Just get out of it"}, {"speaker": "LAJU", "phrase": " don't carry any baggage with you."}, {"speaker": "LAJU", "phrase": " Always my biggest theory."}, {"speaker": "LAJU", "phrase": " Don't carry any excess baggage."}, {"speaker": "CAM", "phrase": " Mm."}, {"speaker": "LAJU", "phrase": " With you."}, {"speaker": "LAJU", "phrase": " And he loves her."}, {"speaker": "LAJU", "phrase": " But what he doesn't know how to separate is"}, {"speaker": "LAJU", "phrase": " he loves her but he's not in love with her."}, {"speaker": "LAJU", "phrase": " You know what I mean"}, {"speaker": "LAJU", "phrase": " he he just..."}, {"speaker": "CAM", "phrase": " Right right."}, {"speaker": "CAM", "phrase": " Oh yeah."}, {"speaker": "LAJU", "phrase": "PAUSE"}, {"speaker": "CAM", "phrase": " you can love person"}, {"speaker": "CAM", "phrase": " but you're not in love with them."}, {"speaker": "LAJU", "phrase": "PAUSE"}, {"speaker": "CAM", "phrase": " It's not sexual."}, {"speaker": "LAJU", "phrase": " Yeah."}, {"speaker": "LAJU", "phrase": " And that's really hard."}, {"speaker": "CAM", "phrase": "PAUSE"}, {"speaker": "LAJU", "phrase": " Because."}, {"speaker": "CAM", "phrase": "PAUSE"}, {"speaker": "LAJU", "phrase": " you you find it very difficult to be"}, {"speaker": "LAJU", "phrase": " to love someone and"}, {"speaker": "LAJU", "phrase": " when you tell someone you love them"}, {"speaker": "LAJU", "phrase": " they misunderstand"}, {"speaker": "LAJU", "phrase": " what love is all about."}, {"speaker": "LAJU", "phrase": " So"}, {"speaker": "LAJU", "phrase": " I don't know."}, {"speaker": "LAJU", "phrase": " But I I"}, {"speaker": "LAJU", "phrase": " I think if there was ever anybody"}, {"speaker": "LAJU", "phrase": " I truly."}, {"speaker": "LAJU", "phrase": " But he."}, {"speaker": "LAJU", "phrase": " He"}, {"speaker": "LAJU", "phrase": " everybody has that one person who breaks their heart"}, {"speaker": "LAJU", "phrase": " and he broke my heart."}, {"speaker": "LAJU", "phrase": " Just incredibly because"}, {"speaker": "LAJU", "phrase": " I wasn't really in love with his looks"}, {"speaker": "LAJU", "phrase": " I just"}, {"speaker": "LAJU", "phrase": " I've never met anybody who when you they touched you"}, {"speaker": "LAJU", "phrase": " just"}, {"speaker": "LAJU", "phrase": " there was so much warmth."}, {"speaker": "LAJU", "phrase": " And so much"}, {"speaker": "LAJU", "phrase": " just."}, {"speaker": "LAJU", "phrase": " There was so much energy there."}, {"speaker": "LAJU", "phrase": " That"}, {"speaker": "LAJU", "phrase": " I mean."}, {"speaker": "CAM", "phrase": " So you've kept in contact with him ?"}, {"speaker": "LAJU", "phrase": " \u0294uh Mm"}, {"speaker": "LAJU", "phrase": " yes."}, {"speaker": "LAJU", "phrase": " Since nineteen."}, {"speaker": "LAJU", "phrase": " Yeah."}, {"speaker": "CAM", "phrase": " That's amazing."}, {"speaker": "LAJU", "phrase": " I've been here"}, {"speaker": "LAJU", "phrase": " for all this time."}, {"speaker": "CAM", "phrase": " What does he just call"}, {"speaker": "CAM", "phrase": " or you call"}, {"speaker": "CAM", "phrase": " when he's..."}, {"speaker": "LAJU", "phrase": " No."}, {"speaker": "LAJU", "phrase": " He calls me."}, {"speaker": "LAJU", "phrase": " I can't call him."}, {"speaker": "CAM", "phrase": " Oh."}, {"speaker": "LAJU", "phrase": " Actually I can"}, {"speaker": "LAJU", "phrase": " cause his wife knows that we're friends."}, {"speaker": "LAJU", "phrase": " But I don't choose to call him."}, {"speaker": "LAJU", "phrase": " He."}, {"speaker": "LAJU", "phrase": " Like he used to travel"}, {"speaker": "LAJU", "phrase": " around the country."}, {"speaker": "CAM", "phrase": "PAUSE"}, {"speaker": "LAJU", "phrase": " they live."}, {"speaker": "LAJU", "phrase": " They used to live in Valencia California."}, {"speaker": "CAM", "phrase": "PAUSE"}, {"speaker": "LAJU", "phrase": " now they live somewhere"}, {"speaker": "LAJU", "phrase": " they just moved"}, {"speaker": "LAJU", "phrase": " cause his wife got new job."}, {"speaker": "LAJU", "phrase": " He quit his job for her"}, {"speaker": "LAJU", "phrase": " for her job."}, {"speaker": "LAJU", "phrase": " Cause she moved to California for them"}, {"speaker": "LAJU", "phrase": " cause they were living in Washington DC."}, {"speaker": "LAJU", "phrase": " So he used to travel all around the world."}, {"speaker": "LAJU", "phrase": " Well whenever he come to Wisconsin for the dairy expo"}, {"speaker": "LAJU", "phrase": " or he'd come here"}, {"speaker": "LAJU", "phrase": " go to Chicago for some reason"}, {"speaker": "LAJU", "phrase": " to take businessmen around"}, {"speaker": "LAJU", "phrase": " what he did was"}, {"speaker": "LAJU", "phrase": " \u0294uh"}, {"speaker": "LAJU", "phrase": "he took uh farmers around from different parts of the world"}, {"speaker": "LAJU", "phrase": " so that they can look at farms."}, {"speaker": "LAJU", "phrase": " So his travel lot of times was in Wisconsin"}, {"speaker": "LAJU", "phrase": " because of the farms here."}, {"speaker": "LAJU", "phrase": " They would see how things were done and"}, {"speaker": "LAJU", "phrase": "PAUSE"}, {"speaker": "LAJU", "phrase": " He like took them around the world."}, {"speaker": "LAJU", "phrase": " You know doing this."}, {"speaker": "LAJU", "phrase": " And he traveled all over the world."}, {"speaker": "LAJU", "phrase": " See"}, {"speaker": "LAJU", "phrase": " that's why"}, {"speaker": "LAJU", "phrase": " I think Darren now"}, {"speaker": "LAJU", "phrase": " is getting to this point where"}, {"speaker": "LAJU", "phrase": " he's with Lauren all the time."}, {"speaker": "LAJU", "phrase": " And before"}, {"speaker": "LAJU", "phrase": " Darren traveled like ninety percent of the year."}, {"speaker": "LAJU", "phrase": " He was gone."}, {"speaker": "LAJU", "phrase": " I mean"}, {"speaker": "LAJU", "phrase": " Darren was gone ninety percent of the year."}, {"speaker": "LAJU", "phrase": " So now he's with Lauren every day"}, {"speaker": "LAJU", "phrase": " and it's been this way for the last three or four months."}, {"speaker": "LAJU", "phrase": " And I think..."}, {"speaker": "CAM", "phrase": " Oh that's all ?"}, {"speaker": "CAM", "phrase": " For the last three or four months ?"}, {"speaker": "CAM", "phrase": " Oh..."}, {"speaker": "LAJU", "phrase": " He just started stop."}, {"speaker": "LAJU", "phrase": " They've been married six years."}, {"speaker": "LAJU", "phrase": " He just stopped traveling."}, {"speaker": "CAM", "phrase": " Oh ?"}, {"speaker": "LAJU", "phrase": " And I think now it's just like"}, {"speaker": "LAJU", "phrase": " I don't know if this is for me"}, {"speaker": "LAJU", "phrase": " I don't know if this is right"}, {"speaker": "LAJU", "phrase": " and he's starting to call me."}, {"speaker": "LAJU", "phrase": " And he's starting to tell me how much he cares for me"}, {"speaker": "LAJU", "phrase": " and how he has feelings for me"}, {"speaker": "LAJU", "phrase": " and I."}, {"speaker": "LAJU", "phrase": " I know that you're with Scott."}, {"speaker": "LAJU", "phrase": " And I'm just like"}, {"speaker": "LAJU", "phrase": " and I'm not giving up my life for you."}, {"speaker": "LAJU", "phrase": " He asked me once"}, {"speaker": "LAJU", "phrase": " right out of college"}, {"speaker": "LAJU", "phrase": " when he moved to Washington DC"}, {"speaker": "LAJU", "phrase": " when I came back"}, {"speaker": "LAJU", "phrase": " from California"}, {"speaker": "LAJU", "phrase": " and I was here"}, {"speaker": "LAJU", "phrase": " and I had just started working"}, {"speaker": "LAJU", "phrase": " he asked me to move to Madison."}, {"speaker": "LAJU", "phrase": " To be with him."}, {"speaker": "LAJU", "phrase": " That was when he was on the peak of thinking maybe I am gay."}, {"speaker": "LAJU", "phrase": " And I said"}, {"speaker": "LAJU", "phrase": " well"}, {"speaker": "LAJU", "phrase": " why don't I come out there first"}, {"speaker": "LAJU", "phrase": " and we'll see."}, {"speaker": "LAJU", "phrase": " So I went out there"}, {"speaker": "LAJU", "phrase": " and he goes"}, {"speaker": "LAJU", "phrase": " well yeah you can move out here and get your own apartment"}, {"speaker": "LAJU", "phrase": " whereas he owned threebedroom house"}, {"speaker": "LAJU", "phrase": " and lived by himself"}, {"speaker": "LAJU", "phrase": " and I'm like"}, {"speaker": "LAJU", "phrase": " okay"}, {"speaker": "LAJU", "phrase": " can I afford to move out here"}, {"speaker": "LAJU", "phrase": " get apartment"}, {"speaker": "LAJU", "phrase": " until I find."}, {"speaker": "LAJU", "phrase": " He never said move in here with me until you find place or whatever."}, {"speaker": "LAJU", "phrase": " It was just like"}, {"speaker": "LAJU", "phrase": " and then he wanted the still straight life"}, {"speaker": "LAJU", "phrase": " and this and that and other."}, {"speaker": "LAJU", "phrase": " So now he claims bisexuality"}, {"speaker": "LAJU", "phrase": " but he's moving closer I think to steps of being gay"}, {"speaker": "LAJU", "phrase": " because when he was talking to me on the phone last week"}, {"speaker": "LAJU", "phrase": " he was telling me how much he still loved me."}, {"speaker": "LAJU", "phrase": " And he doesn't know what to do about this whole situation."}, {"speaker": "CAM", "phrase": " How could he really love you though"}, {"speaker": "CAM", "phrase": " he doesn't know you that much."}, {"speaker": "LAJU", "phrase": " He doesn't know me"}, {"speaker": "LAJU", "phrase": " because in the last ten years"}, {"speaker": "LAJU", "phrase": " we talked to each other maybe once month."}, {"speaker": "CAM", "phrase": " Well that's quite bit though."}, {"speaker": "LAJU", "phrase": " And actually maybe not even that."}, {"speaker": "LAJU", "phrase": " Sometimes it's every other month."}, {"speaker": "LAJU", "phrase": " When he was traveling around the world"}, {"speaker": "LAJU", "phrase": " like he went to Germany for six weeks."}, {"speaker": "LAJU", "phrase": " And he sent me his frequent flyer ticket."}, {"speaker": "LAJU", "phrase": " Cause he was there"}, {"speaker": "LAJU", "phrase": " training to speak"}, {"speaker": "LAJU", "phrase": " learning to speak German in sixweek course."}, {"speaker": "LAJU", "phrase": " And he sent me."}, {"speaker": "CAM", "phrase": "PAUSE"}, {"speaker": "LAJU", "phrase": " to come and spend week with him"}, {"speaker": "LAJU", "phrase": " and I said no."}, {"speaker": "LAJU", "phrase": " But at that time"}, {"speaker": "LAJU", "phrase": " I been with Scott like four years"}, {"speaker": "LAJU", "phrase": " and I was just like"}, {"speaker": "LAJU", "phrase": "PAUSE"}, {"speaker": "LAJU", "phrase": " I don't think so."}, {"speaker": "LAJU", "phrase": " You're not gonna use me"}, {"speaker": "LAJU", "phrase": " for your little sex thing for that week"}, {"speaker": "LAJU", "phrase": " and then that's it"}, {"speaker": "LAJU", "phrase": " so"}, {"speaker": "LAJU", "phrase": " I mean"}, {"speaker": "LAJU", "phrase": " I I love him"}, {"speaker": "LAJU", "phrase": " I really do but."}, {"speaker": "CAM", "phrase": " Hm."}, {"speaker": "LAJU", "phrase": " I don't."}, {"speaker": "LAJU", "phrase": " I also don't trust him."}, {"speaker": "LAJU", "phrase": " I don't think any man"}, {"speaker": "LAJU", "phrase": " who is as sexual as he is"}, {"speaker": "LAJU", "phrase": " \u0294uh and traveled as much as he did"}, {"speaker": "LAJU", "phrase": " could stay"}, {"speaker": "LAJU", "phrase": " celibate"}, {"speaker": "LAJU", "phrase": " or stay committed to his wife."}, {"speaker": "CAM", "phrase": " Right."}, {"speaker": "LAJU", "phrase": " I mean when I saw him once in Chicago"}, {"speaker": "LAJU", "phrase": " I went to Chicago."}, {"speaker": "LAJU", "phrase": " About four years ago ?"}, {"speaker": "LAJU", "phrase": " Five years ago ?"}, {"speaker": "LAJU", "phrase": " And he was in Chicago"}, {"speaker": "LAJU", "phrase": " in this really nice hotel"}, {"speaker": "LAJU", "phrase": " and he said"}, {"speaker": "LAJU", "phrase": " why don't you come and"}, {"speaker": "LAJU", "phrase": " you know"}, {"speaker": "LAJU", "phrase": " I'm free Saturday"}, {"speaker": "LAJU", "phrase": " and Sunday."}, {"speaker": "LAJU", "phrase": " Why don't you come."}, {"speaker": "LAJU", "phrase": " And I said fine."}, {"speaker": "LAJU", "phrase": " So I took the train to Chicago on Saturday"}, {"speaker": "LAJU", "phrase": " and I thought okay no big deal"}, {"speaker": "LAJU", "phrase": " he'll have room with two double beds."}, {"speaker": "LAJU", "phrase": " No it was kingsize bed."}, {"speaker": "LAJU", "phrase": " So I thought"}, {"speaker": "LAJU", "phrase": " okay"}, {"speaker": "LAJU", "phrase": " no big deal"}, {"speaker": "LAJU", "phrase": " I took sleeping bag"}, {"speaker": "LAJU", "phrase": " just in case."}, {"speaker": "LAJU", "phrase": " So"}, {"speaker": "LAJU", "phrase": " here I am"}, {"speaker": "LAJU", "phrase": " taking my sleeping bag"}, {"speaker": "LAJU", "phrase": " I roll it out on the floor"}, {"speaker": "LAJU", "phrase": " and he goes"}, {"speaker": "LAJU", "phrase": " \u0294uh"}, {"speaker": "LAJU", "phrase": " well you don't have to worry"}, {"speaker": "LAJU", "phrase": " you can share this bed with me"}, {"speaker": "LAJU", "phrase": " I love Lauren"}, {"speaker": "LAJU", "phrase": " and."}, {"speaker": "LAJU", "phrase": " No I take that back."}, {"speaker": "LAJU", "phrase": " It was more than five years ago"}, {"speaker": "LAJU", "phrase": " because he's been married to Lauren for six years this coming May"}, {"speaker": "LAJU", "phrase": " no."}, {"speaker": "LAJU", "phrase": " Seven years this coming May."}, {"speaker": "LAJU", "phrase": " So it was more than six years ago because"}, {"speaker": "LAJU", "phrase": " it was when he asked Lauren to marry him"}, {"speaker": "LAJU", "phrase": " it was right around Christmas time."}, {"speaker": "LAJU", "phrase": " So it's been about six and half years so"}, {"speaker": "LAJU", "phrase": " he asked Lauren to marry him"}, {"speaker": "LAJU", "phrase": " and he says I really love Lauren"}, {"speaker": "LAJU", "phrase": " I'm gonna marry her"}, {"speaker": "LAJU", "phrase": " and blah blah blah this."}, {"speaker": "LAJU", "phrase": " So I get in the bed"}, {"speaker": "LAJU", "phrase": " I thought fine"}, {"speaker": "LAJU", "phrase": " no big deal."}, {"speaker": "LAJU", "phrase": "I'm wearing my t-shirt and my underwear"}, {"speaker": "LAJU", "phrase": " so I get in the bed"}, {"speaker": "LAJU", "phrase": " and in the morning I wake up"}, {"speaker": "LAJU", "phrase": " and here he is"}, {"speaker": "LAJU", "phrase": " fondling me."}, {"speaker": "LAJU", "phrase": " So I'm like"}, {"speaker": "LAJU", "phrase": " okay"}, {"speaker": "LAJU", "phrase": " so"}, {"speaker": "LAJU", "phrase": " do you leave"}, {"speaker": "LAJU", "phrase": " or what do you do."}, {"speaker": "LAJU", "phrase": " You know"}, {"speaker": "LAJU", "phrase": " so \u0294uh"}, {"speaker": "LAJU", "phrase": " I'm like Darren"}, {"speaker": "LAJU", "phrase": " \u0294uh he goes"}, {"speaker": "LAJU", "phrase": " just don't say anything."}, {"speaker": "LAJU", "phrase": " And I said Darren"}, {"speaker": "LAJU", "phrase": " this isn't right"}, {"speaker": "LAJU", "phrase": " you don't really want to be with me"}, {"speaker": "LAJU", "phrase": " you just want the sexual part."}, {"speaker": "LAJU", "phrase": " And I said that's all there is to it"}, {"speaker": "LAJU", "phrase": " and I just can't do this."}, {"speaker": "LAJU", "phrase": " And he accepted it"}, {"speaker": "LAJU", "phrase": " and I I don't know."}, {"speaker": "LAJU", "phrase": " He always"}, {"speaker": "LAJU", "phrase": " and he'll always ask me"}, {"speaker": "LAJU", "phrase": " well how's Scott"}, {"speaker": "LAJU", "phrase": " how is your sex life with Scott."}, {"speaker": "LAJU", "phrase": " Are you happy with Scott"}, {"speaker": "LAJU", "phrase": " you know"}, {"speaker": "LAJU", "phrase": " do you still miss me."}, {"speaker": "LAJU", "phrase": " And I'm like"}, {"speaker": "LAJU", "phrase": " well Darren I haven't told you I missed you in years."}, {"speaker": "LAJU", "phrase": " What are you talking about."}, {"speaker": "CAM", "phrase": "PAUSE"}, {"speaker": "LAJU", "phrase": " You know"}, {"speaker": "LAJU", "phrase": " it's laugh like"}, {"speaker": "LAJU", "phrase": " excuse me."}, {"speaker": "LAJU", "phrase": " \u0294uh\u0294uh."}, {"speaker": "CAM", "phrase": " \u0294uh Is he like full of himself or what."}, {"speaker": "LAJU", "phrase": " And he's another one too."}, {"speaker": "CAM", "phrase": "PAUSE"}, {"speaker": "LAJU", "phrase": " He knows he's goodlooking."}, {"speaker": "LAJU", "phrase": " He he's another one."}, {"speaker": "LAJU", "phrase": " When we were were in college"}, {"speaker": "LAJU", "phrase": " he knew it."}, {"speaker": "CAM", "phrase": " Mm."}, {"speaker": "LAJU", "phrase": " And and what really gets me is \u0294uh that"}, {"speaker": "LAJU", "phrase": " I think"}, {"speaker": "LAJU", "phrase": " the reason I always attracted"}, {"speaker": "LAJU", "phrase": " like I attracted lot of football players"}, {"speaker": "LAJU", "phrase": " is people always got the impression I was gay."}, {"speaker": "LAJU", "phrase": " So"}, {"speaker": "LAJU", "phrase": " if they knew you were gay"}, {"speaker": "LAJU", "phrase": " and they wanted some experience"}, {"speaker": "LAJU", "phrase": " and they they didn't want to approach another say man in your frat."}, {"speaker": "LAJU", "phrase": " And they kinda thought you were gay"}, {"speaker": "LAJU", "phrase": " and nobody really wanted to like say it"}, {"speaker": "LAJU", "phrase": " they would approach me."}, {"speaker": "CAM", "phrase": " Mm."}, {"speaker": "LAJU", "phrase": " So I always got all the goodlooking ones to always like"}, {"speaker": "LAJU", "phrase": " come after me."}, {"speaker": "CAM", "phrase": " Mm."}, {"speaker": "LAJU", "phrase": " And that's how I ended up with Ron"}, {"speaker": "LAJU", "phrase": " and how I ended up with Darren."}, {"speaker": "LAJU", "phrase": " And I and I realize that"}, {"speaker": "LAJU", "phrase": " you know I always think well"}, {"speaker": "LAJU", "phrase": " especially Ron."}, {"speaker": "LAJU", "phrase": " I mean he was just like"}, {"speaker": "LAJU", "phrase": " oh"}, {"speaker": "LAJU", "phrase": " just perfect."}, {"speaker": "LAJU", "phrase": " Well Darren was too but"}, {"speaker": "LAJU", "phrase": " Darren"}, {"speaker": "LAJU", "phrase": " lot of people don't like auburn hair or reddish brown hair."}, {"speaker": "LAJU", "phrase": " They don't care for it."}, {"speaker": "LAJU", "phrase": " But Ron just is just."}, {"speaker": "LAJU", "phrase": " just beautiful man."}, {"speaker": "LAJU", "phrase": " They both were but"}, {"speaker": "LAJU", "phrase": " I find that that's what happens in these fraternities."}, {"speaker": "LAJU", "phrase": " Is you find man who is curious about his sexuality."}, {"speaker": "LAJU", "phrase": " And if they find someone who they question"}, {"speaker": "LAJU", "phrase": " okay"}, {"speaker": "LAJU", "phrase": " is he gay or isn't he gay"}, {"speaker": "LAJU", "phrase": " then they will tend to go after you little bit faster."}, {"speaker": "LAJU", "phrase": " So then you think"}, {"speaker": "LAJU", "phrase": " okay you've seen some of these guys in the bars and you think"}, {"speaker": "LAJU", "phrase": " like I was out at the Triangle"}, {"speaker": "LAJU", "phrase": " and I saw this guy"}, {"speaker": "LAJU", "phrase": " he was so goodlooking"}, {"speaker": "LAJU", "phrase": " I'm like."}, {"speaker": "CAM", "phrase": "PAUSE"}, {"speaker": "LAJU", "phrase": " how the hell did he end up with that thing."}, {"speaker": "LAJU", "phrase": " And then I thought you know"}, {"speaker": "LAJU", "phrase": " I betcha he's just out."}, {"speaker": "LAJU", "phrase": " And he was from Marquette"}, {"speaker": "LAJU", "phrase": " and he was just finding out"}, {"speaker": "LAJU", "phrase": " and he met this guy"}, {"speaker": "LAJU", "phrase": " and that's why he was out with him."}, {"speaker": "CAM", "phrase": " Oh."}, {"speaker": "LAJU", "phrase": " You know"}, {"speaker": "LAJU", "phrase": " I mean."}, {"speaker": "CAM", "phrase": " When was this."}, {"speaker": "LAJU", "phrase": "PAUSE"}, {"speaker": "LAJU", "phrase": " This was."}, {"speaker": "LAJU", "phrase": " This was while back."}, {"speaker": "LAJU", "phrase": " This was..."}, {"speaker": "CAM", "phrase": " They young ?"}, {"speaker": "LAJU", "phrase": " Yeah."}, {"speaker": "LAJU", "phrase": " Well the..."}, {"speaker": "CAM", "phrase": " Oh."}, {"speaker": "LAJU", "phrase": " They were young."}, {"speaker": "LAJU", "phrase": " The one guy in particular was young."}, {"speaker": "LAJU", "phrase": " The guy that was from Marquette."}, {"speaker": "CAM", "phrase": " Mm."}, {"speaker": "LAJU", "phrase": " Was probably"}, {"speaker": "LAJU", "phrase": " I."}, {"speaker": "LAJU", "phrase": " I wouldn't think he would be more than twenty"}, {"speaker": "LAJU", "phrase": " twentyone"}, {"speaker": "LAJU", "phrase": " I couldn'."}, {"speaker": "LAJU", "phrase": " But he shouldn't have been in the Triangle if you want to know the truth."}, {"speaker": "LAJU", "phrase": " So"}, {"speaker": "LAJU", "phrase": " but"}, {"speaker": "LAJU", "phrase": " um"}, {"speaker": "LAJU", "phrase": " no"}, {"speaker": "LAJU", "phrase": " he was just very nice."}]}