{"text": [{"speaker": "DARR", "phrase": " But"}, {"speaker": "DARR", "phrase": " but to try and and talk me out of believing in Murphy's Law"}, {"speaker": "DARR", "phrase": " by offering miracle as replacement"}, {"speaker": "DARR", "phrase": " that doesn't work."}, {"speaker": "DARR", "phrase": "PAUSE"}, {"speaker": "PAME", "phrase": " Well you're right"}, {"speaker": "PAME", "phrase": " I think they're probably flip sides."}, {"speaker": "DARR", "phrase": " I mean who are you."}, {"speaker": "PAME", "phrase": " But I'm..."}, {"speaker": "DARR", "phrase": " Pollyanna ?"}, {"speaker": "PAME", "phrase": " Hardly."}, {"speaker": "DARR", "phrase": "PAUSE"}, {"speaker": "PAME", "phrase": " Hardly"}, {"speaker": "PAME", "phrase": " look where I've come from."}, {"speaker": "PAME", "phrase": " I mean"}, {"speaker": "PAME", "phrase": " \u0294uh \u0294uh this chapter on heaven an hell"}, {"speaker": "PAME", "phrase": " it's really interesting."}, {"speaker": "DARR", "phrase": " Why."}, {"speaker": "PAME", "phrase": " I used to have this"}, {"speaker": "PAME", "phrase": " sort of"}, {"speaker": "PAME", "phrase": " \u0294uh standard line"}, {"speaker": "PAME", "phrase": " that"}, {"speaker": "PAME", "phrase": " \u0294uh there were two things I got out of my marriage."}, {"speaker": "PAME", "phrase": " One was name that was easy to spell"}, {"speaker": "PAME", "phrase": " and one was \u0294uh"}, {"speaker": "PAME", "phrase": " child."}, {"speaker": "PAME", "phrase": " \u0294uh That"}, {"speaker": "PAME", "phrase": " really got me grounded."}, {"speaker": "PAME", "phrase": " But"}, {"speaker": "PAME", "phrase": " the fact of the matter is"}, {"speaker": "PAME", "phrase": " that the marriage itself"}, {"speaker": "PAME", "phrase": " I mean as hellish as it was"}, {"speaker": "PAME", "phrase": " \u0294uh it's like it pulled me under"}, {"speaker": "PAME", "phrase": " like giant octopus"}, {"speaker": "PAME", "phrase": " or giant"}, {"speaker": "PAME", "phrase": " \u0294uh giant shark."}, {"speaker": "PAME", "phrase": " And it pulled me all the way under."}, {"speaker": "PAME", "phrase": " And then"}, {"speaker": "PAME", "phrase": " and there I was"}, {"speaker": "PAME", "phrase": " it was like the silent scream"}, {"speaker": "PAME", "phrase": " and then"}, {"speaker": "PAME", "phrase": " then I found that I\u0294 was on my own two feet again."}, {"speaker": "PAME", "phrase": " And it really was."}, {"speaker": "PAME", "phrase": " \u0294uh \u0294uh"}, {"speaker": "PAME", "phrase": " what was hell in that that marriage became"}, {"speaker": "PAME", "phrase": " became way out for me."}, {"speaker": "PAME", "phrase": " It was the flip side."}, {"speaker": "PAME", "phrase": " It's like sometimes you go through things"}, {"speaker": "PAME", "phrase": " and you come out the other side of them"}, {"speaker": "PAME", "phrase": " you come out so much better."}, {"speaker": "PAME", "phrase": " And if I hadn't had that"}, {"speaker": "PAME", "phrase": " if I hadn't had."}, {"speaker": "PAME", "phrase": "PAUSE"}, {"speaker": "DARR", "phrase": " It's not the way with food."}, {"speaker": "PAME", "phrase": " What do you mean."}, {"speaker": "DARR", "phrase": " What goes in one way."}, {"speaker": "PAME", "phrase": "PAUSE"}, {"speaker": "DARR", "phrase": " doesn't come out."}, {"speaker": "PAME", "phrase": " Kay"}, {"speaker": "PAME", "phrase": "PAUSE"}, {"speaker": "PAME", "phrase": " comes out very hellish."}, {"speaker": "DARR", "phrase": " Yeah."}, {"speaker": "PAME", "phrase": " Very hellish."}, {"speaker": "DARR", "phrase": " So what did that have to do..."}, {"speaker": "PAME", "phrase": " But it's so god good."}, {"speaker": "PAME", "phrase": " k so good going down."}, {"speaker": "PAME", "phrase": "PAUSE"}, {"speaker": "PAME", "phrase": " I mean."}, {"speaker": "DARR", "phrase": " What did..."}, {"speaker": "PAME", "phrase": " there's there's the opposites again."}, {"speaker": "DARR", "phrase": " It's it's..."}, {"speaker": "PAME", "phrase": " The food is like"}, {"speaker": "PAME", "phrase": " all unique."}, {"speaker": "DARR", "phrase": " Hey."}, {"speaker": "PAME", "phrase": " and wonderful."}, {"speaker": "DARR", "phrase": " it's majorleague Yin and Yang."}, {"speaker": "PAME", "phrase": " and heavenly"}, {"speaker": "PAME", "phrase": " major league."}, {"speaker": "DARR", "phrase": " What does that have to do with heaven and hell in the book."}, {"speaker": "PAME", "phrase": " Well"}, {"speaker": "PAME", "phrase": " \u0294uh I'm just sort of reiterating."}, {"speaker": "PAME", "phrase": " I could read you some."}, {"speaker": "DARR", "phrase": " No."}, {"speaker": "PAME", "phrase": " I mean is that allowed ?"}, {"speaker": "DARR", "phrase": " No I I don't want to hear anything out of book with"}, {"speaker": "DARR", "phrase": " chapter called heaven and hell."}, {"speaker": "PAME", "phrase": " You don't."}, {"speaker": "DARR", "phrase": " No."}, {"speaker": "PAME", "phrase": " Okay."}, {"speaker": "PAME", "phrase": " Well then let's talk about our vacation."}, {"speaker": "DARR", "phrase": " I'm gonna be closedminded about it."}, {"speaker": "PAME", "phrase": " Oh dear."}, {"speaker": "PAME", "phrase": "PAUSE"}, {"speaker": "DARR", "phrase": " But."}, {"speaker": "PAME", "phrase": " That's hell."}, {"speaker": "DARR", "phrase": " I didn't like the book"}, {"speaker": "DARR", "phrase": " the way I."}, {"speaker": "DARR", "phrase": " the minute I looked at it."}, {"speaker": "PAME", "phrase": " You didn't."}, {"speaker": "DARR", "phrase": " No."}, {"speaker": "PAME", "phrase": " That's cause you."}, {"speaker": "DARR", "phrase": " That's because I have my own ideas about it"}, {"speaker": "DARR", "phrase": " I guess."}, {"speaker": "DARR", "phrase": " That I'm pretty comfortable with."}, {"speaker": "PAME", "phrase": " ah."}, {"speaker": "DARR", "phrase": " I don't like."}, {"speaker": "DARR", "phrase": " I don't like reading books about what other people think about dying."}, {"speaker": "DARR", "phrase": " And I"}, {"speaker": "DARR", "phrase": " consider myself real free thinker when it comes to that stuff."}, {"speaker": "PAME", "phrase": " Well."}, {"speaker": "DARR", "phrase": " And that's..."}, {"speaker": "PAME", "phrase": " Remember"}, {"speaker": "PAME", "phrase": " remember it in the movie"}, {"speaker": "PAME", "phrase": " in Beetlejuice ?"}, {"speaker": "PAME", "phrase": " The handbook for the recently deceased ?"}, {"speaker": "DARR", "phrase": " Yeah ?"}, {"speaker": "PAME", "phrase": " I mean books"}, {"speaker": "PAME", "phrase": " words."}, {"speaker": "PAME", "phrase": " I mean"}, {"speaker": "PAME", "phrase": " they just become handbooks."}, {"speaker": "PAME", "phrase": " You distill them"}, {"speaker": "PAME", "phrase": " and use them in your own way."}, {"speaker": "DARR", "phrase": " No"}, {"speaker": "DARR", "phrase": " no"}, {"speaker": "DARR", "phrase": " no I don't."}, {"speaker": "DARR", "phrase": " I don't."}, {"speaker": "DARR", "phrase": " I"}, {"speaker": "DARR", "phrase": " I come up with my own ideas about that stuff."}, {"speaker": "PAME", "phrase": " And where do you get the ideas."}, {"speaker": "DARR", "phrase": " Thought."}, {"speaker": "PAME", "phrase": " And where do you get those thoughts ?"}, {"speaker": "DARR", "phrase": " Processing what goes on around me."}, {"speaker": "PAME", "phrase": " Well ?"}, {"speaker": "PAME", "phrase": " Isn't book part of what goes on around you ?"}, {"speaker": "DARR", "phrase": " Well \u0294uh"}, {"speaker": "DARR", "phrase": " \u0294uh more from an oblique source."}, {"speaker": "DARR", "phrase": " You know"}, {"speaker": "DARR", "phrase": " when you're reading fiction"}, {"speaker": "DARR", "phrase": " or"}, {"speaker": "DARR", "phrase": " or articles"}, {"speaker": "DARR", "phrase": " or history or something like that"}, {"speaker": "DARR", "phrase": " but but"}, {"speaker": "DARR", "phrase": " for me it's very difficult"}, {"speaker": "DARR", "phrase": " to pick up book about death."}, {"speaker": "DARR", "phrase": " That someone's written about death"}, {"speaker": "DARR", "phrase": " because it's bullshit."}, {"speaker": "PAME", "phrase": " Well..."}, {"speaker": "DARR", "phrase": " Who knows what death is."}, {"speaker": "PAME", "phrase": " What."}, {"speaker": "PAME", "phrase": "PAUSE"}, {"speaker": "PAME", "phrase": " \u0294what what this man has put in the."}, {"speaker": "PAME", "phrase": " You haven't read the book"}, {"speaker": "PAME", "phrase": " one."}, {"speaker": "PAME", "phrase": " You haven't read the book"}, {"speaker": "PAME", "phrase": " so you don't know."}, {"speaker": "PAME", "phrase": " I haven't read the book so I don't know."}, {"speaker": "DARR", "phrase": " Yeah but I do know"}, {"speaker": "DARR", "phrase": " it it's an awfully"}, {"speaker": "DARR", "phrase": " it's it's an awfully presumptuous thing."}, {"speaker": "PAME", "phrase": " but."}, {"speaker": "DARR", "phrase": " to sit down and write book about death."}, {"speaker": "PAME", "phrase": "..."}, {"speaker": "DARR", "phrase": " when you haven't died."}, {"speaker": "PAME", "phrase": " It has"}, {"speaker": "PAME", "phrase": " it has"}, {"speaker": "PAME", "phrase": " it has stories in there from"}, {"speaker": "PAME", "phrase": " from the Zen and"}, {"speaker": "PAME", "phrase": " it just pools on other different..."}, {"speaker": "DARR", "phrase": " Well the Zen can be bullshit too."}, {"speaker": "PAME", "phrase": " \u0294uh different sources."}, {"speaker": "DARR", "phrase": " I mean"}, {"speaker": "DARR", "phrase": " whoever wrote the book of Zen wasn't dead either."}, {"speaker": "PAME", "phrase": " Well it might all be bullshit."}, {"speaker": "DARR", "phrase": "PAUSE"}, {"speaker": "PAME", "phrase": " but"}, {"speaker": "PAME", "phrase": " you you you've gotta pull these ideas from your environment"}, {"speaker": "PAME", "phrase": " and what's gone on before."}, {"speaker": "PAME", "phrase": " \u0294the things I know most"}, {"speaker": "PAME", "phrase": " about life and death come from from my grandmother."}, {"speaker": "PAME", "phrase": " And having gone through all that \u0294uh."}, {"speaker": "PAME", "phrase": " With her."}, {"speaker": "PAME", "phrase": " And then it was interesting"}, {"speaker": "PAME", "phrase": " cause reading I did after that"}, {"speaker": "PAME", "phrase": " substantiated that experience."}, {"speaker": "PAME", "phrase": " For two months"}, {"speaker": "PAME", "phrase": " prior to her death"}, {"speaker": "PAME", "phrase": " did I tell you this ?"}, {"speaker": "PAME", "phrase": " That she dreamt ?"}, {"speaker": "PAME", "phrase": " About um"}, {"speaker": "PAME", "phrase": " she had this dream of falling off building."}, {"speaker": "PAME", "phrase": " Down."}, {"speaker": "PAME", "phrase": " Just like that"}, {"speaker": "PAME", "phrase": " that cartoon we saw."}, {"speaker": "DARR", "phrase": " Falling ?"}, {"speaker": "DARR", "phrase": " Yeah."}, {"speaker": "PAME", "phrase": " The animation cartoon."}, {"speaker": "DARR", "phrase": " yeah yeah yeah."}, {"speaker": "PAME", "phrase": " And it was like that."}, {"speaker": "PAME", "phrase": " And that's what she was dreaming about."}, {"speaker": "PAME", "phrase": " And then she said that she dreamt about"}, {"speaker": "PAME", "phrase": " um"}, {"speaker": "PAME", "phrase": " all of her relatives"}, {"speaker": "PAME", "phrase": " that had died."}, {"speaker": "PAME", "phrase": " She wasn't dreaming about anybody who was living"}, {"speaker": "PAME", "phrase": " but who had died."}, {"speaker": "DARR", "phrase": "PAUSE"}, {"speaker": "PAME", "phrase": " And I read that later."}, {"speaker": "PAME", "phrase": " You know it was much later I read that in book where"}, {"speaker": "PAME", "phrase": " um"}, {"speaker": "PAME", "phrase": " people who \u0294had \u0294uh technically died"}, {"speaker": "PAME", "phrase": " and then have been revived."}, {"speaker": "PAME", "phrase": " Saw relatives coming for them."}, {"speaker": "DARR", "phrase": " I've read that."}, {"speaker": "PAME", "phrase": " Course that may be what happens"}, {"speaker": "PAME", "phrase": " prior to the big"}, {"speaker": "PAME", "phrase": " the big nothing."}, {"speaker": "DARR", "phrase": " So why are you reading book about dying."}, {"speaker": "PAME", "phrase": " I don't know."}, {"speaker": "DARR", "phrase": " you don't know ?"}, {"speaker": "PAME", "phrase": " I have an interest in it."}, {"speaker": "DARR", "phrase": " Why."}, {"speaker": "DARR", "phrase": " You're alive."}, {"speaker": "DARR", "phrase": " Why are you reading book about dying."}, {"speaker": "PAME", "phrase": " I've always been interested in it."}, {"speaker": "DARR", "phrase": " \u0294uh Why."}, {"speaker": "DARR", "phrase": " I mean"}, {"speaker": "DARR", "phrase": " you know"}, {"speaker": "DARR", "phrase": " you ask someone why they're interested in electronics"}, {"speaker": "DARR", "phrase": " and they can probably tell you."}, {"speaker": "DARR", "phrase": "PAUSE"}, {"speaker": "PAME", "phrase": "PAUSE"}, {"speaker": "PAME", "phrase": " Well"}, {"speaker": "PAME", "phrase": " I don't know"}, {"speaker": "PAME", "phrase": " I guess it must"}, {"speaker": "PAME", "phrase": " some reason"}, {"speaker": "PAME", "phrase": " \u0294I was fascinated with that movie last night."}, {"speaker": "PAME", "phrase": " With"}, {"speaker": "PAME", "phrase": " with uh"}, {"speaker": "PAME", "phrase": " Lilian Gish and."}, {"speaker": "DARR", "phrase": "PAUSE"}, {"speaker": "PAME", "phrase": " and Bette Davis."}, {"speaker": "PAME", "phrase": " I couldn't believe."}, {"speaker": "PAME", "phrase": "PAUSE"}, {"speaker": "PAME", "phrase": " These two old"}, {"speaker": "PAME", "phrase": " I don't know"}, {"speaker": "PAME", "phrase": " I wanna say windbags."}, {"speaker": "PAME", "phrase": " but what happens to them"}, {"speaker": "PAME", "phrase": " I"}, {"speaker": "PAME", "phrase": " here's Betty Davis."}, {"speaker": "PAME", "phrase": " I mean."}, {"speaker": "DARR", "phrase": " Sarah ?"}, {"speaker": "PAME", "phrase": " yeah."}, {"speaker": "PAME", "phrase": " This incredible film legend."}, {"speaker": "PAME", "phrase": " And we think of her in Jezebel"}, {"speaker": "PAME", "phrase": " we think of her"}, {"speaker": "PAME", "phrase": " you know"}, {"speaker": "PAME", "phrase": " smoking cigarette smoke into the faces of William Holden and"}, {"speaker": "PAME", "phrase": " and the like."}, {"speaker": "DARR", "phrase": " I don't"}, {"speaker": "DARR", "phrase": " I've never seen those movies."}, {"speaker": "PAME", "phrase": " You've never seen Betty Davis movie ?"}, {"speaker": "PAME", "phrase": " You've heard."}, {"speaker": "PAME", "phrase": " \u0294uh The song Betty Davis Eyes ?"}, {"speaker": "DARR", "phrase": " Sure."}, {"speaker": "PAME", "phrase": " And she's got"}, {"speaker": "PAME", "phrase": " she got"}, {"speaker": "PAME", "phrase": " the woman's got rep."}, {"speaker": "DARR", "phrase": "PAUSE"}, {"speaker": "PAME", "phrase": " And so she she lives"}, {"speaker": "PAME", "phrase": " and."}, {"speaker": "DARR", "phrase": " Yeah."}, {"speaker": "PAME", "phrase": " I guess it's looking at my mother"}, {"speaker": "PAME", "phrase": " too"}, {"speaker": "PAME", "phrase": " I."}, {"speaker": "PAME", "phrase": " \u0294uh."}, {"speaker": "DARR", "phrase": " What does that have to do with why you're reading book on death ?"}, {"speaker": "DARR", "phrase": "PAUSE"}, {"speaker": "PAME", "phrase": " I've always been interested in death."}, {"speaker": "DARR", "phrase": " Why."}, {"speaker": "DARR", "phrase": "PAUSE"}, {"speaker": "PAME", "phrase": " Why."}, {"speaker": "DARR", "phrase": "PAUSE"}, {"speaker": "PAME", "phrase": " yeah I'm laughing."}, {"speaker": "DARR", "phrase": " What is..."}, {"speaker": "PAME", "phrase": " I'm thinking one thing my mother always used to say"}, {"speaker": "PAME", "phrase": " when I wouldn't go bicycling with my father."}, {"speaker": "DARR", "phrase": " Pamela"}, {"speaker": "DARR", "phrase": " you are."}, {"speaker": "PAME", "phrase": " she would say."}, {"speaker": "DARR", "phrase": " you are..."}, {"speaker": "PAME", "phrase": " she would say"}, {"speaker": "PAME", "phrase": " you'll be sorry when we're dead."}, {"speaker": "DARR", "phrase": " Because laugh you wouldn't bicycling ?"}, {"speaker": "PAME", "phrase": " Mm."}, {"speaker": "PAME", "phrase": " Because I wouldn't go bicycling with my father."}, {"speaker": "DARR", "phrase": " Oh."}, {"speaker": "DARR", "phrase": "So it's it's."}, {"speaker": "DARR", "phrase": "PAUSE"}, {"speaker": "PAME", "phrase": " You know"}, {"speaker": "PAME", "phrase": " and I."}, {"speaker": "PAME", "phrase": " I bit my tongue the other day"}, {"speaker": "PAME", "phrase": " because remember"}, {"speaker": "PAME", "phrase": " you said to Deven"}, {"speaker": "PAME", "phrase": " well"}, {"speaker": "PAME", "phrase": " I really want to spend time with you ?"}, {"speaker": "DARR", "phrase": " Yeah ?"}, {"speaker": "PAME", "phrase": " And then we went to the Chalk Fair"}, {"speaker": "PAME", "phrase": " and then he took off with Tobias ?"}, {"speaker": "DARR", "phrase": " The Chop Fair ?"}, {"speaker": "PAME", "phrase": " The Chalk."}, {"speaker": "DARR", "phrase": " Oh."}, {"speaker": "PAME", "phrase": " The Chalk Fair."}, {"speaker": "DARR", "phrase": " unhunh ?"}, {"speaker": "PAME", "phrase": " And he took off with Tobias ?"}, {"speaker": "DARR", "phrase": " Yeah ?"}, {"speaker": "PAME", "phrase": " Is that"}, {"speaker": "PAME", "phrase": " that"}, {"speaker": "PAME", "phrase": " that I wanted to say with him well your dad wanted to spend time with you today."}, {"speaker": "PAME", "phrase": " And why did you run off."}, {"speaker": "PAME", "phrase": " And I didn't"}, {"speaker": "PAME", "phrase": " because I remembered"}, {"speaker": "PAME", "phrase": " that my mother tried to guilt me the same way."}, {"speaker": "DARR", "phrase": " So that's why you're interested in death ?"}, {"speaker": "PAME", "phrase": "PAUSE"}, {"speaker": "DARR", "phrase": "PAUSE"}, {"speaker": "PAME", "phrase": " Maybe it's because my parents were old ?"}, {"speaker": "PAME", "phrase": " When I was young ?"}, {"speaker": "PAME", "phrase": " Very very young ?"}, {"speaker": "PAME", "phrase": " I've always"}, {"speaker": "PAME", "phrase": " thought it's weird"}, {"speaker": "PAME", "phrase": " that we've been."}, {"speaker": "PAME", "phrase": " I look down at my body ?"}, {"speaker": "PAME", "phrase": " And I feel like I'm in spaceship."}, {"speaker": "DARR", "phrase": " Yeah ?"}, {"speaker": "PAME", "phrase": "PAUSE"}, {"speaker": "DARR", "phrase": "PAUSE"}, {"speaker": "PAME", "phrase": " I just."}, {"speaker": "DARR", "phrase": " That's why you're interested in death ?"}, {"speaker": "PAME", "phrase": " and."}, {"speaker": "DARR", "phrase": "PAUSE"}, {"speaker": "PAME", "phrase": " I just think it's so damn weird we're here."}, {"speaker": "DARR", "phrase": " Yeah ?"}, {"speaker": "DARR", "phrase": " Yeah"}, {"speaker": "DARR", "phrase": " well it is."}, {"speaker": "PAME", "phrase": " And"}, {"speaker": "PAME", "phrase": " and I was constructed"}, {"speaker": "PAME", "phrase": " inside of some woman's womb"}, {"speaker": "PAME", "phrase": " and I was burped out."}, {"speaker": "DARR", "phrase": " So"}, {"speaker": "DARR", "phrase": " so you're running"}, {"speaker": "DARR", "phrase": " you're running down the road"}, {"speaker": "DARR", "phrase": " all the way to the very end."}, {"speaker": "DARR", "phrase": " Hunh ?"}, {"speaker": "PAME", "phrase": "PAUSE"}, {"speaker": "DARR", "phrase": " you're you're you're already standing at the end of the road."}, {"speaker": "PAME", "phrase": "PAUSE"}, {"speaker": "DARR", "phrase": " trying to figure out what happens there ?"}, {"speaker": "PAME", "phrase": " \u0294uh Well"}, {"speaker": "PAME", "phrase": " \u0294uh."}, {"speaker": "PAME", "phrase": " Maybe I."}, {"speaker": "PAME", "phrase": " maybe I'm just eager to get back to where I was."}, {"speaker": "PAME", "phrase": "..."}, {"speaker": "DARR", "phrase": " Back into the womb ?"}, {"speaker": "PAME", "phrase": " \u0294uh No no no"}, {"speaker": "PAME", "phrase": " I."}, {"speaker": "PAME", "phrase": " maybe"}, {"speaker": "PAME", "phrase": " maybe this whole lifetime was just really rude interruption laugh."}, {"speaker": "DARR", "phrase": " Of what laugh"}, {"speaker": "DARR", "phrase": " of what."}, {"speaker": "PAME", "phrase": " Of whatever it was I was doing"}, {"speaker": "PAME", "phrase": " before I was"}, {"speaker": "PAME", "phrase": " before my number came up."}, {"speaker": "PAME", "phrase": " And I was told I had to come back here."}, {"speaker": "PAME", "phrase": "PAUSE"}, {"speaker": "DARR", "phrase": " What if."}, {"speaker": "DARR", "phrase": " What if."}, {"speaker": "PAME", "phrase": " Unhunh."}, {"speaker": "DARR", "phrase": " What if worrying about that."}, {"speaker": "PAME", "phrase": " \u0294See"}, {"speaker": "PAME", "phrase": " this is what you told Deven."}, {"speaker": "DARR", "phrase": " well"}, {"speaker": "DARR", "phrase": " what if worrying about that"}, {"speaker": "DARR", "phrase": " has got in the way"}, {"speaker": "DARR", "phrase": " gotten in the way"}, {"speaker": "DARR", "phrase": " of you making positive choices for yourself in your life."}, {"speaker": "DARR", "phrase": " Instead of just worrying about"}, {"speaker": "DARR", "phrase": " that you're here"}, {"speaker": "DARR", "phrase": " and making the best out of it."}, {"speaker": "PAME", "phrase": " Being here is"}, {"speaker": "PAME", "phrase": " is so illusive sometimes."}, {"speaker": "PAME", "phrase": " I mean illusionary."}, {"speaker": "DARR", "phrase": " Those are two different words"}, {"speaker": "DARR", "phrase": " and they mean two different things."}, {"speaker": "PAME", "phrase": " Well it's illusionary."}, {"speaker": "PAME", "phrase": " I take back what I said about illusive laugh."}, {"speaker": "DARR", "phrase": "PAUSE"}, {"speaker": "PAME", "phrase": "PAUSE"}, {"speaker": "DARR", "phrase": " you may be elusive"}, {"speaker": "DARR", "phrase": "PAUSE"}, {"speaker": "DARR", "phrase": " well."}, {"speaker": "PAME", "phrase": " Mm."}, {"speaker": "DARR", "phrase": " yeah but but but"}, {"speaker": "DARR", "phrase": " \u0294uh to me the whole point is is"}, {"speaker": "DARR", "phrase": " you have no idea"}, {"speaker": "DARR", "phrase": " what happens before or after."}, {"speaker": "DARR", "phrase": " You have no idea."}, {"speaker": "DARR", "phrase": " You can read books about it"}, {"speaker": "DARR", "phrase": " and you can talk about it"}, {"speaker": "DARR", "phrase": " but the most pragmatic thing to do is"}, {"speaker": "DARR", "phrase": " to just live it."}, {"speaker": "PAME", "phrase": " Hm."}, {"speaker": "DARR", "phrase": " Learn the rules of the game"}, {"speaker": "DARR", "phrase": " play the game."}, {"speaker": "PAME", "phrase": " For what."}, {"speaker": "DARR", "phrase": " for whatever you want."}, {"speaker": "DARR", "phrase": " For what\u0294ever you want."}, {"speaker": "DARR", "phrase": " Be a doctor"}, {"speaker": "DARR", "phrase": " or screen writer"}, {"speaker": "DARR", "phrase": " or an actress"}, {"speaker": "DARR", "phrase": " or philanthropist"}, {"speaker": "DARR", "phrase": " or an explorer ?"}, {"speaker": "PAME", "phrase": " An explorer."}, {"speaker": "DARR", "phrase": " Do what you want"}, {"speaker": "DARR", "phrase": " with the time you have."}, {"speaker": "DARR", "phrase": " Learn"}, {"speaker": "DARR", "phrase": " give"}, {"speaker": "DARR", "phrase": " whatever."}, {"speaker": "PAME", "phrase": " Love ?"}, {"speaker": "DARR", "phrase": " \u0294Love ?"}, {"speaker": "PAME", "phrase": " Love ?"}, {"speaker": "DARR", "phrase": "PAUSE"}, {"speaker": "PAME", "phrase": " Could I love you ?"}, {"speaker": "DARR", "phrase": "PAUSE"}, {"speaker": "DARR", "phrase": "PAUSE"}, {"speaker": "PAME", "phrase": "PAUSE"}, {"speaker": "PAME", "phrase": " Could I love you while I'm here ?"}, {"speaker": "PAME", "phrase": "PAUSE"}, {"speaker": "DARR", "phrase": "PAUSE"}, {"speaker": "PAME", "phrase": "PAUSE"}, {"speaker": "DARR", "phrase": " Don't make light of what I'm saying."}, {"speaker": "PAME", "phrase": " No."}, {"speaker": "PAME", "phrase": " Think about the kids."}, {"speaker": "PAME", "phrase": " What are."}, {"speaker": "PAME", "phrase": " who are"}, {"speaker": "PAME", "phrase": " who are these kids."}, {"speaker": "PAME", "phrase": " Who are these kids."}, {"speaker": "PAME", "phrase": "PAUSE"}, {"speaker": "PAME", "phrase": " These little seedpods"}, {"speaker": "PAME", "phrase": " that have been sent our way."}, {"speaker": "DARR", "phrase": "PAUSE"}, {"speaker": "DARR", "phrase": " Well"}, {"speaker": "DARR", "phrase": " sometimes for me"}, {"speaker": "DARR", "phrase": " they are whip and hairshirt."}, {"speaker": "PAME", "phrase": "PAUSE"}, {"speaker": "DARR", "phrase": "PAUSE"}, {"speaker": "PAME", "phrase": " They're little"}, {"speaker": "PAME", "phrase": " little"}, {"speaker": "PAME", "phrase": " little lessons."}, {"speaker": "PAME", "phrase": "PAUSE"}, {"speaker": "DARR", "phrase": " Yeah"}, {"speaker": "DARR", "phrase": " ah"}, {"speaker": "DARR", "phrase": " yeah I mean"}, {"speaker": "DARR", "phrase": " sometimes I have to be real..."}, {"speaker": "PAME", "phrase": "PAUSE"}, {"speaker": "DARR", "phrase": " What."}, {"speaker": "PAME", "phrase": "PAUSE"}, {"speaker": "PAME", "phrase": " Natalie asked me about Santa Claus today."}, {"speaker": "DARR", "phrase": " What did she"}, {"speaker": "DARR", "phrase": " what did she say."}, {"speaker": "PAME", "phrase": " In the laundromat."}, {"speaker": "PAME", "phrase": " She said"}, {"speaker": "PAME", "phrase": " mom"}, {"speaker": "PAME", "phrase": " Santa Claus isn't"}, {"speaker": "PAME", "phrase": " I mean"}, {"speaker": "PAME", "phrase": " is there for real Santa Claus ?"}, {"speaker": "PAME", "phrase": " I said for real Santa Claus"}, {"speaker": "PAME", "phrase": " you mean man who lives at the north pole ?"}, {"speaker": "PAME", "phrase": " She said yeah"}, {"speaker": "PAME", "phrase": " I said no."}, {"speaker": "PAME", "phrase": " And she said"}, {"speaker": "PAME", "phrase": " well"}, {"speaker": "PAME", "phrase": " who are the other ones."}, {"speaker": "PAME", "phrase": " I said well"}, {"speaker": "PAME", "phrase": " they're the spirit of Santa Claus"}, {"speaker": "PAME", "phrase": " and"}, {"speaker": "PAME", "phrase": " they represent Santa Claus."}, {"speaker": "PAME", "phrase": " They."}, {"speaker": "PAME", "phrase": " they're picture of Santa Claus."}, {"speaker": "DARR", "phrase": " They're Santa Claus's agents."}, {"speaker": "PAME", "phrase": "PAUSE"}, {"speaker": "PAME", "phrase": " They're pictures of Santa Claus."}, {"speaker": "PAME", "phrase": " Is my mike on."}, {"speaker": "DARR", "phrase": " Unhunh ?"}, {"speaker": "PAME", "phrase": " Oh"}, {"speaker": "PAME", "phrase": " Okay."}, {"speaker": "DARR", "phrase": " It sure is."}, {"speaker": "PAME", "phrase": " And."}, {"speaker": "DARR", "phrase": " you just damn near broke the damn needle there ?"}, {"speaker": "PAME", "phrase": " and then she said"}, {"speaker": "PAME", "phrase": " and then she said well"}, {"speaker": "PAME", "phrase": " who fills the stockings."}, {"speaker": "PAME", "phrase": " And I kind of"}, {"speaker": "PAME", "phrase": " I said"}, {"speaker": "PAME", "phrase": " love fills the stockings."}, {"speaker": "DARR", "phrase": " Oh God"}, {"speaker": "DARR", "phrase": " Pamela."}, {"speaker": "PAME", "phrase": " She said"}, {"speaker": "PAME", "phrase": " she said"}, {"speaker": "PAME", "phrase": " oh you mean"}, {"speaker": "PAME", "phrase": " adults ?"}, {"speaker": "DARR", "phrase": "PAUSE"}, {"speaker": "PAME", "phrase": " Adults who wanna show you how much they care"}, {"speaker": "PAME", "phrase": " and I said"}, {"speaker": "PAME", "phrase": " yeah."}, {"speaker": "PAME", "phrase": " Adults"}, {"speaker": "PAME", "phrase": " adults around who love you."}, {"speaker": "PAME", "phrase": " Fill those stockings."}, {"speaker": "PAME", "phrase": " And I said"}, {"speaker": "PAME", "phrase": " she said but some adults talk about Santa Claus"}, {"speaker": "PAME", "phrase": " I said that's because"}, {"speaker": "PAME", "phrase": " they wanna believe in Santa Claus."}, {"speaker": "PAME", "phrase": " And that's what I told her"}, {"speaker": "PAME", "phrase": " I said"}, {"speaker": "PAME", "phrase": " I wanna believe in Santa Claus."}, {"speaker": "PAME", "phrase": " In fact sometimes I do believe in Santa Claus."}, {"speaker": "PAME", "phrase": " And that"}, {"speaker": "PAME", "phrase": " that really satisfied her."}, {"speaker": "DARR", "phrase": "PAUSE"}, {"speaker": "PAME", "phrase": " But I thought it was very pragmatic of her to ask about that in June."}, {"speaker": "DARR", "phrase": " Yeah but what."}, {"speaker": "PAME", "phrase": " I thought to myself"}, {"speaker": "PAME", "phrase": " if she asked me that"}, {"speaker": "PAME", "phrase": " like"}, {"speaker": "PAME", "phrase": " on Christmas Eve."}, {"speaker": "DARR", "phrase": " well she must have gotten some sort of signal somewhere."}, {"speaker": "ENV", "phrase": "PAUSE"}, {"speaker": "PAME", "phrase": " Today in the laundromat ?"}, {"speaker": "DARR", "phrase": " I mean what does that have to do with death."}, {"speaker": "DARR", "phrase": "PAUSE"}, {"speaker": "PAME", "phrase": " Well"}, {"speaker": "PAME", "phrase": " we were talking about"}, {"speaker": "PAME", "phrase": " death and illusions."}, {"speaker": "DARR", "phrase": "PAUSE"}, {"speaker": "PAME", "phrase": " the illusions of this life"}, {"speaker": "PAME", "phrase": " you know"}, {"speaker": "PAME", "phrase": " I."}, {"speaker": "PAME", "phrase": " \u0294uh I"}, {"speaker": "PAME", "phrase": " \u0294uh I."}, {"speaker": "DARR", "phrase": "PAUSE"}, {"speaker": "PAME", "phrase": " my favorite word when I was twelve"}, {"speaker": "PAME", "phrase": " was paradox."}, {"speaker": "DARR", "phrase": " Why."}, {"speaker": "PAME", "phrase": " Because"}, {"speaker": "PAME", "phrase": " I thought"}, {"speaker": "PAME", "phrase": " any word"}, {"speaker": "PAME", "phrase": " that was defined."}, {"speaker": "PAME", "phrase": " I mean I remember the definition."}, {"speaker": "PAME", "phrase": " That I learned in seventh grade."}, {"speaker": "PAME", "phrase": " That was paradox."}, {"speaker": "PAME", "phrase": " Seemingly contrary."}, {"speaker": "DARR", "phrase": " Seemingly."}, {"speaker": "PAME", "phrase": " Seemingly"}, {"speaker": "PAME", "phrase": " and I had hard time with the definition."}, {"speaker": "PAME", "phrase": " So I thought God."}, {"speaker": "PAME", "phrase": " A word."}, {"speaker": "PAME", "phrase": " That I'm supposed to learn"}, {"speaker": "PAME", "phrase": " and I get this definition"}, {"speaker": "PAME", "phrase": " and I don't even understand the definition."}, {"speaker": "DARR", "phrase": " The definition of the word paradox"}, {"speaker": "DARR", "phrase": " is by design ambiguous."}, {"speaker": "DARR", "phrase": " Chew on this one."}, {"speaker": "DARR", "phrase": " An ambiguous paradox."}, {"speaker": "PAME", "phrase": " Is that redundant ?"}, {"speaker": "DARR", "phrase": " Yes."}, {"speaker": "PAME", "phrase": "PAUSE"}, {"speaker": "DARR", "phrase": "PAUSE"}, {"speaker": "PAME", "phrase": " Well"}, {"speaker": "PAME", "phrase": " that was age twelve."}, {"speaker": "PAME", "phrase": " So"}, {"speaker": "PAME", "phrase": " that was very close to Deven's age"}, {"speaker": "PAME", "phrase": " when"}, {"speaker": "PAME", "phrase": " I sort of"}, {"speaker": "PAME", "phrase": " bit my teeth into that one."}, {"speaker": "DARR", "phrase": " Bit your teeth"}, {"speaker": "DARR", "phrase": " hunh ?"}, {"speaker": "PAME", "phrase": " And then"}, {"speaker": "PAME", "phrase": " yeah."}, {"speaker": "DARR", "phrase": "PAUSE"}, {"speaker": "PAME", "phrase": " As I went"}, {"speaker": "PAME", "phrase": "PAUSE"}, {"speaker": "DARR", "phrase": "PAUSE"}, {"speaker": "PAME", "phrase": " I."}, {"speaker": "DARR", "phrase": "PAUSE"}, {"speaker": "PAME", "phrase": " took bite ?"}, {"speaker": "DARR", "phrase": " Is"}, {"speaker": "DARR", "phrase": " is that like cutting it in the nip ?"}, {"speaker": "PAME", "phrase": "PAUSE"}, {"speaker": "DARR", "phrase": "PAUSE"}, {"speaker": "PAME", "phrase": " I"}, {"speaker": "PAME", "phrase": " I get little ahead of myself."}, {"speaker": "DARR", "phrase": "PAUSE"}, {"speaker": "DARR", "phrase": " Yeah I guess you do."}, {"speaker": "DARR", "phrase": "PAUSE"}, {"speaker": "PAME", "phrase": " Oh God I hope this doesn't all sound real stupid."}, {"speaker": "DARR", "phrase": "PAUSE"}, {"speaker": "PAME", "phrase": "PAUSE"}, {"speaker": "PAME", "phrase": " Well."}, {"speaker": "PAME", "phrase": " \u0294uh From"}, {"speaker": "PAME", "phrase": " from twelve to seventeen"}, {"speaker": "PAME", "phrase": " then"}, {"speaker": "PAME", "phrase": " that went from paradox"}, {"speaker": "PAME", "phrase": " to"}, {"speaker": "PAME", "phrase": " the invisible"}, {"speaker": "PAME", "phrase": " interfacing with the visible."}, {"speaker": "DARR", "phrase": " Hunh ?"}, {"speaker": "PAME", "phrase": "PAUSE"}, {"speaker": "PAME", "phrase": " The invisible."}, {"speaker": "PAME", "phrase": " interfacing with the visible."}, {"speaker": "DARR", "phrase": " Facing."}, {"speaker": "PAME", "phrase": " For everything you see."}, {"speaker": "PAME", "phrase": " You can look at me and I'm body."}, {"speaker": "PAME", "phrase": " You see eyes"}, {"speaker": "PAME", "phrase": " you see body"}, {"speaker": "PAME", "phrase": " you see hair"}, {"speaker": "PAME", "phrase": " you see"}, {"speaker": "PAME", "phrase": "PAUSE"}, {"speaker": "DARR", "phrase": "PAUSE"}, {"speaker": "PAME", "phrase": " get your hands off me."}, {"speaker": "PAME", "phrase": "PAUSE"}, {"speaker": "DARR", "phrase": "PAUSE"}, {"speaker": "PAME", "phrase": " You see all those things"}, {"speaker": "PAME", "phrase": " right ?"}, {"speaker": "DARR", "phrase": " Yeah."}, {"speaker": "PAME", "phrase": " But there's there's me"}, {"speaker": "PAME", "phrase": " inside."}, {"speaker": "PAME", "phrase": " That's invisible."}, {"speaker": "DARR", "phrase": " It's not"}, {"speaker": "DARR", "phrase": " it's it's"}, {"speaker": "DARR", "phrase": " it's it's."}, {"speaker": "PAME", "phrase": " I mean"}, {"speaker": "PAME", "phrase": " what if"}, {"speaker": "PAME", "phrase": " what if you took the same spacesuit ?"}, {"speaker": "PAME", "phrase": " And you put another spirit into it."}, {"speaker": "PAME", "phrase": " It would be different person."}, {"speaker": "DARR", "phrase": " It'd say"}, {"speaker": "DARR", "phrase": " let me out."}, {"speaker": "DARR", "phrase": "PAUSE"}, {"speaker": "PAME", "phrase": "PAUSE"}, {"speaker": "PAME", "phrase": " It would be"}, {"speaker": "PAME", "phrase": " different person."}, {"speaker": "DARR", "phrase": " You're right."}, {"speaker": "PAME", "phrase": " I wouldn't be me."}, {"speaker": "DARR", "phrase": " Right."}, {"speaker": "DARR", "phrase": " That's right."}, {"speaker": "DARR", "phrase": " It'd be different personality."}, {"speaker": "PAME", "phrase": " So I"}, {"speaker": "PAME", "phrase": " I"}, {"speaker": "PAME", "phrase": " I think it's"}, {"speaker": "PAME", "phrase": " very fascinating."}, {"speaker": "DARR", "phrase": " Of course that's hypothetical"}, {"speaker": "DARR", "phrase": " how do you know that."}, {"speaker": "PAME", "phrase": " it's very..."}, {"speaker": "DARR", "phrase": " Maybe"}, {"speaker": "DARR", "phrase": "PAUSE"}, {"speaker": "PAME", "phrase": "PAUSE"}, {"speaker": "DARR", "phrase": " maybe."}, {"speaker": "PAME", "phrase": "PAUSE"}, {"speaker": "DARR", "phrase": " maybe"}, {"speaker": "DARR", "phrase": " maybe the spacesuit has something to do"}, {"speaker": "DARR", "phrase": " with"}, {"speaker": "DARR", "phrase": " with who's inside of it."}, {"speaker": "DARR", "phrase": " I mean you don't know that."}, {"speaker": "PAME", "phrase": " Wouldn't that be fascinating experiment."}, {"speaker": "DARR", "phrase": " Well no"}, {"speaker": "DARR", "phrase": " be cause look."}, {"speaker": "DARR", "phrase": " Genes."}, {"speaker": "DARR", "phrase": " Genetic makeup."}, {"speaker": "DARR", "phrase": " It's proven."}, {"speaker": "DARR", "phrase": " And that's part of the spacesuit"}, {"speaker": "DARR", "phrase": " if you wanna use that."}, {"speaker": "DARR", "phrase": " That that your genetic makeup"}, {"speaker": "DARR", "phrase": " largely determines who you are."}, {"speaker": "PAME", "phrase": " You mean the chemical bath I sit in ?"}, {"speaker": "DARR", "phrase": " Yeah."}, {"speaker": "DARR", "phrase": " As it were."}, {"speaker": "DARR", "phrase": "PAUSE"}, {"speaker": "PAME", "phrase": " Hm."}, {"speaker": "PAME", "phrase": " Sort of dictates how I feel about being in this spacesuit."}, {"speaker": "DARR", "phrase": " Yes."}, {"speaker": "DARR", "phrase": " Yes right."}, {"speaker": "DARR", "phrase": " you know"}, {"speaker": "DARR", "phrase": " and it depends on your brain dolphin level"}, {"speaker": "DARR", "phrase": " and."}, {"speaker": "PAME", "phrase": " My brain dolphin"}, {"speaker": "PAME", "phrase": "PAUSE"}, {"speaker": "DARR", "phrase": " mm."}, {"speaker": "PAME", "phrase": " that's sweet."}, {"speaker": "DARR", "phrase": " you know ?"}, {"speaker": "PAME", "phrase": " Hunh."}, {"speaker": "DARR", "phrase": " depend"}, {"speaker": "DARR", "phrase": " yeah."}, {"speaker": "DARR", "phrase": " Yeah."}, {"speaker": "DARR", "phrase": " A lot of it has to do with the with the"}, {"speaker": "DARR", "phrase": " the r."}, {"speaker": "DARR", "phrase": " five dollars and ninetyeight cents worth of chemicals and compounds that make you."}, {"speaker": "PAME", "phrase": " \u0294uh We could spend lot of our life"}, {"speaker": "PAME", "phrase": " trying to"}, {"speaker": "PAME", "phrase": " to contradict that."}, {"speaker": "DARR", "phrase": " Why."}, {"speaker": "PAME", "phrase": " Well"}, {"speaker": "PAME", "phrase": " Because."}, {"speaker": "DARR", "phrase": "PAUSE"}, {"speaker": "PAME", "phrase": " it may be very bad chemical bath."}, {"speaker": "DARR", "phrase": "PAUSE"}, {"speaker": "PAME", "phrase": " We may."}, {"speaker": "DARR", "phrase": "PAUSE"}, {"speaker": "PAME", "phrase": " been put into something that's completely acid"}, {"speaker": "PAME", "phrase": " to our true essence."}, {"speaker": "PAME", "phrase": "PAUSE"}, {"speaker": "DARR", "phrase": " Yeah"}, {"speaker": "DARR", "phrase": " but we have no choice in that matter."}, {"speaker": "PAME", "phrase": " And we spend lifetime"}, {"speaker": "PAME", "phrase": " that's right."}, {"speaker": "PAME", "phrase": " well"}, {"speaker": "PAME", "phrase": " no apparent choice."}, {"speaker": "PAME", "phrase": " No choice"}, {"speaker": "PAME", "phrase": " that we know of."}, {"speaker": "DARR", "phrase": " Mn yeah."}, {"speaker": "DARR", "phrase": " Hm hm yeah."}, {"speaker": "DARR", "phrase": " But but rather than than."}, {"speaker": "PAME", "phrase": " I mean I'm not"}, {"speaker": "PAME", "phrase": " I'm not"}, {"speaker": "PAME", "phrase": " I'm not all bent out of shape about it."}, {"speaker": "DARR", "phrase": "PAUSE"}, {"speaker": "PAME", "phrase": " But I've just"}, {"speaker": "PAME", "phrase": " but I was..."}, {"speaker": "DARR", "phrase": " You're just really interested in death."}, {"speaker": "PAME", "phrase": " My yearning"}, {"speaker": "PAME", "phrase": " my yearning."}, {"speaker": "DARR", "phrase": "PAUSE"}, {"speaker": "PAME", "phrase": " my yearning is."}, {"speaker": "PAME", "phrase": " maybe not to run ahead and."}, {"speaker": "DARR", "phrase": "PAUSE"}, {"speaker": "PAME", "phrase": " and"}, {"speaker": "PAME", "phrase": " and"}, {"speaker": "PAME", "phrase": " and get to the exit."}, {"speaker": "PAME", "phrase": " As."}, {"speaker": "PAME", "phrase": "PAUSE"}, {"speaker": "DARR", "phrase": "..."}, {"speaker": "PAME", "phrase": " I mean maybe it's the yearning \u0294uh"}, {"speaker": "PAME", "phrase": " for where I was before I was born."}, {"speaker": "DARR", "phrase": " Well how is."}, {"speaker": "DARR", "phrase": " reading book written by some schmuck"}, {"speaker": "DARR", "phrase": " who thinks he's an expert on death"}, {"speaker": "DARR", "phrase": "PAUSE"}, {"speaker": "PAME", "phrase": " Well he may or may not be schmuck"}, {"speaker": "PAME", "phrase": " Darryl."}, {"speaker": "DARR", "phrase": " Anyone who sits down to write book about death"}, {"speaker": "DARR", "phrase": " with the hopes of enlightening"}, {"speaker": "DARR", "phrase": " his fellow human beings"}, {"speaker": "DARR", "phrase": " is in my book schmuck."}, {"speaker": "PAME", "phrase": " Well now"}, {"speaker": "PAME", "phrase": " them's fightin' words."}, {"speaker": "DARR", "phrase": "PAUSE"}, {"speaker": "PAME", "phrase": " boy."}, {"speaker": "PAME", "phrase": " You could."}, {"speaker": "PAME", "phrase": "PAUSE"}, {"speaker": "DARR", "phrase": " Who the hell is someone"}, {"speaker": "DARR", "phrase": " anyone"}, {"speaker": "DARR", "phrase": " who's living"}, {"speaker": "DARR", "phrase": " to sit down and write book about death."}, {"speaker": "DARR", "phrase": "PAUSE"}, {"speaker": "PAME", "phrase": "PAUSE"}, {"speaker": "DARR", "phrase": " Now really."}, {"speaker": "PAME", "phrase": "PAUSE"}, {"speaker": "DARR", "phrase": " You know ?"}, {"speaker": "DARR", "phrase": " \u0294It's like"}, {"speaker": "DARR", "phrase": " \u0294uh it's these."}, {"speaker": "DARR", "phrase": " \u0294this."}, {"speaker": "DARR", "phrase": " \u0294this is the person who falls under that that"}, {"speaker": "DARR", "phrase": " category of expert that I disdain so much."}, {"speaker": "DARR", "phrase": " I know lot..."}, {"speaker": "PAME", "phrase": " Maybe he's very old soul."}, {"speaker": "PAME", "phrase": "PAUSE"}, {"speaker": "DARR", "phrase": "PAUSE"}, {"speaker": "PAME", "phrase": " Please."}, {"speaker": "DARR", "phrase": " Like Old King Cole."}, {"speaker": "PAME", "phrase": "PAUSE"}, {"speaker": "DARR", "phrase": "PAUSE"}, {"speaker": "PAME", "phrase": "PAUSE"}, {"speaker": "PAME", "phrase": " Hm."}, {"speaker": "PAME", "phrase": " Well"}, {"speaker": "PAME", "phrase": "PAUSE"}, {"speaker": "DARR", "phrase": " If he's very old soul"}, {"speaker": "DARR", "phrase": " he should keep it to himself."}, {"speaker": "PAME", "phrase": " you know"}, {"speaker": "PAME", "phrase": " \u0294uh \u0294uh"}, {"speaker": "PAME", "phrase": " I felt after Gretchen died"}, {"speaker": "PAME", "phrase": " it was all rather unfair."}, {"speaker": "PAME", "phrase": " I mean"}, {"speaker": "PAME", "phrase": " \u0294uh \u0294uh the tides at work"}, {"speaker": "PAME", "phrase": " just swept over her so quickly."}, {"speaker": "PAME", "phrase": " And it was like."}, {"speaker": "DARR", "phrase": " But really not so quickly"}, {"speaker": "DARR", "phrase": " it was"}, {"speaker": "DARR", "phrase": " yeah"}, {"speaker": "DARR", "phrase": " I mean"}, {"speaker": "DARR", "phrase": " it was something that had started in her very long time ago."}, {"speaker": "PAME", "phrase": " She was gone in less than"}, {"speaker": "PAME", "phrase": " five months."}, {"speaker": "PAME", "phrase": " Six."}, {"speaker": "PAME", "phrase": " Eight months."}, {"speaker": "DARR", "phrase": "PAUSE"}, {"speaker": "PAME", "phrase": " And it just"}, {"speaker": "PAME", "phrase": " amazes me."}, {"speaker": "PAME", "phrase": " I mean"}, {"speaker": "PAME", "phrase": " you can't drag on and on and on about fellow creature who's gone"}, {"speaker": "PAME", "phrase": " but I still miss my grandmother."}, {"speaker": "PAME", "phrase": " And I"}, {"speaker": "PAME", "phrase": " I certainly miss my dog."}, {"speaker": "PAME", "phrase": " I just think it's so weird"}, {"speaker": "PAME", "phrase": " that they're gone."}, {"speaker": "PAME", "phrase": " And where did they go to."}, {"speaker": "PAME", "phrase": "PAUSE"}]}