{"text": [{"speaker": "STEV", "phrase": " Here's nice place to put my shoes."}, {"speaker": "SHER", "phrase": " Yeah there it is."}, {"speaker": "STEV", "phrase": " Mom look."}, {"speaker": "SHER", "phrase": " Unhunh what?"}, {"speaker": "STEV", "phrase": " Look at my shoes."}, {"speaker": "SHER", "phrase": "PAUSE"}, {"speaker": "SHER", "phrase": " They look like the phantom stairsteppers."}, {"speaker": "SHER", "phrase": " Hunh."}, {"speaker": "STEV", "phrase": " No,no"}, {"speaker": "STEV", "phrase": " it looks like the Invisible Man."}, {"speaker": "SHER", "phrase": " It laugh does look like the Invisible Man."}, {"speaker": "SHER", "phrase": " \u0294Ohho That felt good."}, {"speaker": "STEV", "phrase": " Wasn't there guy called the Invisible Man ?"}, {"speaker": "SHER", "phrase": " Yes there was."}, {"speaker": "STEV", "phrase": " Was he in movie ?"}, {"speaker": "SHER", "phrase": " Yes he was."}, {"speaker": "STEV", "phrase": " What was it called?"}, {"speaker": "SHER", "phrase": " The Invisible Man."}, {"speaker": "SHER", "phrase": "PAUSE"}, {"speaker": "SHER", "phrase": " It was kind of show kinda like The Shadow was."}, {"speaker": "SHER", "phrase": " You know it was"}, {"speaker": "SHER", "phrase": " Actually though"}, {"speaker": "SHER", "phrase": " I think they made remake of it"}, {"speaker": "SHER", "phrase": " with Chevy Chase"}, {"speaker": "SHER", "phrase": " that was really lousy though."}, {"speaker": "SHER", "phrase": " Steven."}, {"speaker": "SHER", "phrase": " You know what you could do that would be just really helpful ?"}, {"speaker": "STEV", "phrase": " Say it."}, {"speaker": "SHER", "phrase": "PAUSE"}, {"speaker": "SHER", "phrase": " You could take these Coke cans"}, {"speaker": "SHER", "phrase": " and put them in the bag full of Coke cans that are in your bedroom"}, {"speaker": "SHER", "phrase": " and then we can do can squish."}, {"speaker": "SHER", "phrase": " And squish em."}, {"speaker": "SHER", "phrase": " For the recycling bin."}, {"speaker": "SHER", "phrase": " Okay ?"}, {"speaker": "STEV", "phrase": " Tomorrow please"}, {"speaker": "STEV", "phrase": " my feet are hurting."}, {"speaker": "SHER", "phrase": " Tomorrow ?"}, {"speaker": "SHER", "phrase": " Well can you just putthemin the bag"}, {"speaker": "SHER", "phrase": " in there for now"}, {"speaker": "SHER", "phrase": " okay ?"}, {"speaker": "STEV", "phrase": " Okay."}, {"speaker": "SHER", "phrase": " Cause I gotta clean up in here"}, {"speaker": "SHER", "phrase": " this place is just totally trashed"}, {"speaker": "SHER", "phrase": " cause I've done nothing this week but"}, {"speaker": "SHER", "phrase": " study and be sick."}, {"speaker": "SHER", "phrase": " I've got really bad dental problem or something with my mouth."}, {"speaker": "STEV", "phrase": " Poor Mom."}, {"speaker": "SHER", "phrase": " Think I've got sinus infection or something."}, {"speaker": "SHER", "phrase": " Don't Steven."}, {"speaker": "STEV", "phrase": " Mmkay."}, {"speaker": "SHER", "phrase": " Please."}, {"speaker": "SHER", "phrase": " \u0294I know it's tempting."}, {"speaker": "SHER", "phrase": " What I'd like you to do is put those cans away please."}, {"speaker": "STEV", "phrase": "PAUSE"}, {"speaker": "STEV", "phrase": " Where ?"}, {"speaker": "STEV", "phrase": " Oh there they are."}, {"speaker": "SHER", "phrase": " Yeah"}, {"speaker": "SHER", "phrase": " there they are."}, {"speaker": "STEV", "phrase": " A one."}, {"speaker": "STEV", "phrase": " A two."}, {"speaker": "STEV", "phrase": " Let's make the statue of hamburger city."}, {"speaker": "SHER", "phrase": " Mm."}, {"speaker": "STEV", "phrase": " The statue of Coke."}, {"speaker": "SHER", "phrase": " Yeah."}, {"speaker": "STEV", "phrase": " The swinging barn."}, {"speaker": "SHER", "phrase": " You're just swinging kid Steve."}, {"speaker": "STEV", "phrase": " Yeah."}, {"speaker": "STEV", "phrase": " You don't know the half of it."}, {"speaker": "SHER", "phrase": " I don't know the half of it,do I?"}, {"speaker": "SHER", "phrase": " Yeah"}, {"speaker": "SHER", "phrase": " Oh man."}, {"speaker": "SHER", "phrase": " Hey Steve"}, {"speaker": "SHER", "phrase": " why don't you give your iguana little bit of banana too?"}, {"speaker": "SHER", "phrase": " he'd probably really like some."}, {"speaker": "SHER", "phrase": " He'd probably really like some banana."}, {"speaker": "STEV", "phrase": " Thanks for Mom."}, {"speaker": "SHER", "phrase": "PAUSE"}, {"speaker": "SHER", "phrase": " Oh and I think this is Robbie's shirt"}, {"speaker": "SHER", "phrase": " and his HarleyDavidson scarf."}, {"speaker": "SHER", "phrase": " Right ?"}, {"speaker": "STEV", "phrase": " Hmm ?"}, {"speaker": "SHER", "phrase": " Isn't that Robbie's shirt?"}, {"speaker": "SHER", "phrase": " and uh HarleyDavidson scarf from this summer ?"}, {"speaker": "SHER", "phrase": " I wanted to give that back to them"}, {"speaker": "SHER", "phrase": " tomorrow"}, {"speaker": "SHER", "phrase": " when we go over for his birthday."}, {"speaker": "STEV", "phrase": "PAUSE"}, {"speaker": "STEV", "phrase": " I need to get Robbie um present too."}, {"speaker": "SHER", "phrase": " Yeah"}, {"speaker": "SHER", "phrase": " what do you think he'd like to have?"}, {"speaker": "STEV", "phrase": " I'm not sure"}, {"speaker": "STEV", "phrase": " but we could go over to Toys 'R' Us."}, {"speaker": "SHER", "phrase": " it seems to me I brought the Toys 'R' Us catalog back with me."}, {"speaker": "STEV", "phrase": " It's right over there."}, {"speaker": "SHER", "phrase": " Okay."}, {"speaker": "STEV", "phrase": " It's over there."}, {"speaker": "SHER", "phrase": " why don't you have look at it and see if anything comes to mind?"}, {"speaker": "SHER", "phrase": " for something you think Robbie would like to have"}, {"speaker": "SHER", "phrase": " for his birthday."}, {"speaker": "STEV", "phrase": " Well I have some things in here for Christmas."}, {"speaker": "SHER", "phrase": " Yeah"}, {"speaker": "SHER", "phrase": " I know you probably see things in there that you want for Christmas"}, {"speaker": "SHER", "phrase": " but right now we're thinking about him and his birthday."}, {"speaker": "STEV", "phrase": " Okay."}, {"speaker": "SHER", "phrase": " And I gotta get started on this chicken pizza or"}, {"speaker": "SHER", "phrase": " if anybody actually takes me up on this and comes..."}, {"speaker": "STEV", "phrase": " There's coupons in here too Mom"}, {"speaker": "STEV", "phrase": " so"}, {"speaker": "STEV", "phrase": " Mom there's coupons in here."}, {"speaker": "ENV", "phrase": "PAUSE"}, {"speaker": "STEV", "phrase": " so we can get some things."}, {"speaker": "SHER", "phrase": " Mhm"}, {"speaker": "SHER", "phrase": " Really ?"}, {"speaker": "STEV", "phrase": " Yeah."}, {"speaker": "SHER", "phrase": " Are they good things ?"}, {"speaker": "STEV", "phrase": " Yeah."}, {"speaker": "STEV", "phrase": " And there's um"}, {"speaker": "STEV", "phrase": " also"}, {"speaker": "STEV", "phrase": " there's also Nickelodean free."}, {"speaker": "SHER", "phrase": "PAUSE"}, {"speaker": "STEV", "phrase": " um box there."}, {"speaker": "SHER", "phrase": " Really?"}, {"speaker": "STEV", "phrase": " And it's bowl with goodies and coupons."}, {"speaker": "SHER", "phrase": " Oh wow."}, {"speaker": "STEV", "phrase": " And that's why I wanna get that."}, {"speaker": "STEV", "phrase": " I know something that Robbie may like "}, {"speaker": "STEV", "phrase": " Let me try to find it."}, {"speaker": "SHER", "phrase": " Yeah unhunh ?"}, {"speaker": "STEV", "phrase": " It's Yack Pack."}, {"speaker": "SHER", "phrase": " Is that full of yucky stuff ?"}, {"speaker": "SHER", "phrase": " Or what?"}, {"speaker": "STEV", "phrase": " No."}, {"speaker": "SHER", "phrase": " Are you sure ?"}, {"speaker": "STEV", "phrase": " No."}, {"speaker": "STEV", "phrase": " It's kinda like tape recorder."}, {"speaker": "SHER", "phrase": "PAUSE"}, {"speaker": "SHER", "phrase": " Oh."}, {"speaker": "SHER", "phrase": " It is."}, {"speaker": "STEV", "phrase": " See you um"}, {"speaker": "STEV", "phrase": " Like you tape record your dad saying clean your room."}, {"speaker": "SHER", "phrase": " Unhunh."}, {"speaker": "STEV", "phrase": " And then there's this girl on TV"}, {"speaker": "STEV", "phrase": " and you play it"}, {"speaker": "STEV", "phrase": " and it."}, {"speaker": "STEV", "phrase": " And the girl says"}, {"speaker": "STEV", "phrase": " clean your room."}, {"speaker": "SHER", "phrase": " So is it kinda like one of those Talkboys"}, {"speaker": "SHER", "phrase": " like that was in."}, {"speaker": "STEV", "phrase": " Yeah."}, {"speaker": "SHER", "phrase": " What do you call it?"}, {"speaker": "SHER", "phrase": " what was that?"}, {"speaker": "SHER", "phrase": " How much would something like that cost?"}, {"speaker": "STEV", "phrase": " Um"}, {"speaker": "STEV", "phrase": " let me look for it."}, {"speaker": "STEV", "phrase": " It's in here."}, {"speaker": "STEV", "phrase": " Cause I circled it."}, {"speaker": "STEV", "phrase": " Okay it costs nine ninetynine."}, {"speaker": "SHER", "phrase": " Are you sure ?"}, {"speaker": "STEV", "phrase": " Yeah."}, {"speaker": "STEV", "phrase": " that's it."}, {"speaker": "SHER", "phrase": " Well we could probably afford that"}, {"speaker": "SHER", "phrase": " hunh ?"}, {"speaker": "STEV", "phrase": " Oh wait minute."}, {"speaker": "STEV", "phrase": " I think it says twelve ninetynine."}, {"speaker": "SHER", "phrase": " Twelve ninetynine ?"}, {"speaker": "STEV", "phrase": " Thirteen."}, {"speaker": "STEV", "phrase": " Come over here and look."}, {"speaker": "STEV", "phrase": " And..."}, {"speaker": "SHER", "phrase": " Alright."}, {"speaker": "SHER", "phrase": " Hang on just second honey."}, {"speaker": "STEV", "phrase": " I think it says twelve ninety nine"}, {"speaker": "STEV", "phrase": " and then right here it says Yack Pack"}, {"speaker": "STEV", "phrase": " nine ninety nine."}, {"speaker": "SHER", "phrase": " Ah."}, {"speaker": "STEV", "phrase": " Maybe it means Yack Pack one"}, {"speaker": "STEV", "phrase": " and this is Yack Pack two."}, {"speaker": "SHER", "phrase": " Yack Pack two."}, {"speaker": "STEV", "phrase": " Two."}, {"speaker": "SHER", "phrase": " Unhunh."}, {"speaker": "STEV", "phrase": " Yeah."}, {"speaker": "SHER", "phrase": " Hunh."}, {"speaker": "STEV", "phrase": " Should we get it ?"}, {"speaker": "SHER", "phrase": " I don't know."}, {"speaker": "SHER", "phrase": " Why don't we go to Toys 'R' Us tomorrow and we'll look for it?"}, {"speaker": "SHER", "phrase": " Research it."}, {"speaker": "SHER", "phrase": " We'll see"}, {"speaker": "SHER", "phrase": "PAUSE"}, {"speaker": "STEV", "phrase": " There's also um."}, {"speaker": "SHER", "phrase": " What it says they are there?"}, {"speaker": "STEV", "phrase": " Yeah it does."}, {"speaker": "STEV", "phrase": " And there's..."}, {"speaker": "SHER", "phrase": " Cause I really don't know"}, {"speaker": "SHER", "phrase": " it's hard to tell you know"}, {"speaker": "SHER", "phrase": " if I can afford it"}, {"speaker": "SHER", "phrase": " unless I know exactly what the price is on it."}, {"speaker": "STEV", "phrase": " There's also some movies I want."}, {"speaker": "SHER", "phrase": " Really?"}, {"speaker": "SHER", "phrase": " And what are those?"}, {"speaker": "STEV", "phrase": " Like Batman Forever."}, {"speaker": "SHER", "phrase": " Mhm."}, {"speaker": "STEV", "phrase": " and The Santa Clause."}, {"speaker": "STEV", "phrase": " With Tim Allen."}, {"speaker": "SHER", "phrase": "PAUSE"}, {"speaker": "SHER", "phrase": " Who was it who was saying they were gonna buy the movie Casper the Ghost today ?"}, {"speaker": "SHER", "phrase": " Was that Jack ?"}, {"speaker": "STEV", "phrase": " Zach."}, {"speaker": "STEV", "phrase": " Yeah."}, {"speaker": "SHER", "phrase": " Ah."}, {"speaker": "STEV", "phrase": " And Mom"}, {"speaker": "STEV", "phrase": " you know what the fun"}, {"speaker": "STEV", "phrase": " the."}, {"speaker": "STEV", "phrase": " It's kind of game"}, {"speaker": "STEV", "phrase": " except um you."}, {"speaker": "SHER", "phrase": " Unhunh."}, {"speaker": "STEV", "phrase": " you ask your cosmic questions"}, {"speaker": "STEV", "phrase": " oja ?"}, {"speaker": "STEV", "phrase": " Oija ?"}, {"speaker": "SHER", "phrase": " Ouija."}, {"speaker": "STEV", "phrase": " Ouija."}, {"speaker": "SHER", "phrase": " Yeah like Ouiji."}, {"speaker": "SHER", "phrase": " We used to callthemOuija boards."}, {"speaker": "SHER", "phrase": " Oh god my head hurts."}, {"speaker": "STEV", "phrase": " Did you like it ?"}, {"speaker": "SHER", "phrase": " Oh."}, {"speaker": "SHER", "phrase": " Hunh ?"}, {"speaker": "STEV", "phrase": " Did you like it ?"}, {"speaker": "SHER", "phrase": " Yeah I used to love Ouija boards when I was little girl."}, {"speaker": "SHER", "phrase": " I thought they were really fun."}, {"speaker": "SHER", "phrase": " Course we always askedthemquestions we already knew the answer to."}, {"speaker": "STEV", "phrase": " Like what?"}, {"speaker": "STEV", "phrase": " your homework ?"}, {"speaker": "STEV", "phrase": "PAUSE"}, {"speaker": "SHER", "phrase": " Oh man."}, {"speaker": "SHER", "phrase": " I feel like my brains are gonna to come out."}, {"speaker": "STEV", "phrase": " Like that ?"}, {"speaker": "SHER", "phrase": " Hunh ?"}, {"speaker": "STEV", "phrase": " Like man my brains feel like they're gonna come out "}, {"speaker": "SHER", "phrase": " Well"}, {"speaker": "SHER", "phrase": " I've either got sinus."}, {"speaker": "SHER", "phrase": " Really bad sinus infection"}, {"speaker": "SHER", "phrase": " or I've got an impacted tooth"}, {"speaker": "SHER", "phrase": " or something."}, {"speaker": "SHER", "phrase": " But my."}, {"speaker": "SHER", "phrase": " My head hurts all the way up my nose and"}, {"speaker": "SHER", "phrase": " my teeth hurt and"}, {"speaker": "SHER", "phrase": " basically I just am mess babe."}, {"speaker": "STEV", "phrase": " You don't know the half of it."}, {"speaker": "SHER", "phrase": " Mhm."}, {"speaker": "SHER", "phrase": " Yeah."}, {"speaker": "STEV", "phrase": " Robbie does like remote control cars."}, {"speaker": "STEV", "phrase": "I see lots of them in here."}, {"speaker": "SHER", "phrase": " Oh does he ?"}, {"speaker": "SHER", "phrase": " He likes those ?"}, {"speaker": "STEV", "phrase": " Yeah."}, {"speaker": "SHER", "phrase": " Well his Dad's into that too."}, {"speaker": "STEV", "phrase": " But..."}, {"speaker": "SHER", "phrase": " cause he's into those HarleyDavidsons and stuff."}, {"speaker": "SHER", "phrase": " Isn't he?"}, {"speaker": "STEV", "phrase": " Yeah but"}, {"speaker": "STEV", "phrase": " there is something in here that..."}, {"speaker": "SHER", "phrase": " Unhunh."}, {"speaker": "STEV", "phrase": " The Doctor Dreadful drink lab."}, {"speaker": "SHER", "phrase": " The who what ?"}, {"speaker": "STEV", "phrase": " The Doctor Dreadful drink lab."}, {"speaker": "SHER", "phrase": " The Doctor laugh Dreadful drink lab."}, {"speaker": "SHER", "phrase": " Oh boy."}, {"speaker": "STEV", "phrase": " Yeah."}, {"speaker": "ENV", "phrase": "PAUSE"}, {"speaker": "STEV", "phrase": " He makes some really"}, {"speaker": "STEV", "phrase": " nasty drinks that taste great."}, {"speaker": "SHER", "phrase": " Really ?"}, {"speaker": "STEV", "phrase": "PAUSE"}, {"speaker": "SHER", "phrase": " This place is such mess."}, {"speaker": "ENV", "phrase": "PAUSE"}, {"speaker": "SHER", "phrase": " Hey Steve"}, {"speaker": "SHER", "phrase": " remind me tomorrow when we go shopping"}, {"speaker": "SHER", "phrase": " That I wanna get some potting soil."}, {"speaker": "STEV", "phrase": " Yeah."}, {"speaker": "SHER", "phrase": " Cause I wanna put these uh"}, {"speaker": "SHER", "phrase": " geraniums"}, {"speaker": "SHER", "phrase": " in pot."}, {"speaker": "SHER", "phrase": " Because"}, {"speaker": "SHER", "phrase": " why they aren't dead I don't know"}, {"speaker": "SHER", "phrase": " because all I do is take them to the brink of death all the time and"}, {"speaker": "SHER", "phrase": " and somehow they manage to keep surviving me"}, {"speaker": "SHER", "phrase": " and all my neglect."}, {"speaker": "SHER", "phrase": " But I wanna getthemin pot."}, {"speaker": "SHER", "phrase": "Because one of them's gonna flower."}, {"speaker": "SHER", "phrase": " It's so pretty."}, {"speaker": "SHER", "phrase": " And if they were"}, {"speaker": "SHER", "phrase": " you know"}, {"speaker": "SHER", "phrase": " in pot with good soil and water"}, {"speaker": "SHER", "phrase": " they'd be just beautiful."}, {"speaker": "SHER", "phrase": " They'd be up and rolling."}, {"speaker": "SHER", "phrase": " See if I can find the recipe for my Malaysian chicken pizza."}, {"speaker": "SHER", "phrase": " Man"}, {"speaker": "SHER", "phrase": " I had the longest day at work today."}, {"speaker": "ENV", "phrase": "PAUSE"}, {"speaker": "SHER", "phrase": " Just took forever."}, {"speaker": "ENV", "phrase": "PAUSE"}, {"speaker": "SHER", "phrase": " Okay."}, {"speaker": "SHER", "phrase": " Mm burp."}, {"speaker": "SHER", "phrase": " Okay."}, {"speaker": "SHER", "phrase": " Let's see I gotta find my recipe."}, {"speaker": "SHER", "phrase": " This'll be the tough part."}, {"speaker": "SHER", "phrase": " Geez I'd lose my head if it wasn't sewn on."}, {"speaker": "SHER", "phrase": " I hope nobody."}, {"speaker": "SHER", "phrase": " I almost hope nobody does show up for this thing"}, {"speaker": "SHER", "phrase": " cause I'm not at all ready."}, {"speaker": "STEV", "phrase": "PAUSE"}, {"speaker": "STEV", "phrase": " Now look I got the sniffles."}, {"speaker": "STEV", "phrase": "PAUSE"}, {"speaker": "SHER", "phrase": " Do you honey got cold going ?"}, {"speaker": "STEV", "phrase": " Yeah."}, {"speaker": "SHER", "phrase": " \u0294Aw."}, {"speaker": "STEV", "phrase": " Look at Sneaker Mom."}, {"speaker": "SHER", "phrase": " I'm sorry."}, {"speaker": "STEV", "phrase": " look on his hand"}, {"speaker": "STEV", "phrase": " he's shedding on his hand."}, {"speaker": "SHER", "phrase": " I know"}, {"speaker": "SHER", "phrase": " he is shedding on his hands."}, {"speaker": "SHER", "phrase": " You're right."}, {"speaker": "STEV", "phrase": " He's such good little old boy."}, {"speaker": "SHER", "phrase": " He is."}, {"speaker": "SHER", "phrase": " I wanna put some grow lights in here for him"}, {"speaker": "SHER", "phrase": " so we have"}, {"speaker": "SHER", "phrase": " what the heck?"}, {"speaker": "SHER", "phrase": " There we go"}, {"speaker": "SHER", "phrase": " there's my pizza recipe"}, {"speaker": "SHER", "phrase": " Um."}, {"speaker": "STEV", "phrase": " At least he's not sitting on his feet"}, {"speaker": "STEV", "phrase": " when I pet him now."}, {"speaker": "SHER", "phrase": " Well I got the heat turned."}, {"speaker": "SHER", "phrase": " Oh Steven"}, {"speaker": "SHER", "phrase": " that reminds me."}, {"speaker": "SHER", "phrase": " I've got the heat turned on in here"}, {"speaker": "SHER", "phrase": " so we've got gas heater"}, {"speaker": "SHER", "phrase": " in here."}, {"speaker": "SHER", "phrase": " So every once in while it'll fire on and you'll see like"}, {"speaker": "SHER", "phrase": " flames go on or something"}, {"speaker": "SHER", "phrase": " don't be scared"}, {"speaker": "SHER", "phrase": " but don't mess with this here"}, {"speaker": "SHER", "phrase": " and this plate in your bedroom."}, {"speaker": "SHER", "phrase": " Steven."}, {"speaker": "STEV", "phrase": " Mhm ?"}, {"speaker": "SHER", "phrase": " The landlord's gotta put vent over it."}, {"speaker": "SHER", "phrase": " Come here"}, {"speaker": "SHER", "phrase": " I wanna show you."}, {"speaker": "SHER", "phrase": " Please come here."}, {"speaker": "STEV", "phrase": " Mhm ?"}, {"speaker": "SHER", "phrase": " Don't touch this cause you could burn yourself."}, {"speaker": "SHER", "phrase": " Okay ?"}, {"speaker": "STEV", "phrase": " With the gas heater..."}, {"speaker": "SHER", "phrase": " Don't touch this"}, {"speaker": "SHER", "phrase": " And don't mess with this uh pipe here at all"}, {"speaker": "SHER", "phrase": " cause that's where the gas goes through."}, {"speaker": "SHER", "phrase": " Okay ?"}, {"speaker": "STEV", "phrase": " Mhm."}, {"speaker": "SHER", "phrase": " So with that in mind"}, {"speaker": "SHER", "phrase": " cause that's not up..."}, {"speaker": "STEV", "phrase": "PAUSE"}, {"speaker": "SHER", "phrase": " That's not up to building code."}, {"speaker": "SHER", "phrase": " Um"}, {"speaker": "SHER", "phrase": " the gas guy"}, {"speaker": "SHER", "phrase": " when he came in he told me"}, {"speaker": "SHER", "phrase": " that's not code"}, {"speaker": "SHER", "phrase": " and he said it wasn't that it was unsafe but"}, {"speaker": "SHER", "phrase": " we still need to be very careful about it."}, {"speaker": "SHER", "phrase": " Alright ?"}, {"speaker": "STEV", "phrase": " Alright Mom."}, {"speaker": "SHER", "phrase": " Did you hear me okay ?"}, {"speaker": "STEV", "phrase": " Yeah."}, {"speaker": "SHER", "phrase": " Okay."}, {"speaker": "SHER", "phrase": " So come here"}, {"speaker": "SHER", "phrase": " what do you want me to put on your pizza?"}, {"speaker": "SHER", "phrase": " Steve."}, {"speaker": "STEV", "phrase": "PAUSE"}, {"speaker": "SHER", "phrase": " Esteban."}, {"speaker": "STEV", "phrase": "PAUSE"}, {"speaker": "SHER", "phrase": " You're gonna have pepperoni and stuff on your pizza?"}, {"speaker": "SHER", "phrase": " or are you not hungry right now?"}, {"speaker": "STEV", "phrase": " I want some pepperoni."}, {"speaker": "SHER", "phrase": " Mhm ?"}, {"speaker": "STEV", "phrase": " Some hmm."}, {"speaker": "SHER", "phrase": " Mhm."}, {"speaker": "STEV", "phrase": " cheese."}, {"speaker": "SHER", "phrase": " Okay ?"}, {"speaker": "SHER", "phrase": " You want mozzarella ?"}, {"speaker": "STEV", "phrase": " What's that?"}, {"speaker": "SHER", "phrase": " Mozzarella ?"}, {"speaker": "SHER", "phrase": " That's that white cheese that gets all stringy and melted"}, {"speaker": "STEV", "phrase": " You mean the one that I."}, {"speaker": "STEV", "phrase": " Kinda like um Figaro ?"}, {"speaker": "SHER", "phrase": " Hmm."}, {"speaker": "SHER", "phrase": " I'm making Malaysian chicken pizza."}, {"speaker": "SHER", "phrase": " Where are you?"}, {"speaker": "STEV", "phrase": " No chicken pizza."}, {"speaker": "SHER", "phrase": " You want."}, {"speaker": "SHER", "phrase": " No"}, {"speaker": "SHER", "phrase": " it's wonderful"}, {"speaker": "SHER", "phrase": " Steven"}, {"speaker": "SHER", "phrase": " it's better than."}, {"speaker": "STEV", "phrase": " I do not like chicken in my pizza."}, {"speaker": "SHER", "phrase": " Well."}, {"speaker": "STEV", "phrase": "PAUSE"}, {"speaker": "SHER", "phrase": " I know peanut butter seems weird to have on pizza"}, {"speaker": "SHER", "phrase": " but it's really good."}, {"speaker": "STEV", "phrase": " No I said..."}, {"speaker": "SHER", "phrase": " Come here please."}, {"speaker": "STEV", "phrase": " You said chicken."}, {"speaker": "STEV", "phrase": " and..."}, {"speaker": "SHER", "phrase": " Yeah I know."}, {"speaker": "SHER", "phrase": " Oh man"}, {"speaker": "SHER", "phrase": " I forgot to get the Pam cooking spray."}, {"speaker": "SHER", "phrase": " Doggone it."}, {"speaker": "STEV", "phrase": "PAUSE"}, {"speaker": "STEV", "phrase": "PAUSE"}, {"speaker": "SHER", "phrase": " Do you need an asthma treatment ?"}, {"speaker": "STEV", "phrase": " No."}, {"speaker": "STEV", "phrase": " Just got cough."}, {"speaker": "SHER", "phrase": " Are you sure ?"}, {"speaker": "STEV", "phrase": " Yes."}, {"speaker": "SHER", "phrase": " Did you give Sneaker some fresh lettuce ?"}, {"speaker": "STEV", "phrase": " Yeah."}, {"speaker": "SHER", "phrase": " Okay."}, {"speaker": "SHER", "phrase": " I've got chicken cacciatore here too honey"}, {"speaker": "SHER", "phrase": " that I can heat up for you if you're hungry."}, {"speaker": "SHER", "phrase": " If it takes too long for me to make the pizza."}, {"speaker": "STEV", "phrase": " Okay."}, {"speaker": "SHER", "phrase": " Okay ?"}, {"speaker": "STEV", "phrase": " Okay."}, {"speaker": "SHER", "phrase": " I know you're probably hungry."}, {"speaker": "SHER", "phrase": " Tell you what"}, {"speaker": "SHER", "phrase": " I'll make your pizza first"}, {"speaker": "SHER", "phrase": " cause yours is easy to make."}, {"speaker": "SHER", "phrase": " And then I'll make this fancy one second."}, {"speaker": "STEV", "phrase": " Okay."}, {"speaker": "SHER", "phrase": " That way you won't have to wait very long to eat."}, {"speaker": "SHER", "phrase": " Cause I don't know"}, {"speaker": "SHER", "phrase": " I don't know if"}, {"speaker": "SHER", "phrase": " These people may not even show up."}, {"speaker": "SHER", "phrase": " You know they're kind of flaky."}, {"speaker": "STEV", "phrase": " Think they'll ever."}, {"speaker": "STEV", "phrase": " I think they'll just stay home."}, {"speaker": "SHER", "phrase": "PAUSE"}, {"speaker": "SHER", "phrase": " Well I don't know."}, {"speaker": "STEV", "phrase": " There."}, {"speaker": "STEV", "phrase": " Here it is Mom."}, {"speaker": "STEV", "phrase": " The free Nickelodean treat box."}, {"speaker": "SHER", "phrase": " Free..."}, {"speaker": "STEV", "phrase": " Bring this coupon to Toys 'R' Us"}, {"speaker": "STEV", "phrase": " and get your free Nickelodean ar treat box."}, {"speaker": "SHER", "phrase": " Hm."}, {"speaker": "STEV", "phrase": " filled with goodies and coupons."}, {"speaker": "SHER", "phrase": " Mmkay."}, {"speaker": "ENV", "phrase": "PAUSE"}, {"speaker": "SHER", "phrase": " Mmkay"}, {"speaker": "SHER", "phrase": " we're going to make yours"}, {"speaker": "SHER", "phrase": " quick and dirty kid."}, {"speaker": "SHER", "phrase": " Let's see where's that stuff."}, {"speaker": "SHER", "phrase": "PAUSE"}, {"speaker": "SHER", "phrase": " Aw man"}, {"speaker": "SHER", "phrase": "PAUSE"}, {"speaker": "SHER", "phrase": "PAUSE"}, {"speaker": "SHER", "phrase": " This stuff can go over here"}, {"speaker": "SHER", "phrase": " so Steve"}, {"speaker": "SHER", "phrase": " you going to computer lab now"}, {"speaker": "SHER", "phrase": " at the Hemingway Learning Institute ?"}, {"speaker": "SHER", "phrase": " Is that fun ?"}, {"speaker": "STEV", "phrase": " Hmm."}, {"speaker": "SHER", "phrase": " Yeah ?"}, {"speaker": "STEV", "phrase": " Well I never."}, {"speaker": "STEV", "phrase": " Well I didn't go last Friday"}, {"speaker": "STEV", "phrase": " because I forgot."}, {"speaker": "SHER", "phrase": " Oh did you ?"}, {"speaker": "STEV", "phrase": " Yeah."}, {"speaker": "SHER", "phrase": " Cause it just started huh."}, {"speaker": "STEV", "phrase": " Yeah."}, {"speaker": "SHER", "phrase": " Yeah."}, {"speaker": "STEV", "phrase": " I'm not sure if they counted me."}, {"speaker": "SHER", "phrase": " Oh I don't know babe."}, {"speaker": "SHER", "phrase": " Did your dad go to California this weekend ?"}, {"speaker": "STEV", "phrase": " He's \u0294uh."}, {"speaker": "STEV", "phrase": " He just le left today before I woke up."}, {"speaker": "SHER", "phrase": " Oh"}, {"speaker": "SHER", "phrase": " he left this morning ?"}, {"speaker": "STEV", "phrase": " Yeah."}, {"speaker": "SHER", "phrase": " California ?"}, {"speaker": "STEV", "phrase": " Yeah."}, {"speaker": "SHER", "phrase": " Kay."}, {"speaker": "STEV", "phrase": "PAUSE"}, {"speaker": "SHER", "phrase": " Steven"}, {"speaker": "SHER", "phrase": " do you know how to grate cheese ?"}, {"speaker": "STEV", "phrase": " Grate cheese ?"}, {"speaker": "SHER", "phrase": " Yes."}, {"speaker": "STEV", "phrase": " Yeah why?"}, {"speaker": "STEV", "phrase": " You don't know how to Mom ?"}, {"speaker": "SHER", "phrase": " I beg your pardon ?"}, {"speaker": "STEV", "phrase": " You don't know how to ?"}, {"speaker": "SHER", "phrase": " I'm sorry"}, {"speaker": "SHER", "phrase": " I can't hear you."}, {"speaker": "STEV", "phrase": " Do you \u0294uh."}, {"speaker": "STEV", "phrase": " You don't know how to ?"}, {"speaker": "SHER", "phrase": " No"}, {"speaker": "SHER", "phrase": " I do know how to."}, {"speaker": "SHER", "phrase": " I'm wondering if you would like to grate some cheese to put on your pizza."}, {"speaker": "STEV", "phrase": " Sure."}, {"speaker": "SHER", "phrase": " Or are you enjoying just looking at your catalog?"}, {"speaker": "SHER", "phrase": " You don't have to do that if you don't want to."}, {"speaker": "STEV", "phrase": " I'll grate em."}, {"speaker": "STEV", "phrase": " wants to."}, {"speaker": "SHER", "phrase": " Mkay."}, {"speaker": "SHER", "phrase": " We're gonna need to put sauce on the uh."}, {"speaker": "SHER", "phrase": " Oh boy my face hurts."}, {"speaker": "STEV", "phrase": " thing first ?"}, {"speaker": "SHER", "phrase": " Yeah."}, {"speaker": "SHER", "phrase": " I've gotta..."}, {"speaker": "STEV", "phrase": " Okay"}, {"speaker": "STEV", "phrase": " I'll wait until after that."}, {"speaker": "SHER", "phrase": " Well"}, {"speaker": "SHER", "phrase": " putting sauce on it's real simple."}, {"speaker": "SHER", "phrase": " All I have to do is open can"}, {"speaker": "SHER", "phrase": " and dump it on."}, {"speaker": "SHER", "phrase": " It's."}, {"speaker": "SHER", "phrase": " We're doing things very simple tonight."}, {"speaker": "STEV", "phrase": " Mom"}, {"speaker": "STEV", "phrase": " they have costumes in here too."}, {"speaker": "SHER", "phrase": " Do they have Tick costume that you wanted ?"}, {"speaker": "STEV", "phrase": " No"}, {"speaker": "STEV", "phrase": " they don't."}, {"speaker": "SHER", "phrase": " Hm."}, {"speaker": "STEV", "phrase": " They have Spider Man"}, {"speaker": "STEV", "phrase": " Jaws"}, {"speaker": "STEV", "phrase": " \u0294a gargoyle"}, {"speaker": "STEV", "phrase": " some"}, {"speaker": "STEV", "phrase": " ninja"}, {"speaker": "STEV", "phrase": " clown and witch."}, {"speaker": "SHER", "phrase": " Unhunh."}, {"speaker": "STEV", "phrase": " I think the clown"}, {"speaker": "STEV", "phrase": " or the ninja would be good."}, {"speaker": "SHER", "phrase": " Well would you wanna be clown or ninja"}, {"speaker": "SHER", "phrase": " instead of the Tick ?"}, {"speaker": "SHER", "phrase": " Or...?"}, {"speaker": "STEV", "phrase": " I wanna be the Tick."}, {"speaker": "SHER", "phrase": " Okay."}, {"speaker": "SHER", "phrase": " I think the Tick's pretty classy myself."}, {"speaker": "SHER", "phrase": " I was telling everybody at work"}, {"speaker": "SHER", "phrase": " that you wanted to be the Tick for Halloween"}, {"speaker": "SHER", "phrase": " and they thought that was cool"}, {"speaker": "SHER", "phrase": " cause everybody at work watches the Tick"}, {"speaker": "SHER", "phrase": " and they like it too."}, {"speaker": "STEV", "phrase": "PAUSE"}, {"speaker": "SHER", "phrase": " I thought that was pretty funny myself."}, {"speaker": "STEV", "phrase": " That's."}, {"speaker": "STEV", "phrase": " That's."}, {"speaker": "STEV", "phrase": " That's really amuses me because"}, {"speaker": "STEV", "phrase": " you know"}, {"speaker": "STEV", "phrase": " did they think he's really dumb ?"}, {"speaker": "SHER", "phrase": " No"}, {"speaker": "SHER", "phrase": " they think he's very funny."}, {"speaker": "STEV", "phrase": " I know"}, {"speaker": "STEV", "phrase": " that's why"}, {"speaker": "STEV", "phrase": " cause he's so dumb that he's funny."}, {"speaker": "SHER", "phrase": " Yeah"}, {"speaker": "SHER", "phrase": " he's kind of."}, {"speaker": "STEV", "phrase": " Showoff."}, {"speaker": "SHER", "phrase": " Yeah"}, {"speaker": "SHER", "phrase": " he is"}, {"speaker": "SHER", "phrase": " I guess."}, {"speaker": "STEV", "phrase": " Arthur's better than him."}, {"speaker": "SHER", "phrase": " Hunh."}, {"speaker": "STEV", "phrase": "PAUSE"}, {"speaker": "STEV", "phrase": " At least Arthur has brains."}, {"speaker": "STEV", "phrase": "PAUSE"}, {"speaker": "SHER", "phrase": " Aw."}, {"speaker": "STEV", "phrase": " What?"}, {"speaker": "SHER", "phrase": " Arthur's the moth."}, {"speaker": "SHER", "phrase": " Right ?"}, {"speaker": "SHER", "phrase": " He's the..."}, {"speaker": "STEV", "phrase": " Um"}, {"speaker": "STEV", "phrase": " they um call him the funny rabbit."}, {"speaker": "SHER", "phrase": " A bunny rabbit ?"}, {"speaker": "STEV", "phrase": " Yeah."}, {"speaker": "STEV", "phrase": "PAUSE"}, {"speaker": "SHER", "phrase": " Does he look like bunny rabbit ?"}, {"speaker": "SHER", "phrase": "PAUSE"}, {"speaker": "STEV", "phrase": " Yeah"}, {"speaker": "STEV", "phrase": " and his little long ear things."}, {"speaker": "SHER", "phrase": " But I mean"}, {"speaker": "SHER", "phrase": " he's supposed to be moth in real life."}, {"speaker": "SHER", "phrase": " right ?"}, {"speaker": "STEV", "phrase": " yeah."}, {"speaker": "STEV", "phrase": " Yeah."}, {"speaker": "SHER", "phrase": " Aw man"}, {"speaker": "SHER", "phrase": " we gotta get rid of some of this stuff"}, {"speaker": "SHER", "phrase": " I've got more stuff in here than sense."}, {"speaker": "SHER", "phrase": " Okay"}, {"speaker": "SHER", "phrase": " Okay."}, {"speaker": "SHER", "phrase": " Oy yeah."}, {"speaker": "SHER", "phrase": " Now where are we at?"}, {"speaker": "SHER", "phrase": " I still haven't found the sauce."}, {"speaker": "SHER", "phrase": " Okay."}, {"speaker": "SHER", "phrase": " Oh I gotta take some Tylenol."}, {"speaker": "STEV", "phrase": " Yack Pack two."}, {"speaker": "STEV", "phrase": " with playback and record"}, {"speaker": "STEV", "phrase": " speed adjustment point six."}, {"speaker": "SHER", "phrase": " Mhm ?"}, {"speaker": "STEV", "phrase": " second memory."}, {"speaker": "STEV", "phrase": " Batteries included"}, {"speaker": "STEV", "phrase": " ages seven up."}, {"speaker": "SHER", "phrase": " Hm."}, {"speaker": "SHER", "phrase": " Really."}, {"speaker": "STEV", "phrase": " It's from Yess Entertainment."}, {"speaker": "SHER", "phrase": " And you think that's what Robbie would like for his birthday more than anything?"}, {"speaker": "SHER", "phrase": " Hunh ?"}, {"speaker": "STEV", "phrase": " I'd say so."}, {"speaker": "SHER", "phrase": " Okay"}, {"speaker": "SHER", "phrase": " Well then that's what we'll get him"}, {"speaker": "SHER", "phrase": " if that's what you think."}, {"speaker": "SHER", "phrase": "PAUSE"}, {"speaker": "SHER", "phrase": " I think that's nice that"}, {"speaker": "SHER", "phrase": " they invited you to his birthday."}, {"speaker": "STEV", "phrase": " He did."}, {"speaker": "SHER", "phrase": " Yeah I'm glad you guys got to be friends."}, {"speaker": "SHER", "phrase": " Where in the heck did I put that?"}, {"speaker": "SHER", "phrase": " that pizza sauce."}, {"speaker": "STEV", "phrase": " Pizza sauce ?"}, {"speaker": "STEV", "phrase": " Maybe I put it in the fridge."}, {"speaker": "SHER", "phrase": " Oh do you think you might've ?"}, {"speaker": "SHER", "phrase": " Cause I can't find it any place."}, {"speaker": "SHER", "phrase": " It's driving me crazy."}, {"speaker": "STEV", "phrase": " Okay."}, {"speaker": "STEV", "phrase": " because some of them I put them over here."}, {"speaker": "STEV", "phrase": " What's here?"}, {"speaker": "STEV", "phrase": " You mean this ?"}, {"speaker": "STEV", "phrase": " Pizza sauce ?"}, {"speaker": "SHER", "phrase": " Yep"}, {"speaker": "SHER", "phrase": " that's exactly what I was looking for."}, {"speaker": "STEV", "phrase": " It was right here."}, {"speaker": "SHER", "phrase": " Thank you babe."}, {"speaker": "STEV", "phrase": " Maybe you're getting blind"}, {"speaker": "STEV", "phrase": " Well at least you're my mom."}, {"speaker": "SHER", "phrase": "PAUSE"}, {"speaker": "SHER", "phrase": " Hm yeah laugh."}, {"speaker": "STEV", "phrase": " Mom why is the green ball out there ?"}, {"speaker": "STEV", "phrase": " Did anyone play croquet or ?"}, {"speaker": "SHER", "phrase": " You know that ball's been sitting out there forever."}, {"speaker": "STEV", "phrase": " We're also missing black one."}, {"speaker": "STEV", "phrase": " But that wasn't Robbie's fault."}, {"speaker": "SHER", "phrase": " Alright."}, {"speaker": "SHER", "phrase": " One pepperoni pizza coming up."}, {"speaker": "SHER", "phrase": " Kid."}, {"speaker": "STEV", "phrase": " Thank you Mom."}, {"speaker": "SHER", "phrase": " You're welcome."}, {"speaker": "STEV", "phrase": " Hey Mom."}, {"speaker": "SHER", "phrase": " Hey what?"}, {"speaker": "STEV", "phrase": " guess what they had on movie back there"}, {"speaker": "STEV", "phrase": " um"}, {"speaker": "STEV", "phrase": " at um Albertson's."}, {"speaker": "SHER", "phrase": " I give up"}, {"speaker": "SHER", "phrase": " what'd they have?"}, {"speaker": "STEV", "phrase": " I'll give you hint."}, {"speaker": "STEV", "phrase": " It's the"}, {"speaker": "STEV", "phrase": " the guy who wrote it was the same person who wrote The Secret Garden?"}, {"speaker": "STEV", "phrase": " Give up ?"}, {"speaker": "SHER", "phrase": " Mhm."}, {"speaker": "STEV", "phrase": " A Little Princess."}, {"speaker": "SHER", "phrase": " Oh"}, {"speaker": "SHER", "phrase": " that's right."}, {"speaker": "STEV", "phrase": " It's also on video on here"}, {"speaker": "STEV", "phrase": " in Toys 'R' Us."}, {"speaker": "SHER", "phrase": " Mhm ?"}, {"speaker": "SHER", "phrase": " Now for some reason that didn't do real well at the movie theaters."}, {"speaker": "SHER", "phrase": " Did it?"}, {"speaker": "SHER", "phrase": " What in the hell is this?"}, {"speaker": "STEV", "phrase": " Hunh ?"}, {"speaker": "SHER", "phrase": " Oh."}, {"speaker": "STEV", "phrase": " No Mom."}, {"speaker": "STEV", "phrase": " It laugh did great."}, {"speaker": "SHER", "phrase": " In the movie theaters ?"}, {"speaker": "SHER", "phrase": " It did ?"}, {"speaker": "STEV", "phrase": " Yeah."}, {"speaker": "SHER", "phrase": " Hunh."}, {"speaker": "SHER", "phrase": " For some reason I was under the impression that it didn't."}, {"speaker": "SHER", "phrase": " That it didn't do that well honey."}, {"speaker": "SHER", "phrase": " But"}, {"speaker": "SHER", "phrase": " I could be wrong."}, {"speaker": "SHER", "phrase": " Oh man."}, {"speaker": "ENV", "phrase": "PAUSE"}, {"speaker": "SHER", "phrase": " Hey Steven ?"}, {"speaker": "SHER", "phrase": " Come on over here"}, {"speaker": "SHER", "phrase": " I want you to grate this cheese for me."}, {"speaker": "SHER", "phrase": " Okay ?"}, {"speaker": "STEV", "phrase": " Salami too."}, {"speaker": "SHER", "phrase": " You know what to do."}, {"speaker": "STEV", "phrase": " hot salami ?"}, {"speaker": "SHER", "phrase": " Do you know how to... you know how to do this ?"}, {"speaker": "STEV", "phrase": " Yeah."}, {"speaker": "STEV", "phrase": " I just scrape it."}, {"speaker": "SHER", "phrase": " Okay."}, {"speaker": "SHER", "phrase": " So"}, {"speaker": "SHER", "phrase": " yeah."}, {"speaker": "SHER", "phrase": " don't."}, {"speaker": "SHER", "phrase": " Don't get your knuckles all bloody though."}, {"speaker": "SHER", "phrase": " You know you gotta be careful."}, {"speaker": "SHER", "phrase": " Okay."}, {"speaker": "STEV", "phrase": "PAUSE"}, {"speaker": "SHER", "phrase": " And I'm gonna take this pizza crust off the dish rack here so."}, {"speaker": "STEV", "phrase": "PAUSE"}, {"speaker": "SHER", "phrase": " This kitchen is so small."}, {"speaker": "STEV", "phrase": " Mm."}, {"speaker": "SHER", "phrase": " You know I kinda hope nobody shows up"}, {"speaker": "SHER", "phrase": " cause this place is such dirty mess."}, {"speaker": "STEV", "phrase": " I hope they do too."}, {"speaker": "STEV", "phrase": " I look like mess too."}, {"speaker": "SHER", "phrase": " \u0294Nah."}, {"speaker": "SHER", "phrase": " You look great."}, {"speaker": "STEV", "phrase": " Slice."}, {"speaker": "STEV", "phrase": " Slice."}, {"speaker": "SHER", "phrase": " I'm glad you were good for Jack and Joanne too"}, {"speaker": "SHER", "phrase": " when they drove you over."}, {"speaker": "SHER", "phrase": " That was nice of them to do."}, {"speaker": "STEV", "phrase": " Yeah."}, {"speaker": "SHER", "phrase": " Was it hard sitting in the back of their truck?"}, {"speaker": "SHER", "phrase": " They gotta pretty small truck"}, {"speaker": "SHER", "phrase": " hunh."}, {"speaker": "STEV", "phrase": " Well"}, {"speaker": "STEV", "phrase": " Shred said I wanna sit back there."}, {"speaker": "STEV", "phrase": " And"}, {"speaker": "STEV", "phrase": " you know"}, {"speaker": "STEV", "phrase": " Missus um Taylor said."}, {"speaker": "SHER", "phrase": "PAUSE"}, {"speaker": "STEV", "phrase": " No Shred"}, {"speaker": "STEV", "phrase": " there's no room laugh."}, {"speaker": "SHER", "phrase": "PAUSE"}, {"speaker": "SHER", "phrase": " Unhunh ?"}, {"speaker": "STEV", "phrase": " There was only room for me and Zach."}, {"speaker": "STEV", "phrase": " And we were on opposite sides from each other."}, {"speaker": "SHER", "phrase": " Ah."}, {"speaker": "SHER", "phrase": " So did they put Shred in the front seat between them ?"}, {"speaker": "STEV", "phrase": " Yeah."}, {"speaker": "SHER", "phrase": " Yeah."}, {"speaker": "STEV", "phrase": " Poor Shred laugh."}, {"speaker": "STEV", "phrase": " And guess what?"}, {"speaker": "SHER", "phrase": " What?"}, {"speaker": "STEV", "phrase": " Shred chased um ground squirrel?"}, {"speaker": "SHER", "phrase": " He did."}, {"speaker": "SHER", "phrase": " Did he catch him ?"}, {"speaker": "STEV", "phrase": " No."}, {"speaker": "SHER", "phrase": " Hm."}, {"speaker": "STEV", "phrase": " Zach."}, {"speaker": "STEV", "phrase": " Zach caught one."}, {"speaker": "STEV", "phrase": " Except it bit him."}, {"speaker": "SHER", "phrase": " Uhoh."}, {"speaker": "SHER", "phrase": " Hope he has rabies shots."}, {"speaker": "SHER", "phrase": "PAUSE"}, {"speaker": "SHER", "phrase": " How was their soccer game?"}, {"speaker": "SHER", "phrase": " Did they win their soccer game ?"}, {"speaker": "SHER", "phrase": " Or."}, {"speaker": "STEV", "phrase": " I didn't ask."}, {"speaker": "SHER", "phrase": " Oh."}, {"speaker": "STEV", "phrase": " He."}, {"speaker": "STEV", "phrase": " Um someone said"}, {"speaker": "STEV", "phrase": " hi Steve."}, {"speaker": "SHER", "phrase": " Mhm ?"}, {"speaker": "STEV", "phrase": " That was probably Shred on the corner"}, {"speaker": "STEV", "phrase": " I said"}, {"speaker": "STEV", "phrase": " I looked around and I shrugged."}, {"speaker": "STEV", "phrase": " Probably the wind I thought."}, {"speaker": "SHER", "phrase": " Ah."}, {"speaker": "STEV", "phrase": " It was actually Shred saying"}, {"speaker": "STEV", "phrase": " hi Steve."}, {"speaker": "SHER", "phrase": " Mhm."}, {"speaker": "SHER", "phrase": " Is your grandmother feeling better ?"}, {"speaker": "STEV", "phrase": " Yeah"}, {"speaker": "STEV", "phrase": " she wanted to go home and sleep."}, {"speaker": "STEV", "phrase": " afterward."}, {"speaker": "SHER", "phrase": " Yeah."}, {"speaker": "SHER", "phrase": " Well she's supposed to go to the Dixie Land Jazz Festival this weekend."}, {"speaker": "STEV", "phrase": "PAUSE"}, {"speaker": "SHER", "phrase": " One of the venues."}, {"speaker": "SHER", "phrase": " Or something so."}, {"speaker": "STEV", "phrase": " She did"}, {"speaker": "STEV", "phrase": " um"}, {"speaker": "STEV", "phrase": " yesterday and."}, {"speaker": "SHER", "phrase": " Yeah."}, {"speaker": "STEV", "phrase": " me and Grandpa had hard time trying to track her down."}, {"speaker": "SHER", "phrase": "PAUSE"}, {"speaker": "STEV", "phrase": " She told Grandpa to"}, {"speaker": "STEV", "phrase": "PAUSE"}, {"speaker": "STEV", "phrase": "PAUSE"}, {"speaker": "STEV", "phrase": " To get me"}, {"speaker": "STEV", "phrase": " and bring me over there."}, {"speaker": "STEV", "phrase": " And then we could not find laugh her laugh."}, {"speaker": "SHER", "phrase": " Unhunh ?"}, {"speaker": "SHER", "phrase": " Oh."}, {"speaker": "SHER", "phrase": " Well that's usually pretty crowded and busy over there."}, {"speaker": "STEV", "phrase": " Yeah."}, {"speaker": "STEV", "phrase": " Down to two cheeses Mom."}, {"speaker": "SHER", "phrase": " Okay."}, {"speaker": "ENV", "phrase": "PAUSE"}, {"speaker": "STEV", "phrase": "PAUSE"}, {"speaker": "SHER", "phrase": " So did your dad take Mary Ann with him to San Francisco?"}, {"speaker": "SHER", "phrase": " or did he just go by himself?"}, {"speaker": "STEV", "phrase": " I don't know."}, {"speaker": "SHER", "phrase": " You don't know ?"}, {"speaker": "STEV", "phrase": " I didn't ask him about that."}, {"speaker": "STEV", "phrase": " I don't."}, {"speaker": "STEV", "phrase": " I don't know why he even"}, {"speaker": "STEV", "phrase": " he even went there."}, {"speaker": "STEV", "phrase": " He did not tell me."}, {"speaker": "STEV", "phrase": "PAUSE"}, {"speaker": "SHER", "phrase": " Mhm"}, {"speaker": "SHER", "phrase": " I think he just wanted to get out of the Valley for while and have break."}, {"speaker": "STEV", "phrase": " Hunh ?"}, {"speaker": "SHER", "phrase": " I said I think he just wanted to."}, {"speaker": "ENV", "phrase": "PAUSE"}, {"speaker": "SHER", "phrase": " I think he just wanted to get out of the Valley for while"}, {"speaker": "SHER", "phrase": " I think he just needed break."}, {"speaker": "ENV", "phrase": "PAUSE"}, {"speaker": "SHER", "phrase": " He hasn't really had vacation."}, {"speaker": "STEV", "phrase": " He has"}, {"speaker": "STEV", "phrase": " with Mary Ann."}, {"speaker": "SHER", "phrase": " Oh did they go on vacation ?"}, {"speaker": "STEV", "phrase": " One time"}, {"speaker": "STEV", "phrase": " yeah."}, {"speaker": "SHER", "phrase": " Yeah."}, {"speaker": "STEV", "phrase": " You see Mom"}, {"speaker": "STEV", "phrase": " does that look good ?"}, {"speaker": "SHER", "phrase": " Yeah"}, {"speaker": "SHER", "phrase": " I think so."}, {"speaker": "STEV", "phrase": " Some of them I went through right here."}, {"speaker": "SHER", "phrase": " Yeah."}, {"speaker": "ENV", "phrase": "PAUSE"}, {"speaker": "SHER", "phrase": " Well that's fine."}, {"speaker": "SHER", "phrase": " you know what"}, {"speaker": "SHER", "phrase": " let's open that box of"}, {"speaker": "SHER", "phrase": " or that package of pastrami"}, {"speaker": "SHER", "phrase": " not pastrami"}, {"speaker": "SHER", "phrase": " pepperoni."}, {"speaker": "STEV", "phrase": " Let me put these on there."}, {"speaker": "SHER", "phrase": " You wanna put the."}, {"speaker": "SHER", "phrase": " You want the pepperoni under the cheese or the pepperoni on top of the cheese?"}, {"speaker": "STEV", "phrase": " On top of the cheese."}, {"speaker": "SHER", "phrase": " Okay"}, {"speaker": "SHER", "phrase": " so,yeah, sprinkle the cheese around."}, {"speaker": "SHER", "phrase": " That's good idea."}, {"speaker": "STEV", "phrase": " Hot salami hot salami hey"}, {"speaker": "STEV", "phrase": " hot salami for you"}, {"speaker": "STEV", "phrase": " Salami hot salami hey hot salami for you."}, {"speaker": "SHER", "phrase": "PAUSE"}, {"speaker": "STEV", "phrase": " Mm."}, {"speaker": "STEV", "phrase": " eat it up while it's still sizzling'"}, {"speaker": "STEV", "phrase": " Bugs Bunny used to sing that."}, {"speaker": "SHER", "phrase": " Yeah I remember that from the Bugs Bunny show."}, {"speaker": "SHER", "phrase": " Hunh."}, {"speaker": "STEV", "phrase": " That one."}, {"speaker": "STEV", "phrase": " That I rented"}, {"speaker": "STEV", "phrase": " I."}, {"speaker": "STEV", "phrase": " I like those ones."}, {"speaker": "SHER", "phrase": " Yeah."}, {"speaker": "STEV", "phrase": " Then my favoritest one"}, {"speaker": "STEV", "phrase": " was when um"}, {"speaker": "STEV", "phrase": " it was the Daffy Duck one"}, {"speaker": "STEV", "phrase": " Quackbusters ?"}, {"speaker": "SHER", "phrase": " Mhm ?"}, {"speaker": "STEV", "phrase": " That was my favorite laugh"}, {"speaker": "STEV", "phrase": " Or laugh there's laugh one laugh"}, {"speaker": "STEV", "phrase": " where Bugs Bunny was talking to that vampire laugh."}, {"speaker": "STEV", "phrase": " you know."}, {"speaker": "SHER", "phrase": " Oh"}, {"speaker": "SHER", "phrase": " where he was."}, {"speaker": "STEV", "phrase": " I used to crack up"}, {"speaker": "STEV", "phrase": "PAUSE"}, {"speaker": "SHER", "phrase": " where he would turn into the bat."}, {"speaker": "STEV", "phrase": " well he said."}, {"speaker": "SHER", "phrase": " and then he would turn into the umpire."}, {"speaker": "STEV", "phrase": " he said"}, {"speaker": "STEV", "phrase": " he said."}, {"speaker": "SHER", "phrase": " and"}, {"speaker": "STEV", "phrase": " He umpire."}, {"speaker": "STEV", "phrase": " he says I am vampire."}, {"speaker": "SHER", "phrase": "PAUSE"}, {"speaker": "STEV", "phrase": " he says"}, {"speaker": "STEV", "phrase": " Well hocuspocus I'm an umpire."}, {"speaker": "SHER", "phrase": "PAUSE"}, {"speaker": "STEV", "phrase": " He laugh said Well hocuspocus."}, {"speaker": "SHER", "phrase": "PAUSE"}, {"speaker": "STEV", "phrase": " I'm bat."}, {"speaker": "STEV", "phrase": " I'm bat too."}, {"speaker": "STEV", "phrase": " Abracadabra."}, {"speaker": "STEV", "phrase": " You wouldn't hit bat with glasses on, would you?"}, {"speaker": "STEV", "phrase": " Whack."}, {"speaker": "SHER", "phrase": "PAUSE"}, {"speaker": "SHER", "phrase": " Silly."}, {"speaker": "SHER", "phrase": " Do you want more cheese than this?"}, {"speaker": "STEV", "phrase": " Mm."}, {"speaker": "SHER", "phrase": " Does that look like enough ?"}, {"speaker": "STEV", "phrase": " Let's put little bit more."}, {"speaker": "SHER", "phrase": " Let me cut some more off"}, {"speaker": "SHER", "phrase": " Let me move these dishes into the sink."}, {"speaker": "STEV", "phrase": "PAUSE"}, {"speaker": "SHER", "phrase": " Okay here, slide over"}, {"speaker": "SHER", "phrase": " this is really kind of tough kitchen to work in"}, {"speaker": "SHER", "phrase": " cause it's so teenytiny"}, {"speaker": "SHER", "phrase": " and I have all my books and everything on this counter too and slice stuff"}, {"speaker": "SHER", "phrase": " Okay."}, {"speaker": "SHER", "phrase": " And I'll open up the pastrami."}, {"speaker": "SHER", "phrase": " Pepperoni"}, {"speaker": "SHER", "phrase": " I'm tired."}, {"speaker": "STEV", "phrase": " hot salami."}, {"speaker": "SHER", "phrase": " Boy."}, {"speaker": "STEV", "phrase": " You were gonna say hot salami?"}, {"speaker": "SHER", "phrase": " No, I was gonna say pastrami."}, {"speaker": "SHER", "phrase": " Instead of pepperoni."}, {"speaker": "SHER", "phrase": " It's because I'm having dumb attack."}, {"speaker": "STEV", "phrase": " No you're having mom attack."}, {"speaker": "SHER", "phrase": " Yeah I guess so."}, {"speaker": "STEV", "phrase": " You are entering the mom zone."}, {"speaker": "SHER", "phrase": " Mom zone."}, {"speaker": "SHER", "phrase": " How's Robbie doing."}, {"speaker": "SHER", "phrase": "PAUSE"}]}
