{"text": [{"speaker": "ENV", "phrase": "PAUSE"}, {"speaker": "KARE", "phrase": " Hi sweetie."}, {"speaker": "SCOT", "phrase": " Hey."}, {"speaker": "SCOT", "phrase": "PAUSE"}, {"speaker": "KARE", "phrase": " Sweetie frumptions."}, {"speaker": "KARE", "phrase": " This is kinda open."}, {"speaker": "SCOT", "phrase": " Yep."}, {"speaker": "SCOT", "phrase": " How was work ?"}, {"speaker": "ENV", "phrase": "PAUSE"}, {"speaker": "KARE", "phrase": " I'm so tired."}, {"speaker": "SCOT", "phrase": " Tired."}, {"speaker": "KARE", "phrase": " It was \u0294uh."}, {"speaker": "KARE", "phrase": " It was okay"}, {"speaker": "KARE", "phrase": " I left my bag there."}, {"speaker": "KARE", "phrase": " I left my bag"}, {"speaker": "KARE", "phrase": " and all my money"}, {"speaker": "KARE", "phrase": " and all my things."}, {"speaker": "SCOT", "phrase": " Now the ghosts'll get it."}, {"speaker": "KARE", "phrase": " They."}, {"speaker": "KARE", "phrase": " Ghosts'll get it"}, {"speaker": "KARE", "phrase": " that's okay."}, {"speaker": "KARE", "phrase": "PAUSE"}, {"speaker": "KARE", "phrase": " Um"}, {"speaker": "KARE", "phrase": "PAUSE"}, {"speaker": "KARE", "phrase": " ten thirty"}, {"speaker": "KARE", "phrase": " there were probably thirty people in the store."}, {"speaker": "SCOT", "phrase": " Good grief."}, {"speaker": "KARE", "phrase": " We're like"}, {"speaker": "KARE", "phrase": " okay"}, {"speaker": "KARE", "phrase": " it's time to go out now."}, {"speaker": "KARE", "phrase": " We're closed."}, {"speaker": "KARE", "phrase": " We're closed."}, {"speaker": "KARE", "phrase": " We are closed now."}, {"speaker": "KARE", "phrase": "PAUSE"}, {"speaker": "KARE", "phrase": " Please leave laugh."}, {"speaker": "SCOT", "phrase": " Turn on the fire alarm ?"}, {"speaker": "KARE", "phrase": " I\u0294."}, {"speaker": "KARE", "phrase": " Turn on the fire laugh alarm laugh"}, {"speaker": "KARE", "phrase": "PAUSE"}, {"speaker": "KARE", "phrase": " that would do it."}, {"speaker": "KARE", "phrase": "PAUSE"}, {"speaker": "KARE", "phrase": " These kids came in"}, {"speaker": "KARE", "phrase": " and"}, {"speaker": "KARE", "phrase": " I was like"}, {"speaker": "KARE", "phrase": " we're closing \u0294uh."}, {"speaker": "KARE", "phrase": " In few minutes"}, {"speaker": "KARE", "phrase": " they said"}, {"speaker": "KARE", "phrase": " well we'll."}, {"speaker": "KARE", "phrase": " We'll wait until you kick us out."}, {"speaker": "KARE", "phrase": " Cause they didn't really want to buy anything"}, {"speaker": "KARE", "phrase": " they just wanted to look."}, {"speaker": "SCOT", "phrase": " Mhm."}, {"speaker": "KARE", "phrase": " And I said"}, {"speaker": "KARE", "phrase": " okay"}, {"speaker": "KARE", "phrase": " we're closed."}, {"speaker": "KARE", "phrase": " Out."}, {"speaker": "KARE", "phrase": "PAUSE"}, {"speaker": "KARE", "phrase": " And laugh"}, {"speaker": "KARE", "phrase": " so I was moving them"}, {"speaker": "KARE", "phrase": " like making them go out."}, {"speaker": "SCOT", "phrase": " Mhm."}, {"speaker": "KARE", "phrase": " and they were trying to be cute"}, {"speaker": "KARE", "phrase": " and say sweet things"}, {"speaker": "KARE", "phrase": " and."}, {"speaker": "KARE", "phrase": " To stay in."}, {"speaker": "SCOT", "phrase": " Yeah"}, {"speaker": "SCOT", "phrase": " lots of student types."}, {"speaker": "KARE", "phrase": " Yeah"}, {"speaker": "KARE", "phrase": " there are lot"}, {"speaker": "KARE", "phrase": " but there are mostly families"}, {"speaker": "KARE", "phrase": " so in terms of being uh."}, {"speaker": "SCOT", "phrase": " Mhm."}, {"speaker": "KARE", "phrase": " umm"}, {"speaker": "KARE", "phrase": " and so"}, {"speaker": "KARE", "phrase": "PAUSE"}, {"speaker": "KARE", "phrase": " kids said well"}, {"speaker": "KARE", "phrase": " are there any."}, {"speaker": "KARE", "phrase": " What time's it"}, {"speaker": "KARE", "phrase": " eleven ?"}, {"speaker": "KARE", "phrase": " I said"}, {"speaker": "KARE", "phrase": " no it's ten thirty"}, {"speaker": "KARE", "phrase": " it's past our closing time actually."}, {"speaker": "KARE", "phrase": " And"}, {"speaker": "KARE", "phrase": " they said"}, {"speaker": "KARE", "phrase": " well are there any other."}, {"speaker": "KARE", "phrase": " That what are the other bookstores open in town."}, {"speaker": "KARE", "phrase": " Now."}, {"speaker": "KARE", "phrase": " I'm like"}, {"speaker": "KARE", "phrase": " come on."}, {"speaker": "KARE", "phrase": " It's ten thirty."}, {"speaker": "KARE", "phrase": " This is the latest thing open besides ice cream stores and bars."}, {"speaker": "SCOT", "phrase": " Mhm."}, {"speaker": "KARE", "phrase": " And"}, {"speaker": "KARE", "phrase": " some other guy came in"}, {"speaker": "KARE", "phrase": " I felt kinda bad"}, {"speaker": "KARE", "phrase": " but"}, {"speaker": "KARE", "phrase": " I guess I'm glad I said what I said"}, {"speaker": "KARE", "phrase": " there's some guy came in who."}, {"speaker": "KARE", "phrase": " N he looked like student"}, {"speaker": "KARE", "phrase": " sort of student type but"}, {"speaker": "KARE", "phrase": " nicely kept."}, {"speaker": "KARE", "phrase": " Friendly looking."}, {"speaker": "KARE", "phrase": " And basically needed place to stay laugh because"}, {"speaker": "KARE", "phrase": " he ended up in town with twenty dollars."}, {"speaker": "KARE", "phrase": " And"}, {"speaker": "KARE", "phrase": " I mean"}, {"speaker": "KARE", "phrase": " couldn't get to Amherst"}, {"speaker": "KARE", "phrase": " cause of no car"}, {"speaker": "KARE", "phrase": " and no buses"}, {"speaker": "KARE", "phrase": " and"}, {"speaker": "KARE", "phrase": " no hotels that were open and."}, {"speaker": "SCOT", "phrase": " You mean buses weren't running then ?"}, {"speaker": "KARE", "phrase": " et cetera."}, {"speaker": "SCOT", "phrase": " Hmm."}, {"speaker": "KARE", "phrase": " and he wanted to know if I knew anyone who laugh would laugh put him up."}, {"speaker": "KARE", "phrase": " And"}, {"speaker": "KARE", "phrase": " I referred him down to Paul."}, {"speaker": "KARE", "phrase": " Cause I just"}, {"speaker": "KARE", "phrase": " and then"}, {"speaker": "KARE", "phrase": " I felt like"}, {"speaker": "KARE", "phrase": " oh I wanted to."}, {"speaker": "SCOT", "phrase": " Mhm."}, {"speaker": "SCOT", "phrase": "PAUSE"}, {"speaker": "KARE", "phrase": " but at the same time I thought"}, {"speaker": "KARE", "phrase": " well that's better thing and should we talk to John about ?"}, {"speaker": "SCOT", "phrase": " Mhm."}, {"speaker": "KARE", "phrase": " And I also just wasn't quite comfortable ?"}, {"speaker": "SCOT", "phrase": " Mhm."}, {"speaker": "KARE", "phrase": " But at the same time"}, {"speaker": "KARE", "phrase": " I would have been comfortable I think."}, {"speaker": "KARE", "phrase": " So"}, {"speaker": "KARE", "phrase": " I don't know."}, {"speaker": "KARE", "phrase": " Je ne sais pas."}, {"speaker": "KARE", "phrase": " Oh the other thing I found out"}, {"speaker": "KARE", "phrase": " I was returning the book on uh"}, {"speaker": "KARE", "phrase": " cohousing ?"}, {"speaker": "SCOT", "phrase": " Uhuh."}, {"speaker": "KARE", "phrase": " And um"}, {"speaker": "KARE", "phrase": " Paul ?"}, {"speaker": "KARE", "phrase": " And"}, {"speaker": "KARE", "phrase": " well"}, {"speaker": "KARE", "phrase": " first Paul said"}, {"speaker": "KARE", "phrase": " oh I have this friend named Sarah in in Hartford"}, {"speaker": "KARE", "phrase": " and she has this place that deals with coop"}, {"speaker": "KARE", "phrase": " what's it"}, {"speaker": "KARE", "phrase": " coop initiatives ?"}, {"speaker": "SCOT", "phrase": " Mhm."}, {"speaker": "KARE", "phrase": " And um"}, {"speaker": "KARE", "phrase": " they s."}, {"speaker": "KARE", "phrase": " Oo."}, {"speaker": "KARE", "phrase": " I'm sore."}, {"speaker": "KARE", "phrase": " Oo."}, {"speaker": "KARE", "phrase": " She deals lot with alternative kinda housing"}, {"speaker": "KARE", "phrase": " and cohousing"}, {"speaker": "KARE", "phrase": " and housing for the sake of people and stuff."}, {"speaker": "SCOT", "phrase": " Mhm."}, {"speaker": "KARE", "phrase": " So we were talking about that"}, {"speaker": "KARE", "phrase": " and then while we were talking about that"}, {"speaker": "KARE", "phrase": " um"}, {"speaker": "KARE", "phrase": " lady came to buy something"}, {"speaker": "KARE", "phrase": " and"}, {"speaker": "KARE", "phrase": " she gave me the name of this other."}, {"speaker": "KARE", "phrase": " This Amherst architect"}, {"speaker": "KARE", "phrase": " who."}, {"speaker": "KARE", "phrase": " started two cohousing developments"}, {"speaker": "KARE", "phrase": " in this area."}, {"speaker": "SCOT", "phrase": " Hm."}, {"speaker": "KARE", "phrase": "PAUSE"}, {"speaker": "KARE", "phrase": " It laugh was just so funny to"}, {"speaker": "KARE", "phrase": " and \u0294uh"}, {"speaker": "KARE", "phrase": " Jen and I put note in the log"}, {"speaker": "KARE", "phrase": "PAUSE"}, {"speaker": "SCOT", "phrase": " Mhm."}, {"speaker": "KARE", "phrase": " in the book checkout thing ?"}, {"speaker": "SCOT", "phrase": " Mhm."}, {"speaker": "KARE", "phrase": " By my the."}, {"speaker": "KARE", "phrase": " So I wrote down the name of the book to check it out"}, {"speaker": "KARE", "phrase": " and she put note said"}, {"speaker": "KARE", "phrase": " oh neat"}, {"speaker": "KARE", "phrase": " I've got friend who's in cohousing place"}, {"speaker": "KARE", "phrase": " in Denver."}, {"speaker": "KARE", "phrase": " In like."}, {"speaker": "KARE", "phrase": " I think it was in Denver."}, {"speaker": "SCOT", "phrase": " Uhuh."}, {"speaker": "KARE", "phrase": "PAUSE"}, {"speaker": "KARE", "phrase": " So it was pretty wild."}, {"speaker": "SCOT", "phrase": " Uhuh."}, {"speaker": "KARE", "phrase": " I have to pee."}, {"speaker": "SCOT", "phrase": " Okay."}, {"speaker": "KARE", "phrase": " Oh\u0294."}, {"speaker": "KARE", "phrase": " my shoes first"}, {"speaker": "KARE", "phrase": " I'm so tired."}, {"speaker": "KARE", "phrase": " So so so tired."}, {"speaker": "KARE", "phrase": " I didn't buy any books."}, {"speaker": "KARE", "phrase": " I couldn't decide what I wanted"}, {"speaker": "KARE", "phrase": " and then"}, {"speaker": "KARE", "phrase": " things just got too harried and I"}, {"speaker": "KARE", "phrase": " just didn't think it was the right time to buy book."}, {"speaker": "SCOT", "phrase": " Mm."}, {"speaker": "KARE", "phrase": "PAUSE"}, {"speaker": "SCOT", "phrase": " We got more stuff for your dad."}, {"speaker": "KARE", "phrase": " What kinda stuff."}, {"speaker": "SCOT", "phrase": " Umm"}, {"speaker": "SCOT", "phrase": " computer access places."}, {"speaker": "KARE", "phrase": " Like places you could plug into ?"}, {"speaker": "SCOT", "phrase": "PAUSE"}, {"speaker": "SCOT", "phrase": " Plug in to get email and stuff."}, {"speaker": "KARE", "phrase": " or."}, {"speaker": "KARE", "phrase": " Aw."}, {"speaker": "SCOT", "phrase": " And I also"}, {"speaker": "SCOT", "phrase": " fiddled around and"}, {"speaker": "SCOT", "phrase": " figured out how I can get things to print out two on page."}, {"speaker": "KARE", "phrase": " Oo."}, {"speaker": "SCOT", "phrase": " take up less paper ?"}, {"speaker": "KARE", "phrase": " Unhunh ?"}, {"speaker": "SCOT", "phrase": " You need magnifying glass"}, {"speaker": "SCOT", "phrase": " but."}, {"speaker": "KARE", "phrase": " No I think it's okay."}, {"speaker": "SCOT", "phrase": " In better light."}, {"speaker": "KARE", "phrase": " Yeah we have to get light."}, {"speaker": "KARE", "phrase": " Y\u0294\u0294."}, {"speaker": "KARE", "phrase": " Oo I have to go to the bathroom really bad."}, {"speaker": "KARE", "phrase": " Here."}, {"speaker": "SCOT", "phrase": " Okay."}, {"speaker": "KARE", "phrase": " Take this back."}, {"speaker": "KARE", "phrase": " I gotta take my sock off."}, {"speaker": "KARE", "phrase": " Be right back."}, {"speaker": "SCOT", "phrase": " Yes lighting is an issue"}, {"speaker": "SCOT", "phrase": " that needs to be addressed in this house."}, {"speaker": "KARE", "phrase": "PAUSE"}, {"speaker": "KARE", "phrase": " So"}, {"speaker": "KARE", "phrase": " it seems like fairly basic one."}, {"speaker": "KARE", "phrase": " That we could address fairly easily \u0294uh"}, {"speaker": "KARE", "phrase": " \u0294I was thinking we should walk down sometime to."}, {"speaker": "KARE", "phrase": " to the umm"}, {"speaker": "KARE", "phrase": " eeya eeya eeya"}, {"speaker": "KARE", "phrase": " to the lighting place"}, {"speaker": "KARE", "phrase": " down by."}, {"speaker": "SCOT", "phrase": " Mhm"}, {"speaker": "SCOT", "phrase": " why don't you just go."}, {"speaker": "KARE", "phrase": " Well because I wanna."}, {"speaker": "KARE", "phrase": " I wanna do things orderly."}, {"speaker": "KARE", "phrase": "PAUSE"}, {"speaker": "SCOT", "phrase": "PAUSE"}, {"speaker": "KARE", "phrase": " Sorry."}, {"speaker": "SCOT", "phrase": "PAUSE"}, {"speaker": "KARE", "phrase": " Scott ?"}, {"speaker": "SCOT", "phrase": " Mhm ?"}, {"speaker": "KARE", "phrase": " I used the rest of the orange juice"}, {"speaker": "KARE", "phrase": " but I put the container back"}, {"speaker": "KARE", "phrase": " in the fridge."}, {"speaker": "KARE", "phrase": " So that we don't have to wash it"}, {"speaker": "KARE", "phrase": " you can just make more orange juice tomorrow."}, {"speaker": "SCOT", "phrase": " Okay."}, {"speaker": "SCOT", "phrase": " So far"}, {"speaker": "SCOT", "phrase": " the cheapest place I found in here is"}, {"speaker": "SCOT", "phrase": " in Portland Oregon."}, {"speaker": "KARE", "phrase": " How much is it."}, {"speaker": "SCOT", "phrase": " It's like six dollars month."}, {"speaker": "KARE", "phrase": " That's okay."}, {"speaker": "KARE", "phrase": "PAUSE"}, {"speaker": "SCOT", "phrase": " Mm."}, {"speaker": "KARE", "phrase": " See the thing is"}, {"speaker": "KARE", "phrase": " this light"}, {"speaker": "KARE", "phrase": " it's cute there."}, {"speaker": "SCOT", "phrase": " Mhm ?"}, {"speaker": "KARE", "phrase": " It's not particularly practical there"}, {"speaker": "KARE", "phrase": " I mean light does come through there"}, {"speaker": "KARE", "phrase": " but if you're gonna sit there and read"}, {"speaker": "KARE", "phrase": " you need light."}, {"speaker": "KARE", "phrase": " Next to it\u0294."}, {"speaker": "SCOT", "phrase": " Well would it work to put it on the other end ?"}, {"speaker": "KARE", "phrase": " It wouldn't be as..."}, {"speaker": "SCOT", "phrase": " It wouldn't be as aesthetically pleasing."}, {"speaker": "KARE", "phrase": " Mhm."}, {"speaker": "KARE", "phrase": " Right."}, {"speaker": "KARE", "phrase": "PAUSE"}, {"speaker": "KARE", "phrase": " That radiator tilts."}, {"speaker": "SCOT", "phrase": " Mhm."}, {"speaker": "KARE", "phrase": " Hm."}, {"speaker": "KARE", "phrase": "PAUSE"}, {"speaker": "SCOT", "phrase": "PAUSE"}, {"speaker": "KARE", "phrase": " So I got to look at the copy"}, {"speaker": "KARE", "phrase": " of umm"}, {"speaker": "KARE", "phrase": " it's Dante's Inferno."}, {"speaker": "SCOT", "phrase": " Mhm."}, {"speaker": "KARE", "phrase": "PAUSE"}, {"speaker": "KARE", "phrase": " It's new translation"}, {"speaker": "KARE", "phrase": " with twenty different contemporary American poets ?"}, {"speaker": "KARE", "phrase": " Got different cantos ?"}, {"speaker": "SCOT", "phrase": " Mhm ?"}, {"speaker": "KARE", "phrase": " And translated them ?"}, {"speaker": "KARE", "phrase": " And so it's neat."}, {"speaker": "KARE", "phrase": " Cause there's these poets that I like."}, {"speaker": "KARE", "phrase": " And they've done translations."}, {"speaker": "SCOT", "phrase": " Mhm ?"}, {"speaker": "KARE", "phrase": " Of these different."}, {"speaker": "KARE", "phrase": " Of the different cantos or"}, {"speaker": "KARE", "phrase": " cantos or"}, {"speaker": "KARE", "phrase": " whatever toes."}, {"speaker": "KARE", "phrase": " And um"}, {"speaker": "KARE", "phrase": " they"}, {"speaker": "KARE", "phrase": " well it's expensive"}, {"speaker": "KARE", "phrase": " it's expensive but it's hard cover."}, {"speaker": "KARE", "phrase": " And it's nice."}, {"speaker": "KARE", "phrase": " And it matches kind of this"}, {"speaker": "KARE", "phrase": " bath book"}, {"speaker": "KARE", "phrase": " this scented bath book"}, {"speaker": "KARE", "phrase": " that I wanna get."}, {"speaker": "SCOT", "phrase": " Mhm."}, {"speaker": "KARE", "phrase": " And I wasn't."}, {"speaker": "KARE", "phrase": " I don't really need it"}, {"speaker": "KARE", "phrase": " the."}, {"speaker": "KARE", "phrase": " I don't need either one"}, {"speaker": "KARE", "phrase": " I wasn't urgently planning on getting the Divine."}, {"speaker": "KARE", "phrase": " The\u0294."}, {"speaker": "KARE", "phrase": " The Inferno one."}, {"speaker": "KARE", "phrase": " But"}, {"speaker": "KARE", "phrase": " the way they look together is very nice."}, {"speaker": "KARE", "phrase": " Those two books together."}, {"speaker": "KARE", "phrase": " So I was thinking it's sort of an aesthetic thing."}, {"speaker": "KARE", "phrase": " That it would be nice to get them together."}, {"speaker": "KARE", "phrase": " At time"}, {"speaker": "KARE", "phrase": " I'm gonna have little vacation"}, {"speaker": "KARE", "phrase": " so I can sit in the bath and"}, {"speaker": "KARE", "phrase": " have my scented bath."}, {"speaker": "KARE", "phrase": " And then I could read."}, {"speaker": "SCOT", "phrase": " Mhm."}, {"speaker": "KARE", "phrase": " I do realize it's little bit far out"}, {"speaker": "KARE", "phrase": " it seems like there's."}, {"speaker": "KARE", "phrase": " Danielle said we need to"}, {"speaker": "KARE", "phrase": " the Alexandra Stoddard book back."}, {"speaker": "SCOT", "phrase": " Uhuh."}, {"speaker": "KARE", "phrase": " They returned."}, {"speaker": "KARE", "phrase": " I think they returned the one."}, {"speaker": "KARE", "phrase": " The Creating Beautiful Home one."}, {"speaker": "KARE", "phrase": " The one that I had that had the"}, {"speaker": "KARE", "phrase": " the blue and red writing ?"}, {"speaker": "SCOT", "phrase": " Oh"}, {"speaker": "SCOT", "phrase": " uhuh ?"}, {"speaker": "KARE", "phrase": " It's not there"}, {"speaker": "KARE", "phrase": " it's not in our inventory anymore."}, {"speaker": "KARE", "phrase": " Maybe it means that..."}, {"speaker": "SCOT", "phrase": " Uhoh."}, {"speaker": "KARE", "phrase": " Maybe the paperback's going out ?"}, {"speaker": "KARE", "phrase": " And so they wanted to give the hard cover back ?"}, {"speaker": "KARE", "phrase": " I don't know"}, {"speaker": "KARE", "phrase": " I was very disturbed."}, {"speaker": "SCOT", "phrase": " Uhoh."}, {"speaker": "KARE", "phrase": " I can always order another one if I need to."}, {"speaker": "SCOT", "phrase": "PAUSE"}, {"speaker": "ENV", "phrase": "PAUSE"}, {"speaker": "SCOT", "phrase": "PAUSE"}, {"speaker": "KARE", "phrase": " Is that program you're reading ?"}, {"speaker": "SCOT", "phrase": " Hm ?"}, {"speaker": "SCOT", "phrase": " Hmmm."}, {"speaker": "KARE", "phrase": " Guess it's..."}, {"speaker": "SCOT", "phrase": " It was just list of uh"}, {"speaker": "SCOT", "phrase": " places that offer emails service"}, {"speaker": "SCOT", "phrase": " and different things."}, {"speaker": "KARE", "phrase": " Oh well that's good."}, {"speaker": "KARE", "phrase": " Oh"}, {"speaker": "KARE", "phrase": " you know maybe if we could turn the spider plant around."}, {"speaker": "SCOT", "phrase": " Which one."}, {"speaker": "KARE", "phrase": " The one that just looks kinda decrepit."}, {"speaker": "SCOT", "phrase": " That one."}, {"speaker": "KARE", "phrase": " Yeah."}, {"speaker": "SCOT", "phrase": " Maybe we could."}, {"speaker": "SCOT", "phrase": " I think it"}, {"speaker": "SCOT", "phrase": " would probably do better"}, {"speaker": "SCOT", "phrase": " if it got its babies trimmed off."}, {"speaker": "KARE", "phrase": " I mean can it wait ?"}, {"speaker": "KARE", "phrase": " I think we thought about doing that in the springtime"}, {"speaker": "KARE", "phrase": " then I thought we'd replant them."}, {"speaker": "SCOT", "phrase": " Yeah"}, {"speaker": "SCOT", "phrase": " but I think there's more babies than we need."}, {"speaker": "KARE", "phrase": " Would."}, {"speaker": "KARE", "phrase": " Yeah."}, {"speaker": "KARE", "phrase": " And we've got three new babies that I could replant"}, {"speaker": "KARE", "phrase": " but I haven't"}, {"speaker": "KARE", "phrase": " already."}, {"speaker": "SCOT", "phrase": " Unhunh."}, {"speaker": "SCOT", "phrase": " And that."}, {"speaker": "SCOT", "phrase": " Yeah the..."}, {"speaker": "KARE", "phrase": "PAUSE"}, {"speaker": "SCOT", "phrase": " The other plant over there is"}, {"speaker": "SCOT", "phrase": " has lots of babies."}, {"speaker": "KARE", "phrase": "PAUSE"}, {"speaker": "KARE", "phrase": " Oh"}, {"speaker": "KARE", "phrase": " I looked at Orlando today."}, {"speaker": "SCOT", "phrase": " The book ?"}, {"speaker": "KARE", "phrase": " Yeah."}, {"speaker": "KARE", "phrase": " Do you think you want to read that together ?"}, {"speaker": "KARE", "phrase": " That interest you at all ?"}, {"speaker": "SCOT", "phrase": " Unhunh."}, {"speaker": "KARE", "phrase": " Cause if it."}, {"speaker": "KARE", "phrase": " If it really wouldn't"}, {"speaker": "KARE", "phrase": " if you're just saying that to make me happy"}, {"speaker": "KARE", "phrase": " then."}, {"speaker": "SCOT", "phrase": " No"}, {"speaker": "SCOT", "phrase": " I..."}, {"speaker": "KARE", "phrase": " I didn't n yeah."}, {"speaker": "SCOT", "phrase": " I'm"}, {"speaker": "SCOT", "phrase": " I think it probably would."}, {"speaker": "KARE", "phrase": " It seemed like it would be fun to read out loud."}, {"speaker": "KARE", "phrase": " And I don't wanna start it if we're going to read it together."}, {"speaker": "KARE", "phrase": " I don't want to start it on my own."}, {"speaker": "SCOT", "phrase": " I wonder if if it would be"}, {"speaker": "SCOT", "phrase": " any less abstract than the..."}, {"speaker": "KARE", "phrase": " Yeah there's lot more..."}, {"speaker": "SCOT", "phrase": " More."}, {"speaker": "KARE", "phrase": " There's lot more in the book."}, {"speaker": "KARE", "phrase": " Like the part where she falls on the ground."}, {"speaker": "SCOT", "phrase": " Could be easier to follow."}, {"speaker": "KARE", "phrase": " and says"}, {"speaker": "KARE", "phrase": " I am nature's bride."}, {"speaker": "SCOT", "phrase": " Unhunh."}, {"speaker": "KARE", "phrase": " she also says several other things."}, {"speaker": "KARE", "phrase": " And there's also commentary from the narrator."}, {"speaker": "SCOT", "phrase": " Unhunh."}, {"speaker": "KARE", "phrase": " After that."}, {"speaker": "SCOT", "phrase": " Unhunh."}, {"speaker": "KARE", "phrase": " So I kinda like the movie better that way."}, {"speaker": "KARE", "phrase": " Cause it's"}, {"speaker": "KARE", "phrase": " gets the point across."}, {"speaker": "SCOT", "phrase": " Unhunh."}, {"speaker": "KARE", "phrase": " Simply."}, {"speaker": "KARE", "phrase": " So"}, {"speaker": "KARE", "phrase": " yeah"}, {"speaker": "KARE", "phrase": " there's more in it."}, {"speaker": "SCOT", "phrase": " Your basic account from Near Net is two hundred and fifty dollars month."}, {"speaker": "KARE", "phrase": "PAUSE"}, {"speaker": "KARE", "phrase": "PAUSE"}, {"speaker": "KARE", "phrase": " That's lot."}, {"speaker": "SCOT", "phrase": " That's who Smith connects to."}, {"speaker": "KARE", "phrase": " Well if you're Smith it's one thing."}, {"speaker": "SCOT", "phrase": " Use the Internet."}, {"speaker": "KARE", "phrase": " if you're dad it's another."}, {"speaker": "SCOT", "phrase": " Actually it's the five colleges."}, {"speaker": "KARE", "phrase": " Oh."}, {"speaker": "SCOT", "phrase": " Oh."}, {"speaker": "KARE", "phrase": " I wanted to call Jenny."}, {"speaker": "SCOT", "phrase": " but it..."}, {"speaker": "KARE", "phrase": " I do want to call Jen."}, {"speaker": "SCOT", "phrase": " Well you can call Jenny."}, {"speaker": "KARE", "phrase": " I'm tired."}, {"speaker": "SCOT", "phrase": " Mm."}, {"speaker": "KARE", "phrase": " Maybe I'll call Jenny anyway."}, {"speaker": "KARE", "phrase": " Jenny anyway."}, {"speaker": "KARE", "phrase": " Jennyany."}, {"speaker": "KARE", "phrase": " Jennyany."}, {"speaker": "SCOT", "phrase": " Jenny Garret."}, {"speaker": "KARE", "phrase": " Cause I wanted to ask her about the."}, {"speaker": "SCOT", "phrase": " Hm."}, {"speaker": "KARE", "phrase": " magazines she's had."}, {"speaker": "KARE", "phrase": "PAUSE"}, {"speaker": "KARE", "phrase": " Did I tell you that the woman who does."}, {"speaker": "KARE", "phrase": " This book here ?"}, {"speaker": "KARE", "phrase": " Monsieur"}, {"speaker": "KARE", "phrase": " \u0294uh."}, {"speaker": "SCOT", "phrase": " Unhunh ?"}, {"speaker": "KARE", "phrase": " This book here ?"}, {"speaker": "KARE", "phrase": " Okay she did the art here ?"}, {"speaker": "KARE", "phrase": " And other art ?"}, {"speaker": "KARE", "phrase": " \u0294Uh it said in here"}, {"speaker": "KARE", "phrase": " that she does clip art."}, {"speaker": "KARE", "phrase": " For different kinds of \u0294uh liturgical things."}, {"speaker": "KARE", "phrase": " And I found there's two books"}, {"speaker": "KARE", "phrase": " listed"}, {"speaker": "KARE", "phrase": " under her name"}, {"speaker": "KARE", "phrase": " besides this one."}, {"speaker": "KARE", "phrase": " But they are clip art books."}, {"speaker": "SCOT", "phrase": " Mhm."}, {"speaker": "KARE", "phrase": " One is for feasts and celebrations."}, {"speaker": "KARE", "phrase": " And one is for something."}, {"speaker": "KARE", "phrase": " They're like that."}, {"speaker": "KARE", "phrase": " They have neat titles."}, {"speaker": "SCOT", "phrase": " You just need to get yourself a clip art book and scanner."}, {"speaker": "KARE", "phrase": " And scanner ?"}, {"speaker": "KARE", "phrase": " What would I do with scanner."}, {"speaker": "SCOT", "phrase": " And then you'd like loadtheminto your computer and make your things with them."}, {"speaker": "KARE", "phrase": " Aw yeah"}, {"speaker": "KARE", "phrase": " then I wouldn't need erox machine"}, {"speaker": "KARE", "phrase": " and tape and glue and stuff."}, {"speaker": "SCOT", "phrase": " Yeah."}, {"speaker": "SCOT", "phrase": " See then you could."}, {"speaker": "KARE", "phrase": "PAUSE"}, {"speaker": "SCOT", "phrase": " You could scan them"}, {"speaker": "SCOT", "phrase": " and then you could"}, {"speaker": "SCOT", "phrase": " make them different colors"}, {"speaker": "SCOT", "phrase": " and sizes"}, {"speaker": "SCOT", "phrase": " and things like that."}, {"speaker": "SCOT", "phrase": " And you could do neat things with them."}, {"speaker": "KARE", "phrase": " Different colors and sizes ?"}, {"speaker": "KARE", "phrase": " I'd need color printer."}, {"speaker": "SCOT", "phrase": " Yeah ?"}, {"speaker": "KARE", "phrase": " Yeah."}, {"speaker": "KARE", "phrase": " Little minor."}, {"speaker": "KARE", "phrase": " How much is color printer ?"}, {"speaker": "SCOT", "phrase": " Umm"}, {"speaker": "SCOT", "phrase": " you can get color version of the printer I have for"}, {"speaker": "SCOT", "phrase": " gosh"}, {"speaker": "SCOT", "phrase": " I don't know"}, {"speaker": "SCOT", "phrase": " five hundred dollars ?"}, {"speaker": "KARE", "phrase": " Would it be good ?"}, {"speaker": "SCOT", "phrase": " It's reasonable."}, {"speaker": "KARE", "phrase": " Look at this."}, {"speaker": "KARE", "phrase": " When does this go to."}, {"speaker": "KARE", "phrase": " We have to go far away away though."}, {"speaker": "KARE", "phrase": " Three hundred ninetynine"}, {"speaker": "KARE", "phrase": " gracefully styled"}, {"speaker": "KARE", "phrase": " Queen Anne wing recliner"}, {"speaker": "KARE", "phrase": " with cherry finish legs."}, {"speaker": "SCOT", "phrase": "PAUSE"}, {"speaker": "KARE", "phrase": " Do you wanna Queen Anne wing recliner ?"}, {"speaker": "SCOT", "phrase": " Hmmm."}, {"speaker": "KARE", "phrase": " Why not ?"}, {"speaker": "SCOT", "phrase": " I already looked at those."}, {"speaker": "KARE", "phrase": " You didn't like them ?"}, {"speaker": "SCOT", "phrase": " Not really."}, {"speaker": "KARE", "phrase": " You get them in different colors Scott"}, {"speaker": "KARE", "phrase": " you don't have to get the high aqua."}, {"speaker": "KARE", "phrase": " And I could probably get."}, {"speaker": "KARE", "phrase": " Reclining love seat."}, {"speaker": "KARE", "phrase": " Reclining sofa."}, {"speaker": "KARE", "phrase": " Since when have they started that."}, {"speaker": "SCOT", "phrase": " Don't you remember"}, {"speaker": "SCOT", "phrase": " we looked through like Sears catalogues"}, {"speaker": "SCOT", "phrase": " and stuff like that"}, {"speaker": "SCOT", "phrase": " and there was these."}, {"speaker": "KARE", "phrase": " Oh yeah."}, {"speaker": "SCOT", "phrase": " really amazing complete things"}, {"speaker": "SCOT", "phrase": " you know"}, {"speaker": "SCOT", "phrase": " with builtin tables"}, {"speaker": "SCOT", "phrase": " and storage."}, {"speaker": "KARE", "phrase": " With refrigerators."}, {"speaker": "SCOT", "phrase": " and refrigerators"}, {"speaker": "SCOT", "phrase": " and coffeemakers"}, {"speaker": "SCOT", "phrase": " and"}, {"speaker": "SCOT", "phrase": " and"}, {"speaker": "SCOT", "phrase": " all that sorta stuff."}, {"speaker": "KARE", "phrase": " Oh"}, {"speaker": "KARE", "phrase": " I'm tired."}, {"speaker": "SCOT", "phrase": " You know sofa with builtin entertainment center."}, {"speaker": "KARE", "phrase": " That's amazing."}, {"speaker": "KARE", "phrase": " Can we throw this away ?"}, {"speaker": "SCOT", "phrase": " Mhm."}, {"speaker": "KARE", "phrase": " You sure you don't wanna get huge big bed ?"}, {"speaker": "KARE", "phrase": " Monsieur ?"}, {"speaker": "SCOT", "phrase": " Mm I'm sure"}, {"speaker": "SCOT", "phrase": " I am happy with ours."}, {"speaker": "KARE", "phrase": " You're sure you're happy with ours."}, {"speaker": "SCOT", "phrase": " Mhm."}, {"speaker": "KARE", "phrase": " That's good to hear."}, {"speaker": "SCOT", "phrase": " What time did you come home ?"}, {"speaker": "KARE", "phrase": " Eleven o'clock ?"}, {"speaker": "SCOT", "phrase": " Mhm."}, {"speaker": "SCOT", "phrase": " What time is it now."}, {"speaker": "KARE", "phrase": " After eleven o'clock ?"}, {"speaker": "SCOT", "phrase": " Mm back."}, {"speaker": "KARE", "phrase": " Cause it's been while since I came home."}, {"speaker": "KARE", "phrase": "PAUSE"}, {"speaker": "KARE", "phrase": " Mm."}, {"speaker": "KARE", "phrase": " So I'm gonna be rich this week."}, {"speaker": "KARE", "phrase": " It's like eleven twentyfive."}, {"speaker": "SCOT", "phrase": "PAUSE"}, {"speaker": "KARE", "phrase": " Aeya."}, {"speaker": "KARE", "phrase": " Still too many books."}, {"speaker": "KARE", "phrase": " What to do."}, {"speaker": "KARE", "phrase": " What to do."}, {"speaker": "KARE", "phrase": " Scott"}, {"speaker": "KARE", "phrase": " we were going to read this accompaniment book."}, {"speaker": "KARE", "phrase": " Remember ?"}, {"speaker": "SCOT", "phrase": " Which one is that."}, {"speaker": "SCOT", "phrase": " Oh."}, {"speaker": "KARE", "phrase": " The one from"}, {"speaker": "KARE", "phrase": " mm."}, {"speaker": "SCOT", "phrase": " Chu"}, {"speaker": "SCOT", "phrase": " uh..."}, {"speaker": "KARE", "phrase": " Chu"}, {"speaker": "KARE", "phrase": " Chu."}, {"speaker": "SCOT", "phrase": " Yeah."}, {"speaker": "KARE", "phrase": " It's kinda neat"}, {"speaker": "KARE", "phrase": " cause it's got little articles by different people."}, {"speaker": "KARE", "phrase": " It's another one that doesn't take great deal of attention."}, {"speaker": "KARE", "phrase": " My very own Smith Alumni Quarterly."}, {"speaker": "KARE", "phrase": " Alumnee ?"}, {"speaker": "KARE", "phrase": "..."}, {"speaker": "SCOT", "phrase": " Mm."}, {"speaker": "KARE", "phrase": " Alumnee."}, {"speaker": "SCOT", "phrase": " I."}, {"speaker": "SCOT", "phrase": " I remember when we graduated and"}, {"speaker": "SCOT", "phrase": " we got full explanation of all the variations on that."}, {"speaker": "KARE", "phrase": "PAUSE"}, {"speaker": "SCOT", "phrase": " They started off by saying that alum is"}, {"speaker": "SCOT", "phrase": " a chemical."}, {"speaker": "KARE", "phrase": " It is ?"}, {"speaker": "SCOT", "phrase": " Not graduate."}, {"speaker": "KARE", "phrase": " Alum ?"}, {"speaker": "SCOT", "phrase": " Alum."}, {"speaker": "KARE", "phrase": " Alum ?"}, {"speaker": "KARE", "phrase": " Alum ?"}, {"speaker": "KARE", "phrase": " Alum ?"}, {"speaker": "KARE", "phrase": " So."}, {"speaker": "KARE", "phrase": " A Color in Your Garden book."}, {"speaker": "KARE", "phrase": " Oo."}, {"speaker": "KARE", "phrase": " See what her name was ?"}, {"speaker": "KARE", "phrase": " Who wrote it ?"}, {"speaker": "SCOT", "phrase": " Who ?"}, {"speaker": "KARE", "phrase": " The person who wrote it."}, {"speaker": "SCOT", "phrase": " Is who."}, {"speaker": "KARE", "phrase": " Penelope Hobhouse."}, {"speaker": "SCOT", "phrase": " You should come over here."}, {"speaker": "SCOT", "phrase": " Where it's lighter."}, {"speaker": "SCOT", "phrase": " Mhm."}, {"speaker": "SCOT", "phrase": " It's lighty."}, {"speaker": "KARE", "phrase": " Then we would have to move."}, {"speaker": "KARE", "phrase": " To do that."}, {"speaker": "KARE", "phrase": "PAUSE"}, {"speaker": "KARE", "phrase": " I should have more water I think."}, {"speaker": "KARE", "phrase": " I actually would have to move for that too."}, {"speaker": "SCOT", "phrase": " Mhm."}, {"speaker": "KARE", "phrase": " Oh"}, {"speaker": "KARE", "phrase": " my life is so hard."}, {"speaker": "SCOT", "phrase": "PAUSE"}, {"speaker": "KARE", "phrase": " You finished the spinach."}, {"speaker": "SCOT", "phrase": " Mm."}, {"speaker": "SCOT", "phrase": " Oh"}, {"speaker": "SCOT", "phrase": "PAUSE"}, {"speaker": "KARE", "phrase": "PAUSE"}, {"speaker": "KARE", "phrase": " Scott."}, {"speaker": "SCOT", "phrase": " Mhm ?"}, {"speaker": "KARE", "phrase": " There was very small tiny screamy skwa squishy."}, {"speaker": "KARE", "phrase": " In the store today."}, {"speaker": "SCOT", "phrase": " Screamy sks..."}, {"speaker": "KARE", "phrase": " Well I heard it."}, {"speaker": "SCOT", "phrase": " Oo."}, {"speaker": "KARE", "phrase": " I I just heard it."}, {"speaker": "KARE", "phrase": " I couldn't see it."}, {"speaker": "KARE", "phrase": " \u0294uh."}, {"speaker": "SCOT", "phrase": " Mm."}, {"speaker": "KARE", "phrase": " It's like its parents were hustling it out the door."}, {"speaker": "KARE", "phrase": " That would be water."}, {"speaker": "KARE", "phrase": " Do you wish for my water ?"}, {"speaker": "SCOT", "phrase": " No."}, {"speaker": "KARE", "phrase": " And Emma."}, {"speaker": "KARE", "phrase": " Maxine's little girl."}, {"speaker": "SCOT", "phrase": " Unhunh ?"}, {"speaker": "KARE", "phrase": " She's."}, {"speaker": "KARE", "phrase": " She said things to me today."}, {"speaker": "KARE", "phrase": " She looked at me"}, {"speaker": "KARE", "phrase": " she smiled at me"}, {"speaker": "KARE", "phrase": " and she talked to me."}, {"speaker": "SCOT", "phrase": " Wow."}, {"speaker": "KARE", "phrase": " Those are all three new things."}, {"speaker": "KARE", "phrase": " Cause usually she goes like this."}, {"speaker": "KARE", "phrase": " Whenever she sees someone she doesn't wanna look at."}, {"speaker": "SCOT", "phrase": " Oh."}, {"speaker": "SCOT", "phrase": " Or one she doesn't know."}, {"speaker": "KARE", "phrase": " Right."}, {"speaker": "KARE", "phrase": "PAUSE"}, {"speaker": "KARE", "phrase": " She everyone there except her mom."}, {"speaker": "KARE", "phrase": " So her dad brought her in."}, {"speaker": "SCOT", "phrase": "PAUSE"}, {"speaker": "KARE", "phrase": " She came behind the counter."}, {"speaker": "KARE", "phrase": " She said mom I'm gonna sit here mom okay ?"}, {"speaker": "KARE", "phrase": " Maxine said okay."}, {"speaker": "KARE", "phrase": " I'm gonna help you mom okay ?"}, {"speaker": "KARE", "phrase": " This kid's like two and half."}, {"speaker": "KARE", "phrase": " And she sang all her ABC's"}, {"speaker": "KARE", "phrase": " she's."}, {"speaker": "KARE", "phrase": " Maxine said they took her to the fair yesterday"}, {"speaker": "KARE", "phrase": " and she won some prize"}, {"speaker": "KARE", "phrase": " that"}, {"speaker": "KARE", "phrase": " these older kids couldn't win."}, {"speaker": "KARE", "phrase": " She's very bright kid."}, {"speaker": "SCOT", "phrase": " ?"}, {"speaker": "KARE", "phrase": " And um"}, {"speaker": "KARE", "phrase": " but"}, {"speaker": "KARE", "phrase": " I asked Maxine if she was"}, {"speaker": "KARE", "phrase": " like uh did she like having kids"}, {"speaker": "KARE", "phrase": " and she said oh yeah."}, {"speaker": "KARE", "phrase": " She wouldn't give them up for the world."}, {"speaker": "SCOT", "phrase": " Mhm."}, {"speaker": "KARE", "phrase": " And she said"}, {"speaker": "KARE", "phrase": " she wasn't planned"}, {"speaker": "KARE", "phrase": " but"}, {"speaker": "KARE", "phrase": " now"}, {"speaker": "KARE", "phrase": " \u0294uh she just thinks she's great."}, {"speaker": "SCOT", "phrase": " Mhm."}, {"speaker": "KARE", "phrase": " And she said"}, {"speaker": "KARE", "phrase": " after Emma started saying her ABC's"}, {"speaker": "KARE", "phrase": " and I said"}, {"speaker": "KARE", "phrase": " wow"}, {"speaker": "KARE", "phrase": " it's amazing"}, {"speaker": "KARE", "phrase": " that you're not even three"}, {"speaker": "KARE", "phrase": " and you can do your ABC's."}, {"speaker": "KARE", "phrase": " And Maxine"}, {"speaker": "KARE", "phrase": " and like"}, {"speaker": "KARE", "phrase": " I smiled at Maxine and said"}, {"speaker": "KARE", "phrase": " I said"}, {"speaker": "KARE", "phrase": " what's my name."}, {"speaker": "KARE", "phrase": " And she'd say"}, {"speaker": "KARE", "phrase": " neat."}, {"speaker": "SCOT", "phrase": " Mhm."}, {"speaker": "KARE", "phrase": "PAUSE"}, {"speaker": "SCOT", "phrase": " Excuse me."}, {"speaker": "KARE", "phrase": " This is very amazing."}, {"speaker": "KARE", "phrase": "PAUSE"}, {"speaker": "SCOT", "phrase": "PAUSE"}, {"speaker": "KARE", "phrase": " Well um"}, {"speaker": "KARE", "phrase": " we got new coloring."}, {"speaker": "KARE", "phrase": " A new coloring book"}, {"speaker": "KARE", "phrase": " new Christmas book in."}, {"speaker": "SCOT", "phrase": " Unhunh ?"}, {"speaker": "KARE", "phrase": " At the store"}, {"speaker": "KARE", "phrase": " it's Christmas songs ?"}, {"speaker": "SCOT", "phrase": " Mhm ?"}, {"speaker": "KARE", "phrase": " And there's lots of them Scott."}, {"speaker": "KARE", "phrase": " Lots of Christmas songs"}, {"speaker": "KARE", "phrase": " in all different languages"}, {"speaker": "KARE", "phrase": " and then they're translated into English."}, {"speaker": "KARE", "phrase": " And it tells about them."}, {"speaker": "KARE", "phrase": " And I think we should get it"}, {"speaker": "KARE", "phrase": " what do you think."}, {"speaker": "SCOT", "phrase": " I don't know"}, {"speaker": "SCOT", "phrase": " I haven't seen it."}, {"speaker": "KARE", "phrase": " Well the cover's not very pretty."}, {"speaker": "SCOT", "phrase": " Well I'll have to go see it."}, {"speaker": "KARE", "phrase": " but the inside is \u0294uh..."}, {"speaker": "SCOT", "phrase": " Well I have to see the inside too."}, {"speaker": "KARE", "phrase": " Well you'd better come tomorrow."}, {"speaker": "SCOT", "phrase": " Okay."}, {"speaker": "KARE", "phrase": " You should start writing Christmas songs now."}, {"speaker": "SCOT", "phrase": " I'll come visit you tomorrow at work."}, {"speaker": "KARE", "phrase": " Yes."}, {"speaker": "KARE", "phrase": " That would be nice."}, {"speaker": "KARE", "phrase": "PAUSE"}, {"speaker": "SCOT", "phrase": "PAUSE"}]}