{"text": [{"speaker": "KEND", "phrase": " What'd you do Sabrina ?"}, {"speaker": "SABR", "phrase": " Nothing."}, {"speaker": "SABR", "phrase": " I left the phone in my bedroom last night"}, {"speaker": "SABR", "phrase": " and so I'm grounded from the phone."}, {"speaker": "SABR", "phrase": "PAUSE"}, {"speaker": "SABR", "phrase": " It was an accident."}, {"speaker": "GEMI", "phrase": " You guys are always in trouble."}, {"speaker": "GEMI", "phrase": " What's up with that."}, {"speaker": "KEND", "phrase": " Mom's bitch."}, {"speaker": "ENV", "phrase": "PAUSE"}, {"speaker": "KITT", "phrase": " Get your feet off of there."}, {"speaker": "KITT", "phrase": " Get your feet off of there."}, {"speaker": "ENV", "phrase": "PAUSE"}, {"speaker": "ENV", "phrase": " START."}, {"speaker": "KEND", "phrase": " You're so stupid thinking I spent the night."}, {"speaker": "KEND", "phrase": " I came home last night and told you."}, {"speaker": "SABR", "phrase": " Kendra"}, {"speaker": "SABR", "phrase": " just let it go."}, {"speaker": "KITT", "phrase": " You..."}, {"speaker": "KEND", "phrase": " No"}, {"speaker": "KEND", "phrase": " because she does n't..."}, {"speaker": "KITT", "phrase": " All you said last night was."}, {"speaker": "KEND", "phrase": " She thinks I spent the night in my jeans..."}, {"speaker": "KITT", "phrase": " Kim wasn't staying the night."}, {"speaker": "KEND", "phrase": " If I did spend the night"}, {"speaker": "KEND", "phrase": " and I was trying to lie"}, {"speaker": "KEND", "phrase": " I would give up."}, {"speaker": "KEND", "phrase": " Cause then I wouldn't care."}, {"speaker": "KEND", "phrase": " Cause I knew I deserved it."}, {"speaker": "KEND", "phrase": " But I didn't spend the night"}, {"speaker": "KEND", "phrase": " and I don't deserve this."}, {"speaker": "KEND", "phrase": " Kim couldn't spend the night"}, {"speaker": "KEND", "phrase": " I told you."}, {"speaker": "KEND", "phrase": " She could"}, {"speaker": "KEND", "phrase": " but then."}, {"speaker": "KEND", "phrase": " I wanted to stay at the game longer ?"}, {"speaker": "KEND", "phrase": " And her mom wanted to take her home early"}, {"speaker": "KEND", "phrase": " and I'm like"}, {"speaker": "KEND", "phrase": " no let's stay longer."}, {"speaker": "KEND", "phrase": " But her mom wouldn't let her ?"}, {"speaker": "KEND", "phrase": " And so she went home and"}, {"speaker": "KEND", "phrase": " I was like"}, {"speaker": "KEND", "phrase": " I'll call you when I get home"}, {"speaker": "KEND", "phrase": " and then you come over."}, {"speaker": "KEND", "phrase": " And she goes"}, {"speaker": "KEND", "phrase": " no just spend the night."}, {"speaker": "KEND", "phrase": " We'll do this some other weekend."}, {"speaker": "KEND", "phrase": " Okay cool"}, {"speaker": "KEND", "phrase": " cause she had to go bowling in the morning."}, {"speaker": "KEND", "phrase": " Talk to Melanie's mom."}, {"speaker": "KEND", "phrase": " Her mom would know."}, {"speaker": "KEND", "phrase": " I'll have Melanie call you."}, {"speaker": "KITT", "phrase": " Oh."}, {"speaker": "KEND", "phrase": " Her mom call you."}, {"speaker": "KITT", "phrase": " right"}, {"speaker": "KITT", "phrase": " right."}, {"speaker": "KEND", "phrase": " her mom wouldn't lie."}, {"speaker": "KITT", "phrase": " right"}, {"speaker": "KITT", "phrase": " Melanie will call me to confirm your lie."}, {"speaker": "KEND", "phrase": " Melanie lies but."}, {"speaker": "KITT", "phrase": " you'll get hold of her first."}, {"speaker": "KITT", "phrase": " I know how that works."}, {"speaker": "KEND", "phrase": " No Melanie's mom."}, {"speaker": "KITT", "phrase": " I thought Melanie didn't have phone."}, {"speaker": "KITT", "phrase": " But I'm supposed to call Melanie's mom."}, {"speaker": "KEND", "phrase": "PAUSE"}, {"speaker": "KEND", "phrase": " I didn't want you to have her phone number."}, {"speaker": "KITT", "phrase": " Yeah"}, {"speaker": "KITT", "phrase": " another lie."}, {"speaker": "KITT", "phrase": " Remember ?"}, {"speaker": "KEND", "phrase": " That was long time ago."}, {"speaker": "KITT", "phrase": " Now I'm supposed to."}, {"speaker": "KITT", "phrase": " And I'm supposed to trust you every time you tell the truth."}, {"speaker": "KEND", "phrase": "PAUSE"}, {"speaker": "KITT", "phrase": " but how am I supposed to know when you're telling the truth."}, {"speaker": "KEND", "phrase": " That was joke."}, {"speaker": "KEND", "phrase": " That was joke."}, {"speaker": "KITT", "phrase": " Yeah"}, {"speaker": "KITT", "phrase": " and I'm supposed to read your mind and know what you're joking about."}, {"speaker": "KEND", "phrase": " No but"}, {"speaker": "KEND", "phrase": " it was joke."}, {"speaker": "KITT", "phrase": " You know Kendra"}, {"speaker": "KITT", "phrase": "PAUSE"}, {"speaker": "KITT", "phrase": " I don't know how many times I gotta tell you"}, {"speaker": "KITT", "phrase": " once you lie"}, {"speaker": "KITT", "phrase": " once you lie."}, {"speaker": "KEND", "phrase": "PAUSE"}, {"speaker": "KEND", "phrase": " Are they having carwash ?"}, {"speaker": "KITT", "phrase": " you lose complete trust."}, {"speaker": "SABR", "phrase": " No."}, {"speaker": "KEND", "phrase": " Yeah they are."}, {"speaker": "KITT", "phrase": " Yeah that's what it is."}, {"speaker": "KEND", "phrase": " We should have carwash there."}, {"speaker": "KITT", "phrase": " carwash and bakesale."}, {"speaker": "KITT", "phrase": " They're not getting any people though."}, {"speaker": "KEND", "phrase": " Mm."}, {"speaker": "KEND", "phrase": " Hot out."}, {"speaker": "SABR", "phrase": " What's that supposed to be"}, {"speaker": "SABR", "phrase": " they're making it into something."}, {"speaker": "KITT", "phrase": " You're not going anywhere for while."}, {"speaker": "KEND", "phrase": " It's bookstore."}, {"speaker": "SABR", "phrase": " Really ?"}, {"speaker": "KEND", "phrase": " God"}, {"speaker": "KEND", "phrase": " I didn't spend the night"}, {"speaker": "KEND", "phrase": " that's what makes me so mad"}, {"speaker": "KEND", "phrase": " I'm grounded for nothing."}, {"speaker": "KEND", "phrase": " I was home all night last night"}, {"speaker": "KEND", "phrase": " I came home and told you."}, {"speaker": "KEND", "phrase": " And even my cuffs and everything's on my bed."}, {"speaker": "KEND", "phrase": " So stupid."}, {"speaker": "KEND", "phrase": " Next time if I leave in the morning"}, {"speaker": "KEND", "phrase": " I'll wake you up."}, {"speaker": "KEND", "phrase": " Mom I'm awake now"}, {"speaker": "KEND", "phrase": " I'm leaving."}, {"speaker": "KITT", "phrase": " Well you woke me up last night"}, {"speaker": "KITT", "phrase": " to tell me Kim wasn't spending the night"}, {"speaker": "KITT", "phrase": " I don't know why you couldn't wake me up in the morning"}, {"speaker": "KITT", "phrase": " to tell me that you were going."}, {"speaker": "KITT", "phrase": " You guys wake me up every time I'm trying to take little nap."}, {"speaker": "KEND", "phrase": " What if we are awake."}, {"speaker": "KEND", "phrase": " I was tired this morning."}, {"speaker": "KEND", "phrase": " So much fun."}, {"speaker": "KEND", "phrase": " My hair looks like mess."}, {"speaker": "KEND", "phrase": " I left it in ponytail"}, {"speaker": "KEND", "phrase": " I didn't even have time to take shower."}, {"speaker": "KEND", "phrase": " I think if I spent the night I would've took shower."}, {"speaker": "KEND", "phrase": " All I need is your signature so I can play the volleyball."}, {"speaker": "KEND", "phrase": " On the volleyball team."}, {"speaker": "KITT", "phrase": " No."}, {"speaker": "KITT", "phrase": " No."}, {"speaker": "KEND", "phrase": " Why."}, {"speaker": "KEND", "phrase": " It's just volleyball."}, {"speaker": "KEND", "phrase": " It's like on Saturdays and Wednesdays."}, {"speaker": "KEND", "phrase": " It's for church."}, {"speaker": "KEND", "phrase": " It's fun."}, {"speaker": "KITT", "phrase": " You have practice every Wednesday."}, {"speaker": "KEND", "phrase": " Yeah but"}, {"speaker": "KEND", "phrase": " not \u0294uh."}, {"speaker": "KEND", "phrase": " This is at six thirty."}, {"speaker": "KITT", "phrase": " I don't care."}, {"speaker": "KEND", "phrase": " And Susan's going to it too."}, {"speaker": "SABR", "phrase": " Mm."}, {"speaker": "SABR", "phrase": " Who cut the grass."}, {"speaker": "KEND", "phrase": " Marlena did it."}, {"speaker": "KITT", "phrase": " Marlena did it long time ago"}, {"speaker": "KITT", "phrase": " but it hasn't been watered."}, {"speaker": "KITT", "phrase": " It's dying."}, {"speaker": "ENV", "phrase": "PAUSE"}, {"speaker": "GEMI", "phrase": " I know."}, {"speaker": "SABR", "phrase": " Gonna rip your purse."}, {"speaker": "GEMI", "phrase": " I know"}, {"speaker": "GEMI", "phrase": "PAUSE"}, {"speaker": "KEND", "phrase": " See if I spent the night Mom"}, {"speaker": "KEND", "phrase": " you'd think I'd still be in my uniform ?"}, {"speaker": "KITT", "phrase": " I know she's."}, {"speaker": "KITT", "phrase": "PAUSE"}, {"speaker": "KITT", "phrase": " See now she's trying to think of ways to cover her tracks."}, {"speaker": "KITT", "phrase": " I know what you're doing."}, {"speaker": "KITT", "phrase": " Seen this before."}, {"speaker": "SABR", "phrase": " I'm hungry."}, {"speaker": "KITT", "phrase": " Shit."}, {"speaker": "ENV", "phrase": "PAUSE"}, {"speaker": "MARL", "phrase": " I love your jeans."}, {"speaker": "SABR", "phrase": " Cause I wanted to go to the bathroom when you're done."}, {"speaker": "MARL", "phrase": " Anyways"}, {"speaker": "MARL", "phrase": " they were not."}, {"speaker": "CURT", "phrase": " Did you get sawsall ?"}, {"speaker": "KITT", "phrase": " Yes"}, {"speaker": "KITT", "phrase": " it's right here."}, {"speaker": "CURT", "phrase": " Oh."}, {"speaker": "KITT", "phrase": " I got the blades."}, {"speaker": "KITT", "phrase": " They're right here."}, {"speaker": "CURT", "phrase": " Do you remember the uh"}, {"speaker": "CURT", "phrase": " program on TV"}, {"speaker": "CURT", "phrase": " about hunter virus."}, {"speaker": "KITT", "phrase": " About what virus ?"}, {"speaker": "CURT", "phrase": " Hunter virus."}, {"speaker": "KITT", "phrase": " Hutter."}, {"speaker": "KITT", "phrase": " What's that about."}, {"speaker": "KITT", "phrase": " I don't I don't remember."}, {"speaker": "CURT", "phrase": " It's the one from the dead mice."}, {"speaker": "KITT", "phrase": " Oh"}, {"speaker": "KITT", "phrase": " yeah."}, {"speaker": "KITT", "phrase": " Is it"}, {"speaker": "KITT", "phrase": " is it all over now ?"}, {"speaker": "KITT", "phrase": " Is it for real now ?"}, {"speaker": "KITT", "phrase": " Is it in here ?"}, {"speaker": "KITT", "phrase": " Is it in the United States now ?"}, {"speaker": "CURT", "phrase": " they said"}, {"speaker": "CURT", "phrase": " they already determined it was in like eighteen different states."}, {"speaker": "SABR", "phrase": " What."}, {"speaker": "KITT", "phrase": " So."}, {"speaker": "CURT", "phrase": " The hunter virus."}, {"speaker": "KITT", "phrase": " What"}, {"speaker": "KITT", "phrase": " what are you..."}, {"speaker": "CURT", "phrase": " Well."}, {"speaker": "KITT", "phrase": " So what're you getting at."}, {"speaker": "CURT", "phrase": " That insulation out there with the mice shit in it ?"}, {"speaker": "KITT", "phrase": " Did you just."}, {"speaker": "KITT", "phrase": " Yes."}, {"speaker": "CURT", "phrase": " Really bothers me."}, {"speaker": "KITT", "phrase": " I."}, {"speaker": "KITT", "phrase": " Oh oh I know."}, {"speaker": "KITT", "phrase": " I mean that's the thing I thought of too."}, {"speaker": "CURT", "phrase": " Well"}, {"speaker": "CURT", "phrase": " it's all packed up in garbage bags now."}, {"speaker": "CURT", "phrase": " I didn't even touch it."}, {"speaker": "CURT", "phrase": " Used hoe"}, {"speaker": "CURT", "phrase": " stuffed it."}, {"speaker": "CURT", "phrase": "PAUSE"}, {"speaker": "KITT", "phrase": "PAUSE"}, {"speaker": "CURT", "phrase": " I didn't touch anything."}, {"speaker": "CURT", "phrase": " Don't touch anything yellow."}, {"speaker": "CURT", "phrase": " Okay ?"}, {"speaker": "CURT", "phrase": " Not with your gloves or anything."}, {"speaker": "CURT", "phrase": " Find something else to pick it up with."}, {"speaker": "KITT", "phrase": " Mhm."}, {"speaker": "KITT", "phrase": " Did you."}, {"speaker": "KITT", "phrase": " Did you put it in trash bag ?"}, {"speaker": "CURT", "phrase": " I took that brown trash thing"}, {"speaker": "CURT", "phrase": " and tucked bag in it."}, {"speaker": "CURT", "phrase": " And then I put them in there."}, {"speaker": "CURT", "phrase": " Squashedthemdown."}, {"speaker": "SABR", "phrase": " I'm starting the dishwasher."}, {"speaker": "KITT", "phrase": " You need..."}, {"speaker": "CURT", "phrase": " I packed two bags full."}, {"speaker": "KITT", "phrase": " Okay."}, {"speaker": "KITT", "phrase": " I'm gonna go to the bathroom."}, {"speaker": "KITT", "phrase": " Me and Kendra got in another fight."}, {"speaker": "SABR", "phrase": " Mom I'm starting the dishwasher."}, {"speaker": "KEND", "phrase": " Let me tell you right now"}, {"speaker": "KEND", "phrase": " I did not spend the night."}, {"speaker": "KEND", "phrase": " This is stupid."}, {"speaker": "SABR", "phrase": " Kendra"}, {"speaker": "SABR", "phrase": " I'm starting the dishwasher."}, {"speaker": "KITT", "phrase": " Well maybe you've done it too many times"}, {"speaker": "KITT", "phrase": " I don't believe it anymore."}, {"speaker": "KEND", "phrase": " I'm not gonna."}, {"speaker": "KEND", "phrase": " If I would've done it"}, {"speaker": "KEND", "phrase": " I would have told you after while"}, {"speaker": "KEND", "phrase": " I would have told you."}, {"speaker": "KEND", "phrase": " This isn't fair."}, {"speaker": "SABR", "phrase": " After while."}, {"speaker": "KEND", "phrase": " I'm being punished for no reason."}, {"speaker": "SABR", "phrase": " After three days while."}, {"speaker": "SABR", "phrase": " Whoah."}, {"speaker": "KEND", "phrase": " Fucking stupid."}, {"speaker": "SABR", "phrase": "PAUSE"}, {"speaker": "ENV", "phrase": "PAUSE"}, {"speaker": "SABR", "phrase": " Back hurts."}, {"speaker": "CURT", "phrase": " You know that oil light in your car."}, {"speaker": "SABR", "phrase": " I had an oil leak ?"}, {"speaker": "CURT", "phrase": " The oil light."}, {"speaker": "SABR", "phrase": " Oh."}, {"speaker": "CURT", "phrase": " Little light kept..."}, {"speaker": "SABR", "phrase": " Yeah."}, {"speaker": "CURT", "phrase": " Wouldn't go off ?"}, {"speaker": "SABR", "phrase": " It doesn't go off."}, {"speaker": "CURT", "phrase": " Huh ?"}, {"speaker": "SABR", "phrase": " No"}, {"speaker": "SABR", "phrase": " it doesn't go off."}, {"speaker": "CURT", "phrase": " Well it doesn't light anymore."}, {"speaker": "SABR", "phrase": " Good."}, {"speaker": "CURT", "phrase": " That's what was making your car not stop."}, {"speaker": "CURT", "phrase": " Not start."}, {"speaker": "X", "phrase": "PAUSE"}, {"speaker": "SABR", "phrase": " Was the light ?"}, {"speaker": "CURT", "phrase": " Yep."}, {"speaker": "CURT", "phrase": " It's safety device."}, {"speaker": "SABR", "phrase": " Huh ?"}, {"speaker": "CURT", "phrase": " It's safety circuit."}, {"speaker": "SABR", "phrase": " Uhuh."}, {"speaker": "CURT", "phrase": " The manufacturer put in there."}, {"speaker": "CURT", "phrase": " When your oil."}, {"speaker": "CURT", "phrase": " It tells them that"}, {"speaker": "CURT", "phrase": " when there's no oil pressure"}, {"speaker": "CURT", "phrase": " your engine's gonna"}, {"speaker": "CURT", "phrase": " gonna burn up."}, {"speaker": "CURT", "phrase": " So."}, {"speaker": "CURT", "phrase": " When that light comes on."}, {"speaker": "MARL", "phrase": " Would you turn on the light ?"}, {"speaker": "CURT", "phrase": " it grounds the ignition"}, {"speaker": "CURT", "phrase": " and you had no spa rk."}, {"speaker": "KITT", "phrase": " No."}, {"speaker": "MARL", "phrase": " Why."}, {"speaker": "CURT", "phrase": " Makes it shut off."}, {"speaker": "KEND", "phrase": " Mom doesn't believe I didn't spend the night."}, {"speaker": "CURT", "phrase": " you don't have to worry about it."}, {"speaker": "SABR", "phrase": " Oh so that's why ?"}, {"speaker": "KEND", "phrase": " believe I didn't spend the night."}, {"speaker": "SABR", "phrase": " Okay."}, {"speaker": "KEND", "phrase": " and I didn't"}, {"speaker": "KEND", "phrase": " and if I did."}, {"speaker": "SABR", "phrase": " It's too big."}, {"speaker": "GEMI", "phrase": " What do you want me to do."}, {"speaker": "KEND", "phrase": " I would."}, {"speaker": "KEND", "phrase": " I wouldn't..."}, {"speaker": "SABR", "phrase": "..."}, {"speaker": "KEND", "phrase": " I would be taking my punishment."}, {"speaker": "SABR", "phrase": " Mm."}, {"speaker": "KEND", "phrase": " and I didn't"}, {"speaker": "KEND", "phrase": " and I."}, {"speaker": "KEND", "phrase": "..."}, {"speaker": "GEMI", "phrase": " ?"}, {"speaker": "KITT", "phrase": " Oh"}, {"speaker": "KITT", "phrase": " right"}, {"speaker": "KITT", "phrase": " she says"}, {"speaker": "KITT", "phrase": " if I did I'd be taking my punishment."}, {"speaker": "KEND", "phrase": "PAUSE"}, {"speaker": "KITT", "phrase": " Since when has she taken her punishment."}, {"speaker": "KEND", "phrase": " If I had."}, {"speaker": "KITT", "phrase": " Really."}, {"speaker": "KEND", "phrase": " What if she punish."}, {"speaker": "MARL", "phrase": "PAUSE"}, {"speaker": "KITT", "phrase": " What."}, {"speaker": "KITT", "phrase": "PAUSE"}, {"speaker": "MARL", "phrase": " Why are you."}, {"speaker": "MARL", "phrase": "PAUSE"}, {"speaker": "SABR", "phrase": " Um."}, {"speaker": "KITT", "phrase": " Oh."}, {"speaker": "GEMI", "phrase": "PAUSE"}, {"speaker": "KEND", "phrase": " Grounded for month"}, {"speaker": "KEND", "phrase": " and I didn't do nothing."}, {"speaker": "GEMI", "phrase": " Turn off the heater."}, {"speaker": "KEND", "phrase": " I went to volleyball practice at church."}, {"speaker": "SABR", "phrase": " Just likes if it's still."}, {"speaker": "GEMI", "phrase": " God laugh."}, {"speaker": "KEND", "phrase": " I went up to the church."}, {"speaker": "MARL", "phrase": " Mom"}, {"speaker": "MARL", "phrase": "she didn't spend the night."}, {"speaker": "KITT", "phrase": " Hey"}, {"speaker": "KITT", "phrase": " stay out of it."}, {"speaker": "KITT", "phrase": " Stay out of it"}, {"speaker": "KITT", "phrase": " you're not involved in this."}, {"speaker": "KEND", "phrase": " Don't bother with her."}, {"speaker": "CURT", "phrase": "PAUSE"}, {"speaker": "KEND", "phrase": " she'll just get angry."}, {"speaker": "KITT", "phrase": " You been caught in lie Kendra"}, {"speaker": "KITT", "phrase": " and that's the whole thing."}, {"speaker": "KITT", "phrase": " That's why you're pissed."}, {"speaker": "GEMI", "phrase": " Hey."}, {"speaker": "CURT", "phrase": " It's gonna be another wonderful Saturday."}, {"speaker": "KITT", "phrase": " Well then this makes up for all the other lies I didn't catch you in."}, {"speaker": "GEMI", "phrase": "PAUSE"}, {"speaker": "CURT", "phrase": " I can tell already."}, {"speaker": "CURT", "phrase": " And I'm getting out of here."}, {"speaker": "GEMI", "phrase": "PAUSE"}, {"speaker": "SABR", "phrase": " At least you can."}, {"speaker": "CURT", "phrase": " Uh I'm going outside and get uh"}, {"speaker": "CURT", "phrase": " after the third."}, {"speaker": "GEMI", "phrase": " I have like mosquito bite"}, {"speaker": "GEMI", "phrase": " it hurts like heck."}, {"speaker": "KITT", "phrase": " Oh there's no more coffee."}, {"speaker": "SABR", "phrase": " That must be the reason for your"}, {"speaker": "SABR", "phrase": " um"}, {"speaker": "SABR", "phrase": " attitude this morning."}, {"speaker": "KITT", "phrase": " Well I'm"}, {"speaker": "KITT", "phrase": " I'm irritated at you staying the night without permission too."}, {"speaker": "GEMI", "phrase": "PAUSE"}, {"speaker": "KITT", "phrase": " Saturday"}, {"speaker": "KITT", "phrase": " I already told you guys I need"}, {"speaker": "KITT", "phrase": " gonna need your help \u0294uh this weekend."}, {"speaker": "KITT", "phrase": " Yeah yeah yeah yeah."}, {"speaker": "KITT", "phrase": " I don't believe Kendra."}, {"speaker": "SABR", "phrase": " Well I don't care you believe her or not."}, {"speaker": "SABR", "phrase": " She's not my problem."}, {"speaker": "KITT", "phrase": " Well it is your problem in way"}, {"speaker": "KITT", "phrase": " you live in this house."}, {"speaker": "SABR", "phrase": " \u0294Uh."}, {"speaker": "SABR", "phrase": " \u0294uh Yeah I I know I live in this house."}, {"speaker": "SABR", "phrase": " But."}, {"speaker": "GEMI", "phrase": "PAUSE"}, {"speaker": "GEMI", "phrase": " what are these."}, {"speaker": "SABR", "phrase": " Just stickthemover here."}, {"speaker": "GEMI", "phrase": " You wanna washthemfirst ?"}, {"speaker": "SABR", "phrase": " Yeah."}, {"speaker": "ENV", "phrase": "PAUSE"}, {"speaker": "KITT", "phrase": " Found out Melanie is just like Susan."}, {"speaker": "SABR", "phrase": " Drugs and stuff ?"}, {"speaker": "KITT", "phrase": " Susan"}, {"speaker": "KITT", "phrase": " no."}, {"speaker": "KITT", "phrase": " The little escapades they all think of."}, {"speaker": "SABR", "phrase": " Do you wanna cookie."}, {"speaker": "GEMI", "phrase": " What ?"}, {"speaker": "SABR", "phrase": " You wanna cookie."}, {"speaker": "GEMI", "phrase": " No."}, {"speaker": "KITT", "phrase": " You better getthemwhile you can."}, {"speaker": "ENV", "phrase": "PAUSE"}, {"speaker": "KITT", "phrase": " there's only couple left."}, {"speaker": "KITT", "phrase": " I'll get that."}, {"speaker": "SABR", "phrase": " You get it."}, {"speaker": "ENV", "phrase": "PAUSE"}, {"speaker": "KITT", "phrase": " Hello ?"}, {"speaker": "KITT", "phrase": " Kendra's grounded from the phone."}, {"speaker": "SABR", "phrase": " Is that like traveling."}, {"speaker": "KITT", "phrase": " Who is this."}, {"speaker": "SABR", "phrase": " Are you sure ?"}, {"speaker": "KITT", "phrase": " Yeah"}, {"speaker": "KITT", "phrase": " she's grounded from the phone."}, {"speaker": "SABR", "phrase": " Let me see if we have enough milk."}, {"speaker": "SABR", "phrase": " Then we can have cereal."}, {"speaker": "KITT", "phrase": " What ?"}, {"speaker": "KITT", "phrase": " No."}, {"speaker": "KITT", "phrase": " Just again."}, {"speaker": "KITT", "phrase": " She did something again."}, {"speaker": "KITT", "phrase": " She didn't come home last night."}, {"speaker": "MARL", "phrase": " Yes she did."}, {"speaker": "SABR", "phrase": " Well we have lots of cereal."}, {"speaker": "SABR", "phrase": " Just no milk."}, {"speaker": "KITT", "phrase": " Alright yeah I'll tell her."}, {"speaker": "GEMI", "phrase": "PAUSE"}, {"speaker": "KITT", "phrase": " Bye."}, {"speaker": "ENV", "phrase": "PAUSE"}, {"speaker": "SABR", "phrase": " I'm gonna go to the store and get some milk."}, {"speaker": "KITT", "phrase": " You don't know for fact that she came home."}, {"speaker": "MARL", "phrase": " Neither do you."}, {"speaker": "KITT", "phrase": " okay ?"}, {"speaker": "KITT", "phrase": " Yes I do"}, {"speaker": "KITT", "phrase": " I went in her room"}, {"speaker": "KITT", "phrase": " and she wasn't in there."}, {"speaker": "SABR", "phrase": " Mom I'm gonna pick up some milk at the store."}, {"speaker": "MARL", "phrase": " You're probably lying about that Mom."}, {"speaker": "KITT", "phrase": " Hey"}, {"speaker": "KITT", "phrase": " don't start on me."}, {"speaker": "KITT", "phrase": " And I said stay out of it"}, {"speaker": "KITT", "phrase": " it's none of your concern."}, {"speaker": "KITT", "phrase": " Sure you don't wanna go back home Gemini ?"}, {"speaker": "GEMI", "phrase": " What do I do with this."}, {"speaker": "GEMI", "phrase": "PAUSE"}, {"speaker": "GEMI", "phrase": " It's okay."}, {"speaker": "KITT", "phrase": " See how she does that ?"}, {"speaker": "KITT", "phrase": " Check that bill."}, {"speaker": "MARL", "phrase": "PAUSE"}, {"speaker": "GEMI", "phrase": " Hey what do you do with this"}, {"speaker": "GEMI", "phrase": " you wanna wash this too ?"}, {"speaker": "MARL", "phrase": "PAUSE"}, {"speaker": "KITT", "phrase": " You know what I really want done is that laundry over there."}, {"speaker": "KITT", "phrase": " I don't know what's what."}, {"speaker": "KITT", "phrase": " That looks like shit."}, {"speaker": "SABR", "phrase": " It's Marlena's."}, {"speaker": "KITT", "phrase": " We're gonna be."}, {"speaker": "KITT", "phrase": " We're gonna be doing your bedroom Sabrina."}, {"speaker": "SABR", "phrase": " The wall ?"}, {"speaker": "KITT", "phrase": " Yes"}, {"speaker": "KITT", "phrase": " that outside wall."}, {"speaker": "KITT", "phrase": " And it's gonna take while."}, {"speaker": "SABR", "phrase": " Yeah I'm."}, {"speaker": "SABR", "phrase": " I wanna go get some milk."}, {"speaker": "KITT", "phrase": " By the way Sabrina"}, {"speaker": "KITT", "phrase": " the vacuum cleaner works."}, {"speaker": "SABR", "phrase": " What ?"}, {"speaker": "KITT", "phrase": " This vacuum cleaner's working"}, {"speaker": "KITT", "phrase": " this one right here."}, {"speaker": "KITT", "phrase": " It works pretty good."}, {"speaker": "KITT", "phrase": " Curt fixed it."}, {"speaker": "GEMI", "phrase": "PAUSE"}, {"speaker": "GEMI", "phrase": " What do I do with this."}, {"speaker": "SABR", "phrase": " Uh"}, {"speaker": "SABR", "phrase": " stick it on..."}, {"speaker": "KITT", "phrase": " Mm."}, {"speaker": "SABR", "phrase": "PAUSE"}, {"speaker": "SABR", "phrase": " Mom"}, {"speaker": "SABR", "phrase": " I wanna go..."}, {"speaker": "KITT", "phrase": " \u0294What ?"}, {"speaker": "SABR", "phrase": " I want milk."}, {"speaker": "SABR", "phrase": " There's no milk."}, {"speaker": "KITT", "phrase": " There's none ?"}, {"speaker": "SABR", "phrase": " None."}, {"speaker": "SABR", "phrase": " I just threw away the gallon."}, {"speaker": "SABR", "phrase": " That was the last one."}, {"speaker": "KITT", "phrase": " Well"}, {"speaker": "KITT", "phrase": " after this place gets clean"}, {"speaker": "KITT", "phrase": " then you can go get some."}, {"speaker": "SABR", "phrase": " \u0294Well"}, {"speaker": "SABR", "phrase": " \u0294uh I haven't had breakfast yet."}, {"speaker": "KITT", "phrase": " You know Jennifer's jacket here has rip in it ?"}, {"speaker": "KITT", "phrase": " Did you know that ?"}, {"speaker": "SABR", "phrase": " Hmm."}, {"speaker": "KITT", "phrase": " It's got rip in it."}, {"speaker": "SABR", "phrase": " It does ?"}, {"speaker": "KITT", "phrase": " And I don't really see."}, {"speaker": "KITT", "phrase": " The seam is coming apart."}, {"speaker": "SABR", "phrase": " Where."}, {"speaker": "KITT", "phrase": " Where did I see it."}, {"speaker": "KITT", "phrase": " I know I saw it."}, {"speaker": "KITT", "phrase": " I saw it just laying there."}, {"speaker": "SABR", "phrase": " Oh"}, {"speaker": "SABR", "phrase": " Mom ?"}, {"speaker": "KITT", "phrase": " Yeah ?"}, {"speaker": "SABR", "phrase": " When we turn."}, {"speaker": "SABR", "phrase": " \u0294uh When we turn in the five hundred dollars ?"}, {"speaker": "SABR", "phrase": " For."}, {"speaker": "KITT", "phrase": " It's gotta be due."}, {"speaker": "KITT", "phrase": " It's gotta."}, {"speaker": "KITT", "phrase": " It's due on the sixth."}, {"speaker": "KITT", "phrase": " By the way"}, {"speaker": "KITT", "phrase": " here's your watch."}, {"speaker": "SABR", "phrase": " Okay."}, {"speaker": "SABR", "phrase": " When we um turn it in ?"}, {"speaker": "SABR", "phrase": " Let's."}, {"speaker": "SABR", "phrase": " I'm gonna turn in that"}, {"speaker": "SABR", "phrase": " all that stuff for my sizes and stuff with it."}, {"speaker": "KITT", "phrase": " Oh okay."}, {"speaker": "KITT", "phrase": " I don't know what to do with this."}, {"speaker": "KITT", "phrase": " This is you guys's."}, {"speaker": "SABR", "phrase": " I have to take it to Jennifer Stevenson's house."}, {"speaker": "KITT", "phrase": " Have to take it to Jennifer's ?"}, {"speaker": "SABR", "phrase": " Jennifer's."}, {"speaker": "KITT", "phrase": " Oh did she buy that jacket ?"}, {"speaker": "SABR", "phrase": " Yeah it's"}, {"speaker": "SABR", "phrase": " it has her name on it."}, {"speaker": "KITT", "phrase": " Oh I know"}, {"speaker": "KITT", "phrase": " but I thought maybe she didn't."}, {"speaker": "KITT", "phrase": " Oh."}, {"speaker": "KITT", "phrase": " Oh that's right"}, {"speaker": "KITT", "phrase": " you have to buy it"}, {"speaker": "KITT", "phrase": " if it's gonna."}, {"speaker": "GEMI", "phrase": " Well I guess that note."}, {"speaker": "GEMI", "phrase": " My dad is home now"}, {"speaker": "GEMI", "phrase": " he's probably gonna look at it too."}, {"speaker": "GEMI", "phrase": " Sabrina"}, {"speaker": "GEMI", "phrase": " he's gonna read it."}, {"speaker": "SABR", "phrase": " Hm."}, {"speaker": "GEMI", "phrase": " And he's gonna be like what ?"}, {"speaker": "GEMI", "phrase": "PAUSE"}, {"speaker": "GEMI", "phrase": "PAUSE"}, {"speaker": "GEMI", "phrase": "PAUSE"}, {"speaker": "SABR", "phrase": " Say it was one of those notes that you just wrote to."}, {"speaker": "KITT", "phrase": " Did you leave note."}, {"speaker": "KITT", "phrase": " Did your parents know where you're at ?"}, {"speaker": "GEMI", "phrase": " Yeah."}, {"speaker": "GEMI", "phrase": " My parents know."}, {"speaker": "KITT", "phrase": " See ?"}, {"speaker": "GEMI", "phrase": " But my letter to my boyfriend is on the table."}, {"speaker": "KITT", "phrase": " See some..."}, {"speaker": "GEMI", "phrase": " I forgot to bring it with me laugh."}, {"speaker": "GEMI", "phrase": " There gonna be like what ?"}, {"speaker": "GEMI", "phrase": "PAUSE"}, {"speaker": "GEMI", "phrase": "PAUSE"}, {"speaker": "KITT", "phrase": " You just want cookie ?"}, {"speaker": "SABR", "phrase": " Yes I do"}, {"speaker": "SABR", "phrase": " cause I didn't have."}, {"speaker": "KITT", "phrase": " Alright here."}, {"speaker": "SABR", "phrase": " just had one."}, {"speaker": "KITT", "phrase": " This one's all I had."}, {"speaker": "KITT", "phrase": " Yeah."}, {"speaker": "SABR", "phrase": " Get some milk."}, {"speaker": "SABR", "phrase": " Are those the sweet peppers ?"}, {"speaker": "KITT", "phrase": " Mhm."}, {"speaker": "SABR", "phrase": " Gemini"}, {"speaker": "SABR", "phrase": " have you ever tried sweet pepper ?"}, {"speaker": "GEMI", "phrase": "PAUSE"}, {"speaker": "GEMI", "phrase": " I don't."}, {"speaker": "GEMI", "phrase": " I don't"}, {"speaker": "GEMI", "phrase": " I like it hot."}, {"speaker": "GEMI", "phrase": " I like it."}, {"speaker": "KITT", "phrase": " You better getthemwhile you can"}, {"speaker": "KITT", "phrase": " cause Marlena."}, {"speaker": "SABR", "phrase": " I hate those."}, {"speaker": "KITT", "phrase": " I thought you liked em."}, {"speaker": "SABR", "phrase": " Mom."}, {"speaker": "SABR", "phrase": " How many times have I said yuck."}, {"speaker": "MARL", "phrase": "PAUSE"}, {"speaker": "MARL", "phrase": " They're gone anyways."}, {"speaker": "KITT", "phrase": " That's the last one ?"}, {"speaker": "MARL", "phrase": " Mhm ?"}, {"speaker": "KITT", "phrase": " You're gonna get some milk ?"}, {"speaker": "KITT", "phrase": " Why don't you go with her"}, {"speaker": "KITT", "phrase": " and get some more of those Marlena."}, {"speaker": "MARL", "phrase": " Unhunh."}, {"speaker": "KITT", "phrase": " Okay ?"}, {"speaker": "MARL", "phrase": " No."}, {"speaker": "KITT", "phrase": " So that you can have some."}, {"speaker": "MARL", "phrase": " I know"}, {"speaker": "MARL", "phrase": " I don't want any more."}, {"speaker": "KITT", "phrase": " You don't want any more ?"}, {"speaker": "KITT", "phrase": " What about next week."}, {"speaker": "KITT", "phrase": " get some money"}, {"speaker": "KITT", "phrase": " get some milk"}, {"speaker": "KITT", "phrase": " and some"}, {"speaker": "KITT", "phrase": " some of those peppers."}, {"speaker": "SABR", "phrase": " Okay."}, {"speaker": "KITT", "phrase": " By the way"}, {"speaker": "KITT", "phrase": " gonna."}, {"speaker": "KITT", "phrase": " We're gonna."}, {"speaker": "KITT", "phrase": " pour some concrete in that breezeway."}, {"speaker": "KITT", "phrase": " Oh no."}, {"speaker": "KITT", "phrase": " I hate that noise."}, {"speaker": "KITT", "phrase": " Oh shit."}, {"speaker": "KITT", "phrase": " Do you know where the flyswatter is ?"}, {"speaker": "SABR", "phrase": " No"}, {"speaker": "SABR", "phrase": " it's Curt's favorite toy."}, {"speaker": "KITT", "phrase": " It's going"}, {"speaker": "KITT", "phrase": " oh."}, {"speaker": "SABR", "phrase": " Going."}, {"speaker": "KITT", "phrase": " Hope that wasn't drink."}, {"speaker": "SABR", "phrase": " It was Marlena's."}, {"speaker": "KITT", "phrase": " Well pick it up."}, {"speaker": "KITT", "phrase": " Oh"}, {"speaker": "KITT", "phrase": " it's gone Sabrina."}, {"speaker": "KITT", "phrase": " Ooh ooh."}, {"speaker": "SABR", "phrase": "PAUSE"}, {"speaker": "SABR", "phrase": " Great."}, {"speaker": "KITT", "phrase": " he's in the water now."}, {"speaker": "KITT", "phrase": " \u0294uh."}, {"speaker": "SABR", "phrase": " Shall I turn the disposal on ?"}, {"speaker": "KITT", "phrase": " Ooh"}, {"speaker": "KITT", "phrase": " ooh."}, {"speaker": "KITT", "phrase": " Yuck."}, {"speaker": "KITT", "phrase": " He's all yours."}, {"speaker": "KITT", "phrase": " Yuck."}, {"speaker": "SABR", "phrase": " Thank you Mom."}, {"speaker": "SABR", "phrase": " Yuck."}, {"speaker": "SABR", "phrase": " He went down."}, {"speaker": "KITT", "phrase": " Well I gotta go out there and"}, {"speaker": "KITT", "phrase": " and do that work."}, {"speaker": "KITT", "phrase": " Is this yours Sabrina."}, {"speaker": "SABR", "phrase": " Yes."}, {"speaker": "KITT", "phrase": " See now I can't tell if this is dirty or clean."}, {"speaker": "SABR", "phrase": " It's clean."}, {"speaker": "KITT", "phrase": " It's clean ?"}, {"speaker": "SABR", "phrase": " It's white"}, {"speaker": "SABR", "phrase": " Mom."}, {"speaker": "KITT", "phrase": " Well."}, {"speaker": "SABR", "phrase": "..."}, {"speaker": "KITT", "phrase": " \u0294uh"}, {"speaker": "KITT", "phrase": " just because it's white."}, {"speaker": "SABR", "phrase": " Off..."}, {"speaker": "KITT", "phrase": " doesn't mean it's clean."}, {"speaker": "SABR", "phrase": " No."}, {"speaker": "SABR", "phrase": " \u0294It it's white"}, {"speaker": "SABR", "phrase": " means it shows dirt more."}, {"speaker": "SABR", "phrase": " Stained."}, {"speaker": "KITT", "phrase": " I'm gonna get pair of gloves on."}, {"speaker": "KITT", "phrase": " I think Curt still has your keys."}, {"speaker": "SABR", "phrase": " It should be on the table."}, {"speaker": "SABR", "phrase": " On the desk."}, {"speaker": "KITT", "phrase": " I don't know."}, {"speaker": "KITT", "phrase": " I don't know where my other glove is either."}, {"speaker": "SABR", "phrase": " He."}, {"speaker": "SABR", "phrase": " Cause he um."}, {"speaker": "KITT", "phrase": " Hunh ?"}, {"speaker": "SABR", "phrase": " When he came to get my car"}, {"speaker": "SABR", "phrase": " he was using the spare."}, {"speaker": "SABR", "phrase": " And"}, {"speaker": "SABR", "phrase": " yesterday"}, {"speaker": "SABR", "phrase": " when I was looking at"}, {"speaker": "SABR", "phrase": " the on the desk"}, {"speaker": "SABR", "phrase": " it was the."}, {"speaker": "SABR", "phrase": " My."}, {"speaker": "SABR", "phrase": " My original key was still there."}, {"speaker": "SABR", "phrase": " You know what ?"}, {"speaker": "SABR", "phrase": " I think I'm gonna take"}, {"speaker": "SABR", "phrase": " trade the spare key"}, {"speaker": "SABR", "phrase": " for the original key"}, {"speaker": "SABR", "phrase": " cause"}, {"speaker": "SABR", "phrase": " everybody makes fun of my key."}, {"speaker": "KITT", "phrase": " What's wrong with that key."}, {"speaker": "KITT", "phrase": " I like it."}, {"speaker": "SABR", "phrase": " Too big and bulky."}, {"speaker": "KITT", "phrase": " You can find it though"}, {"speaker": "KITT", "phrase": " can't you."}, {"speaker": "SABR", "phrase": " Yeah."}, {"speaker": "GEMI", "phrase": " Should I put this pan."}, {"speaker": "KITT", "phrase": " Um"}, {"speaker": "KITT", "phrase": " Sabrina"}, {"speaker": "KITT", "phrase": " did you ever give that"}, {"speaker": "KITT", "phrase": " that card to um"}, {"speaker": "KITT", "phrase": " Country Gentleman ?"}, {"speaker": "GEMI", "phrase": "PAUSE"}, {"speaker": "SABR", "phrase": " No"}, {"speaker": "SABR", "phrase": " but we got new one"}, {"speaker": "SABR", "phrase": " that we gave there."}, {"speaker": "KITT", "phrase": " You mean that one that I made"}, {"speaker": "KITT", "phrase": " didn't"}, {"speaker": "KITT", "phrase": " wasn't good enough ?"}, {"speaker": "SABR", "phrase": " No \u0294uh."}, {"speaker": "SABR", "phrase": " We had already given like three to them already."}, {"speaker": "SABR", "phrase": " Three cards."}, {"speaker": "KITT", "phrase": " Well what did you guys do with that one I made."}, {"speaker": "KITT", "phrase": " I'd like to have it back."}, {"speaker": "SABR", "phrase": " Okay."}, {"speaker": "SABR", "phrase": " I'll see if I can find it."}, {"speaker": "SABR", "phrase": " Wonder where I put it."}, {"speaker": "KITT", "phrase": " Hunh ?"}, {"speaker": "KITT", "phrase": " I'd like to just keep that card."}, {"speaker": "SABR", "phrase": " Ooh."}, {"speaker": "SABR", "phrase": " I left it at the carwash."}, {"speaker": "KITT", "phrase": "PAUSE"}, {"speaker": "SABR", "phrase": " So they."}, {"speaker": "SABR", "phrase": " The girls could sign it."}, {"speaker": "SABR", "phrase": " If the carwash was that little party we saw"}, {"speaker": "SABR", "phrase": " I bet you they threw away."}, {"speaker": "KITT", "phrase": "PAUSE"}, {"speaker": "KITT", "phrase": " \u0294It's probably outside and ended up getting trashed."}, {"speaker": "KITT", "phrase": " I wanted to keep that."}, {"speaker": "KITT", "phrase": " If you guys weren't gonna use it."}, {"speaker": "KITT", "phrase": " \u0294I should've just done it myself."}, {"speaker": "SABR", "phrase": " Hey you never know"}, {"speaker": "SABR", "phrase": " \u0294it might have gotten."}, {"speaker": "SABR", "phrase": "PAUSE"}, {"speaker": "KITT", "phrase": " Ask Kendra."}, {"speaker": "KITT", "phrase": " She might have done something with it."}, {"speaker": "SABR", "phrase": " I'll ask."}, {"speaker": "KITT", "phrase": " you know"}, {"speaker": "KITT", "phrase": " I."}, {"speaker": "KITT", "phrase": " I."}, {"speaker": "KITT", "phrase": " You know"}, {"speaker": "KITT", "phrase": " it took me while to make that thing."}, {"speaker": "SABR", "phrase": " Well"}, {"speaker": "SABR", "phrase": " I know."}, {"speaker": "KITT", "phrase": " You guys just."}, {"speaker": "KITT", "phrase": " Yeah"}, {"speaker": "KITT", "phrase": " I don't know why I bother sometimes."}, {"speaker": "KITT", "phrase": "PAUSE"}]}