{"text": [{"speaker": "NATH", "phrase": " Am I doing that right so far ?"}, {"speaker": "KATH", "phrase": " Mhm."}, {"speaker": "NATH", "phrase": " All the way down to that ?"}, {"speaker": "KATH", "phrase": " Mhm."}, {"speaker": "KATH", "phrase": " I think."}, {"speaker": "NATH", "phrase": " I don't think I am."}, {"speaker": "NATH", "phrase": " Do you ?"}, {"speaker": "KATH", "phrase": " And you'd have to have that plus or minus."}, {"speaker": "NATH", "phrase": "PAUSE"}, {"speaker": "KATH", "phrase": " What."}, {"speaker": "NATH", "phrase": " I don't know what I did to get that."}, {"speaker": "NATH", "phrase": " Where did I get that square root."}, {"speaker": "NATH", "phrase": " um"}, {"speaker": "NATH", "phrase": " ex squared."}, {"speaker": "KATH", "phrase": " Because you brought this over here."}, {"speaker": "KATH", "phrase": " You brought three over here."}, {"speaker": "KATH", "phrase": " divided by three"}, {"speaker": "KATH", "phrase": " and then you have ex squared"}, {"speaker": "KATH", "phrase": " so if you want to find ex"}, {"speaker": "KATH", "phrase": " you have the square root of ex squared."}, {"speaker": "NATH", "phrase": " I guess all I can't figure out is"}, {"speaker": "NATH", "phrase": " what the square root of negative two two thirds is."}, {"speaker": "NATH", "phrase": " Would that be."}, {"speaker": "KATH", "phrase": " square root two."}, {"speaker": "NATH", "phrase": " square root two thirds ?"}, {"speaker": "KATH", "phrase": " over three"}, {"speaker": "KATH", "phrase": " The whole thing would be over."}, {"speaker": "KATH", "phrase": " Well."}, {"speaker": "KATH", "phrase": " No it couldn't be."}, {"speaker": "KATH", "phrase": " Square root of two thirds"}, {"speaker": "KATH", "phrase": " yeah."}, {"speaker": "NATH", "phrase": "PAUSE"}, {"speaker": "KATH", "phrase": " But then you got the other one Nathan."}, {"speaker": "NATH", "phrase": " Oh"}, {"speaker": "NATH", "phrase": " gosh"}, {"speaker": "NATH", "phrase": " hm."}, {"speaker": "NATH", "phrase": " Leah."}, {"speaker": "NATH", "phrase": " She snoozing on the floor ?"}, {"speaker": "KATH", "phrase": " Mhm."}, {"speaker": "KATH", "phrase": " Not anymore"}, {"speaker": "KATH", "phrase": " you woke her up."}, {"speaker": "NATH", "phrase": "PAUSE"}, {"speaker": "KATH", "phrase": "PAUSE"}, {"speaker": "KATH", "phrase": " She's doing the karate kid"}, {"speaker": "KATH", "phrase": " Nathan."}, {"speaker": "NATH", "phrase": " She's like"}, {"speaker": "NATH", "phrase": " leave me alone."}, {"speaker": "NATH", "phrase": " Do I deserve this."}, {"speaker": "NATH", "phrase": "PAUSE"}, {"speaker": "KATH", "phrase": "PAUSE"}, {"speaker": "NATH", "phrase": " I mean how would you like it"}, {"speaker": "NATH", "phrase": " when you're laying in bed."}, {"speaker": "KATH", "phrase": "PAUSE"}, {"speaker": "NATH", "phrase": " somebody just grabbed your arm"}, {"speaker": "NATH", "phrase": " started swinging it around."}, {"speaker": "KATH", "phrase": " I'd probably just slap em."}, {"speaker": "NATH", "phrase": " Ex squared equals one over the square root of that"}, {"speaker": "NATH", "phrase": " the square root of that"}, {"speaker": "NATH", "phrase": " ex equals the square root of one."}, {"speaker": "KATH", "phrase": " She's not even looking at me."}, {"speaker": "KATH", "phrase": " She's just looking"}, {"speaker": "KATH", "phrase": " like..."}, {"speaker": "NATH", "phrase": " I know."}, {"speaker": "NATH", "phrase": " That's what I'm talking about."}, {"speaker": "KATH", "phrase": "PAUSE"}, {"speaker": "NATH", "phrase": " So."}, {"speaker": "NATH", "phrase": " would that one be"}, {"speaker": "NATH", "phrase": " square root of one half ?"}, {"speaker": "KATH", "phrase": " Mhm."}, {"speaker": "NATH", "phrase": " It would ?"}, {"speaker": "KATH", "phrase": " Mhm."}, {"speaker": "KATH", "phrase": " Yep."}, {"speaker": "KATH", "phrase": " But do y'all have to do that"}, {"speaker": "KATH", "phrase": " um"}, {"speaker": "KATH", "phrase": " you have to like"}, {"speaker": "KATH", "phrase": " have it where you do that"}, {"speaker": "KATH", "phrase": " there's no"}, {"speaker": "KATH", "phrase": " um."}, {"speaker": "NATH", "phrase": " fraction under..."}, {"speaker": "KATH", "phrase": " \u0294uh under the"}, {"speaker": "KATH", "phrase": " in the denominator ?"}, {"speaker": "KATH", "phrase": " I mean no fraction under the..."}, {"speaker": "NATH", "phrase": " Oh yeah."}, {"speaker": "KATH", "phrase": " So then you just multiply"}, {"speaker": "KATH", "phrase": " the whole thing by the square root of two"}, {"speaker": "KATH", "phrase": " and you get the square root of two over two."}, {"speaker": "KATH", "phrase": "PAUSE"}, {"speaker": "NATH", "phrase": " Even for the top one ?"}, {"speaker": "NATH", "phrase": " Even for that one ?"}, {"speaker": "KATH", "phrase": " No."}, {"speaker": "KATH", "phrase": "PAUSE"}, {"speaker": "KATH", "phrase": " I'm talking about for this one."}, {"speaker": "NATH", "phrase": " Oh."}, {"speaker": "NATH", "phrase": " All you do is like go"}, {"speaker": "NATH", "phrase": " two over one."}, {"speaker": "KATH", "phrase": " You have the square root of one."}, {"speaker": "NATH", "phrase": " like that"}, {"speaker": "NATH", "phrase": " right ?"}, {"speaker": "KATH", "phrase": " Mm."}, {"speaker": "KATH", "phrase": " Since you have the square root of two on the bottom"}, {"speaker": "KATH", "phrase": " to make that square"}, {"speaker": "KATH", "phrase": " you have to multiply by the square root of two."}, {"speaker": "KATH", "phrase": " And then you get two"}, {"speaker": "KATH", "phrase": " and you multiply the top by the square root of two"}, {"speaker": "KATH", "phrase": " and you get"}, {"speaker": "KATH", "phrase": " square root of two."}, {"speaker": "NATH", "phrase": "PAUSE"}, {"speaker": "KATH", "phrase": "PAUSE"}, {"speaker": "KATH", "phrase": " What laugh."}, {"speaker": "NATH", "phrase": " I wanna rewind it and hear that back again."}, {"speaker": "KATH", "phrase": "PAUSE"}, {"speaker": "NATH", "phrase": " Cause I sure didn't catch it the first laugh time laugh."}, {"speaker": "NATH", "phrase": "PAUSE"}, {"speaker": "NATH", "phrase": " You got the two"}, {"speaker": "NATH", "phrase": " and you take the square root of two."}, {"speaker": "KATH", "phrase": "PAUSE"}, {"speaker": "NATH", "phrase": " and you get the negative two."}, {"speaker": "KATH", "phrase": "PAUSE"}, {"speaker": "NATH", "phrase": " which you take the square."}, {"speaker": "KATH", "phrase": "PAUSE"}, {"speaker": "NATH", "phrase": " and it comes to two."}, {"speaker": "KATH", "phrase": "PAUSE"}, {"speaker": "KATH", "phrase": " I'm sorry"}, {"speaker": "KATH", "phrase": "PAUSE"}, {"speaker": "NATH", "phrase": " So."}, {"speaker": "NATH", "phrase": " let's talk about this slowly"}, {"speaker": "NATH", "phrase": " as I write this down"}, {"speaker": "NATH", "phrase": " as you're saying it."}, {"speaker": "NATH", "phrase": " Alright ?"}, {"speaker": "NATH", "phrase": " This is what we came out with."}, {"speaker": "NATH", "phrase": " Right ?"}, {"speaker": "KATH", "phrase": " It's."}, {"speaker": "KATH", "phrase": " But put it as the square root of one"}, {"speaker": "KATH", "phrase": " over the square root of two."}, {"speaker": "NATH", "phrase": " Oh."}, {"speaker": "NATH", "phrase": " And then you multiply that by the square root of two"}, {"speaker": "NATH", "phrase": " over the square root of two."}, {"speaker": "KATH", "phrase": " Right."}, {"speaker": "NATH", "phrase": " Uh"}, {"speaker": "NATH", "phrase": "is that what all those square root of twos are haha?"}, {"speaker": "KATH", "phrase": " That's what I was."}, {"speaker": "KATH", "phrase": "PAUSE"}, {"speaker": "NATH", "phrase": "PAUSE"}, {"speaker": "KATH", "phrase": " That's laugh what I was trying to say."}, {"speaker": "NATH", "phrase": " Okay"}, {"speaker": "NATH", "phrase": " I was wondering where all that"}, {"speaker": "NATH", "phrase": " square root two"}, {"speaker": "NATH", "phrase": " square root two."}, {"speaker": "KATH", "phrase": " That's what it was."}, {"speaker": "NATH", "phrase": " Then right here you'd get"}, {"speaker": "NATH", "phrase": " square root of two over two."}, {"speaker": "KATH", "phrase": " Mhm."}, {"speaker": "NATH", "phrase": " See everything was square root two"}, {"speaker": "NATH", "phrase": " over two"}, {"speaker": "NATH", "phrase": " and two."}, {"speaker": "KATH", "phrase": " Right"}, {"speaker": "KATH", "phrase": " but then"}, {"speaker": "KATH", "phrase": " what about this one."}, {"speaker": "NATH", "phrase": " on this one."}, {"speaker": "NATH", "phrase": " Let me do this one."}, {"speaker": "NATH", "phrase": "PAUSE"}, {"speaker": "KATH", "phrase": " But"}, {"speaker": "KATH", "phrase": " you have."}, {"speaker": "KATH", "phrase": " you have i square root of three"}, {"speaker": "KATH", "phrase": " over square root of three."}, {"speaker": "KATH", "phrase": " I mean."}, {"speaker": "KATH", "phrase": " square root of two over."}, {"speaker": "KATH", "phrase": " square root of three laugh."}, {"speaker": "KATH", "phrase": " I laugh can't laugh even say it right."}, {"speaker": "KATH", "phrase": "PAUSE"}, {"speaker": "NATH", "phrase": " Over"}, {"speaker": "NATH", "phrase": " do I have another down here"}, {"speaker": "NATH", "phrase": " or just the one i."}, {"speaker": "KATH", "phrase": " Um"}, {"speaker": "KATH", "phrase": " no."}, {"speaker": "KATH", "phrase": " Just one."}, {"speaker": "NATH", "phrase": " Okay"}, {"speaker": "NATH", "phrase": " three and square root of three"}, {"speaker": "NATH", "phrase": " over square root of three"}, {"speaker": "NATH", "phrase": " and you get"}, {"speaker": "NATH", "phrase": "PAUSE"}, {"speaker": "KATH", "phrase": " square root of six."}, {"speaker": "NATH", "phrase": " Yeah."}, {"speaker": "NATH", "phrase": " Over three."}, {"speaker": "KATH", "phrase": " Is that right ?"}, {"speaker": "NATH", "phrase": " I doubt it."}, {"speaker": "NATH", "phrase": " I really do."}, {"speaker": "KATH", "phrase": "PAUSE"}, {"speaker": "NATH", "phrase": " I'm not kidding."}, {"speaker": "KATH", "phrase": " You can't."}, {"speaker": "KATH", "phrase": " You can't multiply"}, {"speaker": "KATH", "phrase": " square roots like that"}, {"speaker": "KATH", "phrase": " can you ?"}, {"speaker": "KATH", "phrase": " Square root of two"}, {"speaker": "KATH", "phrase": " times square root of three"}, {"speaker": "KATH", "phrase": " is square root of six"}, {"speaker": "KATH", "phrase": " is it ?"}, {"speaker": "NATH", "phrase": " Yeah."}, {"speaker": "KATH", "phrase": " Okay."}, {"speaker": "KATH", "phrase": " Well"}, {"speaker": "KATH", "phrase": " then that's fine."}, {"speaker": "KATH", "phrase": " Then that is right."}, {"speaker": "NATH", "phrase": " Isn't that."}, {"speaker": "NATH", "phrase": " You can do that."}, {"speaker": "KATH", "phrase": " Yeah."}, {"speaker": "NATH", "phrase": " Cause that's the same way you're multiplying there"}, {"speaker": "NATH", "phrase": " square root of nine"}, {"speaker": "NATH", "phrase": "PAUSE"}, {"speaker": "NATH", "phrase": " and square root of nine equals three."}, {"speaker": "KATH", "phrase": " Yeah"}, {"speaker": "KATH", "phrase": " okay."}, {"speaker": "KATH", "phrase": " Where's the test."}, {"speaker": "NATH", "phrase": " There ain't no telling."}, {"speaker": "NATH", "phrase": "PAUSE"}, {"speaker": "KATH", "phrase": " You have it."}, {"speaker": "KATH", "phrase": " I mean I have it."}, {"speaker": "KATH", "phrase": "PAUSE"}, {"speaker": "KATH", "phrase": " Okay."}, {"speaker": "KATH", "phrase": " The next one"}, {"speaker": "KATH", "phrase": " is"}, {"speaker": "KATH", "phrase": "PAUSE"}, {"speaker": "KATH", "phrase": " five ex"}, {"speaker": "KATH", "phrase": " times ex minus one"}, {"speaker": "KATH", "phrase": "PAUSE"}, {"speaker": "NATH", "phrase": " Is that it ?"}, {"speaker": "KATH", "phrase": "PAUSE"}, {"speaker": "NATH", "phrase": " um."}, {"speaker": "KATH", "phrase": " equals"}, {"speaker": "KATH", "phrase": " two"}, {"speaker": "KATH", "phrase": " times one minus ex."}, {"speaker": "NATH", "phrase": " Leah."}, {"speaker": "KATH", "phrase": "PAUSE"}, {"speaker": "NATH", "phrase": " Two times one minus ex ?"}, {"speaker": "KATH", "phrase": " Yeah."}, {"speaker": "KATH", "phrase": " And that's easy"}, {"speaker": "KATH", "phrase": " you can do that."}, {"speaker": "NATH", "phrase": " Oh this is easy."}, {"speaker": "NATH", "phrase": " Ex squared."}, {"speaker": "NATH", "phrase": " Please say this will factor ?"}, {"speaker": "NATH", "phrase": " Will it ?"}, {"speaker": "KATH", "phrase": " Na"}, {"speaker": "KATH", "phrase": " you do it."}, {"speaker": "NATH", "phrase": " Well"}, {"speaker": "NATH", "phrase": " I mean"}, {"speaker": "NATH", "phrase": " that's just wasting time."}, {"speaker": "NATH", "phrase": " Cause if it's not."}, {"speaker": "KATH", "phrase": " Yeah."}, {"speaker": "NATH", "phrase": " It does ?"}, {"speaker": "KATH", "phrase": " Mhm."}, {"speaker": "NATH", "phrase": " One and negative twofifths ?"}, {"speaker": "KATH", "phrase": " Mhm."}, {"speaker": "NATH", "phrase": " And I can always put those back up into the top."}, {"speaker": "KATH", "phrase": "PAUSE"}, {"speaker": "NATH", "phrase": " and"}, {"speaker": "NATH", "phrase": " and see if they check."}, {"speaker": "NATH", "phrase": " Right ?"}, {"speaker": "NATH", "phrase": " Let me just try the one ?"}, {"speaker": "NATH", "phrase": " Five"}, {"speaker": "NATH", "phrase": "PAUSE"}, {"speaker": "NATH", "phrase": " I got zero equals \u0294zero."}, {"speaker": "NATH", "phrase": "PAUSE"}, {"speaker": "KATH", "phrase": " that's right."}, {"speaker": "KATH", "phrase": "PAUSE"}, {"speaker": "NATH", "phrase": " And that's one ?"}, {"speaker": "KATH", "phrase": " Yeah."}, {"speaker": "KATH", "phrase": "PAUSE"}, {"speaker": "NATH", "phrase": " Zero equals zero equals one."}, {"speaker": "KATH", "phrase": " Okay."}, {"speaker": "NATH", "phrase": " Fingerprint file"}, {"speaker": "NATH", "phrase": " you got me down."}, {"speaker": "KATH", "phrase": "PAUSE"}, {"speaker": "NATH", "phrase": " Come on."}, {"speaker": "KATH", "phrase": " Ex"}, {"speaker": "KATH", "phrase": " times."}, {"speaker": "NATH", "phrase": " Hang on."}, {"speaker": "NATH", "phrase": " Number eight."}, {"speaker": "NATH", "phrase": " Ex"}, {"speaker": "NATH", "phrase": " times."}, {"speaker": "KATH", "phrase": " two minus ex."}, {"speaker": "NATH", "phrase": " Two minus ex."}, {"speaker": "KATH", "phrase": " is less than or equal to."}, {"speaker": "NATH", "phrase": "PAUSE"}, {"speaker": "NATH", "phrase": " I don't like these."}, {"speaker": "KATH", "phrase": " three times ex"}, {"speaker": "KATH", "phrase": " minus four."}, {"speaker": "NATH", "phrase": " Three times ex"}, {"speaker": "NATH", "phrase": " minus four ?"}, {"speaker": "KATH", "phrase": " Right."}, {"speaker": "NATH", "phrase": " Alright"}, {"speaker": "NATH", "phrase": " distribute first"}, {"speaker": "NATH", "phrase": " right ?"}, {"speaker": "KATH", "phrase": " Mhm."}, {"speaker": "NATH", "phrase": " Two ex minus ex squared"}, {"speaker": "NATH", "phrase": " three ex minus twelve"}, {"speaker": "NATH", "phrase": " you get"}, {"speaker": "NATH", "phrase": " do that side"}, {"speaker": "NATH", "phrase": " so you get ex"}, {"speaker": "NATH", "phrase": " whoa."}, {"speaker": "NATH", "phrase": " I don't want to do that."}, {"speaker": "NATH", "phrase": " Negative ex squared"}, {"speaker": "NATH", "phrase": " two ex minus"}, {"speaker": "NATH", "phrase": " two minus ex"}, {"speaker": "NATH", "phrase": " um"}, {"speaker": "NATH", "phrase": " plus twelve"}, {"speaker": "NATH", "phrase": " Now do you factor this ?"}, {"speaker": "NATH", "phrase": " after you do that ?"}, {"speaker": "KATH", "phrase": " Yeah."}, {"speaker": "NATH", "phrase": " Yeah."}, {"speaker": "NATH", "phrase": " Oh but first I gotta take out that negative one"}, {"speaker": "NATH", "phrase": " don't."}, {"speaker": "NATH", "phrase": " I mean that negative."}, {"speaker": "KATH", "phrase": " Mhm."}, {"speaker": "NATH", "phrase": " in front of that ex squared so I just"}, {"speaker": "NATH", "phrase": " I can multiply that whole side by negative one again though ?"}, {"speaker": "KATH", "phrase": " Yeah."}, {"speaker": "KATH", "phrase": " Then you flip that sign over."}, {"speaker": "NATH", "phrase": " I have to flip that sign over if I do that ?"}, {"speaker": "KATH", "phrase": " Mhm."}, {"speaker": "NATH", "phrase": " See it's little rules like that"}, {"speaker": "NATH", "phrase": " that I'm not gonna remember."}, {"speaker": "NATH", "phrase": " So if it's."}, {"speaker": "NATH", "phrase": " if it's less than or equal to"}, {"speaker": "NATH", "phrase": " then"}, {"speaker": "NATH", "phrase": " and there's minus"}, {"speaker": "NATH", "phrase": " you have to flip the sign."}, {"speaker": "NATH", "phrase": " Okay."}, {"speaker": "NATH", "phrase": " Are you tired ?"}, {"speaker": "KATH", "phrase": " Not really."}, {"speaker": "KATH", "phrase": " I mean kind of but."}, {"speaker": "NATH", "phrase": " I'm gonna go home in just few minutes."}, {"speaker": "KATH", "phrase": " Why."}, {"speaker": "NATH", "phrase": " Cause I can work on this at home"}, {"speaker": "NATH", "phrase": " and let you get some sleep."}, {"speaker": "KATH", "phrase": "PAUSE"}, {"speaker": "NATH", "phrase": " Ouch."}, {"speaker": "NATH", "phrase": "PAUSE"}, {"speaker": "NATH", "phrase": " Okay."}, {"speaker": "NATH", "phrase": " S so you say ex plus four ?"}, {"speaker": "NATH", "phrase": " is greater than or equal to zero ?"}, {"speaker": "NATH", "phrase": " So you say"}, {"speaker": "NATH", "phrase": " ex is greater than or equal to"}, {"speaker": "NATH", "phrase": " negative four"}, {"speaker": "NATH", "phrase": " and"}, {"speaker": "NATH", "phrase": " ex"}, {"speaker": "NATH", "phrase": " three."}, {"speaker": "KATH", "phrase": " Or."}, {"speaker": "NATH", "phrase": " Oh"}, {"speaker": "NATH", "phrase": " is that one of the ones where you have to do or ?"}, {"speaker": "KATH", "phrase": " Yeah."}, {"speaker": "NATH", "phrase": " And if it's"}, {"speaker": "NATH", "phrase": " less than"}, {"speaker": "NATH", "phrase": " do you still do or ?"}, {"speaker": "KATH", "phrase": " No that's if it's um"}, {"speaker": "KATH", "phrase": " in the"}, {"speaker": "KATH", "phrase": " in the"}, {"speaker": "KATH", "phrase": " in between ?"}, {"speaker": "KATH", "phrase": " those two numbers"}, {"speaker": "KATH", "phrase": " you know ?"}, {"speaker": "KATH", "phrase": " If there's like"}, {"speaker": "KATH", "phrase": " like this one don't look."}, {"speaker": "KATH", "phrase": " But if there's like"}, {"speaker": "KATH", "phrase": " ex in the middle."}, {"speaker": "NATH", "phrase": "PAUSE"}, {"speaker": "KATH", "phrase": " Well no that's or."}, {"speaker": "KATH", "phrase": " If you have like one number on one side."}, {"speaker": "NATH", "phrase": " Mm."}, {"speaker": "KATH", "phrase": " and it says."}, {"speaker": "NATH", "phrase": " Yes."}, {"speaker": "KATH", "phrase": " greater than or equal to ex."}, {"speaker": "NATH", "phrase": " like."}, {"speaker": "KATH", "phrase": " and than"}, {"speaker": "KATH", "phrase": " that one's less than or equal to..."}, {"speaker": "NATH", "phrase": " like two"}, {"speaker": "NATH", "phrase": " is less than or equal to ex."}, {"speaker": "KATH", "phrase": " is less than or equal to."}, {"speaker": "NATH", "phrase": " which is"}, {"speaker": "NATH", "phrase": "PAUSE"}, {"speaker": "NATH", "phrase": " \u0294uh less than or equal to \u0294uh."}, {"speaker": "KATH", "phrase": " less."}, {"speaker": "KATH", "phrase": " less than or equal to."}, {"speaker": "NATH", "phrase": " six."}, {"speaker": "KATH", "phrase": " Right."}, {"speaker": "NATH", "phrase": "PAUSE"}, {"speaker": "NATH", "phrase": " So the final."}, {"speaker": "NATH", "phrase": " So that's the answer."}, {"speaker": "NATH", "phrase": " Right ?"}, {"speaker": "KATH", "phrase": " Mhm."}, {"speaker": "NATH", "phrase": " Number nine."}, {"speaker": "KATH", "phrase": " Okay."}, {"speaker": "KATH", "phrase": " I don't know this one so."}, {"speaker": "NATH", "phrase": " You don't know how to do this one ?"}, {"speaker": "NATH", "phrase": " So we in trouble."}, {"speaker": "KATH", "phrase": " Well you apparently knew how to do it."}, {"speaker": "NATH", "phrase": " Did I get it right ?"}, {"speaker": "KATH", "phrase": " Well you didn't get the whole thing right."}, {"speaker": "NATH", "phrase": "PAUSE"}, {"speaker": "KATH", "phrase": "PAUSE"}, {"speaker": "KATH", "phrase": " But"}, {"speaker": "KATH", "phrase": " Well you just missed one part of it."}, {"speaker": "NATH", "phrase": " So what's that problem."}, {"speaker": "KATH", "phrase": " Um"}, {"speaker": "KATH", "phrase": " absolute value."}, {"speaker": "NATH", "phrase": " Okay."}, {"speaker": "KATH", "phrase": "of one half"}, {"speaker": "KATH", "phrase": " minus ex over three."}, {"speaker": "NATH", "phrase": "PAUSE"}, {"speaker": "NATH", "phrase": " Ex over three"}, {"speaker": "NATH", "phrase": " oops."}, {"speaker": "NATH", "phrase": " Okay."}, {"speaker": "KATH", "phrase": " is less"}, {"speaker": "KATH", "phrase": " I mean is greater than or equal to"}, {"speaker": "KATH", "phrase": " twothirds."}, {"speaker": "NATH", "phrase": " Just plain old twothirds ?"}, {"speaker": "KATH", "phrase": " Mhm."}, {"speaker": "NATH", "phrase": " How do you get rid of the absolute value things ?"}, {"speaker": "NATH", "phrase": " Don't you."}, {"speaker": "KATH", "phrase": " \u0294I don't."}, {"speaker": "KATH", "phrase": " You put"}, {"speaker": "KATH", "phrase": " is less than or equal to twothirds."}, {"speaker": "KATH", "phrase": " Or is greater than"}, {"speaker": "KATH", "phrase": " I mean"}, {"speaker": "KATH", "phrase": " is greater than or equal to twothirds"}, {"speaker": "KATH", "phrase": " and then"}, {"speaker": "KATH", "phrase": " don't you have like"}, {"speaker": "KATH", "phrase": " or is less than"}, {"speaker": "KATH", "phrase": " and is less than or equal to"}, {"speaker": "KATH", "phrase": " negative two thirds ?"}, {"speaker": "NATH", "phrase": " What ?"}, {"speaker": "NATH", "phrase": " Can I see what I did."}, {"speaker": "KATH", "phrase": " Yeah."}, {"speaker": "KATH", "phrase": " But when you."}, {"speaker": "KATH", "phrase": " when you have absolute value"}, {"speaker": "KATH", "phrase": " when you take the absolute value off"}, {"speaker": "KATH", "phrase": " and you put negative twothirds on this side"}, {"speaker": "KATH", "phrase": " too."}, {"speaker": "NATH", "phrase": " First I'll just get common denominator."}, {"speaker": "NATH", "phrase": " So I can do that."}, {"speaker": "KATH", "phrase": " You can't do it when it's in the absolute value."}, {"speaker": "NATH", "phrase": "PAUSE"}, {"speaker": "KATH", "phrase": " though."}, {"speaker": "NATH", "phrase": " Well I did right there."}, {"speaker": "NATH", "phrase": " Is that why I missed it ?"}, {"speaker": "KATH", "phrase": " But see if you wanna do that"}, {"speaker": "KATH", "phrase": " then at first you bring."}, {"speaker": "NATH", "phrase": " So I only did one part of it in other words."}, {"speaker": "KATH", "phrase": " Mhm."}, {"speaker": "KATH", "phrase": " Just bring."}, {"speaker": "KATH", "phrase": " Just bring twothirds"}, {"speaker": "KATH", "phrase": " over to the other side."}, {"speaker": "KATH", "phrase": " Negative twothirds"}, {"speaker": "KATH", "phrase": " over to the other side."}, {"speaker": "NATH", "phrase": " And make it equal to zero ?"}, {"speaker": "KATH", "phrase": " No."}, {"speaker": "KATH", "phrase": " No keep that there"}, {"speaker": "KATH", "phrase": " But then have."}, {"speaker": "NATH", "phrase": " Another one over there ?"}, {"speaker": "KATH", "phrase": " Yeah"}, {"speaker": "KATH", "phrase": " have"}, {"speaker": "KATH", "phrase": " is less than or equal to"}, {"speaker": "KATH", "phrase": " negative two thirds."}, {"speaker": "KATH", "phrase": " And that's not absolute value anymore."}, {"speaker": "NATH", "phrase": " Well see"}, {"speaker": "NATH", "phrase": " we've never done it like that."}, {"speaker": "NATH", "phrase": "PAUSE"}, {"speaker": "KATH", "phrase": " Let me see."}, {"speaker": "KATH", "phrase": " If that's how you do it."}, {"speaker": "NATH", "phrase": " I mean I'm sure you probably can do it that way."}, {"speaker": "KATH", "phrase": " I don't know"}, {"speaker": "KATH", "phrase": " if that's how you do it or not."}, {"speaker": "KATH", "phrase": " Cause"}, {"speaker": "KATH", "phrase": " I haven't done this"}, {"speaker": "KATH", "phrase": " in probably about as long as you have."}, {"speaker": "KATH", "phrase": " Oops."}, {"speaker": "KATH", "phrase": " God."}, {"speaker": "NATH", "phrase": " It's my own fault"}, {"speaker": "NATH", "phrase": " I shouldn't have waited."}, {"speaker": "NATH", "phrase": " so long to get math over with."}, {"speaker": "NATH", "phrase": " I should've got it over with right out"}, {"speaker": "NATH", "phrase": " right out of high school."}, {"speaker": "KATH", "phrase": "PAUSE"}, {"speaker": "NATH", "phrase": "PAUSE"}, {"speaker": "KATH", "phrase": " Oo."}, {"speaker": "NATH", "phrase": "PAUSE"}, {"speaker": "KATH", "phrase": " A bug."}, {"speaker": "NATH", "phrase": " Hey Leah."}, {"speaker": "NATH", "phrase": " She looks so tired."}, {"speaker": "KATH", "phrase": " I know."}, {"speaker": "NATH", "phrase": " She's eating that bug."}, {"speaker": "KATH", "phrase": "PAUSE"}, {"speaker": "NATH", "phrase": " Is that what she's doing ?"}, {"speaker": "KATH", "phrase": " Yuck."}, {"speaker": "KATH", "phrase": " I guess."}, {"speaker": "KATH", "phrase": " Yeah"}, {"speaker": "KATH", "phrase": " that's how you do it."}, {"speaker": "NATH", "phrase": " You can do it that way ?"}, {"speaker": "KATH", "phrase": " Mhm."}, {"speaker": "NATH", "phrase": " Let me see the pencil."}, {"speaker": "KATH", "phrase": " But then"}, {"speaker": "KATH", "phrase": " I didn't get what she got."}, {"speaker": "KATH", "phrase": " I guess she."}, {"speaker": "KATH", "phrase": " Yeah"}, {"speaker": "KATH", "phrase": " you can put it so."}, {"speaker": "KATH", "phrase": " square root of that."}, {"speaker": "KATH", "phrase": " Oh no"}, {"speaker": "KATH", "phrase": " it's not gonna work that way."}, {"speaker": "KATH", "phrase": " You don't have it in the middle."}, {"speaker": "KATH", "phrase": " See I put it in the middle ?"}, {"speaker": "KATH", "phrase": " Seven halves"}, {"speaker": "KATH", "phrase": " is greater than or equal."}, {"speaker": "KATH", "phrase": " But you can't put it in the middle"}, {"speaker": "KATH", "phrase": " cause if it's gonna be."}, {"speaker": "KATH", "phrase": " Yeah if it's gonna be greater than that"}, {"speaker": "KATH", "phrase": " then it's not gonna be less than that."}, {"speaker": "KATH", "phrase": " Well I guess it can."}, {"speaker": "NATH", "phrase": " God."}, {"speaker": "NATH", "phrase": " So one way I could do it."}, {"speaker": "KATH", "phrase": " Well."}, {"speaker": "KATH", "phrase": " No."}, {"speaker": "KATH", "phrase": " Wait minute now."}, {"speaker": "KATH", "phrase": " See"}, {"speaker": "KATH", "phrase": " look what she did."}, {"speaker": "KATH", "phrase": " She um"}, {"speaker": "KATH", "phrase": " flipped that sign over."}, {"speaker": "KATH", "phrase": " But"}, {"speaker": "KATH", "phrase": " uh"}, {"speaker": "KATH", "phrase": " when \u0294you divide by negative two"}, {"speaker": "KATH", "phrase": " you have to flip all the signs over."}, {"speaker": "KATH", "phrase": " which you did."}, {"speaker": "KATH", "phrase": " Yeah"}, {"speaker": "KATH", "phrase": " cause you got that right"}, {"speaker": "KATH", "phrase": " it's right here."}, {"speaker": "NATH", "phrase": " Oh gosh."}, {"speaker": "NATH", "phrase": " You know what"}, {"speaker": "NATH", "phrase": " I'm just gonna skip this one."}, {"speaker": "KATH", "phrase": " No you're not"}, {"speaker": "KATH", "phrase": " you're gonna do it."}, {"speaker": "KATH", "phrase": " Now."}, {"speaker": "NATH", "phrase": " So I can't start by..."}, {"speaker": "KATH", "phrase": " Unhunh."}, {"speaker": "KATH", "phrase": " Not finding common denominator."}, {"speaker": "KATH", "phrase": " You have to bring."}, {"speaker": "NATH", "phrase": " Well I can do."}, {"speaker": "NATH", "phrase": " find one side by doing that"}, {"speaker": "NATH", "phrase": " can't I ?"}, {"speaker": "KATH", "phrase": " Yeah but"}, {"speaker": "KATH", "phrase": " why don't you just put the other."}, {"speaker": "KATH", "phrase": " put."}, {"speaker": "KATH", "phrase": " once you have negative twothirds on the other side"}, {"speaker": "KATH", "phrase": " then you can find common."}, {"speaker": "KATH", "phrase": " buh buh buh buh"}, {"speaker": "KATH", "phrase": " common denominator for the whole thing"}, {"speaker": "KATH", "phrase": " and it's gonna be the same denominator."}, {"speaker": "NATH", "phrase": " Well what's the common denominator of bluh bluh bluh bluh bluh bluh bluh."}, {"speaker": "KATH", "phrase": "PAUSE"}, {"speaker": "NATH", "phrase": "PAUSE"}, {"speaker": "KATH", "phrase": " I didn't mean that."}, {"speaker": "KATH", "phrase": " I meant once you bring it over there."}, {"speaker": "NATH", "phrase": "PAUSE"}, {"speaker": "NATH", "phrase": " I know what you meant."}, {"speaker": "NATH", "phrase": " I don't ever remember us doing anything like that though."}, {"speaker": "NATH", "phrase": " Well add it onto the other side."}, {"speaker": "NATH", "phrase": " There's like way you always can get rid of those absolute value bars."}, {"speaker": "NATH", "phrase": " in problems"}, {"speaker": "NATH", "phrase": " isn't there ?"}, {"speaker": "NATH", "phrase": " Hey."}, {"speaker": "NATH", "phrase": " Can I use some of this ?"}, {"speaker": "KATH", "phrase": " Oh."}, {"speaker": "KATH", "phrase": " Yeah."}, {"speaker": "KATH", "phrase": " \u0294uMm."}, {"speaker": "KATH", "phrase": " See"}, {"speaker": "KATH", "phrase": " yeah."}, {"speaker": "KATH", "phrase": " Here it's absolute values."}, {"speaker": "KATH", "phrase": " Right here."}, {"speaker": "NATH", "phrase": " And it's doing it the way that you were doing it ?"}, {"speaker": "KATH", "phrase": " I'm trying to find one like that one laugh."}, {"speaker": "NATH", "phrase": " See that's the problem"}, {"speaker": "NATH", "phrase": " there's so many different types."}, {"speaker": "NATH", "phrase": " That"}, {"speaker": "NATH", "phrase": " I'm sitting here worrying about this one right here"}, {"speaker": "NATH", "phrase": " and there probably won't even be one like this on the test."}, {"speaker": "KATH", "phrase": " I know."}, {"speaker": "NATH", "phrase": " There'll be different one."}, {"speaker": "KATH", "phrase": " So what do you do."}, {"speaker": "KATH", "phrase": " You find inequality"}, {"speaker": "KATH", "phrase": " with an absolute value in it which"}, {"speaker": "KATH", "phrase": " there's one right there."}, {"speaker": "KATH", "phrase": " Mhm."}, {"speaker": "KATH", "phrase": " See ?"}, {"speaker": "KATH", "phrase": " I sure didn't see any in the..."}, {"speaker": "NATH", "phrase": " examples."}, {"speaker": "KATH", "phrase": " Hmm."}, {"speaker": "KATH", "phrase": " See ?"}, {"speaker": "KATH", "phrase": " There's no."}, {"speaker": "KATH", "phrase": " There it is."}, {"speaker": "NATH", "phrase": "PAUSE"}, {"speaker": "KATH", "phrase": " See ?"}, {"speaker": "KATH", "phrase": " Here it is."}, {"speaker": "KATH", "phrase": " Absolute value of that"}, {"speaker": "KATH", "phrase": " you brought"}, {"speaker": "KATH", "phrase": " \u0294uh \u0294uh brought negative four over to the other side."}, {"speaker": "NATH", "phrase": " Okay."}, {"speaker": "KATH", "phrase": " And all that..."}, {"speaker": "NATH", "phrase": " See that just proves that she puts problems on there that we've never gone over."}, {"speaker": "NATH", "phrase": " I know we've never done one like that."}, {"speaker": "NATH", "phrase": " where you do that"}, {"speaker": "NATH", "phrase": " Can you."}, {"speaker": "NATH", "phrase": " Do you wanna do that when it's less than"}, {"speaker": "NATH", "phrase": " or can you do that when it's greater than too."}, {"speaker": "KATH", "phrase": " Yeah."}, {"speaker": "KATH", "phrase": "PAUSE"}, {"speaker": "KATH", "phrase": " Either way."}, {"speaker": "NATH", "phrase": " So if it's pointed this way"}, {"speaker": "NATH", "phrase": " you just put another one pointing this way over here."}, {"speaker": "KATH", "phrase": " Right."}, {"speaker": "NATH", "phrase": " Okay."}, {"speaker": "KATH", "phrase": " Where'd you get that one."}, {"speaker": "KATH", "phrase": "PAUSE"}, {"speaker": "KATH", "phrase": " That's big one."}, {"speaker": "NATH", "phrase": "PAUSE"}, {"speaker": "NATH", "phrase": " You're not kidding."}, {"speaker": "KATH", "phrase": " That's my thumbnail."}, {"speaker": "NATH", "phrase": "PAUSE"}, {"speaker": "NATH", "phrase": "PAUSE"}, {"speaker": "KATH", "phrase": "PAUSE"}, {"speaker": "NATH", "phrase": "PAUSE"}, {"speaker": "NATH", "phrase": " Now I just get common denominator for the whole thing ?"}, {"speaker": "KATH", "phrase": " Mhm."}, {"speaker": "KATH", "phrase": " Well"}, {"speaker": "KATH", "phrase": " take out those absolute value things"}, {"speaker": "KATH", "phrase": " they'll screw you up."}, {"speaker": "NATH", "phrase": " \u0294Yeah."}, {"speaker": "NATH", "phrase": " And now this'll be six"}, {"speaker": "NATH", "phrase": " right ?"}, {"speaker": "NATH", "phrase": "PAUSE"}, {"speaker": "NATH", "phrase": " Is that right ?"}, {"speaker": "KATH", "phrase": " Mhm."}, {"speaker": "NATH", "phrase": " Now what do you do."}, {"speaker": "KATH", "phrase": " Subtract three."}, {"speaker": "KATH", "phrase": " from the middle."}, {"speaker": "NATH", "phrase": " And."}, {"speaker": "NATH", "phrase": " To which side."}, {"speaker": "KATH", "phrase": " To both sides."}, {"speaker": "NATH", "phrase": " To both sides ?"}, {"speaker": "NATH", "phrase": " Okay."}, {"speaker": "KATH", "phrase": "PAUSE"}, {"speaker": "NATH", "phrase": " Negative."}, {"speaker": "KATH", "phrase": " two ex."}, {"speaker": "NATH", "phrase": " Alright."}, {"speaker": "NATH", "phrase": " To one"}, {"speaker": "NATH", "phrase": " then"}, {"speaker": "NATH", "phrase": " after that you have to"}, {"speaker": "NATH", "phrase": " take out the negatives."}, {"speaker": "KATH", "phrase": " Yeah."}, {"speaker": "KATH", "phrase": " Divide by."}, {"speaker": "KATH", "phrase": " Well just."}, {"speaker": "KATH", "phrase": " Divide by negative two."}, {"speaker": "NATH", "phrase": " Oh"}, {"speaker": "NATH", "phrase": " you can't get that by."}, {"speaker": "KATH", "phrase": "PAUSE"}, {"speaker": "NATH", "phrase": " ex by itself ?"}, {"speaker": "KATH", "phrase": " Yeah."}, {"speaker": "NATH", "phrase": "PAUSE"}, {"speaker": "KATH", "phrase": " And when you divide by negative."}, {"speaker": "NATH", "phrase": "PAUSE"}, {"speaker": "KATH", "phrase": " you have to flip the signs."}, {"speaker": "NATH", "phrase": " Yeah."}, {"speaker": "NATH", "phrase": " Okay."}, {"speaker": "KATH", "phrase": " And when you do that"}, {"speaker": "KATH", "phrase": " it's gonna be or."}, {"speaker": "KATH", "phrase": " Because if you look at it"}, {"speaker": "KATH", "phrase": " cause"}, {"speaker": "KATH", "phrase": " you know"}, {"speaker": "KATH", "phrase": " it can't be greater than sevenhalves"}, {"speaker": "KATH", "phrase": " and less than negative halve at the"}, {"speaker": "KATH", "phrase": "one half at the same time."}, {"speaker": "KATH", "phrase": " So it's gonna be either ex"}, {"speaker": "KATH", "phrase": "is less than or equal to negative one half"}, {"speaker": "KATH", "phrase": " or."}, {"speaker": "NATH", "phrase": " Okay."}, {"speaker": "KATH", "phrase": "PAUSE"}, {"speaker": "NATH", "phrase": "PAUSE"}, {"speaker": "NATH", "phrase": " Will you pass me some of that tea please."}, {"speaker": "NATH", "phrase": " Oh"}, {"speaker": "NATH", "phrase": " thank you."}, {"speaker": "NATH", "phrase": "PAUSE"}, {"speaker": "NATH", "phrase": " Number ten."}, {"speaker": "NATH", "phrase": " How many problems are on this test."}, {"speaker": "KATH", "phrase": " Twelve."}, {"speaker": "NATH", "phrase": " Oh good."}, {"speaker": "KATH", "phrase": " What did you want to do after this test."}, {"speaker": "NATH", "phrase": " That's it"}, {"speaker": "NATH", "phrase": " I guess."}, {"speaker": "KATH", "phrase": " You gonna study some more tomorrow then"}, {"speaker": "KATH", "phrase": " right ?"}, {"speaker": "NATH", "phrase": " Oh definitely."}, {"speaker": "KATH", "phrase": " Okay."}, {"speaker": "KATH", "phrase": " Ex plus four"}, {"speaker": "KATH", "phrase": " over"}, {"speaker": "KATH", "phrase": " three ex minus two"}, {"speaker": "KATH", "phrase": " is less than zero."}, {"speaker": "NATH", "phrase": " Is less than zero."}, {"speaker": "KATH", "phrase": " Right."}, {"speaker": "NATH", "phrase": "PAUSE"}, {"speaker": "NATH", "phrase": " Gosh."}, {"speaker": "NATH", "phrase": " Is this the."}, {"speaker": "NATH", "phrase": " Is this the same class I'm taking Kathy."}, {"speaker": "NATH", "phrase": " Are you sure we're doing work from the same class that I'm."}, {"speaker": "NATH", "phrase": " that I'm."}, {"speaker": "NATH", "phrase": " that I go to every night."}, {"speaker": "KATH", "phrase": " I don't know."}, {"speaker": "KATH", "phrase": " Are we ?"}, {"speaker": "KATH", "phrase": " It's got the same name"}, {"speaker": "KATH", "phrase": " but"}, {"speaker": "KATH", "phrase": " that's about it."}, {"speaker": "KATH", "phrase": " Okay."}, {"speaker": "NATH", "phrase": " I don't even know how you start this one"}, {"speaker": "NATH", "phrase": " do you ?"}, {"speaker": "KATH", "phrase": " Yeah I think so"}, {"speaker": "KATH", "phrase": " but I'm not sure."}, {"speaker": "KATH", "phrase": " Cause"}, {"speaker": "KATH", "phrase": " the way I start it."}, {"speaker": "NATH", "phrase": " Do I."}, {"speaker": "NATH", "phrase": " Did I have anything written on the test ?"}, {"speaker": "KATH", "phrase": " Mm."}, {"speaker": "NATH", "phrase": " I left it blank ?"}]}