{"text": [{"speaker": "DANA", "phrase": " I thought they were gonna be back by now."}, {"speaker": "KELL", "phrase": " You didn't hearthemplaying last night."}, {"speaker": "DANA", "phrase": " I know."}, {"speaker": "KELL", "phrase": " Where did they go."}, {"speaker": "DANA", "phrase": " They went out to dinner with Arianna's parents."}, {"speaker": "KELL", "phrase": " Arianna's parents."}, {"speaker": "KELL", "phrase": " Yeah."}, {"speaker": "KELL", "phrase": " That was her grandma on the phone."}, {"speaker": "DANA", "phrase": " They left at like"}, {"speaker": "DANA", "phrase": " quarter of eight."}, {"speaker": "KELL", "phrase": " Mm."}, {"speaker": "KELL", "phrase": " Maybe they went shopping."}, {"speaker": "KELL", "phrase": " First"}, {"speaker": "KELL", "phrase": " and then went to dinner."}, {"speaker": "DANA", "phrase": " I think they're hanging out."}, {"speaker": "DANA", "phrase": " With."}, {"speaker": "KELL", "phrase": "PAUSE"}, {"speaker": "DANA", "phrase": " the Callahans."}, {"speaker": "DANA", "phrase": " Gotta have some of my sister's bread."}, {"speaker": "DANA", "phrase": " It is so good."}, {"speaker": "KELL", "phrase": " What."}, {"speaker": "KELL", "phrase": " Is it like regular bread"}, {"speaker": "KELL", "phrase": " or is it."}, {"speaker": "DANA", "phrase": " No."}, {"speaker": "DANA", "phrase": " Molasses."}, {"speaker": "KELL", "phrase": " Oh."}, {"speaker": "DANA", "phrase": " Oh"}, {"speaker": "DANA", "phrase": " I love this bread."}, {"speaker": "DANA", "phrase": "PAUSE"}, {"speaker": "DANA", "phrase": " It's so good."}, {"speaker": "DANA", "phrase": " Oh."}, {"speaker": "KELL", "phrase": " You should make it."}, {"speaker": "DANA", "phrase": " No"}, {"speaker": "DANA", "phrase": " I don't know how to make it."}, {"speaker": "KELL", "phrase": " That is the cutest cutting board."}, {"speaker": "KELL", "phrase": " Isn't it ?"}, {"speaker": "DANA", "phrase": " I know laugh."}, {"speaker": "KELL", "phrase": " I love it."}, {"speaker": "DANA", "phrase": "PAUSE"}, {"speaker": "DANA", "phrase": " Little piggies."}, {"speaker": "DANA", "phrase": " You wanna piece of toast ?"}, {"speaker": "KELL", "phrase": " Sure."}, {"speaker": "DANA", "phrase": " Here."}, {"speaker": "DANA", "phrase": " Try some of it first."}, {"speaker": "KELL", "phrase": "PAUSE"}, {"speaker": "KELL", "phrase": " It's different."}, {"speaker": "KELL", "phrase": " I like it."}, {"speaker": "KELL", "phrase": " When'd she start making this."}, {"speaker": "DANA", "phrase": " I don't know"}, {"speaker": "DANA", "phrase": " Kinda like couple years ago."}, {"speaker": "KELL", "phrase": " Mm."}, {"speaker": "KELL", "phrase": " Does she always come home in the summer ?"}, {"speaker": "KELL", "phrase": " From school ?"}, {"speaker": "DANA", "phrase": " Mhm."}, {"speaker": "KELL", "phrase": " Oh really ?"}, {"speaker": "DANA", "phrase": "PAUSE"}, {"speaker": "DANA", "phrase": "PAUSE"}, {"speaker": "DANA", "phrase": " Cause"}, {"speaker": "DANA", "phrase": " she gets really homesick ?"}, {"speaker": "KELL", "phrase": " Oh does she ?"}, {"speaker": "DANA", "phrase": " so"}, {"speaker": "DANA", "phrase": " and she likes to come home."}, {"speaker": "DANA", "phrase": " And we have that house"}, {"speaker": "DANA", "phrase": " at the Cape and stuff."}, {"speaker": "KELL", "phrase": " Yeah."}, {"speaker": "KELL", "phrase": " See I don't really miss home."}, {"speaker": "KELL", "phrase": " I mean I miss my family you know"}, {"speaker": "KELL", "phrase": " but like"}, {"speaker": "KELL", "phrase": " I don't think about them"}, {"speaker": "KELL", "phrase": " when I'm up here really."}, {"speaker": "KELL", "phrase": " Except for I call every few days."}, {"speaker": "DANA", "phrase": " Oh I don't"}, {"speaker": "DANA", "phrase": " I miss my house."}, {"speaker": "KELL", "phrase": " Yeah."}, {"speaker": "KELL", "phrase": " I miss my house."}, {"speaker": "DANA", "phrase": " I miss the feeling of being home."}, {"speaker": "KELL", "phrase": " Mm."}, {"speaker": "KELL", "phrase": " Mhm."}, {"speaker": "KELL", "phrase": " But like I'm not homesick at all."}, {"speaker": "KELL", "phrase": " Like I'm perfectly"}, {"speaker": "KELL", "phrase": " happy up here."}, {"speaker": "DANA", "phrase": " Yeah."}, {"speaker": "KELL", "phrase": " Plus it's such pain to drive home."}, {"speaker": "KELL", "phrase": " Four hours or whatever ?"}, {"speaker": "DANA", "phrase": " Mhm."}, {"speaker": "DANA", "phrase": "PAUSE"}, {"speaker": "DANA", "phrase": "PAUSE"}, {"speaker": "DANA", "phrase": " JUICE BOTTLE"}, {"speaker": "DANA", "phrase": " JUICE"}, {"speaker": "DANA", "phrase": " This on the bread."}, {"speaker": "DANA", "phrase": " It's good."}, {"speaker": "DANA", "phrase": "PAUSE"}, {"speaker": "DANA", "phrase": " We have so many plates."}, {"speaker": "DANA", "phrase": " These are such awesome cups"}, {"speaker": "DANA", "phrase": " where do you think they got them."}, {"speaker": "KELL", "phrase": " I have no idea."}, {"speaker": "KELL", "phrase": " I lovethemthough."}, {"speaker": "KELL", "phrase": " I totally would."}, {"speaker": "DANA", "phrase": " They're so awesome."}, {"speaker": "KELL", "phrase": " I would use that"}, {"speaker": "KELL", "phrase": " all the time."}, {"speaker": "KELL", "phrase": " And I really try hard not to lose it too laugh."}, {"speaker": "KELL", "phrase": " This is cute."}, {"speaker": "KELL", "phrase": " who brought this."}, {"speaker": "DANA", "phrase": " I did."}, {"speaker": "KELL", "phrase": " Oh really ?"}, {"speaker": "KELL", "phrase": " Oh yeah."}, {"speaker": "KELL", "phrase": " I think I remember unpacking it."}, {"speaker": "KELL", "phrase": "PAUSE"}, {"speaker": "KELL", "phrase": "PAUSE"}, {"speaker": "DANA", "phrase": " It's not really for sugar but."}, {"speaker": "KELL", "phrase": " That's okay."}, {"speaker": "KELL", "phrase": " It's basically for cream ?"}, {"speaker": "KELL", "phrase": " I won't tell."}, {"speaker": "KELL", "phrase": " Just as long as it's something white."}, {"speaker": "DANA", "phrase": " Whoops."}, {"speaker": "DANA", "phrase": " What'd you have for dinner ?"}, {"speaker": "KELL", "phrase": " Oh yeah it's good flour."}, {"speaker": "DANA", "phrase": " Oh you made pasta."}, {"speaker": "KELL", "phrase": " Yeah"}, {"speaker": "KELL", "phrase": " and then we went to Hank's where we made"}, {"speaker": "KELL", "phrase": " chicken sandwiches ?"}, {"speaker": "KELL", "phrase": " And then we had free ice cream out on the quad."}, {"speaker": "DANA", "phrase": " Oh was there free ice."}, {"speaker": "DANA", "phrase": " Did you see anybody ?"}, {"speaker": "KELL", "phrase": " Na."}, {"speaker": "KELL", "phrase": " I saw that girl"}, {"speaker": "KELL", "phrase": " Amanda ?"}, {"speaker": "KELL", "phrase": " That lived on our floor"}, {"speaker": "KELL", "phrase": " the one with the weird laugh"}, {"speaker": "KELL", "phrase": " She got birthmark on her face."}, {"speaker": "DANA", "phrase": " Mm."}, {"speaker": "KELL", "phrase": " like stain colored birthmark."}, {"speaker": "DANA", "phrase": " Oh yeah."}, {"speaker": "KELL", "phrase": " And then I..."}, {"speaker": "DANA", "phrase": " No she used to be on our floor."}, {"speaker": "DANA", "phrase": " She moved..."}, {"speaker": "KELL", "phrase": " Yeah."}, {"speaker": "KELL", "phrase": " Yeah."}, {"speaker": "KELL", "phrase": " Used to be."}, {"speaker": "DANA", "phrase": " The weird weird one."}, {"speaker": "DANA", "phrase": " She went out with Tom Engle."}, {"speaker": "KELL", "phrase": " Yeah."}, {"speaker": "KELL", "phrase": " That's right."}, {"speaker": "KELL", "phrase": " Yeah"}, {"speaker": "KELL", "phrase": " he was in their room."}, {"speaker": "KELL", "phrase": " And that girl Laura."}, {"speaker": "KELL", "phrase": " Lara"}, {"speaker": "KELL", "phrase": " from New Jersey."}, {"speaker": "DANA", "phrase": " Which."}, {"speaker": "KELL", "phrase": " that was in their room too ?"}, {"speaker": "KELL", "phrase": " The triple ?"}, {"speaker": "KELL", "phrase": " Oh no."}, {"speaker": "KELL", "phrase": " I hate bugs."}, {"speaker": "KELL", "phrase": "PAUSE"}, {"speaker": "DANA", "phrase": " That's just fly."}, {"speaker": "KELL", "phrase": " \u0294Um"}, {"speaker": "KELL", "phrase": " the other girl that was in the."}, {"speaker": "DANA", "phrase": " Here."}, {"speaker": "KELL", "phrase": " in Sharon's triple."}, {"speaker": "KELL", "phrase": " Lara ?"}, {"speaker": "KELL", "phrase": " From"}, {"speaker": "KELL", "phrase": " Newark ?"}, {"speaker": "KELL", "phrase": " New Jersey."}, {"speaker": "DANA", "phrase": " Oh yeah."}, {"speaker": "KELL", "phrase": " But they live in that..."}, {"speaker": "DANA", "phrase": " Didn't see them around there last year."}, {"speaker": "KELL", "phrase": " They live in that Redstone SAFE House."}, {"speaker": "DANA", "phrase": " Oh."}, {"speaker": "KELL", "phrase": " That's why."}, {"speaker": "KELL", "phrase": " And it was like"}, {"speaker": "KELL", "phrase": " free ice cream thing for Coolidge and the SAFE House."}, {"speaker": "DANA", "phrase": " I gotcha."}, {"speaker": "DANA", "phrase": "PAUSE"}, {"speaker": "DANA", "phrase": "PAUSE"}, {"speaker": "DANA", "phrase": " Isn't it good bread ?"}, {"speaker": "KELL", "phrase": " Mm."}, {"speaker": "DANA", "phrase": "PAUSE"}, {"speaker": "KELL", "phrase": " Yeah it is."}, {"speaker": "KELL", "phrase": " It's thick."}, {"speaker": "KELL", "phrase": " Thick."}, {"speaker": "KELL", "phrase": " It's not as light ?"}, {"speaker": "DANA", "phrase": " Mhm."}, {"speaker": "DANA", "phrase": " No."}, {"speaker": "DANA", "phrase": " That's the dough."}, {"speaker": "KELL", "phrase": " Yeah it's heavier."}, {"speaker": "KELL", "phrase": " So it's good."}, {"speaker": "KELL", "phrase": " I think I'm totally just gonna stay in and read"}, {"speaker": "KELL", "phrase": " I'm so exhausted."}, {"speaker": "KELL", "phrase": " I didn't get that much sleep last night."}, {"speaker": "KELL", "phrase": " No going out for me tonight."}, {"speaker": "KELL", "phrase": " Last night was enough."}, {"speaker": "KELL", "phrase": "PAUSE"}, {"speaker": "DANA", "phrase": " Mm"}, {"speaker": "DANA", "phrase": " I'm tired now."}, {"speaker": "DANA", "phrase": " I still kinda wanna hang out though."}, {"speaker": "KELL", "phrase": " Yeah."}, {"speaker": "KELL", "phrase": " Are they partying at Ed's or something ?"}, {"speaker": "DANA", "phrase": " They were gonna come here."}, {"speaker": "KELL", "phrase": " Ah."}, {"speaker": "DANA", "phrase": " But"}, {"speaker": "DANA", "phrase": "PAUSE"}, {"speaker": "KELL", "phrase": " I think I'm totally just gonna sleep."}, {"speaker": "KELL", "phrase": " I hope that plug isn't messing up the."}, {"speaker": "DANA", "phrase": " Mmmm."}, {"speaker": "DANA", "phrase": " Hey."}, {"speaker": "NANC", "phrase": " We're here."}, {"speaker": "KELL", "phrase": "PAUSE"}, {"speaker": "ARIA", "phrase": " Get some here."}, {"speaker": "DANA", "phrase": " Hi."}, {"speaker": "NANC", "phrase": " Hi."}, {"speaker": "DANA", "phrase": " Yay."}, {"speaker": "NANC", "phrase": " I gotta pee so bad."}, {"speaker": "DANA", "phrase": " How was dinner."}, {"speaker": "KELL", "phrase": " Uhoh."}, {"speaker": "NANC", "phrase": " What ?"}, {"speaker": "DANA", "phrase": " How was dinner."}, {"speaker": "NANC", "phrase": " Late."}, {"speaker": "DANA", "phrase": " Mm."}, {"speaker": "KELL", "phrase": " Did they know each other before school."}, {"speaker": "KELL", "phrase": " No."}, {"speaker": "DANA", "phrase": " Hmm."}, {"speaker": "DANA", "phrase": " They had heard of each other."}, {"speaker": "DANA", "phrase": " Like"}, {"speaker": "DANA", "phrase": " they knew."}, {"speaker": "KELL", "phrase": " Mm."}, {"speaker": "KELL", "phrase": " It was like next town over or something like that ?"}, {"speaker": "DANA", "phrase": " I don't think they were friends."}, {"speaker": "ARIA", "phrase": " Hi."}, {"speaker": "DANA", "phrase": " Hi."}, {"speaker": "DANA", "phrase": " Why are you smiling like that."}, {"speaker": "ARIA", "phrase": " Just cracking up."}, {"speaker": "KELL", "phrase": " Arianna"}, {"speaker": "KELL", "phrase": " what are those for."}, {"speaker": "ARIA", "phrase": " You can have one if you want one."}, {"speaker": "KELL", "phrase": " Ha ha ha ha ha."}, {"speaker": "ARIA", "phrase": " Yeah you can."}, {"speaker": "DANA", "phrase": "PAUSE"}, {"speaker": "KELL", "phrase": "PAUSE"}, {"speaker": "ARIA", "phrase": " They're from um"}, {"speaker": "ARIA", "phrase": " We do"}, {"speaker": "ARIA", "phrase": " My mom has like caretaking up on Stratton ?"}, {"speaker": "ARIA", "phrase": " And they have the LPGA golf tournament there ?"}, {"speaker": "KELL", "phrase": " Mhm ?"}, {"speaker": "ARIA", "phrase": " And we caretake for all of the"}, {"speaker": "ARIA", "phrase": " like"}, {"speaker": "ARIA", "phrase": " bigwigs ?"}, {"speaker": "ARIA", "phrase": " So."}, {"speaker": "KELL", "phrase": " That is awesome."}, {"speaker": "KELL", "phrase": " Those cups are so great."}, {"speaker": "ARIA", "phrase": " They uh..."}, {"speaker": "DANA", "phrase": " That's awesome."}, {"speaker": "KELL", "phrase": " wanna try..."}, {"speaker": "DANA", "phrase": " Oh."}, {"speaker": "ARIA", "phrase": " And I got whole case."}, {"speaker": "KELL", "phrase": " I'm so excited."}, {"speaker": "ARIA", "phrase": " Like the companies."}, {"speaker": "ARIA", "phrase": " Like Pepsi was one of the sponsors."}, {"speaker": "KELL", "phrase": " Unhunh."}, {"speaker": "ARIA", "phrase": " So they sent all this stuff ?"}, {"speaker": "ARIA", "phrase": " Got whole case."}, {"speaker": "ARIA", "phrase": " Of cinnamon laugh uh rice cakes."}, {"speaker": "KELL", "phrase": " Those are good."}, {"speaker": "DANA", "phrase": " Unhunh."}, {"speaker": "ARIA", "phrase": " I got like everything."}, {"speaker": "DANA", "phrase": "PAUSE"}, {"speaker": "ARIA", "phrase": " It's the best."}, {"speaker": "KELL", "phrase": " That's so funny."}, {"speaker": "DANA", "phrase": " I went shopping for food."}, {"speaker": "DANA", "phrase": " I got myself some food tonight."}, {"speaker": "ARIA", "phrase": " You did."}, {"speaker": "DANA", "phrase": " My sister made loaf of bread"}, {"speaker": "DANA", "phrase": " gotta have piece."}, {"speaker": "DANA", "phrase": " It's so good."}, {"speaker": "ARIA", "phrase": "PAUSE"}, {"speaker": "ARIA", "phrase": " I'm stuffed."}, {"speaker": "DANA", "phrase": "PAUSE"}, {"speaker": "ARIA", "phrase": " Um."}, {"speaker": "DANA", "phrase": " Where'd you go."}, {"speaker": "ARIA", "phrase": " The Shanty ?"}, {"speaker": "ARIA", "phrase": " It's um"}, {"speaker": "ARIA", "phrase": "PAUSE"}, {"speaker": "ARIA", "phrase": " right on the water."}, {"speaker": "ARIA", "phrase": " It was nice."}, {"speaker": "DANA", "phrase": " Mm."}, {"speaker": "ARIA", "phrase": " My uncle's so rude though laugh."}, {"speaker": "DANA", "phrase": " Why"}, {"speaker": "DANA", "phrase": " what'd he do."}, {"speaker": "ARIA", "phrase": " This uh."}, {"speaker": "ARIA", "phrase": " The girl was like"}, {"speaker": "ARIA", "phrase": " oh"}, {"speaker": "ARIA", "phrase": "PAUSE"}, {"speaker": "ARIA", "phrase": " Like he has lot of money but he's"}, {"speaker": "ARIA", "phrase": " like"}, {"speaker": "ARIA", "phrase": " like"}, {"speaker": "ARIA", "phrase": " I don't know"}, {"speaker": "ARIA", "phrase": " like Blane"}, {"speaker": "ARIA", "phrase": " he's like kinda rude."}, {"speaker": "ARIA", "phrase": " Isn't he ?"}, {"speaker": "ARIA", "phrase": " Like he was like."}, {"speaker": "NANC", "phrase": " He's just weirdo."}, {"speaker": "DANA", "phrase": " Did he make fun of you ?"}, {"speaker": "ARIA", "phrase": " I don't know."}, {"speaker": "ARIA", "phrase": " He really bugs me."}, {"speaker": "ARIA", "phrase": " He was like um"}, {"speaker": "ARIA", "phrase": " well you forgot my my sauce for this."}, {"speaker": "ARIA", "phrase": " Cause she brought him clams ?"}, {"speaker": "ARIA", "phrase": " Like he had clams ?"}, {"speaker": "ARIA", "phrase": " And she goes well we have this kind and this kind"}, {"speaker": "ARIA", "phrase": " and she said and we have A One sauce"}, {"speaker": "ARIA", "phrase": " he's like no."}, {"speaker": "ARIA", "phrase": " That's for steak."}, {"speaker": "ARIA", "phrase": " Keep trying."}, {"speaker": "DANA", "phrase": "PAUSE"}, {"speaker": "ARIA", "phrase": " You know"}, {"speaker": "ARIA", "phrase": " and I was like."}, {"speaker": "NANC", "phrase": " Not like"}, {"speaker": "NANC", "phrase": " oh I want this."}, {"speaker": "NANC", "phrase": " He's like keep trying."}, {"speaker": "DANA", "phrase": " Yeah."}, {"speaker": "ARIA", "phrase": " You know"}, {"speaker": "ARIA", "phrase": " he's like keep trying."}, {"speaker": "ARIA", "phrase": " And then you would've thought like it was the end of the world when the bill came."}, {"speaker": "DANA", "phrase": " Awesome."}, {"speaker": "ARIA", "phrase": " It was like."}, {"speaker": "NANC", "phrase": " Mhm."}, {"speaker": "ARIA", "phrase": " I don't know"}, {"speaker": "ARIA", "phrase": " he was just."}, {"speaker": "KELL", "phrase": " Unhunh."}, {"speaker": "ARIA", "phrase": " kind of jerk."}, {"speaker": "KELL", "phrase": " Your grandma called."}, {"speaker": "ARIA", "phrase": " She did."}, {"speaker": "KELL", "phrase": " Yeah like"}, {"speaker": "KELL", "phrase": " fifteen minutes ago."}, {"speaker": "ARIA", "phrase": " What'd she say."}, {"speaker": "ARIA", "phrase": " Anything."}, {"speaker": "KELL", "phrase": " She just wanted to know"}, {"speaker": "KELL", "phrase": " when your parents got here"}, {"speaker": "KELL", "phrase": " and"}, {"speaker": "KELL", "phrase": " we decided"}, {"speaker": "KELL", "phrase": " it was about seven seven thirty."}, {"speaker": "DANA", "phrase": " Seven."}, {"speaker": "DANA", "phrase": " Yeah."}, {"speaker": "KELL", "phrase": " And we told her and"}, {"speaker": "KELL", "phrase": " she was happy with that and hung up."}, {"speaker": "DANA", "phrase": "PAUSE"}, {"speaker": "ARIA", "phrase": "PAUSE"}, {"speaker": "KELL", "phrase": " She's cute."}, {"speaker": "KELL", "phrase": "PAUSE"}, {"speaker": "ARIA", "phrase": " She is cute ?"}, {"speaker": "DANA", "phrase": " When did..."}, {"speaker": "NANC", "phrase": " So what's the plan."}, {"speaker": "DANA", "phrase": " I don't know."}, {"speaker": "DANA", "phrase": " I just was."}, {"speaker": "DANA", "phrase": " Went shopping with Ed and his roommate"}, {"speaker": "DANA", "phrase": " they said they'd come over here."}, {"speaker": "NANC", "phrase": " Mm."}, {"speaker": "DANA", "phrase": " You know."}, {"speaker": "DANA", "phrase": " If we wanna just hang out and drink."}, {"speaker": "DANA", "phrase": " Whatever."}, {"speaker": "NANC", "phrase": " Okay."}, {"speaker": "NANC", "phrase": " That sounds cool."}, {"speaker": "DANA", "phrase": " I think it'd be cool"}, {"speaker": "DANA", "phrase": " cause I don't feel like going anywhere."}, {"speaker": "NANC", "phrase": " Yeah."}, {"speaker": "ARIA", "phrase": " I know."}, {"speaker": "NANC", "phrase": " that sounds good."}, {"speaker": "DANA", "phrase": " You know ?"}, {"speaker": "DANA", "phrase": " And uh"}, {"speaker": "DANA", "phrase": " Woody hasn't called yet so."}, {"speaker": "KELL", "phrase": " We're all sitting here all too tired."}, {"speaker": "DANA", "phrase": " Who knows."}, {"speaker": "DANA", "phrase": "PAUSE"}, {"speaker": "DANA", "phrase": " You know."}, {"speaker": "NANC", "phrase": " He's probably expecting us over there."}, {"speaker": "DANA", "phrase": " No"}, {"speaker": "DANA", "phrase": " I said maybe."}, {"speaker": "DANA", "phrase": " I said"}, {"speaker": "DANA", "phrase": " maybe we'll come."}, {"speaker": "NANC", "phrase": " now maybe to Woody."}, {"speaker": "DANA", "phrase": " Does that mean laugh."}, {"speaker": "DANA", "phrase": "PAUSE"}, {"speaker": "DANA", "phrase": " Is that what got you in trou ble laugh ?"}, {"speaker": "NANC", "phrase": "PAUSE"}, {"speaker": "NANC", "phrase": "PAUSE"}, {"speaker": "DANA", "phrase": "PAUSE"}, {"speaker": "NANC", "phrase": " That might mean yes."}, {"speaker": "DANA", "phrase": "PAUSE"}, {"speaker": "ARIA", "phrase": " Awesome."}, {"speaker": "NANC", "phrase": " No"}, {"speaker": "NANC", "phrase": " just kidding."}, {"speaker": "ARIA", "phrase": " You know Woody."}, {"speaker": "NANC", "phrase": "PAUSE"}, {"speaker": "DANA", "phrase": " Maybe I'll do that."}, {"speaker": "DANA", "phrase": " no not."}, {"speaker": "DANA", "phrase": " So but they just left like"}, {"speaker": "DANA", "phrase": " fifteen minutes ago ?"}, {"speaker": "DANA", "phrase": " So I don't know"}, {"speaker": "DANA", "phrase": " Like they were gonna unpack their stuff"}, {"speaker": "DANA", "phrase": " Ed was gonna take shower."}, {"speaker": "NANC", "phrase": " Right."}, {"speaker": "NANC", "phrase": " Right."}, {"speaker": "NANC", "phrase": " That's cool."}, {"speaker": "DANA", "phrase": " So"}, {"speaker": "DANA", "phrase": " and now they gotta get beer."}, {"speaker": "DANA", "phrase": " So I don't know what they're doing."}, {"speaker": "DANA", "phrase": " But I can call"}, {"speaker": "DANA", "phrase": " and find out."}, {"speaker": "DANA", "phrase": " \u0294If they wanna come over."}, {"speaker": "NANC", "phrase": " Okay."}, {"speaker": "DANA", "phrase": " In little while."}, {"speaker": "DANA", "phrase": " I wouldn't mind"}, {"speaker": "DANA", "phrase": " I just wanna hang."}, {"speaker": "NANC", "phrase": " Yeah."}, {"speaker": "DANA", "phrase": " Hang and talk."}, {"speaker": "NANC", "phrase": "PAUSE"}, {"speaker": "NANC", "phrase": " We don't have cable."}, {"speaker": "NANC", "phrase": " That's the only thing that sucks."}, {"speaker": "DANA", "phrase": "PAUSE"}, {"speaker": "NANC", "phrase": " So we don't have anything..."}, {"speaker": "DANA", "phrase": " We have stereo."}, {"speaker": "NANC", "phrase": " Yeah."}, {"speaker": "DANA", "phrase": " You know."}, {"speaker": "ARIA", "phrase": " That's true."}, {"speaker": "NANC", "phrase": " You're right."}, {"speaker": "NANC", "phrase": " That's like."}, {"speaker": "ARIA", "phrase": " That's fine."}, {"speaker": "ARIA", "phrase": " We um"}, {"speaker": "ARIA", "phrase": " you know we're down at the Shanty."}, {"speaker": "NANC", "phrase": " Oh yeah laugh."}, {"speaker": "ARIA", "phrase": " We're leaving"}, {"speaker": "ARIA", "phrase": " and the guy's like"}, {"speaker": "ARIA", "phrase": " We left little bit ahead of my parents ?"}, {"speaker": "ARIA", "phrase": " And the guys like"}, {"speaker": "ARIA", "phrase": " hi you guys"}, {"speaker": "ARIA", "phrase": " how was your dinner."}, {"speaker": "ARIA", "phrase": " And we were like great."}, {"speaker": "ARIA", "phrase": " \u0294uh Thinking you know he was just asking us how our dinner was ?"}, {"speaker": "ARIA", "phrase": " He's like"}, {"speaker": "ARIA", "phrase": " yeah"}, {"speaker": "ARIA", "phrase": " you know going on about"}, {"speaker": "ARIA", "phrase": " what are you sophomores"}, {"speaker": "ARIA", "phrase": " we're like"}, {"speaker": "ARIA", "phrase": " no"}, {"speaker": "ARIA", "phrase": " But everyone thinks we're like young ?"}, {"speaker": "DANA", "phrase": " Ah."}, {"speaker": "ARIA", "phrase": " So we were like no"}, {"speaker": "ARIA", "phrase": " seniors"}, {"speaker": "ARIA", "phrase": " then he goes"}, {"speaker": "ARIA", "phrase": " well"}, {"speaker": "ARIA", "phrase": " we're looking for part time help."}, {"speaker": "ARIA", "phrase": "PAUSE"}, {"speaker": "ARIA", "phrase": " Like he was just like recruiting us"}, {"speaker": "ARIA", "phrase": " right off of the dinner table."}, {"speaker": "NANC", "phrase": " Mm."}, {"speaker": "DANA", "phrase": " That's so great though."}, {"speaker": "ARIA", "phrase": " Isn't that awesome ?"}, {"speaker": "NANC", "phrase": " Shannon says like"}, {"speaker": "NANC", "phrase": " you can make some serious din go working dinner."}, {"speaker": "DANA", "phrase": " Did you say."}, {"speaker": "DANA", "phrase": " Did you tell about Jenn ?"}, {"speaker": "NANC", "phrase": " Yeah."}, {"speaker": "KELL", "phrase": " I keep telling you about..."}, {"speaker": "NANC", "phrase": " Well"}, {"speaker": "NANC", "phrase": " I was like"}, {"speaker": "NANC", "phrase": " yeah"}, {"speaker": "NANC", "phrase": " maybe I'll be back."}, {"speaker": "NANC", "phrase": "PAUSE"}, {"speaker": "KELL", "phrase": "PAUSE"}, {"speaker": "ARIA", "phrase": " Yeah"}, {"speaker": "ARIA", "phrase": " and he needed hostess."}, {"speaker": "NANC", "phrase": " And he was like"}, {"speaker": "NANC", "phrase": " okay."}, {"speaker": "ARIA", "phrase": " cause I don't wanna waitress ?"}, {"speaker": "DANA", "phrase": " Mhm."}, {"speaker": "ARIA", "phrase": " Cause I'm."}, {"speaker": "ARIA", "phrase": " I get too nervous like kinda things ?"}, {"speaker": "DANA", "phrase": " Unhunh ?"}, {"speaker": "NANC", "phrase": " Hm."}, {"speaker": "ARIA", "phrase": " And friend of mine is working there already"}, {"speaker": "ARIA", "phrase": " we saw her"}, {"speaker": "ARIA", "phrase": " we walked in and she was there ?"}, {"speaker": "ARIA", "phrase": " And I said"}, {"speaker": "ARIA", "phrase": " oh well you must make good dingo."}, {"speaker": "ARIA", "phrase": " And she was like yeah."}, {"speaker": "ARIA", "phrase": " If you can keep up with it"}, {"speaker": "ARIA", "phrase": " you can make really good money."}, {"speaker": "ARIA", "phrase": " So it'd be perfect."}, {"speaker": "DANA", "phrase": " Jenn."}, {"speaker": "ARIA", "phrase": " And then."}, {"speaker": "NANC", "phrase": " me."}, {"speaker": "DANA", "phrase": " Hm."}, {"speaker": "ARIA", "phrase": " you know"}, {"speaker": "ARIA", "phrase": " and if..."}, {"speaker": "NANC", "phrase": " Jenn her."}, {"speaker": "DANA", "phrase": " Yeah."}, {"speaker": "ARIA", "phrase": " and then"}, {"speaker": "ARIA", "phrase": " like if she got in"}, {"speaker": "ARIA", "phrase": " then she'd have"}, {"speaker": "ARIA", "phrase": " say oh"}, {"speaker": "ARIA", "phrase": " I have this friend who needs."}, {"speaker": "DANA", "phrase": " Yeah."}, {"speaker": "NANC", "phrase": " Right."}, {"speaker": "KELL", "phrase": " A job and."}, {"speaker": "ARIA", "phrase": " So it could be perfect."}, {"speaker": "NANC", "phrase": " So we might."}, {"speaker": "DANA", "phrase": " That's good."}, {"speaker": "KELL", "phrase": " Yeah."}, {"speaker": "NANC", "phrase": " We're gonna go down tomorrow."}, {"speaker": "DANA", "phrase": " cause then..."}, {"speaker": "KELL", "phrase": " That's sweet."}, {"speaker": "NANC", "phrase": " I know."}, {"speaker": "NANC", "phrase": " that's sweet."}, {"speaker": "ARIA", "phrase": " That sweet ?"}, {"speaker": "KELL", "phrase": " Nice."}, {"speaker": "DANA", "phrase": " We gonna."}, {"speaker": "DANA", "phrase": " What time are you getting up tomorrow."}, {"speaker": "NANC", "phrase": " I don't know."}, {"speaker": "NANC", "phrase": " I have ten fifty."}, {"speaker": "DANA", "phrase": " Where's your class."}, {"speaker": "NANC", "phrase": " Don't know."}, {"speaker": "NANC", "phrase": " Dewey."}, {"speaker": "DANA", "phrase": " Probably what time ?"}, {"speaker": "NANC", "phrase": " I said I don't know."}, {"speaker": "NANC", "phrase": " I have ten."}, {"speaker": "DANA", "phrase": " Oh."}, {"speaker": "DANA", "phrase": " I thought you said ten fifteen."}, {"speaker": "DANA", "phrase": " And I was like what ?"}, {"speaker": "NANC", "phrase": " No laugh."}, {"speaker": "KELL", "phrase": "PAUSE"}, {"speaker": "DANA", "phrase": " What ?"}, {"speaker": "KELL", "phrase": "PAUSE"}, {"speaker": "NANC", "phrase": " I think it's ten fifty."}, {"speaker": "ARIA", "phrase": " Hunh ?"}, {"speaker": "DANA", "phrase": " It's like five minutes ?"}, {"speaker": "DANA", "phrase": " to get to class ?"}, {"speaker": "KELL", "phrase": "PAUSE"}, {"speaker": "NANC", "phrase": " in Dewey."}, {"speaker": "NANC", "phrase": "PAUSE"}, {"speaker": "NANC", "phrase": "PAUSE"}, {"speaker": "DANA", "phrase": " Dewey ?"}, {"speaker": "NANC", "phrase": " Yeah."}, {"speaker": "KELL", "phrase": "PAUSE"}, {"speaker": "DANA", "phrase": "PAUSE"}, {"speaker": "DANA", "phrase": " I don't have to go to class."}, {"speaker": "DANA", "phrase": " Like"}, {"speaker": "DANA", "phrase": " everybody's making noises around here."}, {"speaker": "DANA", "phrase": " Make me kinda irritated."}, {"speaker": "ARIA", "phrase": " Be."}, {"speaker": "DANA", "phrase": " No."}, {"speaker": "DANA", "phrase": " The like banging."}, {"speaker": "DANA", "phrase": " And sawing."}, {"speaker": "KELL", "phrase": " \u0294Put insulation."}, {"speaker": "DANA", "phrase": " Ugh."}, {"speaker": "KELL", "phrase": " and then put another ceiling over that."}, {"speaker": "DANA", "phrase": " Yeah."}, {"speaker": "DANA", "phrase": " and I was like."}, {"speaker": "KELL", "phrase": " thing."}, {"speaker": "ARIA", "phrase": " Mm."}, {"speaker": "ARIA", "phrase": " \u0294uh."}, {"speaker": "DANA", "phrase": " But anyway."}, {"speaker": "ARIA", "phrase": "PAUSE"}, {"speaker": "NANC", "phrase": " The best strawberry daiquiri."}, {"speaker": "ARIA", "phrase": " Oh."}, {"speaker": "ARIA", "phrase": " This is what my dad said."}, {"speaker": "DANA", "phrase": " Did you ?"}, {"speaker": "ARIA", "phrase": " About the board for the refrigerator."}, {"speaker": "DANA", "phrase": " \u0294Yeah."}, {"speaker": "ARIA", "phrase": " He said"}, {"speaker": "ARIA", "phrase": " when you put it in."}, {"speaker": "ARIA", "phrase": " Don't cut it straight across and stick it in"}, {"speaker": "ARIA", "phrase": " cause when you shut the door ?"}, {"speaker": "ARIA", "phrase": " If it's perfectly fit"}, {"speaker": "ARIA", "phrase": " you won't get air circulated from the top to the bottom"}, {"speaker": "ARIA", "phrase": " which you need in refrigerator ?"}, {"speaker": "DANA", "phrase": " Unhunh."}, {"speaker": "ARIA", "phrase": " So"}, {"speaker": "ARIA", "phrase": " whoever cuts it"}, {"speaker": "ARIA", "phrase": " either put holes ?"}, {"speaker": "ARIA", "phrase": " Like."}, {"speaker": "DANA", "phrase": " Unhunh."}, {"speaker": "ARIA", "phrase": " five holes"}, {"speaker": "ARIA", "phrase": " drill five holes in it ?"}, {"speaker": "ARIA", "phrase": " Or cut it so"}, {"speaker": "ARIA", "phrase": " it's straight"}, {"speaker": "ARIA", "phrase": " and fits on the sides and then"}, {"speaker": "ARIA", "phrase": " on the end it comes"}, {"speaker": "ARIA", "phrase": " straight out"}, {"speaker": "ARIA", "phrase": " and then comes in little bit ?"}, {"speaker": "ARIA", "phrase": " Do you know what I mean ?"}, {"speaker": "ARIA", "phrase": " So if it."}, {"speaker": "ARIA", "phrase": " This was the piece of board ?"}, {"speaker": "ARIA", "phrase": " Leave it"}, {"speaker": "ARIA", "phrase": " like have it come like this."}, {"speaker": "ARIA", "phrase": " And have these spaces cut off."}, {"speaker": "DANA", "phrase": " Oh yeah ?"}, {"speaker": "KELL", "phrase": "PAUSE"}, {"speaker": "ARIA", "phrase": " so uh the air can circulate."}, {"speaker": "DANA", "phrase": " Oh okay."}, {"speaker": "KELL", "phrase": " Oh."}, {"speaker": "KELL", "phrase": " I gotcha."}, {"speaker": "ARIA", "phrase": " But probably the screw."}, {"speaker": "KELL", "phrase": "PAUSE"}, {"speaker": "ARIA", "phrase": " drill holes would be easier."}, {"speaker": "DANA", "phrase": " Yeah."}, {"speaker": "ARIA", "phrase": " Just drill like five holes in it."}, {"speaker": "ARIA", "phrase": " So that the air move."}, {"speaker": "KELL", "phrase": " We need saw."}, {"speaker": "DANA", "phrase": " We need saw."}, {"speaker": "KELL", "phrase": " I forgot to ask my friend Jason."}, {"speaker": "ARIA", "phrase": " Yeah."}, {"speaker": "KELL", "phrase": " and I know he's asleep."}, {"speaker": "DANA", "phrase": " Maybe"}, {"speaker": "DANA", "phrase": " I can ask Ed"}, {"speaker": "DANA", "phrase": " when he's going home."}, {"speaker": "KELL", "phrase": " Yeah."}, {"speaker": "DANA", "phrase": " And he can do it at home."}, {"speaker": "KELL", "phrase": " Mhm."}, {"speaker": "DANA", "phrase": " His dad'll do it."}, {"speaker": "KELL", "phrase": " Mm."}, {"speaker": "DANA", "phrase": " like ooh"}, {"speaker": "DANA", "phrase": " something to do."}, {"speaker": "DANA", "phrase": "PAUSE"}, {"speaker": "KELL", "phrase": " Yeah."}, {"speaker": "DANA", "phrase": " He's psyched."}, {"speaker": "NANC", "phrase": "PAUSE"}, {"speaker": "DANA", "phrase": " Yeah."}, {"speaker": "KELL", "phrase": " something to do."}, {"speaker": "KELL", "phrase": " Men love that stuff."}, {"speaker": "DANA", "phrase": "PAUSE"}, {"speaker": "ARIA", "phrase": " My mom was so psyched about our apartment."}, {"speaker": "DANA", "phrase": " Why did what did she."}, {"speaker": "KELL", "phrase": " Yeah."}, {"speaker": "ARIA", "phrase": " Yeah."}, {"speaker": "KELL", "phrase": " She liked it ?"}, {"speaker": "ARIA", "phrase": " She really liked it so much better than last year."}, {"speaker": "DANA", "phrase": " \u0294Well it's so much better than last year."}, {"speaker": "NANC", "phrase": " She was psyched."}, {"speaker": "ARIA", "phrase": " And she even."}, {"speaker": "ARIA", "phrase": " \u0294uh Does Cheryl bug you ?"}, {"speaker": "NANC", "phrase": " She just kills me."}, {"speaker": "ARIA", "phrase": " You know her."}, {"speaker": "DANA", "phrase": " Who."}, {"speaker": "NANC", "phrase": " They both."}, {"speaker": "NANC", "phrase": " What was with her attacking him yeah."}, {"speaker": "ARIA", "phrase": " Oh my god."}, {"speaker": "DANA", "phrase": " What."}, {"speaker": "DANA", "phrase": " What are you talking about."}, {"speaker": "NANC", "phrase": "PAUSE"}, {"speaker": "NANC", "phrase": " Cheryl and Blane ?"}, {"speaker": "NANC", "phrase": " He like..."}, {"speaker": "DANA", "phrase": " Who what ?"}, {"speaker": "ARIA", "phrase": " My aunt and uncle."}, {"speaker": "NANC", "phrase": " Her aunt and uncle"}, {"speaker": "NANC", "phrase": " Cheryl and Blane."}, {"speaker": "ARIA", "phrase": " They bug me."}, {"speaker": "NANC", "phrase": " \u0294He."}, {"speaker": "NANC", "phrase": " He like needed"}, {"speaker": "NANC", "phrase": " They were trying to figure out the the bill."}, {"speaker": "DANA", "phrase": " Unhunh."}, {"speaker": "NANC", "phrase": " The money whatever."}, {"speaker": "NANC", "phrase": " And so he needed change."}, {"speaker": "NANC", "phrase": " Like two fives for ten or something."}, {"speaker": "NANC", "phrase": " So she gave him."}, {"speaker": "NANC", "phrase": " And then"}, {"speaker": "NANC", "phrase": " he kept it ?"}, {"speaker": "NANC", "phrase": " He didn't give her like the ten you know ?"}, {"speaker": "NANC", "phrase": " She started attacking him"}, {"speaker": "NANC", "phrase": " going I want my money."}, {"speaker": "ARIA", "phrase": " Like pinching him."}, {"speaker": "NANC", "phrase": " Like pinching him."}, {"speaker": "ARIA", "phrase": " like everything."}, {"speaker": "NANC", "phrase": " like making this scene."}, {"speaker": "NANC", "phrase": " We're like"}, {"speaker": "NANC", "phrase": " oh my go d."}, {"speaker": "DANA", "phrase": " Ah."}, {"speaker": "ARIA", "phrase": " And then he's like"}, {"speaker": "ARIA", "phrase": " my dad's like"}, {"speaker": "ARIA", "phrase": " God."}, {"speaker": "ARIA", "phrase": " What would she do for ten dollars."}, {"speaker": "ARIA", "phrase": " He's like"}, {"speaker": "ARIA", "phrase": " you should see what she would do for ten dollars."}, {"speaker": "DANA", "phrase": "PAUSE"}, {"speaker": "ARIA", "phrase": " And then he goes I'm gonna give you five at time"}, {"speaker": "ARIA", "phrase": " and you'll have to like perform for it ?"}, {"speaker": "ARIA", "phrase": " Nancy and I were like"}, {"speaker": "ARIA", "phrase": " whoa."}, {"speaker": "NANC", "phrase": " And she thought it was so funny."}, {"speaker": "NANC", "phrase": " She was like cracking up."}, {"speaker": "ARIA", "phrase": " Yeah."}, {"speaker": "NANC", "phrase": " Was she mangled ?"}, {"speaker": "ARIA", "phrase": " I don't know"}, {"speaker": "ARIA", "phrase": " I think she might have had little buzz."}, {"speaker": "ARIA", "phrase": " Cause she was acting strange."}, {"speaker": "NANC", "phrase": "PAUSE"}, {"speaker": "NANC", "phrase": " that was..."}, {"speaker": "KELL", "phrase": " Weird."}, {"speaker": "KELL", "phrase": " Is that the rude uncle ?"}, {"speaker": "DANA", "phrase": "PAUSE"}, {"speaker": "ARIA", "phrase": " Yes."}, {"speaker": "ARIA", "phrase": "PAUSE"}, {"speaker": "NANC", "phrase": "PAUSE"}, {"speaker": "DANA", "phrase": "PAUSE"}, {"speaker": "ARIA", "phrase": "..."}, {"speaker": "DANA", "phrase": "PAUSE"}, {"speaker": "KELL", "phrase": " Got it."}, {"speaker": "DANA", "phrase": " Oh"}, {"speaker": "DANA", "phrase": " I need more food."}, {"speaker": "ARIA", "phrase": " Oh god."}, {"speaker": "NANC", "phrase": " What'd you have."}, {"speaker": "DANA", "phrase": " I just had piece of toast."}, {"speaker": "KELL", "phrase": " Was that your dinner ?"}, {"speaker": "DANA", "phrase": " Yeah."}, {"speaker": "DANA", "phrase": " I haven't eaten"}, {"speaker": "DANA", "phrase": " since I ate that Chinese food today."}, {"speaker": "KELL", "phrase": " Well you should eat."}, {"speaker": "KELL", "phrase": " Oh"}, {"speaker": "KELL", "phrase": " Make yourself sandwich or something else."}, {"speaker": "DANA", "phrase": " I don't feel like eating sandwich."}, {"speaker": "NANC", "phrase": " I am so full."}, {"speaker": "DANA", "phrase": " just bought all this food."}, {"speaker": "DANA", "phrase": " But."}, {"speaker": "ARIA", "phrase": " But nothing seems good."}, {"speaker": "KELL", "phrase": " I know."}, {"speaker": "DANA", "phrase": " Well I could make."}, {"speaker": "KELL", "phrase": " I hate that feeling."}, {"speaker": "DANA", "phrase": " but I don't feel like making it."}, {"speaker": "KELL", "phrase": " Think of mash..."}, {"speaker": "DANA", "phrase": " cause"}, {"speaker": "DANA", "phrase": " I could just have Oodles of Noodles."}, {"speaker": "DANA", "phrase": " That sounds great."}, {"speaker": "ARIA", "phrase": " Mhm."}, {"speaker": "DANA", "phrase": "PAUSE"}, {"speaker": "DANA", "phrase": " Oh."}, {"speaker": "NANC", "phrase": " Mhm."}, {"speaker": "KELL", "phrase": "PAUSE"}, {"speaker": "DANA", "phrase": " I bought French bread."}, {"speaker": "DANA", "phrase": " Like real baguette."}, {"speaker": "NANC", "phrase": " Mm."}, {"speaker": "DANA", "phrase": " Do you like that kind ?"}, {"speaker": "DANA", "phrase": " I love bread."}, {"speaker": "KELL", "phrase": " Mhm."}, {"speaker": "DANA", "phrase": " I could just eat bread all night."}, {"speaker": "KELL", "phrase": " Me too."}, {"speaker": "ARIA", "phrase": " Yeah me too."}, {"speaker": "ARIA", "phrase": "PAUSE"}, {"speaker": "DANA", "phrase": " I'm so glad we have coffeemaker and coffee."}, {"speaker": "DANA", "phrase": " I'm gonna have coffee tomorrow morning."}, {"speaker": "NANC", "phrase": " Yepper."}, {"speaker": "ARIA", "phrase": " Smell it brewing ?"}, {"speaker": "DANA", "phrase": " Yeah."}, {"speaker": "NANC", "phrase": " I never know how much to put."}, {"speaker": "NANC", "phrase": " So you just have to like."}, {"speaker": "DANA", "phrase": " Oh I don't."}, {"speaker": "DANA", "phrase": " I just"}, {"speaker": "DANA", "phrase": "PAUSE"}, {"speaker": "NANC", "phrase": " yeah."}, {"speaker": "NANC", "phrase": " just guess until you get it right."}, {"speaker": "NANC", "phrase": " But."}, {"speaker": "DANA", "phrase": " Yeah."}, {"speaker": "NANC", "phrase": " I always make it too strong."}, {"speaker": "KELL", "phrase": " How do you work it."}, {"speaker": "KELL", "phrase": "PAUSE"}, {"speaker": "DANA", "phrase": "PAUSE"}, {"speaker": "NANC", "phrase": " You just."}, {"speaker": "KELL", "phrase": "PAUSE"}, {"speaker": "KELL", "phrase": "PAUSE"}, {"speaker": "NANC", "phrase": " pour the water"}, {"speaker": "NANC", "phrase": " let me see."}, {"speaker": "NANC", "phrase": " Like out of the back."}, {"speaker": "KELL", "phrase": " Like you put the coffee filter and the coffee"}, {"speaker": "KELL", "phrase": " in the little slidy thingy."}, {"speaker": "NANC", "phrase": " Yep"}, {"speaker": "NANC", "phrase": " put the coffee filter in here."}, {"speaker": "KELL", "phrase": " Yeah."}, {"speaker": "NANC", "phrase": " put the coffee in"}, {"speaker": "NANC", "phrase": " um."}, {"speaker": "KELL", "phrase": " and then you pour..."}, {"speaker": "NANC", "phrase": " Turn it on"}, {"speaker": "NANC", "phrase": " pour the water through."}, {"speaker": "KELL", "phrase": " How much water."}, {"speaker": "NANC", "phrase": "PAUSE"}, {"speaker": "KELL", "phrase": " The water."}, {"speaker": "KELL", "phrase": " Enough water"}, {"speaker": "KELL", "phrase": " like you fill up the little pot to the line."}, {"speaker": "NANC", "phrase": " Yep"}, {"speaker": "NANC", "phrase": "PAUSE"}, {"speaker": "NANC", "phrase": " However much you want."}, {"speaker": "DANA", "phrase": " However much you want."}, {"speaker": "KELL", "phrase": " Okay."}, {"speaker": "NANC", "phrase": " And then"}, {"speaker": "NANC", "phrase": " just do"}, {"speaker": "NANC", "phrase": " how."}, {"speaker": "NANC", "phrase": " how many scoops of."}, {"speaker": "DANA", "phrase": " Yeah."}, {"speaker": "DANA", "phrase": " Goes with that much."}, {"speaker": "KELL", "phrase": " Okay."}, {"speaker": "DANA", "phrase": " Those things are so cool."}, {"speaker": "ARIA", "phrase": " Those strawberry daiquiris were so good."}, {"speaker": "NANC", "phrase": " Weren't they so good ?"}, {"speaker": "ARIA", "phrase": "PAUSE"}, {"speaker": "DANA", "phrase": " What"}, {"speaker": "DANA", "phrase": " you had strawberry daiquiris ?"}, {"speaker": "ARIA", "phrase": " Yeah"}, {"speaker": "ARIA", "phrase": " with like cream on the top."}, {"speaker": "NANC", "phrase": " Mhm."}, {"speaker": "DANA", "phrase": "PAUSE"}, {"speaker": "NANC", "phrase": " They were so good."}, {"speaker": "KELL", "phrase": " Yum."}, {"speaker": "DANA", "phrase": "PAUSE"}, {"speaker": "ARIA", "phrase": " They were so good."}, {"speaker": "ARIA", "phrase": " Can't you just..."}, {"speaker": "NANC", "phrase": " They weren't like too strong."}, {"speaker": "ARIA", "phrase": " Unhunh."}, {"speaker": "NANC", "phrase": " you could just barely taste the rum ?"}, {"speaker": "ARIA", "phrase": " But it was strong enough so you could like."}, {"speaker": "NANC", "phrase": " You knew they weren't like virgin laugh."}, {"speaker": "ARIA", "phrase": " You knew they were."}, {"speaker": "ARIA", "phrase": " Like we had like five."}, {"speaker": "ARIA", "phrase": " My dad was suckingthemdown."}, {"speaker": "ARIA", "phrase": " Wasn't he ?"}, {"speaker": "ARIA", "phrase": " Mm."}, {"speaker": "DANA", "phrase": " How many did you have ?"}, {"speaker": "ARIA", "phrase": " We only had one"}, {"speaker": "ARIA", "phrase": " each."}, {"speaker": "DANA", "phrase": " Oh."}, {"speaker": "DANA", "phrase": "PAUSE"}, {"speaker": "DANA", "phrase": " Five..."}, {"speaker": "NANC", "phrase": " I know"}, {"speaker": "NANC", "phrase": " I had like two sips on mine"}, {"speaker": "NANC", "phrase": " he had like finished his."}, {"speaker": "ARIA", "phrase": " My dad was like"}, {"speaker": "ARIA", "phrase": "PAUSE"}, {"speaker": "DANA", "phrase": "PAUSE"}, {"speaker": "ARIA", "phrase": "PAUSE"}, {"speaker": "ARIA", "phrase": " He is so psyched."}, {"speaker": "DANA", "phrase": " So you don't have to drivethemto the airport ?"}, {"speaker": "ARIA", "phrase": " No"}, {"speaker": "ARIA", "phrase": " thank God."}, {"speaker": "ARIA", "phrase": " I didn't want to be like"}, {"speaker": "ARIA", "phrase": " okay Cheryl go ahead."}, {"speaker": "ARIA", "phrase": " But I was like"}, {"speaker": "ARIA", "phrase": " Come on."}, {"speaker": "ARIA", "phrase": " You can do it."}, {"speaker": "DANA", "phrase": " Drivethemto the airport."}, {"speaker": "DANA", "phrase": " Um"}, {"speaker": "DANA", "phrase": " oh we were thinking"}, {"speaker": "DANA", "phrase": " everybody could have shelf"}, {"speaker": "DANA", "phrase": " in there for their food ?"}, {"speaker": "ARIA", "phrase": " Mm."}, {"speaker": "DANA", "phrase": " So we would have to switch around"}, {"speaker": "DANA", "phrase": " cause all your stuff is like spread out."}, {"speaker": "ARIA", "phrase": " Right."}, {"speaker": "DANA", "phrase": " But you also have lotta stuff."}, {"speaker": "ARIA", "phrase": " That's fine."}, {"speaker": "DANA", "phrase": " Anyway."}, {"speaker": "DANA", "phrase": " Doesn't matter."}, {"speaker": "DANA", "phrase": " Cause then"}, {"speaker": "DANA", "phrase": " or else Kelly put some of her stuff down there."}, {"speaker": "KELL", "phrase": " Cause then"}, {"speaker": "KELL", "phrase": " maybe like"}, {"speaker": "KELL", "phrase": " two people could share that"}, {"speaker": "KELL", "phrase": " and two people could take the shelves in there or something ?"}, {"speaker": "KELL", "phrase": " Like"}, {"speaker": "KELL", "phrase": " cause that's big cabinet."}, {"speaker": "KELL", "phrase": " Or or yeah."}, {"speaker": "DANA", "phrase": " It's empty."}, {"speaker": "ARIA", "phrase": " Yeah."}, {"speaker": "KELL", "phrase": "..."}, {"speaker": "ARIA", "phrase": " it's totally empty."}, {"speaker": "KELL", "phrase": " It's totally empty"}, {"speaker": "KELL", "phrase": " there's like pans on that shelf there"}, {"speaker": "KELL", "phrase": " but that's okay"}, {"speaker": "KELL", "phrase": " the whole bottom's empty yeah."}, {"speaker": "KELL", "phrase": " I don't know"}, {"speaker": "KELL", "phrase": " what."}, {"speaker": "KELL", "phrase": " whatever."}, {"speaker": "KELL", "phrase": " Mm."}, {"speaker": "ARIA", "phrase": " Cause last year"}, {"speaker": "ARIA", "phrase": " we said"}, {"speaker": "ARIA", "phrase": " oh"}, {"speaker": "ARIA", "phrase": " well we'll all share food ?"}, {"speaker": "DANA", "phrase": " Unhunh."}, {"speaker": "KELL", "phrase": " Mm."}, {"speaker": "ARIA", "phrase": " And then"}, {"speaker": "ARIA", "phrase": " like"}, {"speaker": "ARIA", "phrase": " with Moll"}, {"speaker": "ARIA", "phrase": " who you do not wanna be sharing food with."}, {"speaker": "DANA", "phrase": " Unhunh."}, {"speaker": "ARIA", "phrase": " Then we each had our own cupboard."}, {"speaker": "X", "phrase": "PAUSE"}, {"speaker": "ARIA", "phrase": " and that worked out pretty well ?"}, {"speaker": "NANC", "phrase": " Yeah."}, {"speaker": "ARIA", "phrase": " But you shared certain things."}, {"speaker": "DANA", "phrase": " Yeah."}, {"speaker": "NANC", "phrase": " Yeah."}, {"speaker": "ARIA", "phrase": " You know what I mean."}, {"speaker": "NANC", "phrase": " Yeah."}, {"speaker": "DANA", "phrase": " Like like."}, {"speaker": "ARIA", "phrase": " like you share."}, {"speaker": "KELL", "phrase": " The mayonnaise."}, {"speaker": "DANA", "phrase": " Like butter."}, {"speaker": "KELL", "phrase": " and the mustard."}, {"speaker": "NANC", "phrase": " Right."}, {"speaker": "DANA", "phrase": " and mayonnaise."}, {"speaker": "KELL", "phrase": " and that stuff that goes in the fridge."}, {"speaker": "DANA", "phrase": " and all that stuff."}, {"speaker": "KELL", "phrase": " and s..."}, {"speaker": "ARIA", "phrase": " Unhunh."}, {"speaker": "DANA", "phrase": " that doesn't go away."}, {"speaker": "KELL", "phrase": " And jam."}, {"speaker": "DANA", "phrase": " for long time you know."}, {"speaker": "ARIA", "phrase": " Yeah."}, {"speaker": "KELL", "phrase": " Right."}, {"speaker": "DANA", "phrase": "PAUSE"}, {"speaker": "ARIA", "phrase": " Right."}, {"speaker": "KELL", "phrase": " I mean that's different."}, {"speaker": "DANA", "phrase": " But like little things like."}, {"speaker": "ARIA", "phrase": " Or like drinks."}, {"speaker": "ARIA", "phrase": " Like when we even mixed iced tea or something."}, {"speaker": "DANA", "phrase": " Yeah."}, {"speaker": "DANA", "phrase": " Yeah."}, {"speaker": "ARIA", "phrase": " they just drank it."}, {"speaker": "ARIA", "phrase": " We can do that."}, {"speaker": "DANA", "phrase": " Like there's"}, {"speaker": "DANA", "phrase": " I bought cranberry juice so."}, {"speaker": "ARIA", "phrase": " Mm."}, {"speaker": "DANA", "phrase": " free for all man."}, {"speaker": "NANC", "phrase": " Mhm."}, {"speaker": "ARIA", "phrase": " And like I don't like."}, {"speaker": "ARIA", "phrase": " soup or something."}, {"speaker": "NANC", "phrase": " That's good idea."}, {"speaker": "ARIA", "phrase": " if someone's just like."}, {"speaker": "NANC", "phrase": " and I don't remember like."}, {"speaker": "ARIA", "phrase": " wants soup."}, {"speaker": "NANC", "phrase": " how many"}, {"speaker": "NANC", "phrase": " like"}, {"speaker": "NANC", "phrase": " what I bought."}, {"speaker": "NANC", "phrase": " So"}, {"speaker": "NANC", "phrase": " we should probably should split it up."}, {"speaker": "NANC", "phrase": " Not that I care if you."}, {"speaker": "KELL", "phrase": " No"}, {"speaker": "KELL", "phrase": " I don't care ?"}, {"speaker": "NANC", "phrase": " Eat can of Spaghetti O's."}, {"speaker": "KELL", "phrase": " right."}, {"speaker": "NANC", "phrase": " But like."}, {"speaker": "ARIA", "phrase": " Right."}, {"speaker": "ARIA", "phrase": " Exactly."}, {"speaker": "KELL", "phrase": " But like"}, {"speaker": "KELL", "phrase": " every can of Spaghetti O's."}, {"speaker": "NANC", "phrase": " I know"}, {"speaker": "NANC", "phrase": " I hear noises too."}, {"speaker": "KELL", "phrase": " Yeah"}, {"speaker": "KELL", "phrase": " isn't that strange ?"}, {"speaker": "NANC", "phrase": " Mustang Sally"}, {"speaker": "NANC", "phrase": " Let's listen to the Commitments."}, {"speaker": "NANC", "phrase": " You wanna ?"}, {"speaker": "ARIA", "phrase": " Sure"}, {"speaker": "ARIA", "phrase": " it's right in there."}]}