{"text": [{"speaker": "JAMI", "phrase": " How can you teach threeyearold to tap dance."}, {"speaker": "HARO", "phrase": " I can't imagine teaching."}, {"speaker": "HARO", "phrase": " Yeah laugh"}, {"speaker": "HARO", "phrase": " really."}, {"speaker": "JAMI", "phrase": "PAUSE"}, {"speaker": "MILE", "phrase": " Who suggested this to em."}, {"speaker": "HARO", "phrase": " I have no idea."}, {"speaker": "HARO", "phrase": " It was probably my sisterinlaw's idea because"}, {"speaker": "HARO", "phrase": " I think they saw that movie."}, {"speaker": "JAMI", "phrase": " Tap ?"}, {"speaker": "JAMI", "phrase": "..."}, {"speaker": "HARO", "phrase": " What was the."}, {"speaker": "MILE", "phrase": " They had..."}, {"speaker": "HARO", "phrase": " the movie with that really hot tap dancer."}, {"speaker": "JAMI", "phrase": " Oh that kid."}, {"speaker": "MILE", "phrase": " He was actually here two weeks ago"}, {"speaker": "MILE", "phrase": " and I missed him."}, {"speaker": "JAMI", "phrase": " at the at the jazz tap thing or whatever."}, {"speaker": "HARO", "phrase": " Was he little kid ?"}, {"speaker": "MILE", "phrase": " No he's sixteen now."}, {"speaker": "JAMI", "phrase": " No he's like."}, {"speaker": "JAMI", "phrase": " Yeah he's teenager"}, {"speaker": "JAMI", "phrase": " but he teaches these classes in New York."}, {"speaker": "MILE", "phrase": " That boy"}, {"speaker": "MILE", "phrase": " he's supposed to be awesome."}, {"speaker": "JAMI", "phrase": " Yeah."}, {"speaker": "JAMI", "phrase": " Really fast."}, {"speaker": "PETE", "phrase": " Hm."}, {"speaker": "HARO", "phrase": " But I'm sure that was the the impetus."}, {"speaker": "MILE", "phrase": " Have you seen him ?"}, {"speaker": "JAMI", "phrase": " No."}, {"speaker": "JAMI", "phrase": " I just read an article on him."}, {"speaker": "MILE", "phrase": " You you probably read the same Examiner article I read."}, {"speaker": "JAMI", "phrase": " Yeah"}, {"speaker": "JAMI", "phrase": " probably"}, {"speaker": "JAMI", "phrase": " yeah."}, {"speaker": "MILE", "phrase": " talking about how Gregory Hines said"}, {"speaker": "MILE", "phrase": " he doesn't realize human being can't tap that fast ?"}, {"speaker": "JAMI", "phrase": " Right."}, {"speaker": "JAMI", "phrase": " Right."}, {"speaker": "PETE", "phrase": "PAUSE"}, {"speaker": "JAMI", "phrase": " Yeah."}, {"speaker": "MILE", "phrase": " And they were talking about how"}, {"speaker": "MILE", "phrase": " he's teaching these classes."}, {"speaker": "PETE", "phrase": " Hm."}, {"speaker": "MILE", "phrase": " and I guess he really goes fast."}, {"speaker": "MILE", "phrase": " And."}, {"speaker": "JAMI", "phrase": " Yeah."}, {"speaker": "MILE", "phrase": " he..."}, {"speaker": "JAMI", "phrase": " He doesn't explain anything precisely."}, {"speaker": "MILE", "phrase": " He has to double it down to like one fifth speed or something"}, {"speaker": "MILE", "phrase": "before they can pick it"}, {"speaker": "MILE", "phrase": "PAUSE"}, {"speaker": "HARO", "phrase": " Well I'm sure Thomas is all over it."}, {"speaker": "JAMI", "phrase": " Probably..."}, {"speaker": "HARO", "phrase": " I mean he has..."}, {"speaker": "MILE", "phrase": " could have seen him."}, {"speaker": "HARO", "phrase": " I guess that means his broken leg is doing laugh okay laugh."}, {"speaker": "PETE", "phrase": " I was wondering about that"}, {"speaker": "PETE", "phrase": " I was imagining he had broke an arm or something."}, {"speaker": "JAMI", "phrase": " Oh yeah."}, {"speaker": "PETE", "phrase": " But it was his leg ?"}, {"speaker": "HARO", "phrase": " Yeah."}, {"speaker": "PETE", "phrase": " That's like"}, {"speaker": "PETE", "phrase": " I guess that he was being hauled around in little wagon and stuff."}, {"speaker": "HARO", "phrase": " Right."}, {"speaker": "HARO", "phrase": " He healed very quickly."}, {"speaker": "JAMI", "phrase": " Guess kids' bones"}, {"speaker": "JAMI", "phrase": " just like grow back really fast."}, {"speaker": "PETE", "phrase": " Mhm."}, {"speaker": "HARO", "phrase": " Yeah."}, {"speaker": "HARO", "phrase": " I think they're really soft to start with."}, {"speaker": "JAMI", "phrase": " They're made of rubber."}, {"speaker": "JAMI", "phrase": " that's it."}, {"speaker": "HARO", "phrase": " That's why"}, {"speaker": "HARO", "phrase": " little kids usually don't break their legs anyway."}, {"speaker": "PETE", "phrase": " Cause they're so."}, {"speaker": "JAMI", "phrase": " Cause they're made of rubber."}, {"speaker": "MILE", "phrase": " But they have more cartilage than"}, {"speaker": "MILE", "phrase": " you know."}, {"speaker": "HARO", "phrase": " Yeah"}, {"speaker": "HARO", "phrase": " aren't they real"}, {"speaker": "HARO", "phrase": " aren't their legs pretty soft ?"}, {"speaker": "MILE", "phrase": " Yeah"}, {"speaker": "MILE", "phrase": " there's less calcium \u0294uh deposits in them."}, {"speaker": "MILE", "phrase": " And also."}, {"speaker": "PETE", "phrase": " Mm."}, {"speaker": "MILE", "phrase": " they're still growing."}, {"speaker": "MILE", "phrase": " And the way bones grow is"}, {"speaker": "MILE", "phrase": " you make cartilage"}, {"speaker": "MILE", "phrase": " and then you deposit calcium in it."}, {"speaker": "HARO", "phrase": " Oh"}, {"speaker": "HARO", "phrase": " and then that turns into hard bone."}, {"speaker": "MILE", "phrase": " So that's why they always have more flexibility."}, {"speaker": "MILE", "phrase": " Cause as they're growing."}, {"speaker": "PETE", "phrase": " Hm."}, {"speaker": "MILE", "phrase": " you're making cartilage."}, {"speaker": "MILE", "phrase": " So it..."}, {"speaker": "PETE", "phrase": " Mhm."}, {"speaker": "MILE", "phrase": " They always have that"}, {"speaker": "MILE", "phrase": " until they reach adulthood"}, {"speaker": "MILE", "phrase": " in which case."}, {"speaker": "HARO", "phrase": " They get old and cranky like the rest of us."}, {"speaker": "MILE", "phrase": " it stops."}, {"speaker": "JAMI", "phrase": "PAUSE"}, {"speaker": "PETE", "phrase": " Unhunh."}, {"speaker": "JAMI", "phrase": "PAUSE"}, {"speaker": "PETE", "phrase": " and then they break."}, {"speaker": "JAMI", "phrase": " Old and rickety and brittle."}, {"speaker": "PETE", "phrase": " Mhm."}, {"speaker": "HARO", "phrase": " Mhm"}, {"speaker": "HARO", "phrase": " uncoordinated and unflexible."}, {"speaker": "PETE", "phrase": " Right."}, {"speaker": "HARO", "phrase": " Stiff."}, {"speaker": "JAMI", "phrase": " Inflexible ?"}, {"speaker": "PETE", "phrase": " That too."}, {"speaker": "MILE", "phrase": " What are you planning on doing with dancing"}, {"speaker": "MILE", "phrase": " Harold ?"}, {"speaker": "MILE", "phrase": " You were taking some classes last fall ?"}, {"speaker": "HARO", "phrase": " I'll take few more."}, {"speaker": "HARO", "phrase": " as a\u0294..."}, {"speaker": "JAMI", "phrase": " You will ?"}, {"speaker": "HARO", "phrase": " It turns out as spouse"}, {"speaker": "HARO", "phrase": " I get in free."}, {"speaker": "HARO", "phrase": "PAUSE"}, {"speaker": "PETE", "phrase": " Oh really."}, {"speaker": "HARO", "phrase": " So."}, {"speaker": "PETE", "phrase": " That's not bad."}, {"speaker": "JAMI", "phrase": " to group classes"}, {"speaker": "JAMI", "phrase": " yeah."}, {"speaker": "PETE", "phrase": " Hm."}, {"speaker": "HARO", "phrase": " So"}, {"speaker": "HARO", "phrase": " I should do that."}, {"speaker": "MILE", "phrase": " Oh really ?"}, {"speaker": "JAMI", "phrase": " Mhm."}, {"speaker": "MILE", "phrase": " That's why you married her."}, {"speaker": "MILE", "phrase": "PAUSE"}, {"speaker": "MILE", "phrase": "PAUSE"}, {"speaker": "JAMI", "phrase": "PAUSE"}, {"speaker": "JAMI", "phrase": " Some ben efit."}, {"speaker": "PETE", "phrase": " Mm."}, {"speaker": "JAMI", "phrase": " hunh."}, {"speaker": "JAMI", "phrase": "PAUSE"}, {"speaker": "MILE", "phrase": "PAUSE"}, {"speaker": "PETE", "phrase": " Mhm."}, {"speaker": "JAMI", "phrase": "PAUSE"}, {"speaker": "HARO", "phrase": " Better than nothing."}, {"speaker": "MILE", "phrase": "PAUSE"}, {"speaker": "PETE", "phrase": "PAUSE"}, {"speaker": "JAMI", "phrase": " Oh"}, {"speaker": "JAMI", "phrase": " I cannot be lieve you said that."}, {"speaker": "PETE", "phrase": "PAUSE"}, {"speaker": "JAMI", "phrase": " What jerk you are."}, {"speaker": "PETE", "phrase": "PAUSE"}, {"speaker": "MILE", "phrase": "PAUSE"}, {"speaker": "JAMI", "phrase": " Aren't you guys gonna stick up for me ?"}, {"speaker": "JAMI", "phrase": " and beat up on him or something ?"}, {"speaker": "MILE", "phrase": " He's bigger than I am."}, {"speaker": "PETE", "phrase": "PAUSE"}, {"speaker": "PETE", "phrase": "PAUSE"}, {"speaker": "MILE", "phrase": " He's not bigger than you."}, {"speaker": "PETE", "phrase": " No."}, {"speaker": "HARO", "phrase": " But he's my..."}, {"speaker": "MILE", "phrase": "PAUSE"}, {"speaker": "HARO", "phrase": " he's my friend."}, {"speaker": "PETE", "phrase": " that's right."}, {"speaker": "MILE", "phrase": "PAUSE"}, {"speaker": "JAMI", "phrase": "PAUSE"}, {"speaker": "PETE", "phrase": " You know who I'll stick up for."}, {"speaker": "MILE", "phrase": "PAUSE"}, {"speaker": "JAMI", "phrase": "PAUSE"}, {"speaker": "PETE", "phrase": " I stuck up for you today at that store."}, {"speaker": "HARO", "phrase": " That's true."}, {"speaker": "JAMI", "phrase": " You did."}, {"speaker": "JAMI", "phrase": " You made me get the."}, {"speaker": "PETE", "phrase": " Mhm."}, {"speaker": "JAMI", "phrase": " um."}, {"speaker": "PETE", "phrase": " that's right."}, {"speaker": "JAMI", "phrase": " the green scarf."}, {"speaker": "JAMI", "phrase": " That's right."}, {"speaker": "JAMI", "phrase": " He was my fashion consultant today."}, {"speaker": "PETE", "phrase": " Right."}, {"speaker": "PETE", "phrase": "PAUSE"}, {"speaker": "MILE", "phrase": " Hm."}, {"speaker": "PETE", "phrase": "PAUSE"}, {"speaker": "HARO", "phrase": " I wasn't ?"}, {"speaker": "PETE", "phrase": " That's right."}, {"speaker": "JAMI", "phrase": " Well."}, {"speaker": "JAMI", "phrase": " I don't know."}, {"speaker": "HARO", "phrase": " We were at this dumb store"}, {"speaker": "HARO", "phrase": " and the clerk kept trying to keep us interested."}, {"speaker": "PETE", "phrase": " Hm."}, {"speaker": "HARO", "phrase": " while she was buying."}, {"speaker": "PETE", "phrase": " that's right."}, {"speaker": "MILE", "phrase": "PAUSE"}, {"speaker": "PETE", "phrase": " Don't you wanna try on the men's clothes ?"}, {"speaker": "PETE", "phrase": "PAUSE"}, {"speaker": "JAMI", "phrase": " I'm the one who suggested that"}, {"speaker": "JAMI", "phrase": " so you wouldn't be so bored."}, {"speaker": "JAMI", "phrase": "PAUSE"}, {"speaker": "PETE", "phrase": " Well..."}, {"speaker": "JAMI", "phrase": " So they tried on the men's clothes"}, {"speaker": "JAMI", "phrase": " and they had very small selection of men's clothes"}, {"speaker": "JAMI", "phrase": "PAUSE"}, {"speaker": "PETE", "phrase": " Mhm."}, {"speaker": "JAMI", "phrase": " they try on these really great pants"}, {"speaker": "JAMI", "phrase": " and they look really good in them."}, {"speaker": "JAMI", "phrase": " Then they didn't buy em."}, {"speaker": "PETE", "phrase": " Right."}, {"speaker": "PETE", "phrase": " Well."}, {"speaker": "JAMI", "phrase": " You know how boys are."}, {"speaker": "JAMI", "phrase": " They never buy clothes."}, {"speaker": "PETE", "phrase": " Broke."}, {"speaker": "PETE", "phrase": "PAUSE"}, {"speaker": "JAMI", "phrase": " Broke"}, {"speaker": "JAMI", "phrase": " Yeah laugh."}, {"speaker": "JAMI", "phrase": " Students are are broke."}, {"speaker": "JAMI", "phrase": "PAUSE"}, {"speaker": "PETE", "phrase": " Right."}, {"speaker": "ENV", "phrase": "PAUSE"}, {"speaker": "MILE", "phrase": " \u0294uh"}, {"speaker": "MILE", "phrase": " is that that ?"}, {"speaker": "MILE", "phrase": " Or is that real..."}, {"speaker": "JAMI", "phrase": " Yeah"}, {"speaker": "JAMI", "phrase": " that's tape."}, {"speaker": "JAMI", "phrase": " That's tape."}, {"speaker": "MILE", "phrase": " Where's it coming from."}, {"speaker": "JAMI", "phrase": "PAUSE"}, {"speaker": "PETE", "phrase": " the speaker over there laugh."}, {"speaker": "HARO", "phrase": " The speakers."}, {"speaker": "HARO", "phrase": " You know these boxes ?"}, {"speaker": "JAMI", "phrase": "PAUSE"}, {"speaker": "HARO", "phrase": "PAUSE"}, {"speaker": "JAMI", "phrase": "PAUSE"}, {"speaker": "PETE", "phrase": "PAUSE"}, {"speaker": "JAMI", "phrase": "..."}, {"speaker": "MILE", "phrase": " You must have good stereo."}, {"speaker": "MILE", "phrase": " Cause I feel like I'm hearing..."}, {"speaker": "HARO", "phrase": " We have \u0294uh."}, {"speaker": "HARO", "phrase": " These are like."}, {"speaker": "JAMI", "phrase": " the world's worst speakers."}, {"speaker": "MILE", "phrase": " Where is the other one."}, {"speaker": "HARO", "phrase": " These are the shittiest speakers on earth."}, {"speaker": "JAMI", "phrase": " Over here."}, {"speaker": "PETE", "phrase": "PAUSE"}, {"speaker": "JAMI", "phrase": " besides the ones in the kitchen."}, {"speaker": "HARO", "phrase": " And these are an improvement over my last laugh ones laugh."}, {"speaker": "MILE", "phrase": " I thought that was the real thing."}, {"speaker": "HARO", "phrase": " You think we have like jazz band next door ?"}, {"speaker": "MILE", "phrase": " In fact I was getting ready to say."}, {"speaker": "PETE", "phrase": "PAUSE"}, {"speaker": "MILE", "phrase": " is there somebody downstairs"}, {"speaker": "MILE", "phrase": " playing ?"}, {"speaker": "JAMI", "phrase": "PAUSE"}, {"speaker": "PETE", "phrase": " I mean that was what I first."}, {"speaker": "JAMI", "phrase": " It's our garage band."}, {"speaker": "PETE", "phrase": " when when the jazz came on."}, {"speaker": "PETE", "phrase": " As compared to the other stuff"}, {"speaker": "PETE", "phrase": " for some reason it sounded like it was out there"}, {"speaker": "PETE", "phrase": " or kind of coming in from some place."}, {"speaker": "JAMI", "phrase": " Unhunh ?"}, {"speaker": "HARO", "phrase": " Hm."}, {"speaker": "JAMI", "phrase": " Hunh."}, {"speaker": "HARO", "phrase": " Well that would be nice to have little jazz band next door."}, {"speaker": "PETE", "phrase": " Right."}, {"speaker": "HARO", "phrase": " wouldn't it."}, {"speaker": "JAMI", "phrase": " No."}, {"speaker": "PETE", "phrase": " Mhm."}, {"speaker": "HARO", "phrase": " Usually we just have really loud salsa parties across the street."}, {"speaker": "JAMI", "phrase": " That's fun too."}, {"speaker": "JAMI", "phrase": " And teenagers."}, {"speaker": "JAMI", "phrase": " kissing each other on the sidewalk."}, {"speaker": "HARO", "phrase": " Hm."}, {"speaker": "PETE", "phrase": " Hm."}, {"speaker": "HARO", "phrase": "PAUSE"}, {"speaker": "PETE", "phrase": " And little kids throwing paint in your backyard."}, {"speaker": "HARO", "phrase": " Yeah."}, {"speaker": "JAMI", "phrase": "PAUSE"}, {"speaker": "PETE", "phrase": "PAUSE"}, {"speaker": "JAMI", "phrase": "PAUSE"}, {"speaker": "HARO", "phrase": " And in the front."}, {"speaker": "HARO", "phrase": " You saw that."}, {"speaker": "PETE", "phrase": " I saw that"}, {"speaker": "PETE", "phrase": " right in the front."}, {"speaker": "HARO", "phrase": " But..."}, {"speaker": "JAMI", "phrase": " Well what is it"}, {"speaker": "JAMI", "phrase": " paint ?"}, {"speaker": "PETE", "phrase": " It was the same color or something."}, {"speaker": "HARO", "phrase": " It was like."}, {"speaker": "JAMI", "phrase": " Or is it chalk."}, {"speaker": "HARO", "phrase": " Well I."}, {"speaker": "HARO", "phrase": " I went out one morning"}, {"speaker": "HARO", "phrase": " and I saw it all around"}, {"speaker": "HARO", "phrase": " and it was like on the back bumper of the Honda"}, {"speaker": "HARO", "phrase": " too."}, {"speaker": "PETE", "phrase": " Oh rude."}, {"speaker": "HARO", "phrase": " So I thought oh shit"}, {"speaker": "HARO", "phrase": " I'd better try to wipe that off"}, {"speaker": "HARO", "phrase": " so I I"}, {"speaker": "HARO", "phrase": " I went and got wet rag and wiped it off the car."}, {"speaker": "HARO", "phrase": " And it came off really easily."}, {"speaker": "HARO", "phrase": " And then I saw there was like this tube of it."}, {"speaker": "JAMI", "phrase": " But it was paint ?"}, {"speaker": "HARO", "phrase": " This whole tube of it across the street."}, {"speaker": "JAMI", "phrase": " Those kids are just..."}, {"speaker": "HARO", "phrase": " sitting in the gutter."}, {"speaker": "HARO", "phrase": " So I threw it away."}, {"speaker": "JAMI", "phrase": " And she's pregnant with another one."}, {"speaker": "JAMI", "phrase": " There gonna have another..."}, {"speaker": "HARO", "phrase": " Which one is pregnant."}, {"speaker": "JAMI", "phrase": " brat."}, {"speaker": "HARO", "phrase": " The the the really fat redhaired woman ?"}, {"speaker": "JAMI", "phrase": " The mother."}, {"speaker": "JAMI", "phrase": " The get over here you"}, {"speaker": "JAMI", "phrase": " nya nya nya nya nya nya nya."}, {"speaker": "HARO", "phrase": " Does she even have a ?"}, {"speaker": "HARO", "phrase": " I guess she must."}, {"speaker": "MILE", "phrase": " Does she have what ?"}, {"speaker": "JAMI", "phrase": " A man."}, {"speaker": "HARO", "phrase": " A man."}, {"speaker": "PETE", "phrase": "PAUSE"}, {"speaker": "JAMI", "phrase": " She has some kind of..."}, {"speaker": "MILE", "phrase": " At least temporarily."}, {"speaker": "PETE", "phrase": " Yeah."}, {"speaker": "HARO", "phrase": " Yeah."}, {"speaker": "JAMI", "phrase": " At one time."}, {"speaker": "HARO", "phrase": " For about five minutes"}, {"speaker": "HARO", "phrase": " probably."}, {"speaker": "MILE", "phrase": "PAUSE"}, {"speaker": "PETE", "phrase": "PAUSE"}, {"speaker": "JAMI", "phrase": " And they were banging their their soccer ball up against our."}, {"speaker": "JAMI", "phrase": " below the bedroom the study window ?"}, {"speaker": "HARO", "phrase": " So Jamie the old lady went and yelled at em."}, {"speaker": "JAMI", "phrase": " I opened \u0294uh..."}, {"speaker": "PETE", "phrase": " Mhm."}, {"speaker": "JAMI", "phrase": " Ah"}, {"speaker": "JAMI", "phrase": " you mind moving"}, {"speaker": "JAMI", "phrase": " getting away from there"}, {"speaker": "JAMI", "phrase": " thank you."}, {"speaker": "JAMI", "phrase": " I laugh felt like such an old lady."}, {"speaker": "PETE", "phrase": "PAUSE"}, {"speaker": "HARO", "phrase": " It's so bad."}, {"speaker": "JAMI", "phrase": " With those kids"}, {"speaker": "JAMI", "phrase": " they make us feel so old."}, {"speaker": "PETE", "phrase": " How many of them are there."}, {"speaker": "HARO", "phrase": " Eight hundred."}, {"speaker": "PETE", "phrase": " yow."}, {"speaker": "JAMI", "phrase": "PAUSE"}, {"speaker": "HARO", "phrase": " There's two."}, {"speaker": "PETE", "phrase": "PAUSE"}, {"speaker": "MILE", "phrase": "PAUSE"}, {"speaker": "JAMI", "phrase": " No"}, {"speaker": "JAMI", "phrase": " there's."}, {"speaker": "PETE", "phrase": "PAUSE"}, {"speaker": "JAMI", "phrase": " There's two young ones"}, {"speaker": "JAMI", "phrase": " and one who's like twelve ?"}, {"speaker": "HARO", "phrase": " Oh"}, {"speaker": "HARO", "phrase": " the cow."}, {"speaker": "JAMI", "phrase": " who has friends ?"}, {"speaker": "PETE", "phrase": " Unhunh."}, {"speaker": "JAMI", "phrase": " the cow."}, {"speaker": "PETE", "phrase": " Hm."}, {"speaker": "JAMI", "phrase": " The older cow"}, {"speaker": "JAMI", "phrase": " and then there's the middle cow"}, {"speaker": "JAMI", "phrase": " and there's little young cow ?"}, {"speaker": "PETE", "phrase": "PAUSE"}, {"speaker": "MILE", "phrase": "PAUSE"}, {"speaker": "PETE", "phrase": " The little baby cow."}, {"speaker": "JAMI", "phrase": " The butterball ?"}, {"speaker": "PETE", "phrase": " The calf ?"}, {"speaker": "HARO", "phrase": " GeeZheezhee."}, {"speaker": "JAMI", "phrase": " The."}, {"speaker": "PETE", "phrase": " Zheezhee the calf ?"}, {"speaker": "JAMI", "phrase": " The butterball."}, {"speaker": "HARO", "phrase": "PAUSE"}, {"speaker": "PETE", "phrase": "PAUSE"}, {"speaker": "JAMI", "phrase": " The butterball."}, {"speaker": "JAMI", "phrase": " They used to have this little butterball"}, {"speaker": "JAMI", "phrase": "PAUSE"}, {"speaker": "JAMI", "phrase": " when we first moved in"}, {"speaker": "JAMI", "phrase": " he would"}, {"speaker": "JAMI", "phrase": " he'd be running around"}, {"speaker": "JAMI", "phrase": " in the street with his diapers on."}, {"speaker": "JAMI", "phrase": " this butterball of kid."}, {"speaker": "HARO", "phrase": " and then he'd stop and go"}, {"speaker": "HARO", "phrase": "PAUSE"}, {"speaker": "JAMI", "phrase": " He'd wheeze"}, {"speaker": "JAMI", "phrase": " once he stopped running."}, {"speaker": "HARO", "phrase": " Cause he's so fat"}, {"speaker": "HARO", "phrase": " that whenever he runs"}, {"speaker": "HARO", "phrase": " he gets really winded."}, {"speaker": "HARO", "phrase": " And he's"}, {"speaker": "HARO", "phrase": " you know"}, {"speaker": "HARO", "phrase": " year and half years old."}, {"speaker": "JAMI", "phrase": " Or two years old."}, {"speaker": "HARO", "phrase": " A year and half old."}, {"speaker": "JAMI", "phrase": " A year and half years old."}, {"speaker": "PETE", "phrase": "PAUSE"}, {"speaker": "MILE", "phrase": "PAUSE"}, {"speaker": "JAMI", "phrase": "PAUSE"}, {"speaker": "JAMI", "phrase": " Uh."}, {"speaker": "JAMI", "phrase": " They're terrible."}, {"speaker": "JAMI", "phrase": " Really."}, {"speaker": "HARO", "phrase": " I can't."}, {"speaker": "HARO", "phrase": " How do you."}, {"speaker": "HARO", "phrase": " She just looks pregnant ?"}, {"speaker": "HARO", "phrase": " now ?"}, {"speaker": "JAMI", "phrase": " She's pregnant."}, {"speaker": "JAMI", "phrase": " She's totally pregnant."}, {"speaker": "HARO", "phrase": " Oh."}, {"speaker": "JAMI", "phrase": " It's not eating too much"}, {"speaker": "JAMI", "phrase": " she's pregnant."}, {"speaker": "HARO", "phrase": " So"}, {"speaker": "HARO", "phrase": " I guess"}, {"speaker": "HARO", "phrase": " I mean this just happened ?"}, {"speaker": "HARO", "phrase": " Or."}, {"speaker": "JAMI", "phrase": " We're gonna have babies crying."}, {"speaker": "JAMI", "phrase": " in the middle of the night."}, {"speaker": "HARO", "phrase": "PAUSE"}, {"speaker": "HARO", "phrase": "Well it's no worse than her screaming at them"}, {"speaker": "HARO", "phrase": " is it ?"}, {"speaker": "PETE", "phrase": " Yeah but now you'll have both."}, {"speaker": "JAMI", "phrase": " Yeah right."}, {"speaker": "JAMI", "phrase": " Probably be like"}, {"speaker": "JAMI", "phrase": " shut up you"}, {"speaker": "JAMI", "phrase": " you know"}, {"speaker": "JAMI", "phrase": " ?"}, {"speaker": "JAMI", "phrase": " Oh God."}, {"speaker": "JAMI", "phrase": " I feel."}, {"speaker": "JAMI", "phrase": " I feel like such an old lady."}, {"speaker": "JAMI", "phrase": " But I."}, {"speaker": "JAMI", "phrase": " they just really annoy me."}, {"speaker": "JAMI", "phrase": " kay."}, {"speaker": "MILE", "phrase": " Hunh."}, {"speaker": "JAMI", "phrase": " New subject"}, {"speaker": "JAMI", "phrase": "PAUSE"}, {"speaker": "PETE", "phrase": " Hm."}, {"speaker": "JAMI", "phrase": "PAUSE"}, {"speaker": "HARO", "phrase": " Well it's cause they have no respect."}, {"speaker": "JAMI", "phrase": " Yeah"}, {"speaker": "JAMI", "phrase": " I guess so."}, {"speaker": "MILE", "phrase": " Those two top masks"}, {"speaker": "MILE", "phrase": " there."}, {"speaker": "HARO", "phrase": " Yep."}, {"speaker": "JAMI", "phrase": "PAUSE"}, {"speaker": "HARO", "phrase": " We need verb."}, {"speaker": "MILE", "phrase": " I guess the ones below are women."}, {"speaker": "PETE", "phrase": "PAUSE"}, {"speaker": "JAMI", "phrase": "PAUSE"}, {"speaker": "MILE", "phrase": " Is that why they look so different ?"}, {"speaker": "JAMI", "phrase": "PAUSE"}, {"speaker": "HARO", "phrase": " Uhoh."}, {"speaker": "MILE", "phrase": " I mean"}, {"speaker": "MILE", "phrase": "PAUSE"}, {"speaker": "MILE", "phrase": " Well you see their eyeballs"}, {"speaker": "MILE", "phrase": " I guess."}, {"speaker": "PETE", "phrase": " Right."}, {"speaker": "PETE", "phrase": " Yeah the other..."}, {"speaker": "MILE", "phrase": " In addition to mustache and beard."}, {"speaker": "MILE", "phrase": " But the thing is"}, {"speaker": "MILE", "phrase": " that second one looks like the guy who was in one of the Oba Oba skits."}, {"speaker": "JAMI", "phrase": " Do you know those."}, {"speaker": "JAMI", "phrase": " any of those dances ?"}, {"speaker": "PETE", "phrase": " All of em."}, {"speaker": "JAMI", "phrase": "All of them?"}, {"speaker": "JAMI", "phrase": "PAUSE"}, {"speaker": "HARO", "phrase": " The little what ?"}, {"speaker": "MILE", "phrase": " Looks like"}, {"speaker": "MILE", "phrase": " the second..."}, {"speaker": "PETE", "phrase": " Why."}, {"speaker": "MILE", "phrase": " one from the top looks like guy who was in the Oba Oba skit."}, {"speaker": "HARO", "phrase": " What's an Oba Oba skit."}, {"speaker": "JAMI", "phrase": " Oba Oba"}, {"speaker": "JAMI", "phrase": " oh the Brazilian troop that was here"}, {"speaker": "JAMI", "phrase": " dancing ?"}, {"speaker": "MILE", "phrase": " Yeah."}, {"speaker": "PETE", "phrase": " Oh yeah ?"}, {"speaker": "JAMI", "phrase": " I never saw that."}, {"speaker": "PETE", "phrase": " Look like."}, {"speaker": "PETE", "phrase": " \u0294uh\u0294uh."}, {"speaker": "PETE", "phrase": " an actual person doing it"}, {"speaker": "PETE", "phrase": " or some kind of masks they had"}, {"speaker": "PETE", "phrase": " or."}, {"speaker": "MILE", "phrase": " No."}, {"speaker": "MILE", "phrase": " Uh"}, {"speaker": "MILE", "phrase": " the guy looked like that."}, {"speaker": "PETE", "phrase": " Or there's guy looked like that."}, {"speaker": "JAMI", "phrase": "PAUSE"}, {"speaker": "HARO", "phrase": " Yeah."}, {"speaker": "PETE", "phrase": "PAUSE"}, {"speaker": "PETE", "phrase": " That's pretty good."}, {"speaker": "MILE", "phrase": " Just like him."}, {"speaker": "JAMI", "phrase": "PAUSE"}, {"speaker": "HARO", "phrase": " With the right..."}, {"speaker": "MILE", "phrase": " I mean that looks kinda like Black person."}, {"speaker": "HARO", "phrase": " With red eyes"}, {"speaker": "HARO", "phrase": " and everything ?"}, {"speaker": "MILE", "phrase": " So where is this from."}, {"speaker": "MILE", "phrase": " This isn't from Africa"}, {"speaker": "MILE", "phrase": " is it ?"}, {"speaker": "HARO", "phrase": " No."}, {"speaker": "HARO", "phrase": " From Indonesia."}, {"speaker": "MILE", "phrase": " \u0294uh But that person looks Black."}, {"speaker": "PETE", "phrase": " Which one is it ?"}, {"speaker": "MILE", "phrase": " Or do Indonesian people look Black."}, {"speaker": "JAMI", "phrase": " Looks pink to me."}, {"speaker": "PETE", "phrase": "PAUSE"}, {"speaker": "PETE", "phrase": " which one."}, {"speaker": "PETE", "phrase": " The..."}, {"speaker": "MILE", "phrase": " I figure the second one from the top."}, {"speaker": "HARO", "phrase": " Tumenggung."}, {"speaker": "JAMI", "phrase": " The second from the top."}, {"speaker": "PETE", "phrase": " Tumenggung ?"}, {"speaker": "PETE", "phrase": " Hunh."}, {"speaker": "MILE", "phrase": " I look at that and think"}, {"speaker": "MILE", "phrase": " yeah"}, {"speaker": "MILE", "phrase": " that looks like brother."}, {"speaker": "PETE", "phrase": " That's interesting."}, {"speaker": "JAMI", "phrase": "PAUSE"}, {"speaker": "PETE", "phrase": " cause I think Indonesians."}, {"speaker": "JAMI", "phrase": " think ?"}, {"speaker": "PETE", "phrase": " or"}, {"speaker": "PETE", "phrase": " people who've been to Indonesia"}, {"speaker": "PETE", "phrase": " think that those guys"}, {"speaker": "PETE", "phrase": " like the two top ones"}, {"speaker": "PETE", "phrase": " have really European characteristics."}, {"speaker": "PETE", "phrase": " compared to Indonesians."}, {"speaker": "JAMI", "phrase": " Uh."}, {"speaker": "PETE", "phrase": " Just cause their eyes are real big and their noses are big."}, {"speaker": "HARO", "phrase": " Their eyes are round."}, {"speaker": "JAMI", "phrase": " Oh really ?"}, {"speaker": "PETE", "phrase": " And Indonesians have real thin eyes"}, {"speaker": "PETE", "phrase": " and"}, {"speaker": "PETE", "phrase": " and flat noses and stuff."}, {"speaker": "PETE", "phrase": " I don't know."}, {"speaker": "HARO", "phrase": " Except those"}, {"speaker": "HARO", "phrase": " well"}, {"speaker": "HARO", "phrase": " I don't know"}, {"speaker": "HARO", "phrase": "PAUSE"}, {"speaker": "HARO", "phrase": " the bottom ones don't have flat noses either."}, {"speaker": "PETE", "phrase": " That's true they all have."}, {"speaker": "PETE", "phrase": " they all have big noses."}, {"speaker": "PETE", "phrase": " But they get bigger as you go up anyway."}, {"speaker": "HARO", "phrase": " What do you think makesthemlook African."}, {"speaker": "JAMI", "phrase": " Their mustaches ?"}, {"speaker": "HARO", "phrase": " Is it the \u0294uh."}, {"speaker": "HARO", "phrase": " the way their little beard goes ?"}, {"speaker": "JAMI", "phrase": "PAUSE"}, {"speaker": "MILE", "phrase": " Oh no."}, {"speaker": "MILE", "phrase": " That's not even relevant."}, {"speaker": "MILE", "phrase": "PAUSE"}, {"speaker": "MILE", "phrase": " I just glanced at that."}, {"speaker": "PETE", "phrase": " Hunh."}, {"speaker": "MILE", "phrase": " and I immediately saw this guy's face in Oba Oba."}, {"speaker": "PETE", "phrase": " Yeah."}, {"speaker": "PETE", "phrase": " Hunh."}, {"speaker": "PETE", "phrase": " That's interesting."}, {"speaker": "MILE", "phrase": " He looks like that guy."}, {"speaker": "JAMI", "phrase": " Poor guy."}, {"speaker": "HARO", "phrase": " That is really interesting."}, {"speaker": "JAMI", "phrase": "PAUSE"}, {"speaker": "PETE", "phrase": "PAUSE"}, {"speaker": "JAMI", "phrase": "PAUSE"}, {"speaker": "PETE", "phrase": " Yeah."}, {"speaker": "JAMI", "phrase": " Bulging eyes."}, {"speaker": "MILE", "phrase": " Cause I remember"}, {"speaker": "MILE", "phrase": " he came to Bahia after one of his shows one night."}, {"speaker": "MILE", "phrase": " 's kinda funny."}, {"speaker": "JAMI", "phrase": " Wow."}, {"speaker": "HARO", "phrase": " Well the top guy has real thick lip."}, {"speaker": "MILE", "phrase": " Oh in his black leather jacket and his black..."}, {"speaker": "PETE", "phrase": " Mm."}, {"speaker": "HARO", "phrase": " Klana has real thick lip."}, {"speaker": "MILE", "phrase": " hood hat."}, {"speaker": "PETE", "phrase": " Right."}, {"speaker": "MILE", "phrase": "PAUSE"}, {"speaker": "PETE", "phrase": " Pretty bad overbite too."}, {"speaker": "MILE", "phrase": " He's in Oba Oba."}, {"speaker": "PETE", "phrase": " you know"}, {"speaker": "PETE", "phrase": "PAUSE"}, {"speaker": "MILE", "phrase": " smoking"}, {"speaker": "MILE", "phrase": " He didn't..."}, {"speaker": "HARO", "phrase": " Yeah."}, {"speaker": "PETE", "phrase": "PAUSE"}, {"speaker": "MILE", "phrase": " Then he tried to."}, {"speaker": "MILE", "phrase": " He danced with friend of mine laugh."}, {"speaker": "JAMI", "phrase": " Yeah"}, {"speaker": "JAMI", "phrase": " what happened."}, {"speaker": "MILE", "phrase": " But she didn't wanna dance with him anymore"}, {"speaker": "MILE", "phrase": " I said"}, {"speaker": "MILE", "phrase": " boy"}, {"speaker": "MILE", "phrase": " he just wanted to get close to me."}, {"speaker": "HARO", "phrase": " Oo."}, {"speaker": "JAMI", "phrase": " Oo."}, {"speaker": "PETE", "phrase": " Mm."}, {"speaker": "MILE", "phrase": " I said"}, {"speaker": "MILE", "phrase": " well"}, {"speaker": "MILE", "phrase": " can't blame him."}, {"speaker": "HARO", "phrase": " Oba Oba."}, {"speaker": "MILE", "phrase": "PAUSE"}, {"speaker": "PETE", "phrase": " yeah."}, {"speaker": "JAMI", "phrase": " Gross."}, {"speaker": "PETE", "phrase": " Mm."}, {"speaker": "MILE", "phrase": " But I'm sure those guys get lot of attention from women."}, {"speaker": "MILE", "phrase": " They travel all over the world."}, {"speaker": "MILE", "phrase": "I'm sure lot of women throw themselves at them"}, {"speaker": "MILE", "phrase": " so that's what they expect from women."}, {"speaker": "HARO", "phrase": " A lot of groupies."}, {"speaker": "MILE", "phrase": " Yeah."}, {"speaker": "MILE", "phrase": " Fringe benefits."}, {"speaker": "PETE", "phrase": " Hm."}, {"speaker": "MILE", "phrase": "PAUSE"}, {"speaker": "JAMI", "phrase": " The only fringe benefit of being dancer"}, {"speaker": "JAMI", "phrase": " probably."}, {"speaker": "HARO", "phrase": " Well in San Francisco."}, {"speaker": "MILE", "phrase": " But then again."}, {"speaker": "HARO", "phrase": " you laugh never know if it's benefit or not"}, {"speaker": "HARO", "phrase": " either."}, {"speaker": "JAMI", "phrase": " That's true."}, {"speaker": "PETE", "phrase": "PAUSE"}, {"speaker": "MILE", "phrase": "PAUSE"}, {"speaker": "MILE", "phrase": " I didn't know this"}, {"speaker": "MILE", "phrase": " but apparently in Brazil"}, {"speaker": "MILE", "phrase": " they have very very high AIDS infection rate."}, {"speaker": "HARO", "phrase": " Really ?"}, {"speaker": "JAMI", "phrase": " Oh."}, {"speaker": "PETE", "phrase": " Oh."}, {"speaker": "JAMI", "phrase": " probably."}, {"speaker": "MILE", "phrase": " It's supposed to be very high."}, {"speaker": "PETE", "phrase": " Mm."}, {"speaker": "HARO", "phrase": " You mean like."}, {"speaker": "JAMI", "phrase": " Very unmonitored."}, {"speaker": "HARO", "phrase": " higher than the United..."}, {"speaker": "JAMI", "phrase": " too."}, {"speaker": "HARO", "phrase": " Higher than around here ?"}, {"speaker": "MILE", "phrase": " That's what I've heard."}, {"speaker": "PETE", "phrase": " Hm."}, {"speaker": "JAMI", "phrase": " I wouldn't be surprised."}, {"speaker": "HARO", "phrase": " Have you heard these figures."}, {"speaker": "HARO", "phrase": " that like"}, {"speaker": "HARO", "phrase": " um"}, {"speaker": "HARO", "phrase": " it's something like forty percent of males"}, {"speaker": "HARO", "phrase": " in the Bay Area"}, {"speaker": "HARO", "phrase": " are supposed to be infected ?"}, {"speaker": "MILE", "phrase": " Well"}, {"speaker": "MILE", "phrase": " last Ju ly."}, {"speaker": "PETE", "phrase": " Oh really ?"}, {"speaker": "ENV", "phrase": "PAUSE"}, {"speaker": "MILE", "phrase": " this is what..."}, {"speaker": "JAMI", "phrase": " Of homosexual males"}, {"speaker": "JAMI", "phrase": " or of males."}, {"speaker": "PETE", "phrase": " Of all males."}, {"speaker": "HARO", "phrase": " Of males in general."}, {"speaker": "MILE", "phrase": " This infectious disease woman."}, {"speaker": "HARO", "phrase": " Or males under thirty I think it is."}, {"speaker": "MILE", "phrase": " at San Francisco General."}, {"speaker": "PETE", "phrase": " Mhm."}, {"speaker": "MILE", "phrase": " she said that"}, {"speaker": "MILE", "phrase": " this doesn't seem like it can be true"}, {"speaker": "MILE", "phrase": " but she said that"}, {"speaker": "MILE", "phrase": " ninety per cent of gay men"}, {"speaker": "MILE", "phrase": " are HIV positive"}, {"speaker": "MILE", "phrase": " and fifty percent of all males"}, {"speaker": "MILE", "phrase": " are HIV positive."}, {"speaker": "HARO", "phrase": " Yeah."}, {"speaker": "MILE", "phrase": " That's what she said."}, {"speaker": "HARO", "phrase": " Fifty."}, {"speaker": "HARO", "phrase": " It was some."}, {"speaker": "HARO", "phrase": " Like"}, {"speaker": "HARO", "phrase": "PAUSE"}, {"speaker": "HARO", "phrase": " half or more than half of"}, {"speaker": "HARO", "phrase": " and it was fairly young men"}, {"speaker": "HARO", "phrase": " but"}, {"speaker": "HARO", "phrase": " were"}, {"speaker": "HARO", "phrase": " had been exposed to HIV virus."}, {"speaker": "HARO", "phrase": " It wasn't necessarily that they were infected."}, {"speaker": "MILE", "phrase": " Well"}, {"speaker": "MILE", "phrase": " if you're HIV positive"}, {"speaker": "MILE", "phrase": " it's the same difference."}, {"speaker": "HARO", "phrase": " Mhm."}, {"speaker": "MILE", "phrase": " since they feel that"}, {"speaker": "MILE", "phrase": " sooner or later you'll come down with the actual disease."}, {"speaker": "PETE", "phrase": " Mhm."}, {"speaker": "JAMI", "phrase": " Yeah."}, {"speaker": "MILE", "phrase": " But that's what she said."}, {"speaker": "MILE", "phrase": " Now I don't know if she meant the Bay area or San Francisco."}, {"speaker": "JAMI", "phrase": "PAUSE"}, {"speaker": "MILE", "phrase": " but those are some ferocious numbers"}, {"speaker": "MILE", "phrase": " if one out of..."}, {"speaker": "PETE", "phrase": " Yeah."}, {"speaker": "JAMI", "phrase": " That's just horrible."}, {"speaker": "MILE", "phrase": " two guys"}, {"speaker": "MILE", "phrase": " you meet."}, {"speaker": "HARO", "phrase": " yeah."}, {"speaker": "PETE", "phrase": "PAUSE"}, {"speaker": "MILE", "phrase": " cause there're lot of women out there who apparently don't believe in using condoms."}, {"speaker": "PETE", "phrase": " Hm."}, {"speaker": "MILE", "phrase": " I'm just amazed."}, {"speaker": "JAMI", "phrase": " dumb move."}, {"speaker": "HARO", "phrase": " See I'd heard that it was mainly."}, {"speaker": "JAMI", "phrase": " Really dumb."}, {"speaker": "HARO", "phrase": " \u0294in \u0294it's mainly urban areas."}, {"speaker": "PETE", "phrase": " Yeah."}, {"speaker": "HARO", "phrase": " that had this really disproportionately high."}, {"speaker": "HARO", "phrase": " um"}, {"speaker": "HARO", "phrase": " percentage."}, {"speaker": "HARO", "phrase": " And then like"}, {"speaker": "HARO", "phrase": " rural areas"}, {"speaker": "HARO", "phrase": " or"}, {"speaker": "HARO", "phrase": " like"}, {"speaker": "HARO", "phrase": " you know"}, {"speaker": "HARO", "phrase": " central Iowa and stuff"}, {"speaker": "HARO", "phrase": " had like ten percent or less"}, {"speaker": "HARO", "phrase": " of the males"}, {"speaker": "HARO", "phrase": " had been infected."}, {"speaker": "MILE", "phrase": " Well I would assume San Francisco is higher than most cities around the country."}, {"speaker": "HARO", "phrase": " Unhunh."}, {"speaker": "PETE", "phrase": " Mhm."}, {"speaker": "MILE", "phrase": " But"}, {"speaker": "MILE", "phrase": " that just blew me away."}, {"speaker": "MILE", "phrase": " Cause I'm thinking well gee"}, {"speaker": "MILE", "phrase": " if half of all the men are HIV positive"}, {"speaker": "MILE", "phrase": " what does that mean about the women they're having sex with."}, {"speaker": "PETE", "phrase": " Right."}, {"speaker": "PETE", "phrase": " Yeah."}, {"speaker": "ENV", "phrase": "PAUSE"}, {"speaker": "HARO", "phrase": " Well."}, {"speaker": "MILE", "phrase": " But"}, {"speaker": "MILE", "phrase": " and just talking with guys."}, {"speaker": "PETE", "phrase": "PAUSE"}, {"speaker": "MILE", "phrase": " in their twenties"}, {"speaker": "MILE", "phrase": " why"}, {"speaker": "MILE", "phrase": " I mean these guys"}, {"speaker": "MILE", "phrase": " say these women don't care if they use rubbers or not."}, {"speaker": "MILE", "phrase": " This is what guys have been telling me."}, {"speaker": "JAMI", "phrase": "PAUSE"}, {"speaker": "MILE", "phrase": " you know"}, {"speaker": "MILE", "phrase": " and I'm thinking"}, {"speaker": "MILE", "phrase": " I can't believe that"}, {"speaker": "MILE", "phrase": " cause in this city"}, {"speaker": "MILE", "phrase": " with all the information available."}, {"speaker": "HARO", "phrase": " It seems like."}, {"speaker": "PETE", "phrase": " Right yeah..."}, {"speaker": "JAMI", "phrase": " Stupid."}, {"speaker": "HARO", "phrase": " people"}, {"speaker": "HARO", "phrase": " people have the information they need."}, {"speaker": "MILE", "phrase": " It is just amazing"}, {"speaker": "MILE", "phrase": " that people in their twenties apparently aren't."}, {"speaker": "PETE", "phrase": " Right."}, {"speaker": "PETE", "phrase": " That's really scary."}, {"speaker": "MILE", "phrase": " So I guess it's time for me to become priest."}, {"speaker": "PETE", "phrase": "PAUSE"}, {"speaker": "MILE", "phrase": " It's too dangerous out there."}, {"speaker": "HARO", "phrase": " Oh"}, {"speaker": "HARO", "phrase": " I don't know."}, {"speaker": "MILE", "phrase": " I couldn't believe it."}, {"speaker": "MILE", "phrase": " This woman I knew I was gonna ask out ?"}, {"speaker": "MILE", "phrase": " God."}, {"speaker": "HARO", "phrase": " You have to be Catholic first."}, {"speaker": "MILE", "phrase": " Her sister"}, {"speaker": "MILE", "phrase": " who's an HIV counselor."}, {"speaker": "PETE", "phrase": "PAUSE"}, {"speaker": "JAMI", "phrase": "PAUSE"}, {"speaker": "MILE", "phrase": " was telling me how her sister just won't use rubbers."}, {"speaker": "MILE", "phrase": " at all."}, {"speaker": "JAMI", "phrase": " Hm."}, {"speaker": "HARO", "phrase": " Well where would she put them."}, {"speaker": "MILE", "phrase": " and I'm thinking."}, {"speaker": "PETE", "phrase": "PAUSE"}, {"speaker": "MILE", "phrase": " I'm thinking."}, {"speaker": "JAMI", "phrase": " Well."}, {"speaker": "MILE", "phrase": " how can you not."}, {"speaker": "JAMI", "phrase": " my sisters don't."}, {"speaker": "MILE", "phrase": " I mean"}, {"speaker": "MILE", "phrase": " \u0294uh what are they thinking."}, {"speaker": "JAMI", "phrase": " I don't know."}, {"speaker": "HARO", "phrase": " Don't look at me."}, {"speaker": "MILE", "phrase": " \u0294uh I was just really amazed to hear that"}, {"speaker": "MILE", "phrase": " people in their twenties."}, {"speaker": "JAMI", "phrase": " We're innocent."}, {"speaker": "MILE", "phrase": " cause I figure."}, {"speaker": "JAMI", "phrase": " We don't have sex."}, {"speaker": "MILE", "phrase": " growing up around here"}, {"speaker": "MILE", "phrase": " you would know better."}, {"speaker": "HARO", "phrase": "PAUSE"}, {"speaker": "MILE", "phrase": " And in high school"}, {"speaker": "MILE", "phrase": " you know"}, {"speaker": "MILE", "phrase": " they teach about it."}, {"speaker": "PETE", "phrase": " Mhm."}, {"speaker": "MILE", "phrase": " So."}, {"speaker": "JAMI", "phrase": " I don't know."}, {"speaker": "HARO", "phrase": " Not only that"}, {"speaker": "HARO", "phrase": " but they have really lewd billboards all over the Castro district."}, {"speaker": "ENV", "phrase": "PAUSE"}, {"speaker": "JAMI", "phrase": " Something's wrong laugh."}, {"speaker": "HARO", "phrase": " I know."}, {"speaker": "JAMI", "phrase": " I thought we got our electricity fixed."}, {"speaker": "HARO", "phrase": " that's kind of scary."}, {"speaker": "JAMI", "phrase": "PAUSE"}, {"speaker": "HARO", "phrase": " I thought I turned this off"}, {"speaker": "HARO", "phrase": " though."}, {"speaker": "PETE", "phrase": " It's been doing..."}, {"speaker": "HARO", "phrase": " didn't I ?"}, {"speaker": "PETE", "phrase": " Oh"}, {"speaker": "PETE", "phrase": " that's right."}, {"speaker": "JAMI", "phrase": " But..."}, {"speaker": "PETE", "phrase": " you did."}, {"speaker": "PETE", "phrase": " That's really scary then."}, {"speaker": "MILE", "phrase": " This is salsa"}, {"speaker": "MILE", "phrase": " right ?"}, {"speaker": "JAMI", "phrase": " Yeah."}, {"speaker": "MILE", "phrase": " What what."}, {"speaker": "MILE", "phrase": " Who is this."}, {"speaker": "JAMI", "phrase": " I don't know"}, {"speaker": "JAMI", "phrase": " it's from the radio station years ago when I was in Santa Cruz."}, {"speaker": "MILE", "phrase": " You know on Sundays"}, {"speaker": "MILE", "phrase": " at ten o'clock."}, {"speaker": "JAMI", "phrase": " That's right now."}, {"speaker": "MILE", "phrase": " Kay"}, {"speaker": "MILE", "phrase": " what is that."}, {"speaker": "MILE", "phrase": " Kay"}, {"speaker": "MILE", "phrase": " oh I don't know what the radio station is."}, {"speaker": "JAMI", "phrase": " They play Salsa ?"}, {"speaker": "HARO", "phrase": " It begins with kay though."}, {"speaker": "MILE", "phrase": " No"}, {"speaker": "MILE", "phrase": " they played this..."}, {"speaker": "PETE", "phrase": "PAUSE"}, {"speaker": "MILE", "phrase": " They have Brazilian jazz hour."}, {"speaker": "MILE", "phrase": " Is there KKSF ?"}, {"speaker": "MILE", "phrase": " I don't know what it was."}, {"speaker": "MILE", "phrase": " But it was like I went to Bahia."}, {"speaker": "JAMI", "phrase": " What's..."}, {"speaker": "MILE", "phrase": " last Sunday"}, {"speaker": "MILE", "phrase": " got there at eight"}, {"speaker": "MILE", "phrase": " left ten"}, {"speaker": "MILE", "phrase": " dropped this person off at home"}, {"speaker": "MILE", "phrase": " in Foster City"}, {"speaker": "MILE", "phrase": " and came back"}, {"speaker": "MILE", "phrase": " and I was noticing"}, {"speaker": "MILE", "phrase": " the songs they were playing on the radio"}, {"speaker": "MILE", "phrase": " were the exact same songs they were singing at Bahia"}, {"speaker": "MILE", "phrase": " live band there."}, {"speaker": "JAMI", "phrase": " Hm"}, {"speaker": "JAMI", "phrase": " should I turn on the radio."}, {"speaker": "JAMI", "phrase": " You don't know what station it was on ?"}, {"speaker": "MILE", "phrase": " I was."}, {"speaker": "MILE", "phrase": " KKSF"}, {"speaker": "MILE", "phrase": " does that mean anything to you ?"}, {"speaker": "HARO", "phrase": " Nope."}, {"speaker": "HARO", "phrase": " You have to translate it to number."}, {"speaker": "MILE", "phrase": " I was in rental car"}, {"speaker": "MILE", "phrase": " so it was just whatever station it was on laugh."}, {"speaker": "JAMI", "phrase": " Mm."}, {"speaker": "MILE", "phrase": "PAUSE"}, {"speaker": "PETE", "phrase": " Hm."}, {"speaker": "MILE", "phrase": " But uh"}, {"speaker": "MILE", "phrase": " I was just remembering being surprised"}, {"speaker": "MILE", "phrase": " cause"}, {"speaker": "MILE", "phrase": " I didn't realize"}, {"speaker": "MILE", "phrase": " I don't know anything about Brazilian music."}, {"speaker": "MILE", "phrase": " You go to Brazilian club"}, {"speaker": "MILE", "phrase": " and they're singing songs"}, {"speaker": "MILE", "phrase": " apparently I guess that's the popular stuff."}, {"speaker": "MILE", "phrase": " I guess."}, {"speaker": "MILE", "phrase": " I'm so used to hearing those songs"}, {"speaker": "MILE", "phrase": " cause I've heardthemfor the past three months"}, {"speaker": "MILE", "phrase": " I didn't think anything of it"}, {"speaker": "MILE", "phrase": " but then"}, {"speaker": "MILE", "phrase": " this guy played songs for whole hour"}, {"speaker": "MILE", "phrase": " and it was like"}, {"speaker": "MILE", "phrase": " eighty per cent of those songs I'd."}, {"speaker": "MILE", "phrase": " that band had sung that very night."}, {"speaker": "JAMI", "phrase": " Mhm."}, {"speaker": "JAMI", "phrase": "PAUSE"}, {"speaker": "JAMI", "phrase": " Pickup band's pretty good there."}, {"speaker": "JAMI", "phrase": " Viva..."}, {"speaker": "MILE", "phrase": " Well they have different band every night."}, {"speaker": "JAMI", "phrase": " Who was it"}, {"speaker": "JAMI", "phrase": " Viva Brazil ?"}, {"speaker": "JAMI", "phrase": " Oh"}, {"speaker": "JAMI", "phrase": " I went on."}, {"speaker": "MILE", "phrase": "PAUSE"}, {"speaker": "JAMI", "phrase": " Friday night"}, {"speaker": "JAMI", "phrase": " so maybe it was different band."}, {"speaker": "MILE", "phrase": " Um when did you do that ?"}, {"speaker": "JAMI", "phrase": "PAUSE"}, {"speaker": "JAMI", "phrase": " Oh"}, {"speaker": "JAMI", "phrase": " while ago."}, {"speaker": "JAMI", "phrase": " The dance floor's too small in that place though."}, {"speaker": "JAMI", "phrase": " It's really annoying."}, {"speaker": "JAMI", "phrase": " I like this song."}, {"speaker": "MILE", "phrase": " Are they teaching any more lambada"}, {"speaker": "MILE", "phrase": " at uh..."}, {"speaker": "JAMI", "phrase": " school ?"}, {"speaker": "MILE", "phrase": " Yeah."}, {"speaker": "HARO", "phrase": " Vivian was giving lambada lesson."}, {"speaker": "MILE", "phrase": " Cause uh."}, {"speaker": "HARO", "phrase": " when I was there the other day."}, {"speaker": "MILE", "phrase": " well"}, {"speaker": "MILE", "phrase": " my lambada's definitely getting better."}, {"speaker": "JAMI", "phrase": " Really ?"}, {"speaker": "JAMI", "phrase": " Really ?"}, {"speaker": "JAMI", "phrase": " I wanna go out lambada dancing with you."}, {"speaker": "JAMI", "phrase": "..."}, {"speaker": "MILE", "phrase": " I mean I'm gonna start dancing with those Brazilian women."}, {"speaker": "MILE", "phrase": " So I can learn how to beat my hips"}, {"speaker": "MILE", "phrase": " I mean laugh"}, {"speaker": "MILE", "phrase": " cause their their hips are beating up against you"}, {"speaker": "MILE", "phrase": " you know"}, {"speaker": "MILE", "phrase": " like that fast."}, {"speaker": "MILE", "phrase": "PAUSE"}, {"speaker": "MILE", "phrase": " Hundred cycles per second"}, {"speaker": "MILE", "phrase": " or something ?"}, {"speaker": "JAMI", "phrase": "PAUSE"}, {"speaker": "PETE", "phrase": "PAUSE"}, {"speaker": "MILE", "phrase": " I mean"}, {"speaker": "MILE", "phrase": " I am not kidding."}, {"speaker": "MILE", "phrase": " It."}, {"speaker": "MILE", "phrase": " It is different sensation entirely."}, {"speaker": "JAMI", "phrase": "PAUSE"}, {"speaker": "PETE", "phrase": "PAUSE"}, {"speaker": "MILE", "phrase": " When you're dancing with them."}, {"speaker": "HARO", "phrase": " I bet."}, {"speaker": "PETE", "phrase": "PAUSE"}, {"speaker": "MILE", "phrase": " And."}, {"speaker": "MILE", "phrase": " \u0294uh only way to learn how is to dance with them more."}, {"speaker": "JAMI", "phrase": " That's true."}, {"speaker": "MILE", "phrase": " But I feel like I can start dancing with them now."}, {"speaker": "MILE", "phrase": " But uh."}, {"speaker": "JAMI", "phrase": " No."}, {"speaker": "JAMI", "phrase": " I don't."}, {"speaker": "JAMI", "phrase": " I don't."}, {"speaker": "JAMI", "phrase": " They haven't done anything recently"}, {"speaker": "JAMI", "phrase": " I"}, {"speaker": "JAMI", "phrase": " I can't remember if they're going to."}, {"speaker": "MILE", "phrase": " Cause"}, {"speaker": "MILE", "phrase": " like"}, {"speaker": "MILE", "phrase": " Sue Swing taught that class for two months"}, {"speaker": "MILE", "phrase": " May and June"}, {"speaker": "MILE", "phrase": " and uh."}, {"speaker": "JAMI", "phrase": " Is she good lambada dancer ?"}, {"speaker": "JAMI", "phrase": " I can't imagine her being..."}, {"speaker": "MILE", "phrase": " Yeah but"}, {"speaker": "MILE", "phrase": " I didn't feel like she taught it any different."}, {"speaker": "MILE", "phrase": " significantly differently than when Vivian and Jeff taught it."}, {"speaker": "MILE", "phrase": " I mean"}, {"speaker": "MILE", "phrase": " cause they do it..."}, {"speaker": "JAMI", "phrase": " real basic"}, {"speaker": "JAMI", "phrase": " and real simple."}, {"speaker": "MILE", "phrase": " different"}, {"speaker": "MILE", "phrase": " than Brazilians do it."}, {"speaker": "JAMI", "phrase": " Yeah."}, {"speaker": "MILE", "phrase": " I mean"}, {"speaker": "MILE", "phrase": " I don't know what those Brazilian women are doing."}, {"speaker": "JAMI", "phrase": " What are they doing."}, {"speaker": "MILE", "phrase": " but their hips are like."}, {"speaker": "JAMI", "phrase": " Are they going."}, {"speaker": "JAMI", "phrase": " are they going like"}, {"speaker": "JAMI", "phrase": " really fast ?"}, {"speaker": "JAMI", "phrase": " I mean are they going one two three."}, {"speaker": "MILE", "phrase": " I mean."}, {"speaker": "JAMI", "phrase": " one two three."}, {"speaker": "MILE", "phrase": " first you had this wide sway of their hips this way"}, {"speaker": "MILE", "phrase": " and then"}, {"speaker": "MILE", "phrase": " it's like"}, {"speaker": "MILE", "phrase": " they're coming\u0294"}, {"speaker": "MILE", "phrase": " I mean"}, {"speaker": "MILE", "phrase": " they're beating me like this."}, {"speaker": "MILE", "phrase": " I don't even know how you can do that."}, {"speaker": "MILE", "phrase": " You're dancing with them"}, {"speaker": "MILE", "phrase": " they're beating you just like this."}, {"speaker": "MILE", "phrase": "PAUSE"}, {"speaker": "HARO", "phrase": " Using their hands like that ?"}, {"speaker": "PETE", "phrase": "PAUSE"}, {"speaker": "JAMI", "phrase": "PAUSE"}, {"speaker": "MILE", "phrase": " No"}, {"speaker": "MILE", "phrase": " using their pelvic bones."}, {"speaker": "HARO", "phrase": " Wow."}, {"speaker": "PETE", "phrase": " Mm."}, {"speaker": "JAMI", "phrase": " Right here ?"}, {"speaker": "MILE", "phrase": " Yeah."}, {"speaker": "PETE", "phrase": " Sort of like Tahitian dancers or something."}, {"speaker": "HARO", "phrase": " Yeah."}, {"speaker": "PETE", "phrase": " You know"}, {"speaker": "PETE", "phrase": " close."}, {"speaker": "MILE", "phrase": " But I tell you."}, {"speaker": "PETE", "phrase": "PAUSE"}, {"speaker": "MILE", "phrase": " but anyway"}, {"speaker": "MILE", "phrase": " you know"}, {"speaker": "MILE", "phrase": " they weren't teaching it that way."}, {"speaker": "HARO", "phrase": "PAUSE"}, {"speaker": "MILE", "phrase": " You know"}, {"speaker": "MILE", "phrase": " the ballroom people don't do it that way."}, {"speaker": "PETE", "phrase": "PAUSE"}, {"speaker": "MILE", "phrase": " But that's what I want to learn."}, {"speaker": "JAMI", "phrase": " Don'."}, {"speaker": "JAMI", "phrase": " Don't they teach"}, {"speaker": "JAMI", "phrase": " don't they teach you to go"}, {"speaker": "JAMI", "phrase": " one two three"}, {"speaker": "JAMI", "phrase": " one two three"}, {"speaker": "JAMI", "phrase": " one two three"}, {"speaker": "JAMI", "phrase": " like that ?"}, {"speaker": "JAMI", "phrase": " Or do they go like really fast like that."}, {"speaker": "MILE", "phrase": " Well Sue Swing"}, {"speaker": "MILE", "phrase": " I mean when she was teaching was definitely more sedate"}, {"speaker": "MILE", "phrase": " and the same thing with Jeff and Vivian."}, {"speaker": "JAMI", "phrase": "PAUSE"}, {"speaker": "JAMI", "phrase": " Yeah."}, {"speaker": "MILE", "phrase": " It was just Jeff and..."}, {"speaker": "JAMI", "phrase": " sure"}, {"speaker": "JAMI", "phrase": " but that's cause it's for."}, {"speaker": "JAMI", "phrase": " it's for people who can't move their hips."}, {"speaker": "JAMI", "phrase": " Right ?"}, {"speaker": "JAMI", "phrase": " I mean it's for basic"}, {"speaker": "JAMI", "phrase": " you know"}, {"speaker": "JAMI", "phrase": " this is beginning lambada class"}, {"speaker": "JAMI", "phrase": " or intermediate."}, {"speaker": "MILE", "phrase": " I don't know why they did it that way."}, {"speaker": "MILE", "phrase": " I mean"}, {"speaker": "MILE", "phrase": " it seems to me if they're gonna teach it like what you do"}, {"speaker": "MILE", "phrase": " \u0294uh."}, {"speaker": "JAMI", "phrase": " Or what they teach"}, {"speaker": "JAMI", "phrase": " and what happens socially"}, {"speaker": "JAMI", "phrase": " could be two different things."}, {"speaker": "JAMI", "phrase": " You know."}, {"speaker": "MILE", "phrase": " I mean"}, {"speaker": "MILE", "phrase": " Brazilians definitely don't"}, {"speaker": "MILE", "phrase": " hm"}, {"speaker": "MILE", "phrase": " do it like that laugh."}, {"speaker": "JAMI", "phrase": " I should."}, {"speaker": "JAMI", "phrase": " I want to go."}, {"speaker": "JAMI", "phrase": " I should check it out."}, {"speaker": "JAMI", "phrase": " I like that"}, {"speaker": "JAMI", "phrase": " cause it's fun."}, {"speaker": "JAMI", "phrase": "..."}, {"speaker": "MILE", "phrase": " I mean after I."}, {"speaker": "MILE", "phrase": " I mean I..."}, {"speaker": "JAMI", "phrase": " Are you."}, {"speaker": "JAMI", "phrase": " Do they still teach at Bahia on Sunday ?"}, {"speaker": "JAMI", "phrase": " night ?"}, {"speaker": "MILE", "phrase": " Oh yeah."}, {"speaker": "MILE", "phrase": " In fact I would have gone today"}, {"speaker": "MILE", "phrase": " if it wasn't for my back."}, {"speaker": "JAMI", "phrase": "PAUSE"}, {"speaker": "MILE", "phrase": " Well I finally found some people there I can dance with."}, {"speaker": "MILE", "phrase": " So that helps."}, {"speaker": "JAMI", "phrase": " Do you need partner ?"}, {"speaker": "MILE", "phrase": " To go there ?"}, {"speaker": "JAMI", "phrase": " Yeah."}, {"speaker": "MILE", "phrase": " No."}, {"speaker": "MILE", "phrase": " Besides"}, {"speaker": "MILE", "phrase": " you"}, {"speaker": "MILE", "phrase": "PAUSE"}, {"speaker": "MILE", "phrase": " I laugh mean laugh if you're guy"}, {"speaker": "MILE", "phrase": " If."}, {"speaker": "MILE", "phrase": " If you're woman"}, {"speaker": "MILE", "phrase": " I mean"}, {"speaker": "MILE", "phrase": " those guys'll be all over you."}, {"speaker": "MILE", "phrase": " I swear it."}, {"speaker": "JAMI", "phrase": "PAUSE"}, {"speaker": "PETE", "phrase": "PAUSE"}, {"speaker": "JAMI", "phrase": " Don't say that."}, {"speaker": "HARO", "phrase": " Run along now."}, {"speaker": "JAMI", "phrase": " Harold's in the room."}, {"speaker": "HARO", "phrase": " dear."}, {"speaker": "JAMI", "phrase": "PAUSE"}, {"speaker": "PETE", "phrase": "PAUSE"}, {"speaker": "JAMI", "phrase": " You could come too."}, {"speaker": "MILE", "phrase": " Well I don't necessarily mean"}, {"speaker": "MILE", "phrase": " \u0294uh in bad way"}, {"speaker": "MILE", "phrase": " even though I'm sure there are few there"}, {"speaker": "MILE", "phrase": " \u0294uh \u0294uh I'm not dancing with guys."}, {"speaker": "MILE", "phrase": " All I can say is"}, {"speaker": "MILE", "phrase": " the women aren't all over me."}, {"speaker": "MILE", "phrase": " Darn."}, {"speaker": "HARO", "phrase": " Oo."}, {"speaker": "MILE", "phrase": " But"}, {"speaker": "MILE", "phrase": "PAUSE"}, {"speaker": "JAMI", "phrase": "PAUSE"}, {"speaker": "PETE", "phrase": "PAUSE"}, {"speaker": "JAMI", "phrase": "PAUSE"}, {"speaker": "MILE", "phrase": " but I remember"}, {"speaker": "MILE", "phrase": " like I went there with this person"}, {"speaker": "MILE", "phrase": "PAUSE"}, {"speaker": "MILE", "phrase": " it's kind of funny."}, {"speaker": "MILE", "phrase": " this person did not want to dance."}, {"speaker": "MILE", "phrase": " So she's just gonna watch."}, {"speaker": "MILE", "phrase": " So"}, {"speaker": "MILE", "phrase": " every once in while I'd get up and dance"}, {"speaker": "MILE", "phrase": " and it's like"}, {"speaker": "MILE", "phrase": " when I'd come back"}, {"speaker": "MILE", "phrase": " I mean there was some guy there"}, {"speaker": "MILE", "phrase": " sitting in my chair."}, {"speaker": "JAMI", "phrase": "PAUSE"}, {"speaker": "MILE", "phrase": " Every time I got up."}, {"speaker": "MILE", "phrase": " I'm thinking"}, {"speaker": "MILE", "phrase": " God"}, {"speaker": "MILE", "phrase": " these guys don't waste any time."}, {"speaker": "MILE", "phrase": " I mean"}, {"speaker": "MILE", "phrase": " you turn your back"}, {"speaker": "MILE", "phrase": " and there's somebody moving in."}, {"speaker": "JAMI", "phrase": "PAUSE"}, {"speaker": "MILE", "phrase": " I mean I don't know if they."}, {"speaker": "JAMI", "phrase": " Maybe Harold you should come with me."}, {"speaker": "HARO", "phrase": " Why."}, {"speaker": "HARO", "phrase": " So I can find..."}, {"speaker": "JAMI", "phrase": " learn some lambada."}, {"speaker": "PETE", "phrase": "PAUSE"}, {"speaker": "HARO", "phrase": "find some girls with empty chairs next to them?"}, {"speaker": "JAMI", "phrase": "PAUSE"}, {"speaker": "MILE", "phrase": "PAUSE"}, {"speaker": "PETE", "phrase": "PAUSE"}, {"speaker": "HARO", "phrase": " Maybe I should go with Miles."}, {"speaker": "MILE", "phrase": " Oh \u0294uh..."}, {"speaker": "PETE", "phrase": "PAUSE"}, {"speaker": "JAMI", "phrase": " Yeah"}, {"speaker": "JAMI", "phrase": " you guys could be partners."}, {"speaker": "MILE", "phrase": "..."}, {"speaker": "JAMI", "phrase": " What ?"}, {"speaker": "MILE", "phrase": " Well I don't know if I told you"}, {"speaker": "MILE", "phrase": " \u0294uh told you that story about that woman"}, {"speaker": "MILE", "phrase": " who uh"}, {"speaker": "MILE", "phrase": " went after that guy there ?"}, {"speaker": "MILE", "phrase": " I told you that story"}, {"speaker": "MILE", "phrase": " right ?"}, {"speaker": "MILE", "phrase": " I was there Sunday three four weeks ago ?"}, {"speaker": "MILE", "phrase": " Uh"}, {"speaker": "MILE", "phrase": " after the class is over."}, {"speaker": "MILE", "phrase": " over with"}, {"speaker": "MILE", "phrase": " I'm sitting down at table"}, {"speaker": "MILE", "phrase": " there's woman from."}, {"speaker": "MILE", "phrase": " who was in the class"}, {"speaker": "MILE", "phrase": " and two men"}, {"speaker": "MILE", "phrase": " sitting to my right"}, {"speaker": "MILE", "phrase": " is table with two women there."}, {"speaker": "MILE", "phrase": " They had apparently just come from Oba Oba."}, {"speaker": "MILE", "phrase": " on the last night."}, {"speaker": "JAMI", "phrase": " Oh I think you told me."}, {"speaker": "MILE", "phrase": " the last night."}, {"speaker": "JAMI", "phrase": " Yeah."}, {"speaker": "MILE", "phrase": " And like"}, {"speaker": "MILE", "phrase": " well they were attractive women"}, {"speaker": "MILE", "phrase": " the one had on real real short skirt."}, {"speaker": "MILE", "phrase": " Anyway"}, {"speaker": "MILE", "phrase": " there was this guy in his fifties"}, {"speaker": "MILE", "phrase": " out there dancing"}, {"speaker": "MILE", "phrase": " by himself."}, {"speaker": "MILE", "phrase": " And the woman was just looking at him"}, {"speaker": "MILE", "phrase": " making eyes"}, {"speaker": "MILE", "phrase": " then she went out there"}, {"speaker": "MILE", "phrase": " got on her knees."}, {"speaker": "MILE", "phrase": " in front of him."}, {"speaker": "MILE", "phrase": " in this skirt that's this short"}, {"speaker": "MILE", "phrase": " takes her hands"}, {"speaker": "MILE", "phrase": " and goes along his toes"}, {"speaker": "MILE", "phrase": " and then up"}, {"speaker": "MILE", "phrase": " and is just doing like that."}, {"speaker": "MILE", "phrase": " I figured."}, {"speaker": "JAMI", "phrase": " Oo."}, {"speaker": "MILE", "phrase": " oh"}, {"speaker": "MILE", "phrase": " they must know each other."}, {"speaker": "JAMI", "phrase": " Oo."}, {"speaker": "HARO", "phrase": " very well"}, {"speaker": "HARO", "phrase": " in fact."}, {"speaker": "PETE", "phrase": " Mhm."}, {"speaker": "JAMI", "phrase": " Gross."}, {"speaker": "MILE", "phrase": " That's what I assumed."}, {"speaker": "MILE", "phrase": " And"}, {"speaker": "MILE", "phrase": " they did that for the whole dance"}, {"speaker": "MILE", "phrase": " and I mean"}, {"speaker": "MILE", "phrase": " she was all kind of suggestive stuff"}, {"speaker": "MILE", "phrase": " and touching him and everything"}, {"speaker": "MILE", "phrase": " people would like cheering"}, {"speaker": "MILE", "phrase": "PAUSE"}, {"speaker": "MILE", "phrase": " and clapping"}, {"speaker": "MILE", "phrase": " go for it."}, {"speaker": "MILE", "phrase": " And all this kind of thing ?"}, {"speaker": "MILE", "phrase": " the song ended"}, {"speaker": "MILE", "phrase": " the guy set down"}, {"speaker": "MILE", "phrase": " at another table."}, {"speaker": "MILE", "phrase": " And she set down."}, {"speaker": "JAMI", "phrase": " at..."}, {"speaker": "MILE", "phrase": " at the table with her woman friend."}, {"speaker": "MILE", "phrase": " They never danced again the rest of the evening."}, {"speaker": "HARO", "phrase": " Hm."}, {"speaker": "MILE", "phrase": " This is like."}, {"speaker": "JAMI", "phrase": "PAUSE"}, {"speaker": "PETE", "phrase": "PAUSE"}, {"speaker": "JAMI", "phrase": "PAUSE"}, {"speaker": "PETE", "phrase": "PAUSE"}, {"speaker": "MILE", "phrase": " so I was thinking"}, {"speaker": "MILE", "phrase": " this woman's sitting about as far away from me as Jamie is."}, {"speaker": "MILE", "phrase": " And I was thinking"}, {"speaker": "MILE", "phrase": " hm"}, {"speaker": "MILE", "phrase": " this is interesting."}, {"speaker": "MILE", "phrase": " I wonder how long it was gonna take the guys in this club to move in on her."}, {"speaker": "MILE", "phrase": " No sooner did I think this thought"}, {"speaker": "MILE", "phrase": " guys were over there"}, {"speaker": "MILE", "phrase": "PAUSE"}, {"speaker": "HARO", "phrase": "PAUSE"}, {"speaker": "HARO", "phrase": " you didn't ask her to dance ?"}, {"speaker": "JAMI", "phrase": " Not Miles"}, {"speaker": "JAMI", "phrase": " he's just in daze."}, {"speaker": "MILE", "phrase": " Well I was still trying to figure out."}, {"speaker": "JAMI", "phrase": "PAUSE"}, {"speaker": "MILE", "phrase": " surely they must know each other"}, {"speaker": "MILE", "phrase": " I mean"}, {"speaker": "MILE", "phrase": " why wasn't he sitting at her table."}, {"speaker": "JAMI", "phrase": " You mean"}, {"speaker": "JAMI", "phrase": " you were still thinking about it."}, {"speaker": "PETE", "phrase": "PAUSE"}, {"speaker": "JAMI", "phrase": "PAUSE"}, {"speaker": "MILE", "phrase": " Anyway"}, {"speaker": "MILE", "phrase": " this guy."}, {"speaker": "JAMI", "phrase": "PAUSE"}, {"speaker": "MILE", "phrase": " \u0294uh \u0294uh I mean he comes over there"}, {"speaker": "MILE", "phrase": " immediately afterwards."}, {"speaker": "JAMI", "phrase": " the same guy who got his."}, {"speaker": "JAMI", "phrase": " the same guy who's..."}, {"speaker": "HARO", "phrase": " No"}, {"speaker": "HARO", "phrase": " it's just some random guy."}, {"speaker": "JAMI", "phrase": " Or just some random guy."}, {"speaker": "MILE", "phrase": " No"}, {"speaker": "MILE", "phrase": " random guy."}, {"speaker": "MILE", "phrase": " who was like sitting about where you are."}, {"speaker": "HARO", "phrase": " Yeah."}, {"speaker": "MILE", "phrase": " He was sitting there"}, {"speaker": "MILE", "phrase": " there were two guys sitting at table right where you are."}, {"speaker": "MILE", "phrase": " And then these two women are sitting here."}, {"speaker": "MILE", "phrase": " So uh"}, {"speaker": "MILE", "phrase": " he comes over there"}, {"speaker": "MILE", "phrase": " and is talking with that woman."}, {"speaker": "MILE", "phrase": " I don't know about what"}, {"speaker": "MILE", "phrase": " but then like ten minutes later"}, {"speaker": "MILE", "phrase": " she and her friend are over at their table."}, {"speaker": "MILE", "phrase": " And then"}, {"speaker": "MILE", "phrase": " twenty minutes later"}, {"speaker": "MILE", "phrase": " they were kinda like all over each other."}, {"speaker": "MILE", "phrase": " You know."}, {"speaker": "MILE", "phrase": " kissing"}, {"speaker": "MILE", "phrase": " et cetera"}, {"speaker": "MILE", "phrase": " et cetera."}, {"speaker": "MILE", "phrase": " And I was thinking"}, {"speaker": "MILE", "phrase": " it looks like"}, {"speaker": "MILE", "phrase": " these people aren't going home alone tonight."}, {"speaker": "MILE", "phrase": "PAUSE"}, {"speaker": "HARO", "phrase": " Gosh."}, {"speaker": "MILE", "phrase": " But I just thought that..."}, {"speaker": "HARO", "phrase": " no wonder they forbid this dance."}, {"speaker": "HARO", "phrase": "PAUSE"}, {"speaker": "MILE", "phrase": " So."}, {"speaker": "JAMI", "phrase": " Oh my God"}, {"speaker": "JAMI", "phrase": " what story."}, {"speaker": "JAMI", "phrase": " Well"}, {"speaker": "JAMI", "phrase": " maybe I shouldn't go there then."}, {"speaker": "HARO", "phrase": " Yeah"}, {"speaker": "HARO", "phrase": " maybe you shouldn't laugh."}, {"speaker": "MILE", "phrase": " it was interesting."}, {"speaker": "JAMI", "phrase": " No"}, {"speaker": "JAMI", "phrase": " I went there before"}, {"speaker": "JAMI", "phrase": " it was fine."}, {"speaker": "JAMI", "phrase": " it was really fun."}, {"speaker": "HARO", "phrase": " You were there before ?"}, {"speaker": "JAMI", "phrase": " Yeah."}, {"speaker": "JAMI", "phrase": " I went out there before."}, {"speaker": "HARO", "phrase": " Oh."}, {"speaker": "PETE", "phrase": " Without even telling Harold ?"}, {"speaker": "HARO", "phrase": " Without telling me ?"}, {"speaker": "JAMI", "phrase": " \u0294uh\u0294uh You knew."}, {"speaker": "JAMI", "phrase": " If I was going out dancing ?"}, {"speaker": "HARO", "phrase": " Oh."}, {"speaker": "HARO", "phrase": " Oh."}, {"speaker": "HARO", "phrase": " I did ?"}, {"speaker": "JAMI", "phrase": " Remember few months ago I used to go out dancing ?"}, {"speaker": "JAMI", "phrase": " every now and then ?"}, {"speaker": "HARO", "phrase": " Hmm"}, {"speaker": "HARO", "phrase": " I don't remember."}, {"speaker": "MILE", "phrase": " Well the thing that gets me"}, {"speaker": "MILE", "phrase": " I meet this..."}, {"speaker": "JAMI", "phrase": " to Caesar's"}, {"speaker": "JAMI", "phrase": " and stuff ?"}, {"speaker": "MILE", "phrase": " I meet this psychotherapist."}, {"speaker": "MILE", "phrase": " who tells me she's addicted to this dance."}, {"speaker": "MILE", "phrase": " which I th."}, {"speaker": "MILE", "phrase": " think is interesting choice of words for psychotherapist to use."}, {"speaker": "MILE", "phrase": " But uh"}, {"speaker": "MILE", "phrase": " she's married"}, {"speaker": "MILE", "phrase": " and apparently she's there without her husband."}, {"speaker": "MILE", "phrase": " She has her wedding ring on."}, {"speaker": "MILE", "phrase": " And it's like she's with this guy"}, {"speaker": "MILE", "phrase": " and they're kinda like all over each other."}, {"speaker": "MILE", "phrase": " And I'm thinking"}, {"speaker": "MILE", "phrase": " well"}, {"speaker": "MILE", "phrase": " I guess that's her husband."}, {"speaker": "JAMI", "phrase": " Uhoh did you say something laugh ?"}, {"speaker": "MILE", "phrase": " but..."}, {"speaker": "JAMI", "phrase": "PAUSE"}, {"speaker": "MILE", "phrase": " but I was thinking"}, {"speaker": "MILE", "phrase": " but the thing is"}, {"speaker": "MILE", "phrase": " you know she's kind of all sophisticated and everything"}, {"speaker": "MILE", "phrase": " and I'm thinking"}, {"speaker": "MILE", "phrase": " you know"}, {"speaker": "MILE", "phrase": " this guy \u0294uh"}, {"speaker": "MILE", "phrase": " \u0294uh I can't really believe that guy's her husband."}, {"speaker": "MILE", "phrase": " So I don't know what's going on here."}, {"speaker": "MILE", "phrase": " And of course later on I find out"}, {"speaker": "MILE", "phrase": " that's not her husband."}, {"speaker": "MILE", "phrase": " So"}, {"speaker": "MILE", "phrase": " I'm thinking"}, {"speaker": "MILE", "phrase": " you know"}, {"speaker": "MILE", "phrase": " I don't know what's going on here."}, {"speaker": "MILE", "phrase": "PAUSE"}, {"speaker": "MILE", "phrase": " But uh"}, {"speaker": "MILE", "phrase": " \u0294uh"}, {"speaker": "MILE", "phrase": " bizarre."}, {"speaker": "JAMI", "phrase": " Gossip."}, {"speaker": "MILE", "phrase": " But then she tells me"}, {"speaker": "MILE", "phrase": " gee I don't know what it is about this guy I mean"}, {"speaker": "MILE", "phrase": " I've been trying to tell him I don't want sexual relationship with him"}, {"speaker": "MILE", "phrase": " and I'm thinking"}, {"speaker": "MILE", "phrase": " from the way they look"}, {"speaker": "MILE", "phrase": " when I'd seen them three weeks before"}, {"speaker": "MILE", "phrase": " it looked to me like they had one laugh."}, {"speaker": "MILE", "phrase": "PAUSE"}, {"speaker": "MILE", "phrase": " I'm thinking"}, {"speaker": "MILE", "phrase": " you don't do that..."}, {"speaker": "JAMI", "phrase": " So."}, {"speaker": "JAMI", "phrase": " This is all at Bahia ?"}, {"speaker": "MILE", "phrase": " strangers."}, {"speaker": "JAMI", "phrase": " All this stuff happens at Bahia."}, {"speaker": "MILE", "phrase": " Yeah."}, {"speaker": "JAMI", "phrase": " Hunh ?"}, {"speaker": "MILE", "phrase": " To \u0294other people I mean."}, {"speaker": "MILE", "phrase": "PAUSE"}, {"speaker": "JAMI", "phrase": "PAUSE"}, {"speaker": "JAMI", "phrase": " Well."}, {"speaker": "MILE", "phrase": "PAUSE"}, {"speaker": "JAMI", "phrase": " I mean maybe..."}, {"speaker": "HARO", "phrase": " That was actually laugh very profound."}, {"speaker": "JAMI", "phrase": " Yeah"}, {"speaker": "JAMI", "phrase": " that was."}, {"speaker": "JAMI", "phrase": "PAUSE"}, {"speaker": "JAMI", "phrase": " Maybe you can just go up to woman"}, {"speaker": "JAMI", "phrase": " and"}, {"speaker": "JAMI", "phrase": " you know"}, {"speaker": "JAMI", "phrase": " do that kinda thing."}, {"speaker": "HARO", "phrase": " Yeah."}, {"speaker": "HARO", "phrase": " You."}, {"speaker": "HARO", "phrase": " You wind up getting punched."}, {"speaker": "PETE", "phrase": " Mhm."}, {"speaker": "HARO", "phrase": " is what'll happen."}, {"speaker": "JAMI", "phrase": "PAUSE"}, {"speaker": "JAMI", "phrase": " Probably"}, {"speaker": "JAMI", "phrase": " something'll land in your mouth."}, {"speaker": "PETE", "phrase": " Well"}, {"speaker": "PETE", "phrase": " it sounds like there you wouldn't be though."}, {"speaker": "JAMI", "phrase": "PAUSE"}, {"speaker": "JAMI", "phrase": " What ?"}, {"speaker": "MILE", "phrase": " Yeah"}, {"speaker": "MILE", "phrase": " right."}, {"speaker": "MILE", "phrase": "PAUSE"}, {"speaker": "JAMI", "phrase": "PAUSE"}, {"speaker": "MILE", "phrase": " I really"}, {"speaker": "MILE", "phrase": " was wondering what that guy was thinking."}, {"speaker": "MILE", "phrase": " He must have been."}, {"speaker": "MILE", "phrase": " since he didn't know her"}, {"speaker": "MILE", "phrase": " that must have been quite shock."}, {"speaker": "JAMI", "phrase": " That was really weird."}, {"speaker": "JAMI", "phrase": " That sounds really weird."}, {"speaker": "MILE", "phrase": " I mean"}, {"speaker": "MILE", "phrase": " you're."}, {"speaker": "MILE", "phrase": " fifty year old guy"}, {"speaker": "MILE", "phrase": " and"}, {"speaker": "MILE", "phrase": " some twentyyearold woman comes up doing that to you"}, {"speaker": "MILE", "phrase": " uh"}, {"speaker": "MILE", "phrase": " what do you think."}, {"speaker": "MILE", "phrase": "PAUSE"}, {"speaker": "HARO", "phrase": " I think you think"}, {"speaker": "HARO", "phrase": " you better go back to your table"}, {"speaker": "HARO", "phrase": " fast."}, {"speaker": "PETE", "phrase": " Right."}, {"speaker": "HARO", "phrase": " Apparently."}, {"speaker": "JAMI", "phrase": "PAUSE"}, {"speaker": "HARO", "phrase": " I'll I'll tell you when I'm fifty what you think"}, {"speaker": "HARO", "phrase": " okay ?"}, {"speaker": "JAMI", "phrase": "PAUSE"}, {"speaker": "MILE", "phrase": "PAUSE"}, {"speaker": "JAMI", "phrase": "PAUSE"}, {"speaker": "MILE", "phrase": " Mhm."}, {"speaker": "HARO", "phrase": " What ?"}, {"speaker": "JAMI", "phrase": " That'll be weird when you're fifty."}, {"speaker": "JAMI", "phrase": " Wonder what you'll look like."}, {"speaker": "HARO", "phrase": " Nobody's fifty"}, {"speaker": "HARO", "phrase": " don't worry about it."}, {"speaker": "JAMI", "phrase": " Oh"}, {"speaker": "JAMI", "phrase": " okay."}, {"speaker": "JAMI", "phrase": " Ha ha ha"}, {"speaker": "JAMI", "phrase": " la lala lala."}, {"speaker": "JAMI", "phrase": "PAUSE"}, {"speaker": "MILE", "phrase": " Oh well"}, {"speaker": "MILE", "phrase": " ten o'clock."}, {"speaker": "MILE", "phrase": " Look like it's bedtime for some folks here."}, {"speaker": "HARO", "phrase": " Yep."}, {"speaker": "JAMI", "phrase": " Yeah"}, {"speaker": "JAMI", "phrase": " actually it's pretty much bed time for me soon."}, {"speaker": "PETE", "phrase": " Hm."}, {"speaker": "HARO", "phrase": " Yep."}, {"speaker": "MILE", "phrase": " Well that was good ice cream."}, {"speaker": "MILE", "phrase": " What kind of ice cream was that."}, {"speaker": "HARO", "phrase": " Bud's."}, {"speaker": "JAMI", "phrase": " Pralines and."}, {"speaker": "JAMI", "phrase": " What is it called ?"}, {"speaker": "MILE", "phrase": " But what flavor ?"}, {"speaker": "HARO", "phrase": " Uh"}, {"speaker": "HARO", "phrase": " pecan pra line."}, {"speaker": "PETE", "phrase": "..."}, {"speaker": "JAMI", "phrase": "..."}, {"speaker": "HARO", "phrase": " or something like that."}, {"speaker": "PETE", "phrase": " Right."}]}