{"text": [{"speaker": "JEFF", "phrase": " We often meditate"}, {"speaker": "JEFF", "phrase": " I think"}, {"speaker": "JEFF", "phrase": " on the love of Christ"}, {"speaker": "JEFF", "phrase": " and there are many ways to do it"}, {"speaker": "JEFF", "phrase": " and those who have meditated on the love of Christ"}, {"speaker": "JEFF", "phrase": " have often done so"}, {"speaker": "JEFF", "phrase": " in terms of the cross itself"}, {"speaker": "JEFF", "phrase": " have imagined again and afresh"}, {"speaker": "JEFF", "phrase": " uh"}, {"speaker": "JEFF", "phrase": " his uh bleeding wounds"}, {"speaker": "JEFF", "phrase": " uh see him as he died on the cross"}, {"speaker": "JEFF", "phrase": " but."}, {"speaker": "AUD", "phrase": "PAUSE"}, {"speaker": "JEFF", "phrase": " wherever we turn."}, {"speaker": "JEFF", "phrase": " uh in considering the love of Christ."}, {"speaker": "JEFF", "phrase": " we turn always to the Gospel records"}, {"speaker": "JEFF", "phrase": " don't we."}, {"speaker": "JEFF", "phrase": " We we turn to the Word of God."}, {"speaker": "JEFF", "phrase": " We turn to the real Jesus"}, {"speaker": "JEFF", "phrase": " as he's described."}, {"speaker": "JEFF", "phrase": " And uh"}, {"speaker": "JEFF", "phrase": " there is where our meditation always centers."}, {"speaker": "AUD", "phrase": "PAUSE"}, {"speaker": "JEFF", "phrase": " That we might know him"}, {"speaker": "JEFF", "phrase": " and uh see the wonder of his love."}, {"speaker": "JEFF", "phrase": " And not only hear him as he cries"}, {"speaker": "JEFF", "phrase": " why have you forsaken me"}, {"speaker": "JEFF", "phrase": " but uh"}, {"speaker": "JEFF", "phrase": " see him also"}, {"speaker": "JEFF", "phrase": " in his seeking love"}, {"speaker": "JEFF", "phrase": " as the risen Lord."}, {"speaker": "JEFF", "phrase": " Uh see him uh"}, {"speaker": "JEFF", "phrase": " with that fish breakfast"}, {"speaker": "JEFF", "phrase": " by the Lake of Galilee."}, {"speaker": "JEFF", "phrase": " Broiling fish."}, {"speaker": "JEFF", "phrase": " Don't you like that ?"}, {"speaker": "JEFF", "phrase": " You know he had that uh"}, {"speaker": "JEFF", "phrase": " he had that breakfast all cooking."}, {"speaker": "JEFF", "phrase": " While the disciples were still out in the boat."}, {"speaker": "JEFF", "phrase": " And then uh"}, {"speaker": "JEFF", "phrase": " of course he has special interview with Peter."}, {"speaker": "JEFF", "phrase": " Not the first time he'd seen him"}, {"speaker": "JEFF", "phrase": " he made special resurrection appearance"}, {"speaker": "JEFF", "phrase": " uh to Peter."}, {"speaker": "JEFF", "phrase": " But uh"}, {"speaker": "JEFF", "phrase": " there in the morning"}, {"speaker": "JEFF", "phrase": " early morning"}, {"speaker": "JEFF", "phrase": " in the Lake of Galilee."}, {"speaker": "JEFF", "phrase": " And there are cocks crowing in the distance."}, {"speaker": "JEFF", "phrase": " And Jesus says to Peter"}, {"speaker": "JEFF", "phrase": " do you love me"}, {"speaker": "JEFF", "phrase": " more than these ?"}, {"speaker": "JEFF", "phrase": " Simon"}, {"speaker": "JEFF", "phrase": " son of Jonah"}, {"speaker": "JEFF", "phrase": " do you love me"}, {"speaker": "JEFF", "phrase": " more than these."}, {"speaker": "JEFF", "phrase": " Three times the question."}, {"speaker": "AUD", "phrase": "PAUSE"}, {"speaker": "JEFF", "phrase": " Because"}, {"speaker": "JEFF", "phrase": " you see"}, {"speaker": "JEFF", "phrase": " as uh we were saying bit ago"}, {"speaker": "JEFF", "phrase": " the love and the service go together."}, {"speaker": "JEFF", "phrase": " Don't they."}, {"speaker": "JEFF", "phrase": " If Peter is to be restored in service"}, {"speaker": "JEFF", "phrase": " he has to be restored in love."}, {"speaker": "JEFF", "phrase": " And when Peter says"}, {"speaker": "JEFF", "phrase": " uh"}, {"speaker": "JEFF", "phrase": " I love you"}, {"speaker": "JEFF", "phrase": " then Jesus says"}, {"speaker": "JEFF", "phrase": " uh"}, {"speaker": "JEFF", "phrase": " feed my sheep"}, {"speaker": "JEFF", "phrase": " tend my lambs"}, {"speaker": "JEFF", "phrase": " care for my little ones."}, {"speaker": "JEFF", "phrase": " We."}, {"speaker": "JEFF", "phrase": " we can't love others"}, {"speaker": "JEFF", "phrase": " in the name of Christ"}, {"speaker": "JEFF", "phrase": " unless the love for others is overflow"}, {"speaker": "JEFF", "phrase": " of our love for the Lord himself."}, {"speaker": "JEFF", "phrase": " The people that we're called to love"}, {"speaker": "JEFF", "phrase": " are unfortunately"}, {"speaker": "JEFF", "phrase": " not"}, {"speaker": "JEFF", "phrase": " uh"}, {"speaker": "JEFF", "phrase": " warrantably lovable."}, {"speaker": "JEFF", "phrase": " \u0294uh We uh"}, {"speaker": "JEFF", "phrase": " \u0294uh The source of our love"}, {"speaker": "JEFF", "phrase": " is not how appealing they are laugh"}, {"speaker": "JEFF", "phrase": " although"}, {"speaker": "JEFF", "phrase": " we can praise God for his image in them"}, {"speaker": "JEFF", "phrase": " and rejoice in the many evidences of God's common grace in their lives"}, {"speaker": "JEFF", "phrase": " but"}, {"speaker": "JEFF", "phrase": " nevertheless"}, {"speaker": "JEFF", "phrase": " uh basically"}, {"speaker": "JEFF", "phrase": " the the fountain of our love"}, {"speaker": "JEFF", "phrase": " is uh"}, {"speaker": "JEFF", "phrase": " the seeking love of the savior."}, {"speaker": "JEFF", "phrase": " The selfdenying love."}, {"speaker": "JEFF", "phrase": " That is uh willing to serve in his name."}, {"speaker": "JEFF", "phrase": " Do you love me."}, {"speaker": "JEFF", "phrase": " You know"}, {"speaker": "JEFF", "phrase": " \u0294uh Jesus didn't ask Peter those questions"}, {"speaker": "JEFF", "phrase": " to undercut his love"}, {"speaker": "JEFF", "phrase": " or his faith."}, {"speaker": "JEFF", "phrase": " He asked those questions to establish it."}, {"speaker": "JEFF", "phrase": " And uh Jesus does the same with you"}, {"speaker": "JEFF", "phrase": " my friend"}, {"speaker": "JEFF", "phrase": " he does the same."}, {"speaker": "JEFF", "phrase": " He does ask you"}, {"speaker": "JEFF", "phrase": " this morning"}, {"speaker": "JEFF", "phrase": " do you love me."}, {"speaker": "JEFF", "phrase": " Do you really love me."}, {"speaker": "JEFF", "phrase": " But he asks it"}, {"speaker": "JEFF", "phrase": " in order that you'll be able to say at last with Peter"}, {"speaker": "JEFF", "phrase": " Lord"}, {"speaker": "JEFF", "phrase": " you know everything laugh."}, {"speaker": "JEFF", "phrase": " You know my heart."}, {"speaker": "JEFF", "phrase": " And Lord you know that in spite of everything"}, {"speaker": "JEFF", "phrase": " yes Lord I do love you."}, {"speaker": "JEFF", "phrase": " Well"}, {"speaker": "JEFF", "phrase": " the saving love of uh the Father"}, {"speaker": "JEFF", "phrase": " and the Son"}, {"speaker": "JEFF", "phrase": " is also the saving love of the Spirit."}, {"speaker": "JEFF", "phrase": " and that's why I read that section from Romans eight."}, {"speaker": "JEFF", "phrase": " Uh you see"}, {"speaker": "JEFF", "phrase": " God's love is is present in the Spirit."}, {"speaker": "JEFF", "phrase": " \u0294uh There there's wonderful theology of the Spirit"}, {"speaker": "JEFF", "phrase": " in uh"}, {"speaker": "JEFF", "phrase": " in the Scriptures."}, {"speaker": "JEFF", "phrase": " \u0294uh \u0294uh Especially of course in the New Testament"}, {"speaker": "JEFF", "phrase": " Um"}, {"speaker": "JEFF", "phrase": " Bultmann"}, {"speaker": "JEFF", "phrase": " in his uh commentary on uh Romans eight"}, {"speaker": "JEFF", "phrase": " uh"}, {"speaker": "JEFF", "phrase": " \u0294uh talks about"}, {"speaker": "JEFF", "phrase": " uh"}, {"speaker": "JEFF", "phrase": " the two ways in which the Spirit is spoken of."}, {"speaker": "JEFF", "phrase": " And uh"}, {"speaker": "JEFF", "phrase": " \u0294uh he unfortunately uses anthropological terms to describe it"}, {"speaker": "JEFF", "phrase": " uh"}, {"speaker": "JEFF", "phrase": " he talks about uh"}, {"speaker": "JEFF", "phrase": " the the the Spirit in uh"}, {"speaker": "JEFF", "phrase": " the sense of mana"}, {"speaker": "JEFF", "phrase": " as in uh animism"}, {"speaker": "JEFF", "phrase": " where the spirit"}, {"speaker": "JEFF", "phrase": " you have spirit of of tree"}, {"speaker": "JEFF", "phrase": " or a stone"}, {"speaker": "JEFF", "phrase": " or something like that"}, {"speaker": "JEFF", "phrase": " and then you have the more personal concept of the Spirit."}, {"speaker": "JEFF", "phrase": " uh uh"}, {"speaker": "JEFF", "phrase": " both an impersonal and personal concept of the Spirit."}, {"speaker": "JEFF", "phrase": " Now"}, {"speaker": "JEFF", "phrase": " I I don't care for his analogy"}, {"speaker": "JEFF", "phrase": " but uh the point is well taken."}, {"speaker": "JEFF", "phrase": " Uh"}, {"speaker": "JEFF", "phrase": " the point is that Paul does speak of the Spirit"}, {"speaker": "JEFF", "phrase": " both as possessor"}, {"speaker": "JEFF", "phrase": " and as possessed."}, {"speaker": "JEFF", "phrase": " You see"}, {"speaker": "JEFF", "phrase": " the Spirit possesses us."}, {"speaker": "JEFF", "phrase": " Uh"}, {"speaker": "JEFF", "phrase": " as Christians"}, {"speaker": "JEFF", "phrase": " we are not demon possessed"}, {"speaker": "JEFF", "phrase": " we are Holy Spirit possessed."}, {"speaker": "JEFF", "phrase": " And uh"}, {"speaker": "JEFF", "phrase": " Holy Spirit possession"}, {"speaker": "JEFF", "phrase": " has close relationship to demon possession."}, {"speaker": "JEFF", "phrase": " uh"}, {"speaker": "JEFF", "phrase": " the close relationship is what makes it so different."}, {"speaker": "JEFF", "phrase": " \u0294uh You see"}, {"speaker": "JEFF", "phrase": " uh demon possession is always destructive"}, {"speaker": "JEFF", "phrase": " because uh Satan can't create."}, {"speaker": "JEFF", "phrase": " And the demonpossessed man in Gadare ?"}, {"speaker": "JEFF", "phrase": " Remember ?"}, {"speaker": "JEFF", "phrase": " uh he couldn't even give his name."}, {"speaker": "JEFF", "phrase": " When Jesus asked him what his name was."}, {"speaker": "JEFF", "phrase": " Uh."}, {"speaker": "JEFF", "phrase": " His personality was destroyed."}, {"speaker": "JEFF", "phrase": " You know how C S Lewis has done that in his uh"}, {"speaker": "JEFF", "phrase": " uh adult novels."}, {"speaker": "JEFF", "phrase": " Uh"}, {"speaker": "JEFF", "phrase": " uh but uh"}, {"speaker": "JEFF", "phrase": " there it is."}, {"speaker": "JEFF", "phrase": " \u0294uh \u0294uh demon possession is personality destructive."}, {"speaker": "JEFF", "phrase": " It depersonalizes"}, {"speaker": "JEFF", "phrase": " because uh Satan can only corrode"}, {"speaker": "JEFF", "phrase": " he can't create."}, {"speaker": "JEFF", "phrase": " He can only destroy."}, {"speaker": "JEFF", "phrase": " But"}, {"speaker": "JEFF", "phrase": " Holy Spirit pos session"}, {"speaker": "JEFF", "phrase": " is no less real possession"}, {"speaker": "JEFF", "phrase": " only"}, {"speaker": "JEFF", "phrase": " it has the opposite effect."}, {"speaker": "JEFF", "phrase": " The Holy Spirit"}, {"speaker": "JEFF", "phrase": " you see"}, {"speaker": "JEFF", "phrase": " is the creator Spirit"}, {"speaker": "JEFF", "phrase": " who brought uh order out of chaos"}, {"speaker": "JEFF", "phrase": " the Holy Spirit is the one who orders"}, {"speaker": "JEFF", "phrase": " the Holy Spirit is the one who frees"}, {"speaker": "JEFF", "phrase": " uh liberates"}, {"speaker": "JEFF", "phrase": " uh."}, {"speaker": "JEFF", "phrase": " uh Gadarene demoniac thought he was free"}, {"speaker": "JEFF", "phrase": " because nobody could tie him up"}, {"speaker": "JEFF", "phrase": " you see."}, {"speaker": "AUD", "phrase": "PAUSE"}, {"speaker": "JEFF", "phrase": " he could go anywhere"}, {"speaker": "JEFF", "phrase": " do anything"}, {"speaker": "JEFF", "phrase": " uh absolute freedom."}, {"speaker": "JEFF", "phrase": " Right ?"}, {"speaker": "JEFF", "phrase": " \u0294uh and he could treat people."}, {"speaker": "JEFF", "phrase": " he he didn't have to dress any particular way"}, {"speaker": "JEFF", "phrase": " no dress code"}, {"speaker": "JEFF", "phrase": " and so he stripped it all off."}, {"speaker": "JEFF", "phrase": " And the he uh"}, {"speaker": "JEFF", "phrase": " he could uh treat people any way he wanted to"}, {"speaker": "JEFF", "phrase": " so whenever they came by"}, {"speaker": "JEFF", "phrase": " he beat them up."}, {"speaker": "JEFF", "phrase": " And uh."}, {"speaker": "AUD", "phrase": "PAUSE"}, {"speaker": "JEFF", "phrase": " \u0294uh and uh then"}, {"speaker": "JEFF", "phrase": " if there was nobody handy to beat up"}, {"speaker": "JEFF", "phrase": " he picked up stone"}, {"speaker": "JEFF", "phrase": " and uh tore his own flesh apart."}, {"speaker": "JEFF", "phrase": " There's demonic liberty."}, {"speaker": "JEFF", "phrase": " But uh"}, {"speaker": "JEFF", "phrase": " Holy Spirit liberty doesn't work that way."}, {"speaker": "JEFF", "phrase": " See laugh."}, {"speaker": "JEFF", "phrase": " Uh"}, {"speaker": "JEFF", "phrase": " uh now \u0294uh um"}, {"speaker": "JEFF", "phrase": " you'll accuse me of thinking uh of Holy Spirit liberty"}, {"speaker": "JEFF", "phrase": " in too strictly Presbyterian terms"}, {"speaker": "JEFF", "phrase": " because uh."}, {"speaker": "AUD", "phrase": "PAUSE"}, {"speaker": "JEFF", "phrase": " I remind you"}, {"speaker": "JEFF", "phrase": " that that man"}, {"speaker": "JEFF", "phrase": " once he was delivered"}, {"speaker": "JEFF", "phrase": " was seated clothed"}, {"speaker": "JEFF", "phrase": " and in his right mind."}, {"speaker": "MANY", "phrase": "PAUSE"}, {"speaker": "JEFF", "phrase": " Uh and \u0294uh"}, {"speaker": "JEFF", "phrase": " And we'll pass over other uh uh Scriptural ac counts."}, {"speaker": "AUD", "phrase": "PAUSE"}, {"speaker": "JEFF", "phrase": " like the lame man healed"}, {"speaker": "JEFF", "phrase": " by the Beautiful Gate at the temple"}, {"speaker": "JEFF", "phrase": " who went in leaping and dancing and praising the Lord."}, {"speaker": "MANY", "phrase": "PAUSE"}, {"speaker": "JEFF", "phrase": " See that"}, {"speaker": "JEFF", "phrase": " uh that's little different"}, {"speaker": "JEFF", "phrase": " but"}, {"speaker": "JEFF", "phrase": " But uh \u0294uh you Presbyterians want to do everything decently and in order."}, {"speaker": "JEFF", "phrase": " Uh but"}, {"speaker": "JEFF", "phrase": " but the Holy Spirit"}, {"speaker": "JEFF", "phrase": " remember"}, {"speaker": "JEFF", "phrase": " is the spirit of both."}, {"speaker": "JEFF", "phrase": " Right ?"}, {"speaker": "JEFF", "phrase": " He's the spirit of order"}, {"speaker": "JEFF", "phrase": " he's the spirit of ardor."}, {"speaker": "JEFF", "phrase": " and the Holy Spirit"}, {"speaker": "JEFF", "phrase": " uh uh \u0294uh\u0294uh is the one"}, {"speaker": "JEFF", "phrase": " uh who has uh"}, {"speaker": "JEFF", "phrase": " ordered our lives."}, {"speaker": "JEFF", "phrase": " And as he possesses us."}, {"speaker": "JEFF", "phrase": " He orders us."}, {"speaker": "JEFF", "phrase": " And he gives us the order of love."}, {"speaker": "JEFF", "phrase": " If you love me"}, {"speaker": "JEFF", "phrase": " Jesus said"}, {"speaker": "JEFF", "phrase": " keep my commandments."}, {"speaker": "JEFF", "phrase": " Uh I wanna say little bit more about that in moment."}, {"speaker": "JEFF", "phrase": " The obedience of love."}, {"speaker": "JEFF", "phrase": " But the Holy Spirit is the one who orders our lives"}, {"speaker": "JEFF", "phrase": " uh"}, {"speaker": "JEFF", "phrase": " controls our lives"}, {"speaker": "JEFF", "phrase": " is in possession of our lives"}, {"speaker": "JEFF", "phrase": " but the Holy Spirit's also given to us"}, {"speaker": "JEFF", "phrase": " see"}, {"speaker": "JEFF", "phrase": " he's not only the possessor"}, {"speaker": "JEFF", "phrase": " he's also the one who is possessed."}, {"speaker": "JEFF", "phrase": " We possess him."}, {"speaker": "JEFF", "phrase": " He dwells in our hearts."}, {"speaker": "JEFF", "phrase": " Uh"}, {"speaker": "JEFF", "phrase": " we have not only the gifts of the Spirit"}, {"speaker": "JEFF", "phrase": " in the plural"}, {"speaker": "JEFF", "phrase": " but we have the gift of the Spirit"}, {"speaker": "JEFF", "phrase": " We have the Holy Spirit himself"}, {"speaker": "JEFF", "phrase": " given to us."}, {"speaker": "JEFF", "phrase": " The promise of the Father."}, {"speaker": "JEFF", "phrase": " Uh the disciples were to wait"}, {"speaker": "JEFF", "phrase": " until that great promise was given"}, {"speaker": "JEFF", "phrase": " the gift of the Holy Spirit."}, {"speaker": "JEFF", "phrase": " And so the Holy Spirit given to us"}, {"speaker": "JEFF", "phrase": " uh."}, {"speaker": "JEFF", "phrase": " works in us."}, {"speaker": "JEFF", "phrase": " Uh"}, {"speaker": "JEFF", "phrase": " that sense of the presence of God's love."}, {"speaker": "JEFF", "phrase": " And that's why uh Paul says"}, {"speaker": "JEFF", "phrase": " in Romans five"}, {"speaker": "JEFF", "phrase": " that God pours out his love in our hearts."}, {"speaker": "JEFF", "phrase": " By the Holy Spirit."}, {"speaker": "JEFF", "phrase": " Now"}, {"speaker": "JEFF", "phrase": " \u0294uh there"}, {"speaker": "JEFF", "phrase": " the love that's poured out"}, {"speaker": "JEFF", "phrase": " does not describe the love that we have for God"}, {"speaker": "JEFF", "phrase": " although that is the fruit of the Spirit you know"}, {"speaker": "JEFF", "phrase": " love joy peace so on ?"}, {"speaker": "JEFF", "phrase": " Uh"}, {"speaker": "JEFF", "phrase": " but \u0294uh in that passage"}, {"speaker": "JEFF", "phrase": " in Romans five"}, {"speaker": "JEFF", "phrase": " Paul isn't talking about uh"}, {"speaker": "JEFF", "phrase": " the gift of love that we have for God"}, {"speaker": "JEFF", "phrase": " he's talking about the gift of love that God has for us."}, {"speaker": "JEFF", "phrase": " Because he goes on to describe that love of God."}, {"speaker": "JEFF", "phrase": " God commends his love toward us"}, {"speaker": "JEFF", "phrase": " in that while we were yet sinners Christ died for us."}, {"speaker": "JEFF", "phrase": " So it's God's love for us"}, {"speaker": "JEFF", "phrase": " that's poured out in our hearts"}, {"speaker": "JEFF", "phrase": " by the Holy Spirit given to us."}, {"speaker": "JEFF", "phrase": " \u0294uh Which is uh"}, {"speaker": "JEFF", "phrase": " again."}, {"speaker": "JEFF", "phrase": " uh"}, {"speaker": "JEFF", "phrase": " wonderful reality."}, {"speaker": "JEFF", "phrase": " Because"}, {"speaker": "JEFF", "phrase": " if God didn't do that"}, {"speaker": "JEFF", "phrase": " uh"}, {"speaker": "JEFF", "phrase": " we wouldn't have love for God."}, {"speaker": "JEFF", "phrase": " There's no spring of that divine love within us."}, {"speaker": "JEFF", "phrase": " It comes from him."}, {"speaker": "JEFF", "phrase": " And it does come from him"}, {"speaker": "JEFF", "phrase": " and he does give it."}, {"speaker": "JEFF", "phrase": " And so the Spirit is the spirit of uh adoption."}, {"speaker": "JEFF", "phrase": " The spirit of sonship."}, {"speaker": "JEFF", "phrase": " Now"}, {"speaker": "JEFF", "phrase": " to be the spirit of sonship"}, {"speaker": "JEFF", "phrase": " he has to be also the spirit of fatherhood"}, {"speaker": "JEFF", "phrase": " right ?"}, {"speaker": "JEFF", "phrase": " Uh to make us ware"}, {"speaker": "JEFF", "phrase": " that we are children of God"}, {"speaker": "JEFF", "phrase": " uh we have to know"}, {"speaker": "JEFF", "phrase": " that he is our father."}, {"speaker": "JEFF", "phrase": " And so"}, {"speaker": "JEFF", "phrase": " it is the love of God"}, {"speaker": "JEFF", "phrase": " made real to our hearts"}, {"speaker": "JEFF", "phrase": " the knowledge that he does love us"}, {"speaker": "JEFF", "phrase": " that he is present with us"}, {"speaker": "JEFF", "phrase": " that uh becomes of course then the source"}, {"speaker": "JEFF", "phrase": " of our uh love toward him."}, {"speaker": "JEFF", "phrase": " Um"}, {"speaker": "JEFF", "phrase": " uh friends."}, {"speaker": "AUD", "phrase": "PAUSE"}, {"speaker": "JEFF", "phrase": " uh"}, {"speaker": "JEFF", "phrase": " there's."}, {"speaker": "JEFF", "phrase": " there's nothing more important."}, {"speaker": "JEFF", "phrase": " For the whole balance"}, {"speaker": "JEFF", "phrase": " and stability"}, {"speaker": "JEFF", "phrase": " and progress"}, {"speaker": "JEFF", "phrase": " and growth"}, {"speaker": "JEFF", "phrase": " of our Christian lives."}, {"speaker": "JEFF", "phrase": " Than"}, {"speaker": "JEFF", "phrase": " \u0294uh to realize"}, {"speaker": "JEFF", "phrase": " again"}, {"speaker": "JEFF", "phrase": " and again"}, {"speaker": "JEFF", "phrase": " and again"}, {"speaker": "JEFF", "phrase": " the uh"}, {"speaker": "JEFF", "phrase": " the wonder"}, {"speaker": "JEFF", "phrase": " of our union with Jesus Christ."}, {"speaker": "JEFF", "phrase": " Through the Spirit."}, {"speaker": "JEFF", "phrase": " Because it's in Jesus Christ that we are united to the Father"}, {"speaker": "JEFF", "phrase": " and it is by the Spirit that Christ is present in our hearts"}, {"speaker": "JEFF", "phrase": " and it's by the Spirit that the Father is present in our hearts."}, {"speaker": "JEFF", "phrase": " Two aspects of union with Christ"}, {"speaker": "JEFF", "phrase": " I think you all know this theology"}, {"speaker": "JEFF", "phrase": " but it always pays to think about it again."}, {"speaker": "JEFF", "phrase": " The representative union"}, {"speaker": "JEFF", "phrase": " the vital union."}, {"speaker": "JEFF", "phrase": " The representative union."}, {"speaker": "JEFF", "phrase": " The basis of our salvation."}, {"speaker": "JEFF", "phrase": " When Christ died"}, {"speaker": "JEFF", "phrase": " we died."}, {"speaker": "JEFF", "phrase": " Because he died for us."}, {"speaker": "JEFF", "phrase": " He died as our representative"}, {"speaker": "JEFF", "phrase": " he died in our place"}, {"speaker": "JEFF", "phrase": " uh he died as uh"}, {"speaker": "JEFF", "phrase": " uh the one"}, {"speaker": "JEFF", "phrase": " uh \u0294uh who bore our sins."}, {"speaker": "JEFF", "phrase": " In his own body"}, {"speaker": "JEFF", "phrase": " on the tree."}, {"speaker": "JEFF", "phrase": " So he was our representative."}, {"speaker": "JEFF", "phrase": " Right ?"}, {"speaker": "JEFF", "phrase": " And he represented us"}, {"speaker": "JEFF", "phrase": " not only as Paul teaches"}, {"speaker": "JEFF", "phrase": " not only when he died for us"}, {"speaker": "JEFF", "phrase": " but when he rose for us."}, {"speaker": "JEFF", "phrase": " And then he ascended"}, {"speaker": "JEFF", "phrase": " into the heavenly places"}, {"speaker": "JEFF", "phrase": " and where he is"}, {"speaker": "JEFF", "phrase": " we are."}, {"speaker": "JEFF", "phrase": " And that's why Paul says in Ephesians"}, {"speaker": "JEFF", "phrase": " that we are in the heavenly places"}, {"speaker": "JEFF", "phrase": " in Christ Jesus."}, {"speaker": "JEFF", "phrase": " Why."}, {"speaker": "JEFF", "phrase": " Representatively."}, {"speaker": "JEFF", "phrase": " Where he is"}, {"speaker": "JEFF", "phrase": " we are."}, {"speaker": "JEFF", "phrase": " Now"}, {"speaker": "JEFF", "phrase": " that's tremendously"}, {"speaker": "JEFF", "phrase": " important of course"}, {"speaker": "JEFF", "phrase": " foundational"}, {"speaker": "JEFF", "phrase": " lifetransforming truth."}, {"speaker": "JEFF", "phrase": " It's happened."}, {"speaker": "JEFF", "phrase": " See"}, {"speaker": "JEFF", "phrase": " you are a new creature in Christ"}, {"speaker": "JEFF", "phrase": " because you're united to him."}, {"speaker": "JEFF", "phrase": " You have triumphed over sin and death."}, {"speaker": "JEFF", "phrase": " You have died to sin."}, {"speaker": "JEFF", "phrase": " And Paul's reasoning about how we ought to live"}, {"speaker": "JEFF", "phrase": " is always grounded in that."}, {"speaker": "AUD", "phrase": "PAUSE"}, {"speaker": "JEFF", "phrase": " Uh you know"}, {"speaker": "JEFF", "phrase": " in Colossians."}, {"speaker": "JEFF", "phrase": " Uh"}, {"speaker": "JEFF", "phrase": " it's because"}, {"speaker": "JEFF", "phrase": " Christ rose"}, {"speaker": "JEFF", "phrase": " that we are to seek the things which are above."}, {"speaker": "JEFF", "phrase": " You are risen with Christ."}, {"speaker": "JEFF", "phrase": " Seek the things which are above."}, {"speaker": "JEFF", "phrase": " Because you died with Christ"}, {"speaker": "JEFF", "phrase": " therefore mortify sin in your members."}, {"speaker": "JEFF", "phrase": " Put to death sin"}, {"speaker": "JEFF", "phrase": " because it has died."}, {"speaker": "JEFF", "phrase": " In other words"}, {"speaker": "JEFF", "phrase": " the imperative is always grounded in the indicative."}, {"speaker": "JEFF", "phrase": " Because of what Christ did for us"}, {"speaker": "JEFF", "phrase": " therefore"}, {"speaker": "JEFF", "phrase": " uh we live out of the fact"}, {"speaker": "JEFF", "phrase": " the reality"}, {"speaker": "JEFF", "phrase": " the accomplishment"}, {"speaker": "JEFF", "phrase": " of his perfect work."}, {"speaker": "JEFF", "phrase": " And don't forget"}, {"speaker": "JEFF", "phrase": " Jesus not only paid the price of your sins"}, {"speaker": "JEFF", "phrase": " but remember that he lived perfect life for you."}, {"speaker": "JEFF", "phrase": " That the white robe of righteousness"}, {"speaker": "JEFF", "phrase": " that you wear in that last day"}, {"speaker": "JEFF", "phrase": " is the robe of Christ's righteousness."}, {"speaker": "JEFF", "phrase": " So"}, {"speaker": "JEFF", "phrase": " it's all that Christ did for you."}, {"speaker": "JEFF", "phrase": " \u0294uh uh \u0294uh Jesus was baptized for you."}, {"speaker": "JEFF", "phrase": " Uh let it be done to fill all righteousness."}, {"speaker": "JEFF", "phrase": " The righteousness he had to fill for you."}, {"speaker": "JEFF", "phrase": " See he he did it all for you."}, {"speaker": "JEFF", "phrase": " But then of course the other side of it is"}, {"speaker": "JEFF", "phrase": " it's not only representative"}, {"speaker": "JEFF", "phrase": " it's also vital."}, {"speaker": "JEFF", "phrase": " Jesus Christ is the vine"}, {"speaker": "JEFF", "phrase": " and we are the branches."}, {"speaker": "JEFF", "phrase": " we're united to him."}, {"speaker": "JEFF", "phrase": " Our life is drawn from Christ."}, {"speaker": "JEFF", "phrase": " There is the uh"}, {"speaker": "JEFF", "phrase": " uh not only the the the legal uh aspect of that which Christ did for us"}, {"speaker": "JEFF", "phrase": " as our representative"}, {"speaker": "JEFF", "phrase": " there is the vital aspect"}, {"speaker": "JEFF", "phrase": " of what Christ does in us"}, {"speaker": "JEFF", "phrase": " as he lives in us"}, {"speaker": "JEFF", "phrase": " and dwells in us"}, {"speaker": "JEFF", "phrase": " and has fellowship with us"}, {"speaker": "JEFF", "phrase": " and and we walk with him."}, {"speaker": "JEFF", "phrase": " Uh"}, {"speaker": "JEFF", "phrase": " uh every."}, {"speaker": "JEFF", "phrase": " uh you know"}, {"speaker": "JEFF", "phrase": " \u0294uh\u0294uh\u0294uh it's uh"}, {"speaker": "JEFF", "phrase": " it's been long fashionable in theological circles to uh"}, {"speaker": "JEFF", "phrase": " sniff at the hymn"}, {"speaker": "JEFF", "phrase": " uh I walked in the garden alone"}, {"speaker": "JEFF", "phrase": " while the dew was still on the roses"}, {"speaker": "JEFF", "phrase": " you know"}, {"speaker": "JEFF", "phrase": " uh all this uh romantic business"}, {"speaker": "JEFF", "phrase": " and uh"}, {"speaker": "JEFF", "phrase": " and not shred of theology in the whole hymn"}, {"speaker": "JEFF", "phrase": " and yet everybody perversely seems to love it."}, {"speaker": "JEFF", "phrase": " Uh well uh laugh"}, {"speaker": "JEFF", "phrase": " uh laugh"}, {"speaker": "JEFF", "phrase": " I I I think"}, {"speaker": "JEFF", "phrase": " I think the reason it's so loved"}, {"speaker": "JEFF", "phrase": " in spite of its uh"}, {"speaker": "JEFF", "phrase": " uh uh theological vacuity"}, {"speaker": "JEFF", "phrase": " uh is that it's uh experientially."}, {"speaker": "MANY", "phrase": "PAUSE"}, {"speaker": "JEFF", "phrase": " uh \u0294uh\u0294uh pretty much on target."}, {"speaker": "JEFF", "phrase": "PAUSE"}, {"speaker": "JEFF", "phrase": " We've all known those uh precious times of uh of genuine fellowship with the Lord"}, {"speaker": "JEFF", "phrase": " that uh"}, {"speaker": "JEFF", "phrase": " \u0294uh \u0294uh."}, {"speaker": "JEFF", "phrase": " we can describe only with great difficulty."}, {"speaker": "JEFF", "phrase": " And uh"}, {"speaker": "JEFF", "phrase": " it's true"}, {"speaker": "JEFF", "phrase": " you see"}, {"speaker": "JEFF", "phrase": " uh"}, {"speaker": "JEFF", "phrase": " we are vitally united to Jesus Christ."}, {"speaker": "JEFF", "phrase": " Uh we do know him"}, {"speaker": "JEFF", "phrase": " and the knowledge that we have of him"}, {"speaker": "JEFF", "phrase": " is the knowledge of love."}, {"speaker": "JEFF", "phrase": " \u0294uh We just simply love him."}, {"speaker": "JEFF", "phrase": " Uh"}, {"speaker": "JEFF", "phrase": " we uh"}, {"speaker": "JEFF", "phrase": " \u0294uh ow the mystics"}, {"speaker": "JEFF", "phrase": " the Christian mystics"}, {"speaker": "JEFF", "phrase": " love to talk about \u0294uh."}, {"speaker": "JEFF", "phrase": " we've got some kind of time constraint here"}, {"speaker": "JEFF", "phrase": " what \u0294uh uh uh..."}, {"speaker": "MANY", "phrase": "PAUSE"}, {"speaker": "JEFF", "phrase": " when do we."}, {"speaker": "DAN", "phrase": " I think."}, {"speaker": "JEFF", "phrase": " When..."}, {"speaker": "DAN", "phrase": " I think we're done when you are."}, {"speaker": "DAN", "phrase": " so."}, {"speaker": "JEFF", "phrase": " well"}, {"speaker": "JEFF", "phrase": " I I gotta be..."}, {"speaker": "DAN", "phrase": " finish what you have to say."}, {"speaker": "JEFF", "phrase": " I I well."}, {"speaker": "JEFF", "phrase": " I'll I yeah."}, {"speaker": "JEFF", "phrase": " Let me try to finish what I'm talking about here but"}, {"speaker": "JEFF", "phrase": " but uh"}, {"speaker": "JEFF", "phrase": "PAUSE"}, {"speaker": "JEFF", "phrase": " I don't often get chance"}, {"speaker": "JEFF", "phrase": " to talk to types like you"}, {"speaker": "JEFF", "phrase": " you know it's wonderful."}, {"speaker": "MANY", "phrase": "PAUSE"}, {"speaker": "JEFF", "phrase": "PAUSE"}, {"speaker": "JEFF", "phrase": " uh it's particularly wonderful"}, {"speaker": "JEFF", "phrase": " cause I know you know everything I'm saying anyway laugh so laugh"}, {"speaker": "JEFF", "phrase": " you can smile affirmatively"}, {"speaker": "JEFF", "phrase": " and that encourages me"}, {"speaker": "JEFF", "phrase": " that's great."}, {"speaker": "JEFF", "phrase": " uh but..."}, {"speaker": "MANY", "phrase": "PAUSE"}, {"speaker": "JEFF", "phrase": " But uh"}, {"speaker": "JEFF", "phrase": " but"}, {"speaker": "JEFF", "phrase": " \u0294uh really"}, {"speaker": "JEFF", "phrase": " that uh"}, {"speaker": "JEFF", "phrase": " you know the Christian mystics talked about climbing Jacob's ladder."}, {"speaker": "JEFF", "phrase": " And uh"}, {"speaker": "JEFF", "phrase": " uh you you you'd come up the ladder"}, {"speaker": "JEFF", "phrase": " and when you get at the top"}, {"speaker": "JEFF", "phrase": " you fling yourself down"}, {"speaker": "JEFF", "phrase": " at the very gate of heaven."}, {"speaker": "JEFF", "phrase": " And maybe uh"}, {"speaker": "JEFF", "phrase": " maybe the gate will open."}, {"speaker": "JEFF", "phrase": " you can't control it"}, {"speaker": "JEFF", "phrase": " you don't know when it will open"}, {"speaker": "JEFF", "phrase": " but maybe it will open."}, {"speaker": "JEFF", "phrase": " And when it opens"}, {"speaker": "JEFF", "phrase": " then"}, {"speaker": "JEFF", "phrase": " uh it's uh"}, {"speaker": "JEFF", "phrase": " light bursting in your inner heart."}, {"speaker": "JEFF", "phrase": " And uh"}, {"speaker": "JEFF", "phrase": " once you've had that experience"}, {"speaker": "JEFF", "phrase": " you'd give anything to have the experience repeated."}, {"speaker": "JEFF", "phrase": " And so uh"}, {"speaker": "JEFF", "phrase": " you go through any amount of discipline"}, {"speaker": "JEFF", "phrase": " and uh"}, {"speaker": "JEFF", "phrase": " try out different forms of discipline"}, {"speaker": "JEFF", "phrase": " and uh"}, {"speaker": "JEFF", "phrase": " you recite the Jesus prayer thousands of times with the monks of Mount Athos"}, {"speaker": "JEFF", "phrase": " and uh"}, {"speaker": "JEFF", "phrase": " and uh"}, {"speaker": "JEFF", "phrase": " sooner or later"}, {"speaker": "JEFF", "phrase": " uh you think it may happen."}, {"speaker": "JEFF", "phrase": " Uh the uh"}, {"speaker": "JEFF", "phrase": " you you may gain that experience."}, {"speaker": "JEFF", "phrase": " Well now uh"}, {"speaker": "JEFF", "phrase": " you know"}, {"speaker": "JEFF", "phrase": " there are experiences of ecstasy"}, {"speaker": "JEFF", "phrase": " uh"}, {"speaker": "JEFF", "phrase": " that can be induced by transformation of consciousness"}, {"speaker": "JEFF", "phrase": " and uh"}, {"speaker": "JEFF", "phrase": " I think Christians sometimes have uh"}, {"speaker": "JEFF", "phrase": " uh mingled that uh psychological experience"}, {"speaker": "JEFF", "phrase": " uh"}, {"speaker": "JEFF", "phrase": " whether it's the left part or"}, {"speaker": "JEFF", "phrase": " or the right part of the brain taking over"}, {"speaker": "JEFF", "phrase": " or something"}, {"speaker": "JEFF", "phrase": " \u0294uh I don't think um"}, {"speaker": "JEFF", "phrase": " uh"}, {"speaker": "JEFF", "phrase": " the um"}, {"speaker": "JEFF", "phrase": " the psychologists are as sure as they once were"}, {"speaker": "JEFF", "phrase": " or even the neurologists about how some of those things happen"}, {"speaker": "JEFF", "phrase": " but uh"}, {"speaker": "JEFF", "phrase": " uh at any rate"}, {"speaker": "JEFF", "phrase": " uh"}, {"speaker": "JEFF", "phrase": " \u0294uh you see."}, {"speaker": "AUD", "phrase": "PAUSE"}, {"speaker": "JEFF", "phrase": " \u0294uh it isn't that we have to climb the ladder."}, {"speaker": "JEFF", "phrase": " And uh"}, {"speaker": "JEFF", "phrase": " I'm laugh I'm laugh sorry that that whole episode with Jacob got misunderstood."}, {"speaker": "JEFF", "phrase": " All because uh"}, {"speaker": "JEFF", "phrase": " all because of the Hebrew preposition al."}, {"speaker": "JEFF", "phrase": " That uh"}, {"speaker": "JEFF", "phrase": " wasn't taken account of."}, {"speaker": "JEFF", "phrase": " Uh that see"}, {"speaker": "JEFF", "phrase": " uh"}, {"speaker": "JEFF", "phrase": " he he stood uh upon"}, {"speaker": "JEFF", "phrase": " not it."}, {"speaker": "JEFF", "phrase": " ee"}, {"speaker": "JEFF", "phrase": " he \u0294uh Jacob saw the stairway"}, {"speaker": "JEFF", "phrase": " not painter's ladder of course"}, {"speaker": "JEFF", "phrase": " but"}, {"speaker": "JEFF", "phrase": " tower of Babel type of thing"}, {"speaker": "JEFF", "phrase": " uh"}, {"speaker": "JEFF", "phrase": " zigarot."}, {"speaker": "JEFF", "phrase": " right ?"}, {"speaker": "JEFF", "phrase": " You got zigarot and"}, {"speaker": "JEFF", "phrase": " which was made for the gods to touch down at the top"}, {"speaker": "JEFF", "phrase": " and then they could come down uh"}, {"speaker": "JEFF", "phrase": " to the bottom."}, {"speaker": "JEFF", "phrase": " You know it was like little heliport for the gods there."}, {"speaker": "JEFF", "phrase": " That was the idea."}, {"speaker": "MANY", "phrase": "PAUSE"}, {"speaker": "JEFF", "phrase": " But but uh"}, {"speaker": "JEFF", "phrase": " they they'd come down"}, {"speaker": "JEFF", "phrase": " there'd be temple at the bottom"}, {"speaker": "JEFF", "phrase": " and then uh the god could be with the people."}, {"speaker": "JEFF", "phrase": " But uh."}, {"speaker": "AUD", "phrase": "PAUSE"}, {"speaker": "JEFF", "phrase": " uh but it it wasn't that that God."}, {"speaker": "JEFF", "phrase": " that that uh Jacob saw God at the top of the ladder"}, {"speaker": "JEFF", "phrase": " up in Heaven"}, {"speaker": "JEFF", "phrase": " uh God stood uh upon him."}, {"speaker": "JEFF", "phrase": " Uh the the masculine uh there"}, {"speaker": "JEFF", "phrase": " the uh"}, {"speaker": "JEFF", "phrase": " vowel with the little dot over it"}, {"speaker": "JEFF", "phrase": " you know the the the holem ?"}, {"speaker": "JEFF", "phrase": " Uh he he he's uh"}, {"speaker": "JEFF", "phrase": " \u0294uh uh he stood upon him."}, {"speaker": "JEFF", "phrase": " uh"}, {"speaker": "JEFF", "phrase": " which is the common Hebrew expression"}, {"speaker": "JEFF", "phrase": " and you know that's what it is"}, {"speaker": "JEFF", "phrase": " because the second time when God appeared to \u0294uh\u0294uh uh uh Jacob at Bethel"}, {"speaker": "JEFF", "phrase": " uh"}, {"speaker": "JEFF", "phrase": " the same expression is used."}, {"speaker": "JEFF", "phrase": " He went up from upon him."}, {"speaker": "JEFF", "phrase": " See ?"}, {"speaker": "JEFF", "phrase": " Uh"}, {"speaker": "JEFF", "phrase": " it's the same expression."}, {"speaker": "JEFF", "phrase": " So"}, {"speaker": "JEFF", "phrase": " God had come down the ladder."}, {"speaker": "JEFF", "phrase": " That's what we miss."}, {"speaker": "JEFF", "phrase": " He wasn't standing up there at the top"}, {"speaker": "JEFF", "phrase": " uh he came down the ladder."}, {"speaker": "JEFF", "phrase": " And uh \u0294uh when he came down the ladder"}, {"speaker": "JEFF", "phrase": " he stood over Jacob"}, {"speaker": "JEFF", "phrase": " and revealed himself to Jacob."}, {"speaker": "JEFF", "phrase": " And that's why Jacob said"}, {"speaker": "JEFF", "phrase": " this is the house of God"}, {"speaker": "JEFF", "phrase": " this is the gate of Heaven."}, {"speaker": "JEFF", "phrase": " It was the House of God"}, {"speaker": "JEFF", "phrase": " he said"}, {"speaker": "JEFF", "phrase": " because God was in this place"}, {"speaker": "JEFF", "phrase": " and I didn't know it."}, {"speaker": "JEFF", "phrase": " See"}, {"speaker": "JEFF", "phrase": " it's"}, {"speaker": "JEFF", "phrase": " this is Bethel here"}, {"speaker": "JEFF", "phrase": " because here God has come to us."}, {"speaker": "JEFF", "phrase": " So God was revealing himself to Jacob"}, {"speaker": "JEFF", "phrase": " and God reveals himself to us."}, {"speaker": "JEFF", "phrase": " He comes to us."}, {"speaker": "JEFF", "phrase": " And uh"}, {"speaker": "JEFF", "phrase": " he seeks us."}, {"speaker": "JEFF", "phrase": " As we seek him."}, {"speaker": "JEFF", "phrase": " And our love is always in response to his love."}, {"speaker": "JEFF", "phrase": " And it's the assurance that your God loves you."}, {"speaker": "JEFF", "phrase": " that he seeks you."}, {"speaker": "JEFF", "phrase": " that he's with you."}, {"speaker": "JEFF", "phrase": " That he comes to you."}, {"speaker": "JEFF", "phrase": " It's this assurance"}, {"speaker": "JEFF", "phrase": " that draws you to repentance"}, {"speaker": "JEFF", "phrase": " and draws you to faith"}, {"speaker": "JEFF", "phrase": " and draws you to himself."}, {"speaker": "JEFF", "phrase": " Um"}, {"speaker": "JEFF", "phrase": " the uh"}, {"speaker": "JEFF", "phrase": " \u0294uh"}, {"speaker": "JEFF", "phrase": " salvation is of the Lord."}, {"speaker": "JEFF", "phrase": " And uh"}, {"speaker": "JEFF", "phrase": " it's the Lord's love"}, {"speaker": "JEFF", "phrase": " who quickens your love."}, {"speaker": "JEFF", "phrase": " Well"}, {"speaker": "JEFF", "phrase": " I'm not going to say"}, {"speaker": "JEFF", "phrase": " uh the rest of the things I I had in mind to say"}, {"speaker": "JEFF", "phrase": " But"}, {"speaker": "JEFF", "phrase": " uh I"}, {"speaker": "JEFF", "phrase": " \u0294uh you can fill out the talk for me"}, {"speaker": "JEFF", "phrase": " would you please sometime."}, {"speaker": "JEFF", "phrase": " the the commitment of love"}, {"speaker": "JEFF", "phrase": " the obedience of love."}, {"speaker": "JEFF", "phrase": " If you love me keep my commandments."}, {"speaker": "JEFF", "phrase": " Um"}, {"speaker": "JEFF", "phrase": " \u0294uh remember"}, {"speaker": "JEFF", "phrase": " uh Mary's adoration"}, {"speaker": "JEFF", "phrase": " Uh when she uh brought the spikenard"}, {"speaker": "JEFF", "phrase": " and uh"}, {"speaker": "JEFF", "phrase": " opened it and poured it out on the feet of Jesus"}, {"speaker": "JEFF", "phrase": " just before he went to the cross ?"}, {"speaker": "JEFF", "phrase": " And Judas criticized her remember"}, {"speaker": "JEFF", "phrase": " Uh because"}, {"speaker": "JEFF", "phrase": " he said"}, {"speaker": "JEFF", "phrase": " this could have been given to the poor"}, {"speaker": "JEFF", "phrase": " uh"}, {"speaker": "JEFF", "phrase": " he was the first oldfashioned liberal."}, {"speaker": "JEFF", "phrase": " Don't worship Jesus"}, {"speaker": "JEFF", "phrase": " but help the poor."}, {"speaker": "JEFF", "phrase": " Uh"}, {"speaker": "JEFF", "phrase": " but uh."}, {"speaker": "MANY", "phrase": "PAUSE"}, {"speaker": "JEFF", "phrase": " Uh you see"}, {"speaker": "JEFF", "phrase": " uh"}, {"speaker": "JEFF", "phrase": " uh"}, {"speaker": "JEFF", "phrase": " what was the answer."}, {"speaker": "JEFF", "phrase": " What was the answer that Jesus uh gave."}, {"speaker": "JEFF", "phrase": " Uh"}, {"speaker": "JEFF", "phrase": " uh"}, {"speaker": "JEFF", "phrase": " let her do this."}, {"speaker": "JEFF", "phrase": " Let her keep it."}, {"speaker": "JEFF", "phrase": " Not in the sense of preserving the ointment"}, {"speaker": "JEFF", "phrase": " she was pouring it out"}, {"speaker": "JEFF", "phrase": " but in the sense of observing it."}, {"speaker": "JEFF", "phrase": " Observing a an observance against his burial."}, {"speaker": "JEFF", "phrase": " Uh so"}, {"speaker": "JEFF", "phrase": " she realized what his death meant"}, {"speaker": "JEFF", "phrase": " and she realized who he was."}, {"speaker": "JEFF", "phrase": " He said the poor you have with you always"}, {"speaker": "JEFF", "phrase": " but me"}, {"speaker": "JEFF", "phrase": " you have not always."}, {"speaker": "JEFF", "phrase": " A tremendous assurance of his own deity."}, {"speaker": "JEFF", "phrase": " Who else could say something like that."}, {"speaker": "JEFF", "phrase": " Hunh ?"}, {"speaker": "JEFF", "phrase": " But Jesus said it"}, {"speaker": "JEFF", "phrase": " and uh"}, {"speaker": "JEFF", "phrase": " uh you see what that says to us."}, {"speaker": "JEFF", "phrase": " Uh"}, {"speaker": "JEFF", "phrase": " if our Lord were here"}, {"speaker": "JEFF", "phrase": " then we could pour out perfume on his feet."}, {"speaker": "JEFF", "phrase": " He's not here."}, {"speaker": "JEFF", "phrase": " But who is."}, {"speaker": "JEFF", "phrase": " The poor you have with you always."}, {"speaker": "JEFF", "phrase": " So whose feet can we anoint."}, {"speaker": "JEFF", "phrase": " The feet of the poor"}, {"speaker": "JEFF", "phrase": " in his name."}, {"speaker": "JEFF", "phrase": " See."}, {"speaker": "JEFF", "phrase": " Uh"}, {"speaker": "JEFF", "phrase": " love uh uh doesn't mean"}, {"speaker": "JEFF", "phrase": " \u0294uh \u0294uh \u0294uh climbing up Jacob's ladder \u0294uh to the heavenlies"}, {"speaker": "JEFF", "phrase": " \u0294uh where nobody else can be around."}, {"speaker": "JEFF", "phrase": " The love of God is experienced in the community of the saints"}, {"speaker": "JEFF", "phrase": " it's experienced as we all reached out."}, {"speaker": "JEFF", "phrase": " reach out."}, {"speaker": "JEFF", "phrase": " to the breadth"}, {"speaker": "JEFF", "phrase": " and the length"}, {"speaker": "JEFF", "phrase": " and the height"}, {"speaker": "JEFF", "phrase": " and the depth"}, {"speaker": "JEFF", "phrase": " and the love of God is experienced"}, {"speaker": "JEFF", "phrase": " in the course of service."}, {"speaker": "JEFF", "phrase": " I heard you describe some of these service projects"}, {"speaker": "JEFF", "phrase": " that uh"}, {"speaker": "JEFF", "phrase": " um Intervarsity is involved in"}, {"speaker": "JEFF", "phrase": " and friends"}, {"speaker": "JEFF", "phrase": " um"}, {"speaker": "JEFF", "phrase": " these these projects"}, {"speaker": "JEFF", "phrase": " even if uh they're working about rebuilding old houses"}, {"speaker": "JEFF", "phrase": " or whatever"}, {"speaker": "JEFF", "phrase": " they are not things that have nothing to do with love."}, {"speaker": "JEFF", "phrase": " They are works of love."}, {"speaker": "JEFF", "phrase": " They are the evidence"}, {"speaker": "JEFF", "phrase": " of that love of God"}, {"speaker": "JEFF", "phrase": " in our hearts."}, {"speaker": "JEFF", "phrase": " Uh they are the fruit"}, {"speaker": "JEFF", "phrase": " that is borne"}, {"speaker": "JEFF", "phrase": " by the tree"}, {"speaker": "JEFF", "phrase": " that has the roots down into the water of God's refreshing grace and love."}, {"speaker": "JEFF", "phrase": " And uh"}, {"speaker": "JEFF", "phrase": " the mystical heights of Christian devotion"}, {"speaker": "JEFF", "phrase": " ought never to be separated from the realities"}, {"speaker": "JEFF", "phrase": " of uh Christian service."}, {"speaker": "JEFF", "phrase": " The uh"}, {"speaker": "JEFF", "phrase": " there was hymn in the old InterVarsity hymnal"}, {"speaker": "JEFF", "phrase": " it's not in the new one"}, {"speaker": "JEFF", "phrase": " by"}, {"speaker": "JEFF", "phrase": " hymn that I love very much."}, {"speaker": "JEFF", "phrase": " Talks about how we go with Jesus through the desert"}, {"speaker": "JEFF", "phrase": " and through uh"}, {"speaker": "JEFF", "phrase": " the sufferings"}, {"speaker": "JEFF", "phrase": " and the trials of this life."}, {"speaker": "JEFF", "phrase": " And uh"}, {"speaker": "JEFF", "phrase": " its very last verse is uh"}, {"speaker": "JEFF", "phrase": " he who in his hour of sorrow"}, {"speaker": "JEFF", "phrase": " bore the curse alone"}, {"speaker": "JEFF", "phrase": " I who through the lonely desert"}, {"speaker": "JEFF", "phrase": " trod where he had gone."}, {"speaker": "JEFF", "phrase": " He and I"}, {"speaker": "JEFF", "phrase": " in that bright glory."}, {"speaker": "AUD", "phrase": "PAUSE"}, {"speaker": "JEFF", "phrase": " one deep joy shall share."}, {"speaker": "JEFF", "phrase": " Mine"}, {"speaker": "JEFF", "phrase": " to be forever with him."}, {"speaker": "JEFF", "phrase": " His"}, {"speaker": "JEFF", "phrase": " that I am there."}, {"speaker": "JEFF", "phrase": " My friends"}, {"speaker": "JEFF", "phrase": " in the wonder of God's love."}, {"speaker": "JEFF", "phrase": " He's pleased with you."}, {"speaker": "JEFF", "phrase": " God who looked at his own Son"}, {"speaker": "JEFF", "phrase": " and his heart rejoiced."}, {"speaker": "JEFF", "phrase": " His heart rejoices this morning."}, {"speaker": "JEFF", "phrase": " In your praise."}, {"speaker": "JEFF", "phrase": " In your worship."}, {"speaker": "JEFF", "phrase": " In the service of your hands."}, {"speaker": "JEFF", "phrase": " In the love of your heart."}, {"speaker": "JEFF", "phrase": " Shall we pray."}, {"speaker": "JEFF", "phrase": " Our heavenly Father"}, {"speaker": "JEFF", "phrase": " we cannot find words to express our love for you"}, {"speaker": "JEFF", "phrase": " because we are overwhelmed by your love for us."}, {"speaker": "JEFF", "phrase": " Lord Jesus"}, {"speaker": "JEFF", "phrase": " how may we speak to you"}, {"speaker": "JEFF", "phrase": " of that which you give to us."}, {"speaker": "JEFF", "phrase": " Spirit of God"}, {"speaker": "JEFF", "phrase": " how we praise you"}, {"speaker": "JEFF", "phrase": " that when we do not know what to pray as we should"}, {"speaker": "JEFF", "phrase": " you make intercession for us"}, {"speaker": "JEFF", "phrase": " with groanings that cannot be uttered."}, {"speaker": "JEFF", "phrase": " And Lord"}, {"speaker": "JEFF", "phrase": " receive we pray this morning"}, {"speaker": "JEFF", "phrase": " the incense of our love for you."}, {"speaker": "AUD", "phrase": "PAUSE"}, {"speaker": "JEFF", "phrase": " and forbid Lord"}, {"speaker": "JEFF", "phrase": " that this should be just passing emotion in our hearts"}, {"speaker": "JEFF", "phrase": " uh burn it upon the deepest recesses of our being."}, {"speaker": "JEFF", "phrase": " Make us Lord your servants."}, {"speaker": "JEFF", "phrase": " Your servants in love."}, {"speaker": "JEFF", "phrase": " We ask it in Jesus's name"}, {"speaker": "JEFF", "phrase": " amen."}, {"speaker": "DAN", "phrase": " Doctor Mosely thank you."}, {"speaker": "JEFF", "phrase": "PAUSE"}, {"speaker": "DAN", "phrase": " for..."}, {"speaker": "AUD", "phrase": " Yeah."}, {"speaker": "DAN", "phrase": " coming and speaking to us."}, {"speaker": "JEFF", "phrase": " yeah."}, {"speaker": "MANY", "phrase": "PAUSE"}]}