{"text": [{"speaker": "EVEL", "phrase": " Another thing I thought was interesting"}, {"speaker": "EVEL", "phrase": " was the"}, {"speaker": "EVEL", "phrase": " this uh"}, {"speaker": "EVEL", "phrase": " the emphasis on transportation."}, {"speaker": "EVEL", "phrase": " Do you remember the automobile ?"}, {"speaker": "EVEL", "phrase": " This was the beginning of the uh change."}, {"speaker": "LIND", "phrase": " Mhm."}, {"speaker": "PATT", "phrase": "PAUSE"}, {"speaker": "EVEL", "phrase": "PAUSE"}, {"speaker": "EVEL", "phrase": " uh trains"}, {"speaker": "EVEL", "phrase": " and uh."}, {"speaker": "PATT", "phrase": " carriages."}, {"speaker": "EVEL", "phrase": " automobiles."}, {"speaker": "LIND", "phrase": " Unhunh."}, {"speaker": "EVEL", "phrase": " and uh."}, {"speaker": "X", "phrase": " Hm."}, {"speaker": "PATT", "phrase": " I think Margaret though."}, {"speaker": "LIND", "phrase": " Mhm."}, {"speaker": "PATT", "phrase": " \u0294uh."}, {"speaker": "PATT", "phrase": " I don't think we can underestimate her."}, {"speaker": "PATT", "phrase": " I mean"}, {"speaker": "PATT", "phrase": " I think she's like lot of women"}, {"speaker": "PATT", "phrase": " that I have known."}, {"speaker": "PATT", "phrase": " I mean she's in control."}, {"speaker": "X", "phrase": "PAUSE"}, {"speaker": "PATT", "phrase": " there is no doubt."}, {"speaker": "PATT", "phrase": " I mean"}, {"speaker": "PATT", "phrase": " Henry Wilcox may think he's in control"}, {"speaker": "PATT", "phrase": " but he isn't."}, {"speaker": "X", "phrase": " Hm."}, {"speaker": "PATT", "phrase": " And there would never be Jacky Bast."}, {"speaker": "X", "phrase": "PAUSE"}, {"speaker": "PATT", "phrase": " While she is uh the head of of that household."}, {"speaker": "PATT", "phrase": " Whereas I thought Missis."}, {"speaker": "PATT", "phrase": " the first Missis Wilcox"}, {"speaker": "PATT", "phrase": " Ruth."}, {"speaker": "LIND", "phrase": " Mhm."}, {"speaker": "PATT", "phrase": " Was so other worldly"}, {"speaker": "PATT", "phrase": " and everything else."}, {"speaker": "LIND", "phrase": " mhm."}, {"speaker": "PATT", "phrase": " She didn't even have clue"}, {"speaker": "PATT", "phrase": " as to what was going on."}, {"speaker": "X", "phrase": " Mhm."}, {"speaker": "PATT", "phrase": " So I felt that"}, {"speaker": "PATT", "phrase": " that uh Margaret is."}, {"speaker": "JANI", "phrase": "PAUSE"}, {"speaker": "PATT", "phrase": " is"}, {"speaker": "PATT", "phrase": " and I thought for this time"}, {"speaker": "PATT", "phrase": " she was tremendously"}, {"speaker": "PATT", "phrase": " uh"}, {"speaker": "PATT", "phrase": " just in charge."}, {"speaker": "LIND", "phrase": " She's very practical."}, {"speaker": "PATT", "phrase": " Yeah."}, {"speaker": "DIAN", "phrase": " Mhm."}, {"speaker": "PATT", "phrase": " and she didn't care"}, {"speaker": "PATT", "phrase": " to."}, {"speaker": "PATT", "phrase": " to."}, {"speaker": "PATT", "phrase": " she didn't care about emancipation."}, {"speaker": "LIND", "phrase": " Mhm."}, {"speaker": "PATT", "phrase": " I mean."}, {"speaker": "LIND", "phrase": " Mhm."}, {"speaker": "PATT", "phrase": " she was."}, {"speaker": "LIND", "phrase": " Mhm."}, {"speaker": "PATT", "phrase": " So she."}, {"speaker": "PATT", "phrase": " when you really are already that way"}, {"speaker": "PATT", "phrase": " you don't have to make big todo about it."}, {"speaker": "EVEL", "phrase": " Mhm."}, {"speaker": "LIND", "phrase": " Mhm."}, {"speaker": "X", "phrase": " Mhm."}, {"speaker": "DIAN", "phrase": " but she..."}, {"speaker": "LOIS", "phrase": " I thought also"}, {"speaker": "LOIS", "phrase": " in the movie"}, {"speaker": "LOIS", "phrase": " she had very strong personality."}, {"speaker": "LOIS", "phrase": " A lot of charisma."}, {"speaker": "LIND", "phrase": " Mhm."}, {"speaker": "LOIS", "phrase": " And very positive."}, {"speaker": "DEBO", "phrase": " Did you see the movie Diane."}, {"speaker": "DIAN", "phrase": " Hmm."}, {"speaker": "LOIS", "phrase": " which is also what you're saying."}, {"speaker": "LOIS", "phrase": " But."}, {"speaker": "LIND", "phrase": " Mhm."}, {"speaker": "LOIS", "phrase": " but she just radiated something which was personality."}, {"speaker": "LIND", "phrase": " Mhm."}, {"speaker": "EVEL", "phrase": " You know"}, {"speaker": "EVEL", "phrase": " funny."}, {"speaker": "EVEL", "phrase": " there are two young people that I have talked to about the movie"}, {"speaker": "EVEL", "phrase": " and I haven't seen it but"}, {"speaker": "EVEL", "phrase": " one of them"}, {"speaker": "EVEL", "phrase": " uh was my niece"}, {"speaker": "EVEL", "phrase": " and I said something about Margaret talking about her"}, {"speaker": "EVEL", "phrase": " feeling that she was the"}, {"speaker": "EVEL", "phrase": " I think I used the word heroine."}, {"speaker": "EVEL", "phrase": " And she said heroine ?"}, {"speaker": "EVEL", "phrase": " And she couldn't see Margaret as heroine."}, {"speaker": "EVEL", "phrase": " I think Margaret..."}, {"speaker": "X", "phrase": "PAUSE"}, {"speaker": "EVEL", "phrase": " and then she went on"}, {"speaker": "EVEL", "phrase": " to explain"}, {"speaker": "EVEL", "phrase": " she said"}, {"speaker": "EVEL", "phrase": " maybe she was too strong."}, {"speaker": "EVEL", "phrase": " Uh"}, {"speaker": "EVEL", "phrase": " we're used to seeing someone as the uh"}, {"speaker": "EVEL", "phrase": " you know"}, {"speaker": "EVEL", "phrase": " the protagonist"}, {"speaker": "EVEL", "phrase": " or the"}, {"speaker": "EVEL", "phrase": " the woman on the screen"}, {"speaker": "EVEL", "phrase": " as romantic"}, {"speaker": "EVEL", "phrase": " as uh all of that"}, {"speaker": "EVEL", "phrase": " And I."}, {"speaker": "EVEL", "phrase": " I haven't seen the movie"}, {"speaker": "EVEL", "phrase": " but that was her feeling about it."}, {"speaker": "X", "phrase": " Hm."}, {"speaker": "LIND", "phrase": " Hunh."}, {"speaker": "SUE", "phrase": " Had she read the book also ?"}, {"speaker": "SUE", "phrase": " You..."}, {"speaker": "EVEL", "phrase": " No."}, {"speaker": "EVEL", "phrase": " no laugh."}, {"speaker": "SUE", "phrase": "..."}, {"speaker": "LIND", "phrase": " Just..."}, {"speaker": "EVEL", "phrase": " No."}, {"speaker": "SUE", "phrase": "..."}, {"speaker": "EVEL", "phrase": " goes to movies."}, {"speaker": "SUE", "phrase": " Okay laugh."}, {"speaker": "DIAN", "phrase": "PAUSE"}, {"speaker": "EVEL", "phrase": " And..."}, {"speaker": "SUE", "phrase": "PAUSE"}, {"speaker": "SUE", "phrase": " Because"}, {"speaker": "SUE", "phrase": " the other thing about Margaret that would be heroine"}, {"speaker": "SUE", "phrase": " is that she..."}, {"speaker": "LIND", "phrase": "PAUSE"}, {"speaker": "SUE", "phrase": " marries Henry even though all this has happened."}, {"speaker": "SUE", "phrase": " and then she"}, {"speaker": "SUE", "phrase": " she sticks with Henry."}, {"speaker": "EVEL", "phrase": " mhm."}, {"speaker": "SUE", "phrase": " even though"}, {"speaker": "SUE", "phrase": " all"}, {"speaker": "SUE", "phrase": " You know."}, {"speaker": "LIND", "phrase": "PAUSE"}, {"speaker": "EVEL", "phrase": " Mhm."}, {"speaker": "SUE", "phrase": " The son ends up killing."}, {"speaker": "LIND", "phrase": "PAUSE"}, {"speaker": "SUE", "phrase": " You know."}, {"speaker": "LIND", "phrase": "PAUSE"}, {"speaker": "SUE", "phrase": " all this happens"}, {"speaker": "SUE", "phrase": " and she sticks it out with Henry."}, {"speaker": "LIND", "phrase": "PAUSE"}, {"speaker": "EVEL", "phrase": " Yeah."}, {"speaker": "SUE", "phrase": " And that"}, {"speaker": "SUE", "phrase": " maybe"}, {"speaker": "SUE", "phrase": " young people nowadays wouldn't have done."}, {"speaker": "EVEL", "phrase": "PAUSE"}, {"speaker": "LIND", "phrase": "PAUSE"}, {"speaker": "SUE", "phrase": " They wouldn't have thought that heroic."}, {"speaker": "SUE", "phrase": " They would have thought that"}, {"speaker": "SUE", "phrase": " marching out and saying I won't stay"}, {"speaker": "SUE", "phrase": " you know or."}, {"speaker": "EVEL", "phrase": " Mhm."}, {"speaker": "SUE", "phrase": " I won't marry you or."}, {"speaker": "LIND", "phrase": "PAUSE"}, {"speaker": "SUE", "phrase": " whatever."}, {"speaker": "EVEL", "phrase": " MM."}, {"speaker": "LIND", "phrase": " I wanted to know"}, {"speaker": "LIND", "phrase": " excuse me."}, {"speaker": "LIND", "phrase": " I wanted to know what you thought about"}, {"speaker": "LIND", "phrase": " why she agreed to marry him to begin with."}, {"speaker": "LIND", "phrase": " Because although I understand the reasons that are given in the book"}, {"speaker": "LIND", "phrase": " I still couldn't quite decide that"}, {"speaker": "LIND", "phrase": " that's something she would have decided to do."}, {"speaker": "EVEL", "phrase": " Uh but I."}, {"speaker": "EVEL", "phrase": " I know what you mean."}, {"speaker": "EVEL", "phrase": " The only thing I was thinking"}, {"speaker": "EVEL", "phrase": " maybe she was older ?"}, {"speaker": "EVEL", "phrase": " Her chances were"}, {"speaker": "EVEL", "phrase": " You know"}, {"speaker": "EVEL", "phrase": " it was changing ?"}, {"speaker": "LIND", "phrase": " Mm."}, {"speaker": "EVEL", "phrase": " And uh"}, {"speaker": "EVEL", "phrase": " because she was very pleased when he asked her."}, {"speaker": "JANI", "phrase": "..."}, {"speaker": "LIND", "phrase": " and she admired him"}, {"speaker": "LIND", "phrase": " according to the..."}, {"speaker": "EVEL", "phrase": " mm."}, {"speaker": "JANI", "phrase": " well I don't think Henry was the horrible person that."}, {"speaker": "LIND", "phrase": " but."}, {"speaker": "JANI", "phrase": " uh"}, {"speaker": "JANI", "phrase": " lot of critics felt that he was"}, {"speaker": "JANI", "phrase": " I think maybe Forster wanted him to be that way"}, {"speaker": "JANI", "phrase": " and I just didn't look at it that way."}, {"speaker": "LIND", "phrase": " Mhm."}, {"speaker": "JANI", "phrase": " when I read about him."}, {"speaker": "JANI", "phrase": " But I thought he had lot of good qualities."}, {"speaker": "LIND", "phrase": " Did you see some charm there ?"}, {"speaker": "JANI", "phrase": " Mhm."}, {"speaker": "SUE", "phrase": " Hm."}, {"speaker": "X", "phrase": "PAUSE"}, {"speaker": "LIND", "phrase": " Okay."}, {"speaker": "JANI", "phrase": " Mhm."}, {"speaker": "LIND", "phrase": " Hm."}, {"speaker": "LIND", "phrase": " This is for the movie."}, {"speaker": "X", "phrase": " She evidently did."}, {"speaker": "X", "phrase": " Uhuh."}, {"speaker": "JANI", "phrase": " Mhm."}, {"speaker": "LORI", "phrase": " Well the book she kept saying he was charming."}, {"speaker": "DIAN", "phrase": " Mhm."}, {"speaker": "JANI", "phrase": " Well I read the book too."}, {"speaker": "LORI", "phrase": " I mean he..."}, {"speaker": "JANI", "phrase": " and I..."}, {"speaker": "LORI", "phrase": " he."}, {"speaker": "LORI", "phrase": " he uh"}, {"speaker": "LORI", "phrase": " she described him as \u0294a charming."}, {"speaker": "EVEL", "phrase": " mhm."}, {"speaker": "LORI", "phrase": " when she was talking about him to somebody"}, {"speaker": "LORI", "phrase": " Helen or"}, {"speaker": "LORI", "phrase": " in her thoughts or something"}, {"speaker": "LORI", "phrase": " Margaret said"}, {"speaker": "LORI", "phrase": " you know he"}, {"speaker": "LORI", "phrase": " I mean Mister Wilcox is charming man."}, {"speaker": "EVEL", "phrase": " Hm."}, {"speaker": "LIND", "phrase": " Yeah."}, {"speaker": "JANI", "phrase": " Hm."}, {"speaker": "JANI", "phrase": " Well as long as things are going his way."}, {"speaker": "LIND", "phrase": " I guess I couldn't see any charm."}, {"speaker": "LIND", "phrase": " Either place."}, {"speaker": "DIAN", "phrase": "PAUSE"}, {"speaker": "LIND", "phrase": " and"}, {"speaker": "LIND", "phrase": " and I."}, {"speaker": "LIND", "phrase": " I guess that's what kept kinda bringing me up short on."}, {"speaker": "DIAN", "phrase": "PAUSE"}, {"speaker": "LIND", "phrase": " believing this marriage."}, {"speaker": "EVEL", "phrase": " after all."}, {"speaker": "EVEL", "phrase": " or"}, {"speaker": "EVEL", "phrase": " and the times too"}, {"speaker": "EVEL", "phrase": " Linda"}, {"speaker": "EVEL", "phrase": " you know nineteen ten."}, {"speaker": "DIAN", "phrase": " Mhm."}, {"speaker": "EVEL", "phrase": " there wasn't great deal of opportunity"}, {"speaker": "EVEL", "phrase": " for a uh..."}, {"speaker": "DIAN", "phrase": " I was gonna say"}, {"speaker": "DIAN", "phrase": " didn't she think she really had to be married ?"}, {"speaker": "EVEL", "phrase": " I don't know."}, {"speaker": "JANI", "phrase": "PAUSE"}, {"speaker": "EVEL", "phrase": " but she..."}, {"speaker": "JANI", "phrase": " well..."}, {"speaker": "LIND", "phrase": " I don't know."}, {"speaker": "JANI", "phrase": " The thing I didn't understand is."}, {"speaker": "LIND", "phrase": " I don't know."}, {"speaker": "JANI", "phrase": " why both families were so against Paul and Helen."}, {"speaker": "LORI", "phrase": "PAUSE"}, {"speaker": "LORI", "phrase": " and then the rest of em..."}, {"speaker": "JANI", "phrase": " and."}, {"speaker": "JANI", "phrase": " then Henry and Margaret got married"}, {"speaker": "JANI", "phrase": " and there didn't seem to be any dissension there."}, {"speaker": "LIND", "phrase": " Well the..."}, {"speaker": "JANI", "phrase": " you know ?"}, {"speaker": "LIND", "phrase": " his kids didn't like that."}, {"speaker": "JANI", "phrase": " No"}, {"speaker": "JANI", "phrase": " his kids didn't like it"}, {"speaker": "JANI", "phrase": " but Henry was against..."}, {"speaker": "X", "phrase": " but."}, {"speaker": "SUE", "phrase": " But the..."}, {"speaker": "EVEL", "phrase": " well Paul had no future."}, {"speaker": "SUE", "phrase": " but the."}, {"speaker": "SUE", "phrase": " Yeah but that was..."}, {"speaker": "EVEL", "phrase": " he had no money."}, {"speaker": "LIND", "phrase": " Paul hadn't made his money."}, {"speaker": "LIND", "phrase": " um."}, {"speaker": "EVEL", "phrase": " or anything"}, {"speaker": "EVEL", "phrase": " and uh."}, {"speaker": "LIND", "phrase": " Yeah."}, {"speaker": "JANI", "phrase": " I thought it was mainly because of the difference in the families."}, {"speaker": "NORA", "phrase": "PAUSE"}, {"speaker": "JANI", "phrase": " though"}, {"speaker": "JANI", "phrase": " that they"}, {"speaker": "JANI", "phrase": " perhaps I misunderstood that."}, {"speaker": "LIND", "phrase": " I don't know."}, {"speaker": "SUE", "phrase": " I..."}, {"speaker": "LIND", "phrase": " I don't know that either."}, {"speaker": "SUE", "phrase": " I \u0294uh I agree more with Linda."}, {"speaker": "SUE", "phrase": " that."}, {"speaker": "SUE", "phrase": " that I think it was situation where Paul couldn't marry anybody."}, {"speaker": "LIND", "phrase": "PAUSE"}, {"speaker": "SUE", "phrase": "because he had to go uh overseas."}, {"speaker": "JANI", "phrase": " He didn't have any money."}, {"speaker": "SUE", "phrase": " and make his."}, {"speaker": "SUE", "phrase": " you know"}, {"speaker": "SUE", "phrase": " make his way in the world"}, {"speaker": "SUE", "phrase": " cause he couldn't support woman."}, {"speaker": "JANI", "phrase": " Mhm."}, {"speaker": "SUE", "phrase": " And"}, {"speaker": "SUE", "phrase": " and maybe"}, {"speaker": "SUE", "phrase": " those families see"}, {"speaker": "SUE", "phrase": " rather than the Basts"}, {"speaker": "SUE", "phrase": " who would get married"}, {"speaker": "SUE", "phrase": " whether they could support somebody or not"}, {"speaker": "SUE", "phrase": " they strongly felt that you had to have certain amount of money"}, {"speaker": "SUE", "phrase": " or"}, {"speaker": "SUE", "phrase": " or certain future in order to."}, {"speaker": "SUE", "phrase": " end up..."}, {"speaker": "LORI", "phrase": " position."}, {"speaker": "SUE", "phrase": " Yeah."}, {"speaker": "SUE", "phrase": " Position in order to have wife."}, {"speaker": "LORI", "phrase": " ready to go."}, {"speaker": "LIND", "phrase": " Mm."}, {"speaker": "LIND", "phrase": " Did Helen not have enough money to support them I wonder ?"}, {"speaker": "MANY", "phrase": "PAUSE"}, {"speaker": "LIND", "phrase": " Why couldn't Helen have just supported them."}, {"speaker": "SUE", "phrase": " Well"}, {"speaker": "SUE", "phrase": " I think that that was."}, {"speaker": "LORI", "phrase": " that wasn't..."}, {"speaker": "SUE", "phrase": " they."}, {"speaker": "SUE", "phrase": " they wouldn't have allowed that."}, {"speaker": "LIND", "phrase": " That's not..."}, {"speaker": "LORI", "phrase": " The Wilcoxes wouldn't have."}, {"speaker": "SUE", "phrase": " That wouldn't have been alright."}, {"speaker": "SUE", "phrase": "PAUSE"}, {"speaker": "LORI", "phrase": " Look at Missis Wilcox."}, {"speaker": "SUE", "phrase": " according to the Wilcoxes."}, {"speaker": "EVEL", "phrase": "PAUSE"}, {"speaker": "EVEL", "phrase": " their code of honor."}, {"speaker": "EVEL", "phrase": " Remember ?"}, {"speaker": "EVEL", "phrase": " the uh..."}, {"speaker": "SUE", "phrase": " Yeah."}, {"speaker": "EVEL", "phrase": " strong English honor"}, {"speaker": "EVEL", "phrase": " that they uh"}, {"speaker": "EVEL", "phrase": " that Charles had to defend ?"}, {"speaker": "PATT", "phrase": " men would take care of them."}, {"speaker": "EVEL", "phrase": " You know ?"}, {"speaker": "PATT", "phrase": " Right."}, {"speaker": "KIM", "phrase": "PAUSE"}, {"speaker": "DIAN", "phrase": " Except in Out of Africa."}, {"speaker": "KIM", "phrase": " when uh Margaret uh"}, {"speaker": "KIM", "phrase": " when Margaret married uh Mister Wilcox."}, {"speaker": "DIAN", "phrase": " which is about the same time."}, {"speaker": "LIND", "phrase": "PAUSE"}, {"speaker": "X", "phrase": " Mhm."}, {"speaker": "PATT", "phrase": " Mhm."}, {"speaker": "KIM", "phrase": "PAUSE"}, {"speaker": "KIM", "phrase": " uh did uh."}, {"speaker": "KIM", "phrase": " it seems to me in the movie"}, {"speaker": "KIM", "phrase": " they were looking at this big house"}, {"speaker": "KIM", "phrase": " interior of this big house"}, {"speaker": "KIM", "phrase": " did they move to big house ?"}, {"speaker": "KIM", "phrase": " Where did they live."}, {"speaker": "JANI", "phrase": " I think they lived in the big house."}, {"speaker": "KIM", "phrase": " they did live in the big house."}, {"speaker": "JANI", "phrase": " they ended up living in Howard's End."}, {"speaker": "LIND", "phrase": " for while."}, {"speaker": "JANI", "phrase": " didn't they ?"}, {"speaker": "PATT", "phrase": " No."}, {"speaker": "LIND", "phrase": " Yeah"}, {"speaker": "LIND", "phrase": " at the end."}, {"speaker": "LIND", "phrase": " They were in Howard's End."}, {"speaker": "LORI", "phrase": " Who was at Howard's End at the end ?"}, {"speaker": "LORI", "phrase": " I thought it was Helen and the little boy."}, {"speaker": "LIND", "phrase": " No"}, {"speaker": "LIND", "phrase": " all ofthemwere at Howard's End."}, {"speaker": "JANI", "phrase": " I thought all of em..."}, {"speaker": "DIAN", "phrase": "..."}, {"speaker": "LORI", "phrase": " they all lived in Howard's End."}, {"speaker": "LIND", "phrase": " Henry"}, {"speaker": "LIND", "phrase": " Margaret."}, {"speaker": "DIAN", "phrase": " Buffalo."}, {"speaker": "LIND", "phrase": " Helen"}, {"speaker": "LIND", "phrase": " they were all one big happy family."}, {"speaker": "LORI", "phrase": " whole family."}, {"speaker": "PATT", "phrase": " Oh my God."}, {"speaker": "LIND", "phrase": "PAUSE"}, {"speaker": "KIM", "phrase": " when uh..."}, {"speaker": "JANI", "phrase": " That was kind of unbelievable"}, {"speaker": "JANI", "phrase": " wasn't laugh it laugh."}, {"speaker": "LIND", "phrase": "PAUSE"}, {"speaker": "PATT", "phrase": " Tell me another one."}, {"speaker": "EVEL", "phrase": " and Margaret broughtthemall together."}, {"speaker": "LIND", "phrase": " Well."}, {"speaker": "KIM", "phrase": " and when they married."}, {"speaker": "LIND", "phrase": " and the other thing..."}, {"speaker": "KIM", "phrase": " \u0294and when uh they married"}, {"speaker": "KIM", "phrase": " did uh"}, {"speaker": "KIM", "phrase": " uh what was his name"}, {"speaker": "KIM", "phrase": " the uh wimpy little son ?"}, {"speaker": "X", "phrase": " Tibby ?"}, {"speaker": "KIM", "phrase": " the..."}, {"speaker": "SUE", "phrase": " Tibby ?"}, {"speaker": "KIM", "phrase": " did Tibby"}, {"speaker": "KIM", "phrase": " and the young girl come and live with them ?"}, {"speaker": "LIND", "phrase": " Tibby."}, {"speaker": "JANI", "phrase": " I don't know what happened to Tibby."}, {"speaker": "LIND", "phrase": " Tibby was..."}, {"speaker": "JANI", "phrase": " I don't remember from the book."}, {"speaker": "SUE", "phrase": " Well..."}, {"speaker": "LIND", "phrase": " Tibby wasn't there."}, {"speaker": "SUE", "phrase": " When when."}, {"speaker": "SUE", "phrase": " at the wedding"}, {"speaker": "SUE", "phrase": " see"}, {"speaker": "SUE", "phrase": " is when Helen"}, {"speaker": "SUE", "phrase": " uh"}, {"speaker": "SUE", "phrase": " conceived"}, {"speaker": "SUE", "phrase": " and so then"}, {"speaker": "SUE", "phrase": " shortly thereafter"}, {"speaker": "SUE", "phrase": " she went away."}, {"speaker": "SUE", "phrase": " She went to like"}, {"speaker": "SUE", "phrase": " Germany."}, {"speaker": "JANI", "phrase": " Germany."}, {"speaker": "SUE", "phrase": " or some place like that ?"}, {"speaker": "SUE", "phrase": " And she stayed in Germany."}, {"speaker": "LORI", "phrase": " Okay."}, {"speaker": "LIND", "phrase": " Oh."}, {"speaker": "SUE", "phrase": " until..."}, {"speaker": "LORI", "phrase": " friend of..."}, {"speaker": "JANI", "phrase": " but that wasn't Margaret's wedding"}, {"speaker": "JANI", "phrase": " that was Evie's wedding."}, {"speaker": "JANI", "phrase": " That was before they got married."}, {"speaker": "SUE", "phrase": " Okay."}, {"speaker": "LIND", "phrase": " Yeah."}, {"speaker": "LIND", "phrase": " That's right."}, {"speaker": "SUE", "phrase": " That was before Margaret even got married."}, {"speaker": "LIND", "phrase": " Right."}, {"speaker": "SUE", "phrase": " So by the time Margaret gets married."}, {"speaker": "JANI", "phrase": "PAUSE"}, {"speaker": "JANI", "phrase": " Maybe they didn't live there the whole time."}, {"speaker": "SUE", "phrase": " Helen's pregnant"}, {"speaker": "SUE", "phrase": " and she's away some where."}, {"speaker": "PATT", "phrase": " Tibby was gone."}, {"speaker": "SUE", "phrase": " because she isn't..."}, {"speaker": "EVEL", "phrase": " Yeah."}, {"speaker": "SUE", "phrase": " She's hiding."}, {"speaker": "JANI", "phrase": "PAUSE"}, {"speaker": "JANI", "phrase": " I see."}, {"speaker": "SUE", "phrase": " Essentially."}, {"speaker": "DIAN", "phrase": "PAUSE"}, {"speaker": "LOIS", "phrase": " Isn't it also basically woman's."}, {"speaker": "LOIS", "phrase": " the women are much more developed characters than the men."}, {"speaker": "JANI", "phrase": "PAUSE"}, {"speaker": "LOIS", "phrase": " And the men tend to be."}, {"speaker": "LIND", "phrase": " Mhm."}, {"speaker": "LOIS", "phrase": " not such good people."}, {"speaker": "LIND", "phrase": " Yeah."}, {"speaker": "LIND", "phrase": " I think so."}, {"speaker": "KIM", "phrase": " Isn't that interesting."}, {"speaker": "PATT", "phrase": " Weak."}, {"speaker": "KIM", "phrase": "PAUSE"}, {"speaker": "KIM", "phrase": " that he would write that way if he was homosexual ?"}, {"speaker": "DIAN", "phrase": " Except he was raised by his mother."}, {"speaker": "LOIS", "phrase": " I don't know that everybody agrees with that."}, {"speaker": "DIAN", "phrase": " and."}, {"speaker": "LOIS", "phrase": " but."}, {"speaker": "DIAN", "phrase": " aunt and so on."}, {"speaker": "LORI", "phrase": " Yeah"}, {"speaker": "LORI", "phrase": " so the..."}, {"speaker": "KIM", "phrase": " pardon ?"}, {"speaker": "LORI", "phrase": " the mothers have always been uh"}, {"speaker": "LORI", "phrase": " women figures in his life were so strong obviously."}, {"speaker": "EVEL", "phrase": " Mhm."}, {"speaker": "KIM", "phrase": " \u0294uh but but the fellow."}, {"speaker": "LORI", "phrase": " isn't that what you're saying ?"}, {"speaker": "KIM", "phrase": " Tibby ?"}, {"speaker": "KIM", "phrase": " is."}, {"speaker": "KIM", "phrase": " isn't that is name ?"}, {"speaker": "KIM", "phrase": " but he was such wimpy"}, {"speaker": "KIM", "phrase": "PAUSE"}, {"speaker": "NANC", "phrase": " Mhm."}, {"speaker": "NANC", "phrase": " sure."}, {"speaker": "KIM", "phrase": " physically weak"}, {"speaker": "KIM", "phrase": " uh person."}, {"speaker": "KIM", "phrase": " Uh."}, {"speaker": "EVEL", "phrase": " they all had asthma."}, {"speaker": "LORI", "phrase": " I wouldn't know."}, {"speaker": "LORI", "phrase": " they always..."}, {"speaker": "X", "phrase": " Hm."}, {"speaker": "EVEL", "phrase": " and uh."}, {"speaker": "LORI", "phrase": " and Paul wasn't..."}, {"speaker": "EVEL", "phrase": " even living on the farm"}, {"speaker": "EVEL", "phrase": " they all had uh."}, {"speaker": "LORI", "phrase": " Hm."}, {"speaker": "LORI", "phrase": " even Charles wasn't."}, {"speaker": "PATT", "phrase": " Diane..."}, {"speaker": "EVEL", "phrase": " what was it"}, {"speaker": "EVEL", "phrase": " hay fever"}, {"speaker": "EVEL", "phrase": " or asthma or something."}, {"speaker": "X", "phrase": "PAUSE"}, {"speaker": "LIND", "phrase": " Yes."}, {"speaker": "PATT", "phrase": " Diane started to say something about Out of Africa."}, {"speaker": "LIND", "phrase": " Yes."}, {"speaker": "DIAN", "phrase": " Well"}, {"speaker": "DIAN", "phrase": " you're talking about the woman having the money"}, {"speaker": "DIAN", "phrase": " and why man couldn't..."}, {"speaker": "LIND", "phrase": " Mhm."}, {"speaker": "LIND", "phrase": " Mhm."}, {"speaker": "LORI", "phrase": " Marry her."}, {"speaker": "DIAN", "phrase": " marry the..."}, {"speaker": "LIND", "phrase": " Mhm."}, {"speaker": "DIAN", "phrase": " yeah"}, {"speaker": "DIAN", "phrase": "in ?uh Out of Africa"}, {"speaker": "DIAN", "phrase": " I think"}, {"speaker": "DIAN", "phrase": " is about this same time period."}, {"speaker": "DIAN", "phrase": " Or well maybe it's second world war."}, {"speaker": "DIAN", "phrase": " But Isak Dinesen."}, {"speaker": "LORI", "phrase": " later."}, {"speaker": "DIAN", "phrase": " the heroine of out of Africa is Danish"}, {"speaker": "DIAN", "phrase": " but she's the one with money"}, {"speaker": "DIAN", "phrase": " and she ends up."}, {"speaker": "DIAN", "phrase": " a."}, {"speaker": "DIAN", "phrase": " the brother of the person that she's in love with marries her."}, {"speaker": "LIND", "phrase": " Yeah"}, {"speaker": "LIND", "phrase": " yeah."}, {"speaker": "DIAN", "phrase": " because he has no money"}, {"speaker": "DIAN", "phrase": " no family money"}, {"speaker": "DIAN", "phrase": " but she has money"}, {"speaker": "DIAN", "phrase": " and she has no way to get husband"}, {"speaker": "DIAN", "phrase": " so they agree to get married"}, {"speaker": "DIAN", "phrase": " because he will then have access to her money and title"}, {"speaker": "DIAN", "phrase": " and she'll have husband."}, {"speaker": "DIAN", "phrase": " So it was done"}, {"speaker": "DIAN", "phrase": " my point of all that was."}, {"speaker": "X", "phrase": "PAUSE"}, {"speaker": "DIAN", "phrase": " that it was sometimes done"}, {"speaker": "DIAN", "phrase": " that woman of means"}, {"speaker": "DIAN", "phrase": " married man of no means"}, {"speaker": "DIAN", "phrase": " as uh"}, {"speaker": "DIAN", "phrase": " an arrangement for what ever reason."}, {"speaker": "LIND", "phrase": " Yeah I..."}, {"speaker": "DIAN", "phrase": " and so it could have been that this."}, {"speaker": "LIND", "phrase": " I guess..."}, {"speaker": "DIAN", "phrase": " that her money could have been the source of marriage if they'd wanted it to be."}, {"speaker": "LIND", "phrase": " That's to me uh uh"}, {"speaker": "LIND", "phrase": " kind of."}, {"speaker": "LIND", "phrase": " not taken care of"}, {"speaker": "LIND", "phrase": " very well in the book."}, {"speaker": "LIND", "phrase": " I I guess I don't know why they didn't laugh..."}, {"speaker": "DIAN", "phrase": " Yeah."}, {"speaker": "LIND", "phrase": " why that was such no no."}, {"speaker": "LIND", "phrase": "PAUSE"}, {"speaker": "DIAN", "phrase": " And I didn't realize Forster grew up with money."}, {"speaker": "DIAN", "phrase": " That sort of mixed me all up now too"}, {"speaker": "DIAN", "phrase": " because."}, {"speaker": "LIND", "phrase": " Mhm."}, {"speaker": "DIAN", "phrase": " it sounded to me like he hadn't and."}, {"speaker": "LIND", "phrase": " Mhm."}, {"speaker": "DIAN", "phrase": " yeah."}, {"speaker": "DIAN", "phrase": " I have question about England in nineteen ten"}, {"speaker": "DIAN", "phrase": " too."}, {"speaker": "DIAN", "phrase": " Which shows that my lack of history."}, {"speaker": "DIAN", "phrase": " Was England the strong world power in nineteen ten ?"}, {"speaker": "DIAN", "phrase": " still ?"}, {"speaker": "DIAN", "phrase": " The empire"}, {"speaker": "DIAN", "phrase": " English"}, {"speaker": "DIAN", "phrase": " the sun never sets on the English empire ?"}, {"speaker": "EVEL", "phrase": " that was where uh."}, {"speaker": "LIND", "phrase": " Mhm."}, {"speaker": "EVEL", "phrase": " Wilcox made his money."}, {"speaker": "EVEL", "phrase": " Wasn't it ?"}, {"speaker": "EVEL", "phrase": " In."}, {"speaker": "EVEL", "phrase": " what was it."}, {"speaker": "EVEL", "phrase": " Some kind of trade in uh"}, {"speaker": "EVEL", "phrase": " I I've forgotten what it was."}, {"speaker": "LIND", "phrase": " Hm."}, {"speaker": "EVEL", "phrase": " Uh was it..."}, {"speaker": "JANI", "phrase": " he had"}, {"speaker": "JANI", "phrase": " I think he had rubber plantations."}, {"speaker": "EVEL", "phrase": " rubber plantations ?"}, {"speaker": "X", "phrase": "PAUSE"}, {"speaker": "PATT", "phrase": " Yeah."}, {"speaker": "DIAN", "phrase": " Cause I read Passage to India."}, {"speaker": "LORI", "phrase": "PAUSE"}, {"speaker": "DIAN", "phrase": " hundred years ago in college"}, {"speaker": "DIAN", "phrase": " and that was all about the colony of India."}, {"speaker": "LIND", "phrase": " Mhm."}, {"speaker": "DIAN", "phrase": " and English colonial things."}, {"speaker": "LORI", "phrase": " Mhm."}, {"speaker": "DIAN", "phrase": " So I thought England was in position of great strength"}, {"speaker": "DIAN", "phrase": " in nineteen ten."}, {"speaker": "EVEL", "phrase": " I think it was."}, {"speaker": "X", "phrase": " Hm ?"}, {"speaker": "JANI", "phrase": " I think it probably was."}, {"speaker": "MANY", "phrase": "PAUSE"}, {"speaker": "NORA", "phrase": " I think it was."}, {"speaker": "MANY", "phrase": "PAUSE"}, {"speaker": "LORI", "phrase": " But it was getting ready to."}, {"speaker": "LIND", "phrase": " But the winds of change."}, {"speaker": "LORI", "phrase": " move away."}, {"speaker": "LIND", "phrase": "PAUSE"}, {"speaker": "LORI", "phrase": " that's right."}, {"speaker": "DIAN", "phrase": " were beginning to blow."}, {"speaker": "LIND", "phrase": " had begun to blow."}, {"speaker": "LIND", "phrase": "PAUSE"}, {"speaker": "EVEL", "phrase": " mhm."}, {"speaker": "NORA", "phrase": " Wonder who was the ruler."}, {"speaker": "LIND", "phrase": "PAUSE"}, {"speaker": "NORA", "phrase": " in nineteen ten."}, {"speaker": "DIAN", "phrase": " Who was the king or queen ?"}, {"speaker": "NORA", "phrase": " Mhm."}, {"speaker": "LORI", "phrase": " I don't know."}, {"speaker": "DIAN", "phrase": " Hmm."}, {"speaker": "PATT", "phrase": " When."}, {"speaker": "PATT", "phrase": " what was Victoria's reign."}, {"speaker": "NORA", "phrase": " Well that's what I'm trying to think of."}, {"speaker": "EVEL", "phrase": " \u0294About"}, {"speaker": "EVEL", "phrase": " well close to that"}, {"speaker": "EVEL", "phrase": "PAUSE"}, {"speaker": "EVEL", "phrase": " uh"}, {"speaker": "EVEL", "phrase": " remember"}, {"speaker": "EVEL", "phrase": " they uh."}, {"speaker": "LORI", "phrase": " Well when did Edward give up."}, {"speaker": "EVEL", "phrase": " Upstairs Downstairs."}, {"speaker": "DEBO", "phrase": " I should think it would have been George the Fifth."}, {"speaker": "EVEL", "phrase": " The uh."}, {"speaker": "PATT", "phrase": " Mhm."}, {"speaker": "DIAN", "phrase": " mm."}, {"speaker": "EVEL", "phrase": " Uh."}, {"speaker": "LOIS", "phrase": " Mhm."}, {"speaker": "EVEL", "phrase": " what was it"}, {"speaker": "EVEL", "phrase": " uh the"}, {"speaker": "EVEL", "phrase": " her son came in."}, {"speaker": "LIND", "phrase": "PAUSE"}, {"speaker": "EVEL", "phrase": " in about nineteen ten."}, {"speaker": "LIND", "phrase": " Yeah."}, {"speaker": "EVEL", "phrase": " Victoria's son."}, {"speaker": "LIND", "phrase": " Was that Edward ?"}, {"speaker": "EVEL", "phrase": " The one that."}, {"speaker": "EVEL", "phrase": " Yeah."}, {"speaker": "LIND", "phrase": " the ward in England."}, {"speaker": "EVEL", "phrase": " The one who was"}, {"speaker": "EVEL", "phrase": " such."}, {"speaker": "NORA", "phrase": " Well he was weak."}, {"speaker": "NORA", "phrase": " Wasn't he ?"}, {"speaker": "LIND", "phrase": " Mhm."}, {"speaker": "LORI", "phrase": " The one that abdicated ?"}, {"speaker": "SUE", "phrase": " Yeah."}, {"speaker": "LIND", "phrase": " No."}, {"speaker": "LORI", "phrase": " That was later."}, {"speaker": "PATT", "phrase": " No."}, {"speaker": "PATT", "phrase": " That was later."}, {"speaker": "EVEL", "phrase": " Mhm."}, {"speaker": "X", "phrase": "PAUSE"}, {"speaker": "PATT", "phrase": " Well at the beginning of World War One"}, {"speaker": "PATT", "phrase": " in The Guns of August."}, {"speaker": "NORA", "phrase": " It was nineteen eighteen."}, {"speaker": "PATT", "phrase": " They."}, {"speaker": "NORA", "phrase": " fourteen."}, {"speaker": "X", "phrase": "PAUSE"}, {"speaker": "PATT", "phrase": " all of the crowned heads"}, {"speaker": "PATT", "phrase": " was."}, {"speaker": "PATT", "phrase": " that was the last time they were all together."}, {"speaker": "PATT", "phrase": " So it had already."}, {"speaker": "PATT", "phrase": " was"}, {"speaker": "PATT", "phrase": " well over the horizon into setting."}, {"speaker": "PATT", "phrase": "PAUSE"}, {"speaker": "LIND", "phrase": " Mhm."}, {"speaker": "PATT", "phrase": " by nineteen fourteen."}, {"speaker": "LORI", "phrase": " oKay."}, {"speaker": "MANY", "phrase": " Mhm."}, {"speaker": "LORI", "phrase": " So nineteen ten it just..."}, {"speaker": "PATT", "phrase": " So in nineteen ten."}, {"speaker": "X", "phrase": " Mhm."}, {"speaker": "PATT", "phrase": " there would definitely have been"}, {"speaker": "PATT", "phrase": "PAUSE"}, {"speaker": "LORI", "phrase": " Undercurrents."}, {"speaker": "PATT", "phrase": " the winds of change beginning to..."}, {"speaker": "LIND", "phrase": " Mhm."}, {"speaker": "DIAN", "phrase": " Okay."}, {"speaker": "LIND", "phrase": " Mhm."}, {"speaker": "DIAN", "phrase": " But England really didn't start losing her colonies"}, {"speaker": "DIAN", "phrase": " did she"}, {"speaker": "DIAN", "phrase": " until more like second world war ?"}, {"speaker": "EVEL", "phrase": " That's when they divested."}, {"speaker": "DIAN", "phrase": " Well maybe..."}, {"speaker": "LIND", "phrase": " Mhm."}, {"speaker": "LIND", "phrase": " Mhm."}, {"speaker": "EVEL", "phrase": " was after Second World War."}, {"speaker": "LIND", "phrase": " Mhm."}, {"speaker": "DIAN", "phrase": " Okay."}, {"speaker": "LORI", "phrase": " Mhm."}, {"speaker": "DIAN", "phrase": " Maybe the power over them was becoming weak ?"}, {"speaker": "EVEL", "phrase": "PAUSE"}, {"speaker": "EVEL", "phrase": " Mhm."}, {"speaker": "LORI", "phrase": " I \u0294uh..."}, {"speaker": "DIAN", "phrase": " by this time ?"}, {"speaker": "LORI", "phrase": " wasn't that part of the problem they had ?"}, {"speaker": "LORI", "phrase": " Cause they were trying to"}, {"speaker": "LORI", "phrase": " hold the colonies together"}, {"speaker": "LORI", "phrase": " and then they also had to deal with the war in Europe ?"}, {"speaker": "PATT", "phrase": " I thought so."}, {"speaker": "LORI", "phrase": " I mean wasn't that the problem ?"}, {"speaker": "DIAN", "phrase": " Mhm."}, {"speaker": "LORI", "phrase": " That they had to be..."}, {"speaker": "PATT", "phrase": " Was that World War Two"}, {"speaker": "PATT", "phrase": " or World War One."}, {"speaker": "LORI", "phrase": " I don't know."}, {"speaker": "LORI", "phrase": " I don't know."}, {"speaker": "LORI", "phrase": " But I think that was part of the problem"}, {"speaker": "LORI", "phrase": " because they couldn't be..."}, {"speaker": "DEBO", "phrase": " More World War Two"}, {"speaker": "DEBO", "phrase": "PAUSE"}, {"speaker": "LORI", "phrase": " Was it Two ?"}, {"speaker": "LORI", "phrase": " Deborah ?"}, {"speaker": "KIM", "phrase": " I think..."}, {"speaker": "LORI", "phrase": " Yeah."}, {"speaker": "DEBO", "phrase": " I think more"}, {"speaker": "DEBO", "phrase": " more was World War Two."}, {"speaker": "LIND", "phrase": " Well they were transferring the power in India"}, {"speaker": "LIND", "phrase": " weren't they."}, {"speaker": "LORI", "phrase": " to be in the thirties."}, {"speaker": "LIND", "phrase": " Uh"}, {"speaker": "LIND", "phrase": " more like World War Two."}, {"speaker": "EVEL", "phrase": " Mhm."}, {"speaker": "LIND", "phrase": "I mean Neru haha."}, {"speaker": "PATT", "phrase": " when Gandhi..."}, {"speaker": "LORI", "phrase": " So the thirties and forties maybe."}, {"speaker": "LIND", "phrase": " was..."}, {"speaker": "DIAN", "phrase": " Yeah."}, {"speaker": "JANI", "phrase": " Mhm."}, {"speaker": "EVEL", "phrase": " time of Gandhi"}, {"speaker": "EVEL", "phrase": " and all of that."}, {"speaker": "PATT", "phrase": " Mhm."}, {"speaker": "LIND", "phrase": " Unhunh."}, {"speaker": "HARR", "phrase": " Unhunh."}, {"speaker": "PATT", "phrase": " Mhm."}, {"speaker": "JANI", "phrase": " It was kind of interesting to read these uh."}, {"speaker": "DIAN", "phrase": " Hm."}, {"speaker": "JANI", "phrase": " critical reviews."}, {"speaker": "JANI", "phrase": " I got this out of the book review digest."}, {"speaker": "JANI", "phrase": " since it was written in nineteen ten."}, {"speaker": "JANI", "phrase": " Reviews were written in nineteen ten."}, {"speaker": "EVEL", "phrase": "PAUSE"}, {"speaker": "EVEL", "phrase": "PAUSE"}, {"speaker": "LIND", "phrase": " Hm."}, {"speaker": "JANI", "phrase": "PAUSE"}, {"speaker": "PATT", "phrase": "PAUSE"}, {"speaker": "DIAN", "phrase": " Hunh."}, {"speaker": "JANI", "phrase": " Here's one..."}, {"speaker": "NORA", "phrase": " When was the book written."}, {"speaker": "DIAN", "phrase": "PAUSE"}, {"speaker": "JANI", "phrase": " Nineteen ten."}, {"speaker": "DIAN", "phrase": " nineteen ten."}, {"speaker": "LIND", "phrase": " It was published"}, {"speaker": "LIND", "phrase": " yeah."}, {"speaker": "JANI", "phrase": " Published in nineteen ten."}, {"speaker": "JANI", "phrase": " Um"}, {"speaker": "JANI", "phrase": " Mister Forster"}, {"speaker": "JANI", "phrase": " this is from the New York Times."}, {"speaker": "JANI", "phrase": " in nineteen."}, {"speaker": "JANI", "phrase": " February nineteen eleven."}, {"speaker": "PATT", "phrase": "PAUSE"}, {"speaker": "DIAN", "phrase": "PAUSE"}, {"speaker": "JANI", "phrase": " Mister Forster seems to write conventional comedy."}, {"speaker": "JANI", "phrase": " for that his sense of character values is entirely adequate."}, {"speaker": "X", "phrase": "PAUSE"}, {"speaker": "DIAN", "phrase": "PAUSE"}, {"speaker": "JANI", "phrase": " while there his blithe manner"}, {"speaker": "JANI", "phrase": " and journalistic \u0294uh wittiness of phrase serves him well."}, {"speaker": "JANI", "phrase": " But he invinces neither power nor inclination"}, {"speaker": "JANI", "phrase": " to come to grips with any vital human problem."}, {"speaker": "PATT", "phrase": "PAUSE"}, {"speaker": "LIND", "phrase": "PAUSE"}, {"speaker": "JANI", "phrase": " which totally dis."}, {"speaker": "JANI", "phrase": " disagrees with everything we've been saying this afternoon."}, {"speaker": "LIND", "phrase": "PAUSE"}, {"speaker": "DIAN", "phrase": " But what different wording of review."}, {"speaker": "LIND", "phrase": "PAUSE"}, {"speaker": "DIAN", "phrase": " too."}, {"speaker": "DIAN", "phrase": " It's so proper."}, {"speaker": "LIND", "phrase": " Yes."}, {"speaker": "EVEL", "phrase": " Mm."}, {"speaker": "JANI", "phrase": " Yeah."}, {"speaker": "LIND", "phrase": " True."}, {"speaker": "DIAN", "phrase": " and stilted."}, {"speaker": "MANY", "phrase": " Unhunh."}, {"speaker": "DIAN", "phrase": " and."}, {"speaker": "SUE", "phrase": " Yeah."}, {"speaker": "LIND", "phrase": " True."}, {"speaker": "LORI", "phrase": "PAUSE"}, {"speaker": "LIND", "phrase": "PAUSE"}, {"speaker": "JANI", "phrase": " Saturday review said"}, {"speaker": "JANI", "phrase": " whether one likes it or not."}, {"speaker": "LORI", "phrase": "PAUSE"}, {"speaker": "LIND", "phrase": "PAUSE"}, {"speaker": "JANI", "phrase": " Howard's End is real novel."}, {"speaker": "X", "phrase": "PAUSE"}, {"speaker": "JANI", "phrase": " That was in nineteen ten."}, {"speaker": "SUE", "phrase": "PAUSE"}, {"speaker": "DIAN", "phrase": "PAUSE"}, {"speaker": "SUE", "phrase": "PAUSE"}, {"speaker": "JANI", "phrase": " and"}, {"speaker": "JANI", "phrase": " something that"}, {"speaker": "JANI", "phrase": " \u0294uh it was abbreviated capital SPEC."}, {"speaker": "LIND", "phrase": "PAUSE"}, {"speaker": "JANI", "phrase": " I don't know what it was."}, {"speaker": "LIND", "phrase": "PAUSE"}, {"speaker": "JANI", "phrase": " But if his defects are exasperating"}, {"speaker": "JANI", "phrase": " his qualities are remarkable."}, {"speaker": "JANI", "phrase": " Vivid characterization"}, {"speaker": "JANI", "phrase": " happy command of dialog"}, {"speaker": "JANI", "phrase": " and."}, {"speaker": "JANI", "phrase": " and freakish humor."}, {"speaker": "JANI", "phrase": " The clash of modern culture."}, {"speaker": "X", "phrase": " Hm."}, {"speaker": "JANI", "phrase": " and modern materialism."}, {"speaker": "LIND", "phrase": "PAUSE"}, {"speaker": "JANI", "phrase": " has seldom found"}, {"speaker": "JANI", "phrase": " more vivid interpreter."}, {"speaker": "JANI", "phrase": "PAUSE"}, {"speaker": "X", "phrase": "PAUSE"}, {"speaker": "DIAN", "phrase": "PAUSE"}, {"speaker": "LIND", "phrase": " Oh."}, {"speaker": "X", "phrase": " I've never seen that."}, {"speaker": "DIAN", "phrase": " Does the library have these magazines on microfilm."}, {"speaker": "SUE", "phrase": " Oh my."}, {"speaker": "DIAN", "phrase": " clear back to nineteen ten ?"}, {"speaker": "X", "phrase": "PAUSE"}, {"speaker": "JANI", "phrase": " Well this is from the Book Review Digest."}, {"speaker": "JANI", "phrase": " So they have all of these little reviews."}, {"speaker": "LIND", "phrase": " Ah."}, {"speaker": "NORA", "phrase": " Oh I didn't know they had that..."}, {"speaker": "JANI", "phrase": " on this one page."}, {"speaker": "LIND", "phrase": " Uhuh."}, {"speaker": "JANI", "phrase": " that they've collected."}, {"speaker": "NORA", "phrase": " that early."}, {"speaker": "DIAN", "phrase": " Oh."}, {"speaker": "JANI", "phrase": " of..."}, {"speaker": "DIAN", "phrase": "PAUSE"}, {"speaker": "PATT", "phrase": " Oh"}, {"speaker": "PATT", "phrase": " My."}, {"speaker": "JANI", "phrase": " of his book."}, {"speaker": "PATT", "phrase": " I didn't."}, {"speaker": "PATT", "phrase": " haven't seen that."}, {"speaker": "DIAN", "phrase": "PAUSE"}, {"speaker": "EVEL", "phrase": " But Janice."}, {"speaker": "EVEL", "phrase": " You did an awful lot of research on it."}, {"speaker": "NORA", "phrase": " Cause I took that uh..."}, {"speaker": "EVEL", "phrase": " I mean those reviews."}, {"speaker": "JANI", "phrase": "PAUSE"}, {"speaker": "MANY", "phrase": "PAUSE"}, {"speaker": "LIND", "phrase": " Yeah."}, {"speaker": "EVEL", "phrase": " That was wonderful."}, {"speaker": "DIAN", "phrase": " Yeah."}, {"speaker": "LIND", "phrase": " Yeah."}, {"speaker": "JANI", "phrase": " Well I didn't spend too much time putting it together."}, {"speaker": "SUE", "phrase": " But..."}, {"speaker": "EVEL", "phrase": " Yeah."}, {"speaker": "MANY", "phrase": "PAUSE"}, {"speaker": "SUE", "phrase": " But modern."}, {"speaker": "LORI", "phrase": "PAUSE"}, {"speaker": "SUE", "phrase": " modern culture"}, {"speaker": "SUE", "phrase": " and modern materialism"}, {"speaker": "SUE", "phrase": " I mean that's essentially what we're saying."}, {"speaker": "EVEL", "phrase": " That's what we've been saying."}, {"speaker": "LIND", "phrase": " That's right."}, {"speaker": "SUE", "phrase": " Culture."}, {"speaker": "DIAN", "phrase": " Mhm."}, {"speaker": "SUE", "phrase": " and materialism."}, {"speaker": "LIND", "phrase": " That's right."}, {"speaker": "JANI", "phrase": " That's right."}, {"speaker": "SUE", "phrase": " So"}, {"speaker": "SUE", "phrase": " So they..."}, {"speaker": "JANI", "phrase": " That was..."}, {"speaker": "SUE", "phrase": " even there they hit it on the head."}, {"speaker": "LIND", "phrase": " uh..."}, {"speaker": "JANI", "phrase": " That's right."}, {"speaker": "EVEL", "phrase": " Mhm."}, {"speaker": "SUE", "phrase": " The the humor we're having little trouble with though."}, {"speaker": "JANI", "phrase": " That's right."}, {"speaker": "LORI", "phrase": " Yeah I."}, {"speaker": "MANY", "phrase": "PAUSE"}, {"speaker": "LORI", "phrase": " the humor."}, {"speaker": "SUE", "phrase": " well."}, {"speaker": "X", "phrase": "PAUSE"}, {"speaker": "SUE", "phrase": " although"}, {"speaker": "SUE", "phrase": " it was."}, {"speaker": "X", "phrase": "PAUSE"}, {"speaker": "SUE", "phrase": " There."}, {"speaker": "SUE", "phrase": " there were times when it."}, {"speaker": "SUE", "phrase": " it was underlying humor"}, {"speaker": "SUE", "phrase": " little bit."}, {"speaker": "EVEL", "phrase": " Mhm."}, {"speaker": "SUE", "phrase": " You know."}, {"speaker": "DIAN", "phrase": " English humor."}, {"speaker": "SUE", "phrase": "PAUSE"}, {"speaker": "SUE", "phrase": " The like."}, {"speaker": "SUE", "phrase": " like the."}, {"speaker": "SUE", "phrase": " in the movie at least"}, {"speaker": "SUE", "phrase": " that"}, {"speaker": "SUE", "phrase": " when the Basts come to the"}, {"speaker": "SUE", "phrase": " to the wedding reception"}, {"speaker": "SUE", "phrase": " and"}, {"speaker": "SUE", "phrase": " and."}, {"speaker": "LOIS", "phrase": " Oh yes."}, {"speaker": "SUE", "phrase": " Jacky"}, {"speaker": "SUE", "phrase": " sits down there and starts shoveling in the food"}, {"speaker": "SUE", "phrase": " and drinking the drinks"}, {"speaker": "SUE", "phrase": " and it's really."}, {"speaker": "SUE", "phrase": " It's funny until then they have the confrontation with Henry."}, {"speaker": "EVEL", "phrase": " Right."}, {"speaker": "SUE", "phrase": " And then it isn't funny anymore."}, {"speaker": "EVEL", "phrase": " Right."}, {"speaker": "LIND", "phrase": " Mm."}, {"speaker": "SUE", "phrase": " But it is kind of humorous."}, {"speaker": "EVEL", "phrase": " Well I."}, {"speaker": "EVEL", "phrase": " \u0294uh I was gonna tell you of the one."}, {"speaker": "EVEL", "phrase": " the other"}, {"speaker": "EVEL", "phrase": " uh young person"}, {"speaker": "EVEL", "phrase": " that I talked to about the book"}, {"speaker": "EVEL", "phrase": " was former student"}, {"speaker": "EVEL", "phrase": " who is now psychiatrist"}, {"speaker": "EVEL", "phrase": " who lives in California."}, {"speaker": "EVEL", "phrase": " We were talking about the book"}, {"speaker": "EVEL", "phrase": " or about the movie."}, {"speaker": "EVEL", "phrase": " He hadn't read the book."}, {"speaker": "EVEL", "phrase": " He said"}, {"speaker": "EVEL", "phrase": " it was good movie"}, {"speaker": "EVEL", "phrase": " but not great movie."}, {"speaker": "EVEL", "phrase": " And he said it was without passion."}, {"speaker": "LIND", "phrase": " Oh my."}, {"speaker": "X", "phrase": " Hm."}, {"speaker": "DIAN", "phrase": " Hm."}, {"speaker": "EVEL", "phrase": " So"}, {"speaker": "EVEL", "phrase": " Now."}, {"speaker": "X", "phrase": " Oh"}, {"speaker": "X", "phrase": " good heavens."}, {"speaker": "EVEL", "phrase": " what do you make of that."}, {"speaker": "EVEL", "phrase": " I don't know..."}, {"speaker": "DIAN", "phrase": "PAUSE"}, {"speaker": "LIND", "phrase": " M."}, {"speaker": "JANI", "phrase": " I think that's typical of English movies."}, {"speaker": "DIAN", "phrase": " He definitely wouldn't like Michael."}, {"speaker": "EVEL", "phrase": " Well."}, {"speaker": "JANI", "phrase": " That's..."}, {"speaker": "EVEL", "phrase": " Uh uh yeah."}, {"speaker": "LORI", "phrase": "PAUSE"}, {"speaker": "JANI", "phrase": " I I really do."}, {"speaker": "EVEL", "phrase": " I thought"}, {"speaker": "EVEL", "phrase": " uhuh."}, {"speaker": "EVEL", "phrase": " I thought"}, {"speaker": "EVEL", "phrase": " and I think I said"}, {"speaker": "EVEL", "phrase": " well"}, {"speaker": "EVEL", "phrase": " maybe it was because it was English."}, {"speaker": "EVEL", "phrase": " They are..."}, {"speaker": "LIND", "phrase": " Unhunh."}, {"speaker": "EVEL", "phrase": " it's all kind of uh..."}, {"speaker": "LIND", "phrase": " I don't know how you can say it's without passion."}, {"speaker": "EVEL", "phrase": "PAUSE"}, {"speaker": "EVEL", "phrase": " I didn't think so ei ther."}, {"speaker": "LIND", "phrase": " I mean."}, {"speaker": "EVEL", "phrase": " But I didn't argue."}, {"speaker": "PATT", "phrase": " Well the passion of Leonard Bast"}, {"speaker": "PATT", "phrase": " and and Helen"}, {"speaker": "PATT", "phrase": " and then the passion of Charles"}, {"speaker": "PATT", "phrase": " and the confrontation with Leonard..."}, {"speaker": "EVEL", "phrase": " Mhm."}, {"speaker": "LORI", "phrase": " No but that's tragedy."}, {"speaker": "LORI", "phrase": " That's not necessarily passion."}, {"speaker": "LIND", "phrase": "PAUSE"}, {"speaker": "LIND", "phrase": " Well what uh..."}, {"speaker": "PATT", "phrase": " NO but it was..."}, {"speaker": "LIND", "phrase": " what are we talking about passion."}, {"speaker": "EVEL", "phrase": " Well I think it..."}, {"speaker": "LIND", "phrase": " Let's define passion."}, {"speaker": "EVEL", "phrase": " Well I think how we define it."}, {"speaker": "DEBO", "phrase": " passion means to."}, {"speaker": "EVEL", "phrase": " Yeah."}, {"speaker": "EVEL", "phrase": " Passion."}, {"speaker": "MANY", "phrase": " Mhm."}, {"speaker": "EVEL", "phrase": " I think probably he meant"}, {"speaker": "EVEL", "phrase": " well"}, {"speaker": "EVEL", "phrase": " trong feeling."}, {"speaker": "LIND", "phrase": " Yeah."}, {"speaker": "EVEL", "phrase": " Not sex."}, {"speaker": "LIND", "phrase": " Yeah."}, {"speaker": "LORI", "phrase": " Mhm."}, {"speaker": "EVEL", "phrase": " but more strong feeling."}, {"speaker": "LORI", "phrase": " Mhm."}, {"speaker": "LIND", "phrase": " Look at Margaret's uh."}, {"speaker": "SUE", "phrase": " Well certainly there wasn't passion between Henry and Margaret."}, {"speaker": "DIAN", "phrase": " Yeah there was."}, {"speaker": "EVEL", "phrase": " No."}, {"speaker": "LIND", "phrase": " Oh yes there was ?"}, {"speaker": "DIAN", "phrase": " No."}, {"speaker": "EVEL", "phrase": " but strong feelings."}, {"speaker": "JANI", "phrase": " but..."}, {"speaker": "SUE", "phrase": " Strong."}, {"speaker": "SUE", "phrase": " Well."}, {"speaker": "JANI", "phrase": " Strong feeling."}, {"speaker": "SUE", "phrase": " strong feeling."}, {"speaker": "JANI", "phrase": " I mean it isn't..."}, {"speaker": "SUE", "phrase": " but not passionate."}, {"speaker": "LORI", "phrase": " I don't think there's strong feelings in this book that much."}, {"speaker": "LORI", "phrase": " \u0294uh only for Howard's End."}, {"speaker": "JANI", "phrase": " Ruth had..."}, {"speaker": "LORI", "phrase": " \u0294uh Ruth had strong feelings for Howard's End"}, {"speaker": "LORI", "phrase": " and it didn't do her one bit of good"}, {"speaker": "LORI", "phrase": " because."}, {"speaker": "LORI", "phrase": " her bequest was ignored"}, {"speaker": "LORI", "phrase": " and the rest of the people are just kind of floating along."}, {"speaker": "LIND", "phrase": " Oh no no no no no."}, {"speaker": "DIAN", "phrase": "PAUSE"}, {"speaker": "LORI", "phrase": " See"}, {"speaker": "LORI", "phrase": " I don't get that."}, {"speaker": "LIND", "phrase": " Helen has tremendous passion about her beliefs."}, {"speaker": "LIND", "phrase": " Margaret's speech to Henry."}, {"speaker": "LORI", "phrase": " Well about her beliefs"}, {"speaker": "LORI", "phrase": " but they don't make one bit of difference"}, {"speaker": "LORI", "phrase": " in the whole world."}, {"speaker": "LIND", "phrase": " Margaret's speech to Henry."}, {"speaker": "LORI", "phrase": "PAUSE"}, {"speaker": "LIND", "phrase": " is one of the most passionate things I have ever read."}, {"speaker": "LORI", "phrase": " Well I found that part."}, {"speaker": "LIND", "phrase": " I thought."}, {"speaker": "EVEL", "phrase": " She mowed him down"}, {"speaker": "EVEL", "phrase": " didn't she."}, {"speaker": "XEVE", "phrase": " I thought it was beautiful."}, {"speaker": "PATT", "phrase": " Mhm."}, {"speaker": "LIND", "phrase": " and later it says"}, {"speaker": "LIND", "phrase": " she thought back over that"}, {"speaker": "LIND", "phrase": " and she wouldn't have changed word of it."}, {"speaker": "MANY", "phrase": "PAUSE"}, {"speaker": "LIND", "phrase": " absolutely laugh"}, {"speaker": "LIND", "phrase": " oh I think there was lot of feeling"}, {"speaker": "LIND", "phrase": " lot of feeling."}, {"speaker": "DIAN", "phrase": " Was this novel popular when it was published ?"}, {"speaker": "EVEL", "phrase": " Uh"}, {"speaker": "EVEL", "phrase": " according to the professor laugh."}, {"speaker": "X", "phrase": "PAUSE"}, {"speaker": "SUE", "phrase": "PAUSE"}, {"speaker": "LORI", "phrase": "PAUSE"}, {"speaker": "EVEL", "phrase": " that it is classic of change."}, {"speaker": "EVEL", "phrase": " It is uh one of the uh"}, {"speaker": "EVEL", "phrase": " classic novels"}, {"speaker": "EVEL", "phrase": " that has to do with change."}, {"speaker": "LIND", "phrase": " But did the people like it."}, {"speaker": "JANI", "phrase": " Tradition and change."}, {"speaker": "LIND", "phrase": " When they read it."}, {"speaker": "LIND", "phrase": " Back then."}, {"speaker": "EVEL", "phrase": " I would imagine that he was popular with."}, {"speaker": "NORA", "phrase": " Well is it being revived now ?"}, {"speaker": "LIND", "phrase": " I think he was popular."}, {"speaker": "EVEL", "phrase": " Or."}, {"speaker": "DIAN", "phrase": " seems to be."}, {"speaker": "KIM", "phrase": " well"}, {"speaker": "KIM", "phrase": " in the introduction it said."}, {"speaker": "LIND", "phrase": " I don't know."}, {"speaker": "KIM", "phrase": " that in the forties."}, {"speaker": "NORA", "phrase": " They are doing that with so many of those now."}, {"speaker": "KIM", "phrase": " when they."}, {"speaker": "KIM", "phrase": " you had uh"}, {"speaker": "KIM", "phrase": " uh gerald"}, {"speaker": "KIM", "phrase": " and uh."}, {"speaker": "LORI", "phrase": " Hemingway."}, {"speaker": "KIM", "phrase": " and other wellknown writers"}, {"speaker": "KIM", "phrase": " uh"}, {"speaker": "KIM", "phrase": " Hemingway and Faulkner"}, {"speaker": "KIM", "phrase": " and"}, {"speaker": "KIM", "phrase": " and yet this guy was still up there in the forties."}, {"speaker": "KIM", "phrase": " And this book was written in nineteen ten."}, {"speaker": "KIM", "phrase": " I didn't care for it."}, {"speaker": "KIM", "phrase": " I."}, {"speaker": "KIM", "phrase": " well you know what turned me off ?"}, {"speaker": "KIM", "phrase": " The the the big description about the dumb old umbrella."}, {"speaker": "XKIM", "phrase": " and did the umbrella have uh"}, {"speaker": "XKIM", "phrase": " smooth end on it."}, {"speaker": "KIM", "phrase": " or did it have knobby end."}, {"speaker": "MANY", "phrase": "PAUSE"}, {"speaker": "KIM", "phrase": " and I thought"}, {"speaker": "KIM", "phrase": " for crying out"}, {"speaker": "KIM", "phrase": " why am I sitting wasting my time reading about umbrella hands."}, {"speaker": "X", "phrase": "PAUSE"}, {"speaker": "SUE", "phrase": "PAUSE"}, {"speaker": "SUE", "phrase": " and then Helen says."}, {"speaker": "KIM", "phrase": " and"}, {"speaker": "KIM", "phrase": " and the description of the music."}, {"speaker": "SUE", "phrase": " oh"}, {"speaker": "SUE", "phrase": " we."}, {"speaker": "SUE", "phrase": " we steal umbrellas all the time laugh."}, {"speaker": "KIM", "phrase": " and."}, {"speaker": "LORI", "phrase": " We stealthemall the time."}, {"speaker": "DIAN", "phrase": "PAUSE"}, {"speaker": "LIND", "phrase": " That was part of the humor."}, {"speaker": "KIM", "phrase": " There's got to be something better to read."}, {"speaker": "SUE", "phrase": "PAUSE"}, {"speaker": "EVEL", "phrase": " Hunh."}, {"speaker": "LIND", "phrase": "PAUSE"}, {"speaker": "JANI", "phrase": " Now that was supposed to be part of the..."}, {"speaker": "DIAN", "phrase": "PAUSE"}, {"speaker": "JANI", "phrase": " I did."}, {"speaker": "JANI", "phrase": " I did not enjoy..."}, {"speaker": "KIM", "phrase": " Was that supposed to be humor ?"}, {"speaker": "KIM", "phrase": "..."}, {"speaker": "JANI", "phrase": " That's English humor."}, {"speaker": "DEBO", "phrase": " Did you enjoy it ?"}, {"speaker": "LIND", "phrase": " Somewhat."}, {"speaker": "EVEL", "phrase": " Mhm."}, {"speaker": "LIND", "phrase": " Or at least Helen and Margaret's humor."}, {"speaker": "JANI", "phrase": " I did not enjoy reading the book."}, {"speaker": "DIAN", "phrase": " above average."}, {"speaker": "LIND", "phrase": " That was their humor."}, {"speaker": "MANY", "phrase": " Mhm."}, {"speaker": "DEBO", "phrase": " I just couldn't."}, {"speaker": "JANI", "phrase": " But I enjoyed the movie."}, {"speaker": "DEBO", "phrase": " Couldn't quite get into it."}, {"speaker": "JANI", "phrase": "PAUSE"}, {"speaker": "DIAN", "phrase": " Yeah."}, {"speaker": "JANI", "phrase": " I think that helped me appreciate the book."}, {"speaker": "LORI", "phrase": " Well Evelyn helped me stay with the book."}, {"speaker": "LORI", "phrase": " Because she said it was written in different time"}, {"speaker": "LORI", "phrase": " and of course it's British"}, {"speaker": "LORI", "phrase": " and so"}, {"speaker": "LORI", "phrase": " because I was having trouble getting started."}, {"speaker": "LORI", "phrase": " I got hung up."}, {"speaker": "X", "phrase": "PAUSE"}, {"speaker": "LORI", "phrase": " and it doesn't make any difference"}, {"speaker": "LORI", "phrase": " but"}, {"speaker": "LORI", "phrase": " \u0294uh when you were reading the review"}, {"speaker": "LORI", "phrase": " you talked about the affair between Helen and Paul"}, {"speaker": "LORI", "phrase": " did I get the right names"}, {"speaker": "LORI", "phrase": " And I thought"}, {"speaker": "LORI", "phrase": " all that happened was."}, {"speaker": "LIND", "phrase": " was kiss."}, {"speaker": "LORI", "phrase": " He..."}, {"speaker": "LIND", "phrase": "PAUSE"}, {"speaker": "LORI", "phrase": " He kissed her"}, {"speaker": "LORI", "phrase": " and"}, {"speaker": "LORI", "phrase": " and they had..."}, {"speaker": "SUE", "phrase": " I thought so too."}, {"speaker": "LOIS", "phrase": " I thought so too."}, {"speaker": "LORI", "phrase": " And they had this"}, {"speaker": "LORI", "phrase": " and they had this understanding of the souls."}, {"speaker": "JANI", "phrase": " Oh"}, {"speaker": "JANI", "phrase": " yes."}, {"speaker": "LORI", "phrase": " that they were in love."}, {"speaker": "LIND", "phrase": " Yeah."}, {"speaker": "LIND", "phrase": " I think that's true."}, {"speaker": "LORI", "phrase": " And..."}, {"speaker": "X", "phrase": "PAUSE"}, {"speaker": "LORI", "phrase": " and I'm thinking"}, {"speaker": "LORI", "phrase": " what is the big deal about this."}, {"speaker": "LORI", "phrase": " This aunt is coming down here."}, {"speaker": "X", "phrase": "PAUSE"}, {"speaker": "LORI", "phrase": " Everybody's getting in an uproar."}, {"speaker": "X", "phrase": "PAUSE"}, {"speaker": "LORI", "phrase": " because somebody thought they liked somebody."}, {"speaker": "LORI", "phrase": " I."}, {"speaker": "LORI", "phrase": " you know"}, {"speaker": "LORI", "phrase": " I got lost in that"}, {"speaker": "LORI", "phrase": " and"}, {"speaker": "LORI", "phrase": " I talked to Evelyn"}, {"speaker": "LORI", "phrase": " and she said now just stay with it"}, {"speaker": "LORI", "phrase": " it's written in different time"}, {"speaker": "LORI", "phrase": " and I thought okay"}, {"speaker": "LORI", "phrase": " different time"}, {"speaker": "LORI", "phrase": " yes"}, {"speaker": "LORI", "phrase": " maybe that is important."}, {"speaker": "EVEL", "phrase": "PAUSE"}, {"speaker": "LORI", "phrase": " You know."}, {"speaker": "DIAN", "phrase": "PAUSE"}, {"speaker": "LORI", "phrase": " Come on."}, {"speaker": "LIND", "phrase": " Well Lori."}, {"speaker": "DIAN", "phrase": "PAUSE"}, {"speaker": "LIND", "phrase": " did you see the movie."}, {"speaker": "LORI", "phrase": " So"}, {"speaker": "LORI", "phrase": " No"}, {"speaker": "LORI", "phrase": " I'm going to rent it."}, {"speaker": "LORI", "phrase": " After I leave here today."}, {"speaker": "LIND", "phrase": " See I think."}, {"speaker": "LIND", "phrase": " I think it's better to see the movie first."}, {"speaker": "EVEL", "phrase": "PAUSE"}, {"speaker": "DIAN", "phrase": " I am too Lori"}, {"speaker": "DIAN", "phrase": "PAUSE"}, {"speaker": "LIND", "phrase": " and then read the book."}, {"speaker": "LORI", "phrase": " I think it'll help."}, {"speaker": "LIND", "phrase": " I think it..."}, {"speaker": "LORI", "phrase": " I think"}, {"speaker": "LORI", "phrase": " Well"}, {"speaker": "LORI", "phrase": " and it's getting little f..."}, {"speaker": "EVEL", "phrase": " M."}, {"speaker": "LIND", "phrase": " It's good way to do it."}, {"speaker": "LORI", "phrase": " you know"}, {"speaker": "LORI", "phrase": " I'm getting more into the characters."}, {"speaker": "X", "phrase": "PAUSE"}, {"speaker": "PATT", "phrase": " Well."}, {"speaker": "EVEL", "phrase": " Mhm."}, {"speaker": "PATT", "phrase": " One time in this group."}, {"speaker": "LORI", "phrase": "PAUSE"}, {"speaker": "DIAN", "phrase": "PAUSE"}, {"speaker": "PATT", "phrase": " and I think it was"}, {"speaker": "PATT", "phrase": " I don't remember if it was Evelyn or Deborah."}, {"speaker": "PATT", "phrase": " But it was probably."}, {"speaker": "PATT", "phrase": " it was one of those people who are so knowledgeable laugh."}, {"speaker": "DIAN", "phrase": "PAUSE"}, {"speaker": "PATT", "phrase": " it wasn't"}, {"speaker": "PATT", "phrase": " was..."}, {"speaker": "EVEL", "phrase": "PAUSE"}, {"speaker": "EVEL", "phrase": " Oh."}, {"speaker": "PATT", "phrase": " certainly wasn't any of us."}, {"speaker": "LORI", "phrase": " Might have been Nora."}, {"speaker": "EVEL", "phrase": " Come on."}, {"speaker": "EVEL", "phrase": " Tell me about it."}, {"speaker": "MANY", "phrase": "PAUSE"}, {"speaker": "PATT", "phrase": " He."}, {"speaker": "PATT", "phrase": " He talked"}, {"speaker": "PATT", "phrase": " \u0294uh They talked about what makes classic."}, {"speaker": "LIND", "phrase": "PAUSE"}, {"speaker": "LIND", "phrase": "PAUSE"}, {"speaker": "LIND", "phrase": " Oh."}, {"speaker": "PATT", "phrase": " And they had several criteria."}, {"speaker": "LORI", "phrase": " Oh."}, {"speaker": "PATT", "phrase": " and I've forgotten some of them."}, {"speaker": "X", "phrase": "PAUSE"}, {"speaker": "LIND", "phrase": " Oh."}, {"speaker": "PATT", "phrase": " but the ones I can think of"}, {"speaker": "PATT", "phrase": " is that it has to be able to be read on many levels."}, {"speaker": "LIND", "phrase": " Yeah."}, {"speaker": "PATT", "phrase": " And I think that this is one of those books."}, {"speaker": "LIND", "phrase": " This one does."}, {"speaker": "PATT", "phrase": " that you can read"}, {"speaker": "PATT", "phrase": " as just story about these people who are wanting to live at this Howard's End"}, {"speaker": "PATT", "phrase": " or you can read it as the clash between the intellectual"}, {"speaker": "PATT", "phrase": " and the practical"}, {"speaker": "PATT", "phrase": " or between England and Germany."}, {"speaker": "PATT", "phrase": " Which is really what they're getting down to was the basis of that."}, {"speaker": "LIND", "phrase": " Mhm."}, {"speaker": "X", "phrase": " Mhm."}, {"speaker": "LORI", "phrase": " That was something."}, {"speaker": "EVEL", "phrase": " Mhm."}, {"speaker": "PATT", "phrase": " It can be read at any time"}, {"speaker": "PATT", "phrase": " it can apply to England in nineteen ten"}, {"speaker": "PATT", "phrase": " or it can apply to America in nineteen ninetythree"}, {"speaker": "PATT", "phrase": " with how far are we going to go with entitlements."}, {"speaker": "DIAN", "phrase": "PAUSE"}, {"speaker": "PATT", "phrase": " how much are we going to take from the uh"}, {"speaker": "PATT", "phrase": " so called really wealthy"}, {"speaker": "PATT", "phrase": " who's the only people that's going to be touched by this budget."}, {"speaker": "MANY", "phrase": "PAUSE"}, {"speaker": "LIND", "phrase": " Yeah"}, {"speaker": "LIND", "phrase": " how nice."}, {"speaker": "PATT", "phrase": " And all of these things"}, {"speaker": "PATT", "phrase": " and give to these poor."}, {"speaker": "DIAN", "phrase": " You..."}, {"speaker": "LIND", "phrase": "PAUSE"}, {"speaker": "PATT", "phrase": " I mean even the..."}, {"speaker": "DIAN", "phrase": " You forgot the corporate income tax which is going up and up and up and up and up"}, {"speaker": "DIAN", "phrase": " and if somebody says entitlements one more time I'm gonna scream."}, {"speaker": "PATT", "phrase": " Okay"}, {"speaker": "PATT", "phrase": " I won't say that."}, {"speaker": "DIAN", "phrase": " Why are these entitlements."}, {"speaker": "PATT", "phrase": " I won't say that."}, {"speaker": "DIAN", "phrase": " Why are you entitled to this."}, {"speaker": "KIM", "phrase": " The corporate income tax is going to be raised one percent."}, {"speaker": "DIAN", "phrase": "PAUSE"}, {"speaker": "LIND", "phrase": "PAUSE"}, {"speaker": "KIM", "phrase": " And so therefore the big corporations in the S are backing this budget change in Washington."}, {"speaker": "PATT", "phrase": " Well"}, {"speaker": "PATT", "phrase": " at any rate"}, {"speaker": "PATT", "phrase": " I think there's..."}, {"speaker": "DIAN", "phrase": "PAUSE"}, {"speaker": "PATT", "phrase": " That is as..."}, {"speaker": "LIND", "phrase": "PAUSE"}, {"speaker": "LIND", "phrase": "PAUSE"}, {"speaker": "PATT", "phrase": " as typical today"}, {"speaker": "PATT", "phrase": " I mean as topical today as it was then."}, {"speaker": "PATT", "phrase": " And then it has to deal"}, {"speaker": "PATT", "phrase": " with the big questions."}, {"speaker": "PATT", "phrase": " Uh."}, {"speaker": "PATT", "phrase": " of moral values"}, {"speaker": "PATT", "phrase": " and of how you uh perceive the world."}, {"speaker": "LIND", "phrase": " Mhm."}, {"speaker": "PATT", "phrase": " and all of this with it."}, {"speaker": "PATT", "phrase": " And I."}, {"speaker": "PATT", "phrase": " there were some others."}, {"speaker": "PATT", "phrase": " And I can't even remember what they all were."}, {"speaker": "PATT", "phrase": " But I..."}, {"speaker": "DIAN", "phrase": " I know"}, {"speaker": "DIAN", "phrase": " but it was Evelyn who did it"}, {"speaker": "DIAN", "phrase": " and we ought to make her get her notes out again."}, {"speaker": "DIAN", "phrase": " Because..."}, {"speaker": "PATT", "phrase": " Yes."}, {"speaker": "X", "phrase": "PAUSE"}, {"speaker": "PATT", "phrase": " If you can find this."}, {"speaker": "LOIS", "phrase": " She probably remembers."}, {"speaker": "MANY", "phrase": "PAUSE"}, {"speaker": "JANI", "phrase": " Uh Evelyn."}, {"speaker": "EVEL", "phrase": " I don't remember."}, {"speaker": "JANI", "phrase": " will you do that again sometime."}, {"speaker": "EVEL", "phrase": " Oh."}, {"speaker": "JANI", "phrase": "PAUSE"}, {"speaker": "EVEL", "phrase": " I will remember."}, {"speaker": "EVEL", "phrase": " I just I just can't remember what it was."}, {"speaker": "PATT", "phrase": " But I thought there were five"}, {"speaker": "PATT", "phrase": " and I've only come up with four laugh."}, {"speaker": "LIND", "phrase": "PAUSE"}, {"speaker": "LIND", "phrase": " Hm."}, {"speaker": "NORA", "phrase": " I thought she had five."}, {"speaker": "LIND", "phrase": " Oh"}, {"speaker": "LIND", "phrase": " I only heard three."}, {"speaker": "LIND", "phrase": " What was the..."}, {"speaker": "NORA", "phrase": " let's..."}, {"speaker": "PATT", "phrase": " The."}, {"speaker": "PATT", "phrase": " Well the eternal truths"}, {"speaker": "PATT", "phrase": " at any time"}, {"speaker": "PATT", "phrase": " on any level."}, {"speaker": "LIND", "phrase": " Oh eternal truths."}, {"speaker": "PATT", "phrase": " Yeah."}, {"speaker": "LIND", "phrase": " I missed the eternal truth."}, {"speaker": "PATT", "phrase": " At any time"}, {"speaker": "PATT", "phrase": " on any level"}, {"speaker": "PATT", "phrase": " and by any age."}, {"speaker": "LORI", "phrase": " Mhm."}, {"speaker": "EVEL", "phrase": " Uh"}, {"speaker": "EVEL", "phrase": " well you didn't mention one thing"}, {"speaker": "EVEL", "phrase": " I thought it was very interesting"}, {"speaker": "EVEL", "phrase": " and I thought you all who are married"}, {"speaker": "EVEL", "phrase": " would have picked up on it"}, {"speaker": "EVEL", "phrase": " the relation between man and woman."}, {"speaker": "EVEL", "phrase": " I thought there was one phrase in there"}, {"speaker": "EVEL", "phrase": " the crystal."}, {"speaker": "EVEL", "phrase": " what was it."}, {"speaker": "EVEL", "phrase": " The crystal uh shield."}, {"speaker": "EVEL", "phrase": " that comes down"}, {"speaker": "EVEL", "phrase": " after"}, {"speaker": "EVEL", "phrase": " couple is married."}, {"speaker": "PATT", "phrase": " Oh."}, {"speaker": "EVEL", "phrase": " And I have realized that."}, {"speaker": "PATT", "phrase": "PAUSE"}, {"speaker": "EVEL", "phrase": " so many times with friends."}, {"speaker": "LIND", "phrase": " Hm."}, {"speaker": "EVEL", "phrase": " with whom I was very very intimate."}, {"speaker": "EVEL", "phrase": " You know."}, {"speaker": "EVEL", "phrase": " And yet"}, {"speaker": "EVEL", "phrase": " when they are married."}, {"speaker": "MANY", "phrase": " Hm."}, {"speaker": "EVEL", "phrase": " there is conjugal..."}, {"speaker": "LIND", "phrase": " Mhm."}, {"speaker": "EVEL", "phrase": " oneness"}, {"speaker": "EVEL", "phrase": " that is uh"}, {"speaker": "EVEL", "phrase": " something that I was never able to penetrate."}, {"speaker": "NORA", "phrase": " Stoods."}, {"speaker": "PATT", "phrase": " Mhm."}, {"speaker": "LIND", "phrase": " Mhm."}, {"speaker": "DIAN", "phrase": " Mhm."}, {"speaker": "LOIS", "phrase": " Hm."}, {"speaker": "EVEL", "phrase": " And I thought that was an interesting phrase."}, {"speaker": "LIND", "phrase": " Mhm."}, {"speaker": "EVEL", "phrase": " I also thought it was very interesting"}, {"speaker": "EVEL", "phrase": " her relation"}, {"speaker": "EVEL", "phrase": " with her husband."}, {"speaker": "LIND", "phrase": " Mhm."}, {"speaker": "LIND", "phrase": "PAUSE"}, {"speaker": "EVEL", "phrase": " Why she married him"}, {"speaker": "EVEL", "phrase": " I don't know"}, {"speaker": "EVEL", "phrase": " but."}, {"speaker": "NORA", "phrase": "PAUSE"}, {"speaker": "EVEL", "phrase": " she was able to see the good in any."}, {"speaker": "EVEL", "phrase": " As well as the bad laugh."}, {"speaker": "LIND", "phrase": " Mhm."}, {"speaker": "DIAN", "phrase": "PAUSE"}, {"speaker": "LIND", "phrase": " Hm."}, {"speaker": "EVEL", "phrase": " and to live with it."}, {"speaker": "SUE", "phrase": " And continue to."}, {"speaker": "LIND", "phrase": " Yeah."}, {"speaker": "SUE", "phrase": " sort of"}, {"speaker": "SUE", "phrase": " push at the bad."}, {"speaker": "KIM", "phrase": " You know"}, {"speaker": "KIM", "phrase": " um."}, {"speaker": "SUE", "phrase": " and try to improve him."}, {"speaker": "LIND", "phrase": " She kept..."}, {"speaker": "EVEL", "phrase": " Mhm."}, {"speaker": "DIAN", "phrase": " Maybe it's because she did it with open eyes."}, {"speaker": "LIND", "phrase": " Mhm yeah."}, {"speaker": "KIM", "phrase": " In the movie"}, {"speaker": "KIM", "phrase": " you see her"}, {"speaker": "KIM", "phrase": " looking out her window."}, {"speaker": "PATT", "phrase": "PAUSE"}, {"speaker": "KIM", "phrase": " across the street"}, {"speaker": "KIM", "phrase": " into the Wilsons' apartment."}, {"speaker": "KIM", "phrase": " And they seem to be happy"}, {"speaker": "KIM", "phrase": " very happy congenial family."}, {"speaker": "KIM", "phrase": " They seem to have lot of interaction going on in that family."}, {"speaker": "LIND", "phrase": " Mhm."}, {"speaker": "KIM", "phrase": " I don't know."}, {"speaker": "LIND", "phrase": " It's..."}, {"speaker": "KIM", "phrase": " maybe there was something."}, {"speaker": "LIND", "phrase": " That's true."}, {"speaker": "KIM", "phrase": " by the fact that she"}, {"speaker": "KIM", "phrase": " she saw"}, {"speaker": "KIM", "phrase": " uh"}, {"speaker": "KIM", "phrase": " happy family"}, {"speaker": "KIM", "phrase": " they talked and communicated"}, {"speaker": "KIM", "phrase": " and laughed"}, {"speaker": "KIM", "phrase": " and"}, {"speaker": "KIM", "phrase": " had good association with each other."}, {"speaker": "KIM", "phrase": " As she peeked out her window"}, {"speaker": "KIM", "phrase": " looking at this uh family."}, {"speaker": "LIND", "phrase": " That's good point."}, {"speaker": "PATT", "phrase": " Well"}, {"speaker": "PATT", "phrase": " and I think."}, {"speaker": "LIND", "phrase": " Yeah."}, {"speaker": "LORI", "phrase": " But..."}, {"speaker": "LIND", "phrase": " I think so."}, {"speaker": "PATT", "phrase": " Ruth."}, {"speaker": "PATT", "phrase": "PAUSE"}, {"speaker": "PATT", "phrase": " the first Missis Wilcox thought highly of her husband."}, {"speaker": "PATT", "phrase": " and Margaret thought highly of her."}, {"speaker": "MANY", "phrase": " Mhm."}, {"speaker": "EVEL", "phrase": " And do you remember when she was going to go down to Howard's End with her ?"}, {"speaker": "LIND", "phrase": " Mhm."}, {"speaker": "EVEL", "phrase": " And all of sudden he appeared."}, {"speaker": "EVEL", "phrase": " He came back."}, {"speaker": "PATT", "phrase": " Mhm."}, {"speaker": "EVEL", "phrase": " and Missis Wilcox said"}, {"speaker": "EVEL", "phrase": " well I'm so glad to see you"}, {"speaker": "EVEL", "phrase": " and she walked away with her husband."}, {"speaker": "PATT", "phrase": " Hm."}, {"speaker": "LIND", "phrase": " Mhm."}, {"speaker": "LOIS", "phrase": " Well I think Janice is right."}, {"speaker": "LOIS", "phrase": " That he was charming"}, {"speaker": "LOIS", "phrase": " and I'm forget."}, {"speaker": "LOIS", "phrase": " I think we forget"}, {"speaker": "LOIS", "phrase": " that we all have that innate need to have partner."}, {"speaker": "LOIS", "phrase": " I mean."}, {"speaker": "EVEL", "phrase": " Well"}, {"speaker": "EVEL", "phrase": " and"}, {"speaker": "EVEL", "phrase": " and provider."}, {"speaker": "EVEL", "phrase": " Too."}, {"speaker": "LIND", "phrase": " Yeah."}, {"speaker": "EVEL", "phrase": " You know."}, {"speaker": "PATT", "phrase": " Mhm."}, {"speaker": "LIND", "phrase": " Yeah."}, {"speaker": "EVEL", "phrase": " he took care of everything."}, {"speaker": "LOIS", "phrase": " I mean"}, {"speaker": "LOIS", "phrase": " we all."}, {"speaker": "LOIS", "phrase": " we all envy that oneness."}, {"speaker": "LIND", "phrase": " Mhm."}, {"speaker": "LIND", "phrase": " Mhm."}, {"speaker": "EVEL", "phrase": " Mhm."}, {"speaker": "DIAN", "phrase": " Mhm."}, {"speaker": "LOIS", "phrase": " And when you don't have it"}, {"speaker": "LOIS", "phrase": " you really envy it."}, {"speaker": "EVEL", "phrase": " Mhm."}, {"speaker": "LIND", "phrase": " Mhm."}, {"speaker": "LOIS", "phrase": " So"}, {"speaker": "LOIS", "phrase": " I mean"}, {"speaker": "LOIS", "phrase": " that's a strong drawing point."}, {"speaker": "LOIS", "phrase": " We look over lot of things"}, {"speaker": "LOIS", "phrase": " I mean none of us would be married if we were married perfect partners."}, {"speaker": "EVEL", "phrase": " Mhm."}, {"speaker": "SUE", "phrase": "PAUSE"}, {"speaker": "DIAN", "phrase": "PAUSE"}, {"speaker": "SUE", "phrase": "PAUSE"}, {"speaker": "EVEL", "phrase": " Mhm."}, {"speaker": "X", "phrase": " Yeah."}, {"speaker": "DIAN", "phrase": " Yeah."}, {"speaker": "LOIS", "phrase": " \u0294uh Or if they were looking for perfect..."}, {"speaker": "X", "phrase": " Hm."}, {"speaker": "LOIS", "phrase": " in us."}, {"speaker": "LIND", "phrase": " Mhm."}, {"speaker": "MANY", "phrase": " Mhm."}, {"speaker": "EVEL", "phrase": " Well"}, {"speaker": "EVEL", "phrase": " we are."}, {"speaker": "EVEL", "phrase": " we are all human."}, {"speaker": "EVEL", "phrase": " I thought that was the."}, {"speaker": "EVEL", "phrase": " the thing about Margaret that I could uh see."}, {"speaker": "PATT", "phrase": " Ten minutes."}, {"speaker": "EVEL", "phrase": " Well."}, {"speaker": "EVEL", "phrase": " uh that's what I considered spiritual vision."}, {"speaker": "LIND", "phrase": " Mhm."}, {"speaker": "PATT", "phrase": " Mhm."}, {"speaker": "DIAN", "phrase": "PAUSE"}, {"speaker": "EVEL", "phrase": " That she could see the human qualities."}, {"speaker": "DIAN", "phrase": " Yeah."}, {"speaker": "SUE", "phrase": " Maybe that's one thing about the book"}, {"speaker": "SUE", "phrase": " uh what what Evelyn."}, {"speaker": "SUE", "phrase": " what uh Lois said."}, {"speaker": "X", "phrase": "PAUSE"}, {"speaker": "SUE", "phrase": " was that"}, {"speaker": "SUE", "phrase": " you know"}, {"speaker": "SUE", "phrase": " it translates to everybody."}, {"speaker": "SUE", "phrase": " Nobody's husband is perfect."}, {"speaker": "X", "phrase": " Mhm."}, {"speaker": "EVEL", "phrase": " Mhm."}, {"speaker": "SUE", "phrase": " or no."}, {"speaker": "SUE", "phrase": " and nobody is perfect."}, {"speaker": "DEBO", "phrase": "PAUSE"}, {"speaker": "PATT", "phrase": " Or no person."}, {"speaker": "DEBO", "phrase": " Mhm."}, {"speaker": "PATT", "phrase": " Mhm."}, {"speaker": "DEBO", "phrase": " Mhm."}, {"speaker": "SUE", "phrase": " No person is perfect."}, {"speaker": "NORA", "phrase": "PAUSE"}, {"speaker": "SUE", "phrase": " And therefore."}, {"speaker": "LIND", "phrase": " Mhm."}, {"speaker": "SUE", "phrase": " It's real life."}, {"speaker": "NORA", "phrase": " Did you take nap on the floor"}, {"speaker": "NORA", "phrase": " or."}, {"speaker": "KIM", "phrase": " Yeah."}, {"speaker": "LOIS", "phrase": " And that's classic."}, {"speaker": "NORA", "phrase": " Jump up and down."}, {"speaker": "SUE", "phrase": " Yeah."}, {"speaker": "MANY", "phrase": "PAUSE"}, {"speaker": "LIND", "phrase": " That's right."}, {"speaker": "ALIC", "phrase": " That's classic."}, {"speaker": "X", "phrase": " That's classic."}, {"speaker": "SUE", "phrase": " every"}, {"speaker": "SUE", "phrase": "..."}, {"speaker": "LIND", "phrase": " That's right."}, {"speaker": "SUE", "phrase": " It's every era."}, {"speaker": "LOIS", "phrase": "PAUSE"}, {"speaker": "DIAN", "phrase": " Yeah."}, {"speaker": "EVEL", "phrase": " Mhm."}, {"speaker": "KIM", "phrase": " Before uh..."}, {"speaker": "LIND", "phrase": "PAUSE"}, {"speaker": "KIM", "phrase": " before we break up today."}, {"speaker": "LIND", "phrase": "PAUSE"}, {"speaker": "KIM", "phrase": " whether it's now or ten minutes from now"}, {"speaker": "KIM", "phrase": " could you tell me anything about the book for next month."}, {"speaker": "DEBO", "phrase": " Or half an hour"}, {"speaker": "DEBO", "phrase": " or an hour."}]}