{"text": [{"speaker": "ENV", "phrase": "PAUSE"}, {"speaker": "REED", "phrase": " Hey man."}, {"speaker": "DARR", "phrase": " Hey."}, {"speaker": "REED", "phrase": " Good to see you"}, {"speaker": "REED", "phrase": "PAUSE"}, {"speaker": "REED", "phrase": " well"}, {"speaker": "REED", "phrase": " I see you went ahead with your plans to do little skiing there ?"}, {"speaker": "DARR", "phrase": " I did."}, {"speaker": "DARR", "phrase": "PAUSE"}, {"speaker": "SALL", "phrase": "PAUSE"}, {"speaker": "REED", "phrase": " Well"}, {"speaker": "REED", "phrase": " I'm glad you didn't hurt yourself too bad."}, {"speaker": "DARR", "phrase": " Me too."}, {"speaker": "REED", "phrase": " and she says you're getting better already."}, {"speaker": "ENV", "phrase": "PAUSE"}, {"speaker": "REED", "phrase": " so that's always good sign."}, {"speaker": "DARR", "phrase": " Yeah"}, {"speaker": "DARR", "phrase": " I mean I couldn't."}, {"speaker": "DARR", "phrase": " I couldn't begin to deal with the slightest pressure."}, {"speaker": "REED", "phrase": " Yeah"}, {"speaker": "REED", "phrase": " give it easy easy"}, {"speaker": "REED", "phrase": " yeah don't..."}, {"speaker": "DARR", "phrase": " That still hurts back here."}, {"speaker": "REED", "phrase": " Yeah"}, {"speaker": "REED", "phrase": " yeah."}, {"speaker": "REED", "phrase": " Well"}, {"speaker": "REED", "phrase": " you don't want to stretch"}, {"speaker": "REED", "phrase": " see what happened"}, {"speaker": "REED", "phrase": " you."}, {"speaker": "REED", "phrase": "PAUSE"}, {"speaker": "REED", "phrase": " According to this other guy"}, {"speaker": "REED", "phrase": " you stretched your ligaments in there"}, {"speaker": "REED", "phrase": " and the ligaments are the things that hold your joint together"}, {"speaker": "REED", "phrase": " keep it from flopping around so"}, {"speaker": "REED", "phrase": " if they get"}, {"speaker": "REED", "phrase": " you know"}, {"speaker": "REED", "phrase": " stretched just little"}, {"speaker": "REED", "phrase": " when they try to peel down"}, {"speaker": "REED", "phrase": " and tighten up"}, {"speaker": "REED", "phrase": " and you don't want to"}, {"speaker": "REED", "phrase": " you know"}, {"speaker": "REED", "phrase": " getthemtoo lax while they're trying to tighten."}, {"speaker": "REED", "phrase": " You know"}, {"speaker": "REED", "phrase": " you want to letthemheal as strong as they can."}, {"speaker": "REED", "phrase": " I mean you can move it"}, {"speaker": "REED", "phrase": " I'm not saying you got to go around with it just totally"}, {"speaker": "REED", "phrase": " but you don't wanna stretch those ligaments very much when"}, {"speaker": "REED", "phrase": " while they're healing."}, {"speaker": "REED", "phrase": " Just."}, {"speaker": "REED", "phrase": " Just gradually bring it around."}, {"speaker": "DARR", "phrase": " Okay."}, {"speaker": "REED", "phrase": " Are you using any kind of walking aids."}, {"speaker": "DARR", "phrase": " Hmmm."}, {"speaker": "REED", "phrase": " Nope."}, {"speaker": "REED", "phrase": " Just walking around."}, {"speaker": "REED", "phrase": " Hunh ?"}, {"speaker": "DARR", "phrase": " Yeah"}, {"speaker": "DARR", "phrase": " I had"}, {"speaker": "DARR", "phrase": " for the first two days I had crutch or two."}, {"speaker": "REED", "phrase": " Okay."}, {"speaker": "DARR", "phrase": " I switched from two to one"}, {"speaker": "DARR", "phrase": " like cane"}, {"speaker": "DARR", "phrase": " and then I."}, {"speaker": "REED", "phrase": " Yeah."}, {"speaker": "REED", "phrase": " Okay."}, {"speaker": "DARR", "phrase": " Uh"}, {"speaker": "DARR", "phrase": " it was really icy there"}, {"speaker": "DARR", "phrase": " so I"}, {"speaker": "DARR", "phrase": " it had spike on it"}, {"speaker": "DARR", "phrase": " so I..."}, {"speaker": "REED", "phrase": " Oh"}, {"speaker": "REED", "phrase": " that was neat."}, {"speaker": "DARR", "phrase": " Yeah."}, {"speaker": "DARR", "phrase": " Peg it in the ground laugh."}, {"speaker": "REED", "phrase": " If you forget"}, {"speaker": "REED", "phrase": " and walk inside with your spike"}, {"speaker": "REED", "phrase": " I guess you're not too well appreciated."}, {"speaker": "DARR", "phrase": "PAUSE"}, {"speaker": "DARR", "phrase": " No laugh."}, {"speaker": "REED", "phrase": " Bet you."}, {"speaker": "DARR", "phrase": " No laugh"}, {"speaker": "DARR", "phrase": "PAUSE"}, {"speaker": "REED", "phrase": " Let me set you up there."}, {"speaker": "REED", "phrase": "PAUSE"}, {"speaker": "DARR", "phrase": " Is it okay if I record this"}, {"speaker": "DARR", "phrase": " I."}, {"speaker": "DARR", "phrase": " I already have..."}, {"speaker": "REED", "phrase": " Sure."}, {"speaker": "DARR", "phrase": " It's for project."}, {"speaker": "REED", "phrase": " Sure."}, {"speaker": "REED", "phrase": "PAUSE"}, {"speaker": "REED", "phrase": " Sure."}, {"speaker": "DARR", "phrase": " Cool."}, {"speaker": "REED", "phrase": " Alright"}, {"speaker": "REED", "phrase": " what are you doing over there."}, {"speaker": "REED", "phrase": " I thought you were doing something different."}, {"speaker": "REED", "phrase": " I thought you were working with languages in..."}, {"speaker": "DARR", "phrase": " Oklahoma ?"}, {"speaker": "REED", "phrase": " Hunh ?"}, {"speaker": "DARR", "phrase": " Or in California."}, {"speaker": "REED", "phrase": " I mean"}, {"speaker": "REED", "phrase": " well yeah"}, {"speaker": "REED", "phrase": " California your basic project."}, {"speaker": "DARR", "phrase": " I was in linguistics."}, {"speaker": "DARR", "phrase": " That's what this project's for."}, {"speaker": "REED", "phrase": " Yeah that's..."}, {"speaker": "DARR", "phrase": " but"}, {"speaker": "DARR", "phrase": " I did year of it"}, {"speaker": "DARR", "phrase": " and decided it wasn't quite"}, {"speaker": "DARR", "phrase": " what I really..."}, {"speaker": "REED", "phrase": " Quite"}, {"speaker": "REED", "phrase": " quite what you want"}, {"speaker": "REED", "phrase": " okay."}, {"speaker": "DARR", "phrase": " Yeah"}, {"speaker": "DARR", "phrase": " it was an unfortunate"}, {"speaker": "DARR", "phrase": " cause I really don't know quite what I want laugh."}, {"speaker": "REED", "phrase": " Well that's alright."}, {"speaker": "REED", "phrase": " I mean"}, {"speaker": "REED", "phrase": " there's lot of things out there"}, {"speaker": "REED", "phrase": " you'll find something."}, {"speaker": "DARR", "phrase": " I hope so."}, {"speaker": "REED", "phrase": " You know"}, {"speaker": "REED", "phrase": " \u0294uh..."}, {"speaker": "DARR", "phrase": " I move to Oklahoma."}, {"speaker": "REED", "phrase": "PAUSE"}, {"speaker": "REED", "phrase": " Completely."}, {"speaker": "REED", "phrase": " My son is still flopping around"}, {"speaker": "REED", "phrase": " he."}, {"speaker": "REED", "phrase": " He uh graduated from medical school this year and uh"}, {"speaker": "REED", "phrase": " I mean he's in uh"}, {"speaker": "REED", "phrase": " Soho in New York."}, {"speaker": "DARR", "phrase": " Really."}, {"speaker": "REED", "phrase": " Starting an art career"}, {"speaker": "REED", "phrase": "PAUSE"}, {"speaker": "DARR", "phrase": "PAUSE"}, {"speaker": "REED", "phrase": " So laugh"}, {"speaker": "REED", "phrase": " so you see"}, {"speaker": "REED", "phrase": " I mean"}, {"speaker": "REED", "phrase": " lot of people"}, {"speaker": "REED", "phrase": " you know"}, {"speaker": "REED", "phrase": " I mean he's gonna paint for year"}, {"speaker": "REED", "phrase": " and just see whether he can do well enough with that to..."}, {"speaker": "DARR", "phrase": " Cause he doesn't want to be doctor after all ?"}, {"speaker": "REED", "phrase": " Well"}, {"speaker": "REED", "phrase": " he couldn't find anything he really wanted to do."}, {"speaker": "REED", "phrase": " You know"}, {"speaker": "REED", "phrase": " I mean he."}, {"speaker": "DARR", "phrase": " Did he specialize at all ?"}, {"speaker": "REED", "phrase": " he."}, {"speaker": "REED", "phrase": " Well that's what I mean"}, {"speaker": "REED", "phrase": " no"}, {"speaker": "REED", "phrase": " he hasn't specialized yet."}, {"speaker": "REED", "phrase": " But he couldn't find anything that just really"}, {"speaker": "REED", "phrase": " pulled him toward it"}, {"speaker": "REED", "phrase": " and so he said well"}, {"speaker": "REED", "phrase": " you know"}, {"speaker": "REED", "phrase": " I guess he got lot out of always doing art when he was young and"}, {"speaker": "REED", "phrase": " he's gotta scratch that little itch"}, {"speaker": "REED", "phrase": " I think."}, {"speaker": "DARR", "phrase": " Good for him."}, {"speaker": "REED", "phrase": " and"}, {"speaker": "REED", "phrase": " so he's up there"}, {"speaker": "REED", "phrase": " and he'll give it year and"}, {"speaker": "REED", "phrase": " see what happens."}, {"speaker": "REED", "phrase": " And the same for you"}, {"speaker": "REED", "phrase": " you got."}, {"speaker": "REED", "phrase": " You got plenty of."}, {"speaker": "REED", "phrase": " There's uh"}, {"speaker": "REED", "phrase": " fortunately"}, {"speaker": "REED", "phrase": " this day and time I think it allows"}, {"speaker": "REED", "phrase": " \u0294uh one to"}, {"speaker": "REED", "phrase": " proceed like you're"}, {"speaker": "REED", "phrase": " you're proceeding"}, {"speaker": "REED", "phrase": " and he's proceeding."}, {"speaker": "REED", "phrase": " And I think it"}, {"speaker": "REED", "phrase": " I think it's the right thing to do."}, {"speaker": "REED", "phrase": " I would've."}, {"speaker": "REED", "phrase": " I would probably do the same thing were I"}, {"speaker": "REED", "phrase": " you know"}, {"speaker": "REED", "phrase": " another generation down the line."}, {"speaker": "REED", "phrase": " You know"}, {"speaker": "REED", "phrase": " although I \u0294uh"}, {"speaker": "REED", "phrase": " I didn't make the wrong decision for me."}, {"speaker": "REED", "phrase": " But"}, {"speaker": "REED", "phrase": " I'm sure I would have been lot more."}, {"speaker": "REED", "phrase": " Uh"}, {"speaker": "REED", "phrase": " uh"}, {"speaker": "REED", "phrase": " I guess"}, {"speaker": "REED", "phrase": " diligent in in"}, {"speaker": "REED", "phrase": " working it out beforehand but"}, {"speaker": "REED", "phrase": " in"}, {"speaker": "REED", "phrase": " in my time"}, {"speaker": "REED", "phrase": " you know"}, {"speaker": "REED", "phrase": " you really kinda just."}, {"speaker": "REED", "phrase": " There wasn't too many things to do"}, {"speaker": "REED", "phrase": " you know"}, {"speaker": "REED", "phrase": " and"}, {"speaker": "REED", "phrase": " too many opportunities"}, {"speaker": "REED", "phrase": " and so you just kinda"}, {"speaker": "REED", "phrase": " chose between few"}, {"speaker": "REED", "phrase": " and"}, {"speaker": "REED", "phrase": " that was it."}, {"speaker": "DARR", "phrase": " Yeah."}, {"speaker": "DARR", "phrase": "PAUSE"}, {"speaker": "REED", "phrase": "PAUSE"}, {"speaker": "DARR", "phrase": "PAUSE"}, {"speaker": "REED", "phrase": " So laugh"}, {"speaker": "REED", "phrase": " little simpler lifestyle in those days."}, {"speaker": "REED", "phrase": " Tell me where it hurts."}, {"speaker": "DARR", "phrase": " Uh"}, {"speaker": "DARR", "phrase": " still little bit back here."}, {"speaker": "REED", "phrase": " Mmkay."}, {"speaker": "DARR", "phrase": " Doesn't feel quite normal back there"}, {"speaker": "DARR", "phrase": " under..."}, {"speaker": "REED", "phrase": " Okay."}, {"speaker": "DARR", "phrase": " It originally hurt..."}, {"speaker": "REED", "phrase": " On the sides"}, {"speaker": "REED", "phrase": " yeah"}, {"speaker": "REED", "phrase": " the sides don't hurt mu ch ?"}, {"speaker": "DARR", "phrase": " It would."}, {"speaker": "DARR", "phrase": " Not anymore."}, {"speaker": "DARR", "phrase": " I think it did at..."}, {"speaker": "REED", "phrase": " Mmkay."}, {"speaker": "DARR", "phrase": " at first."}, {"speaker": "REED", "phrase": " great."}, {"speaker": "DARR", "phrase": " He drew some blood out"}, {"speaker": "DARR", "phrase": " from here the first time."}, {"speaker": "REED", "phrase": " Yeah"}, {"speaker": "REED", "phrase": " I saw that."}, {"speaker": "REED", "phrase": " You got"}, {"speaker": "REED", "phrase": " \u0294a little bit of blood"}, {"speaker": "REED", "phrase": " not too much"}, {"speaker": "REED", "phrase": " that's good sign too."}, {"speaker": "REED", "phrase": " Cause"}, {"speaker": "REED", "phrase": " usually when they're torn bad"}, {"speaker": "REED", "phrase": " they have lot more blood than that."}, {"speaker": "REED", "phrase": " Is that doing anything."}, {"speaker": "DARR", "phrase": " Nothing bad really."}, {"speaker": "REED", "phrase": " Which one hurts more"}, {"speaker": "REED", "phrase": " back"}, {"speaker": "REED", "phrase": " or forward."}, {"speaker": "DARR", "phrase": " They're about the same."}, {"speaker": "REED", "phrase": " About the same."}, {"speaker": "DARR", "phrase": " There's just this sense of constantly not being quite right."}, {"speaker": "REED", "phrase": " Mmkay ?"}, {"speaker": "REED", "phrase": " Well see"}, {"speaker": "REED", "phrase": " let me show you something over here."}, {"speaker": "REED", "phrase": " Watch this one."}, {"speaker": "REED", "phrase": " See I'm pushing back now."}, {"speaker": "DARR", "phrase": " Yeah."}, {"speaker": "REED", "phrase": " and I'm pulling forward"}, {"speaker": "REED", "phrase": " and it."}, {"speaker": "REED", "phrase": " You get little bit of pull"}, {"speaker": "REED", "phrase": " coming forward it"}, {"speaker": "REED", "phrase": " it moves out little bit"}, {"speaker": "REED", "phrase": " and"}, {"speaker": "REED", "phrase": " but when you go back"}, {"speaker": "REED", "phrase": " it kinda"}, {"speaker": "REED", "phrase": " tight."}, {"speaker": "REED", "phrase": " It's got good catch to it you know."}, {"speaker": "DARR", "phrase": " Mhm."}, {"speaker": "REED", "phrase": " over here"}, {"speaker": "REED", "phrase": " we're gonna pull"}, {"speaker": "REED", "phrase": " pull it out."}, {"speaker": "DARR", "phrase": " Wow it doesn't have that same movement."}, {"speaker": "REED", "phrase": " It's got little more forward movement"}, {"speaker": "REED", "phrase": " and it"}, {"speaker": "REED", "phrase": " kinda"}, {"speaker": "REED", "phrase": " has"}, {"speaker": "REED", "phrase": " kind of rubbery kinda end stop there"}, {"speaker": "REED", "phrase": " so uh"}, {"speaker": "REED", "phrase": " chances are"}, {"speaker": "REED", "phrase": " you've uh hurt that"}, {"speaker": "REED", "phrase": " uh ligament in the back too."}, {"speaker": "REED", "phrase": " Uh."}, {"speaker": "DARR", "phrase": " The crossband ?"}, {"speaker": "REED", "phrase": " Mhm yeah."}, {"speaker": "REED", "phrase": " The."}, {"speaker": "REED", "phrase": " Call."}, {"speaker": "REED", "phrase": " We callthemthe cruciate ligaments."}, {"speaker": "REED", "phrase": "He calls them the ex-bands"}, {"speaker": "REED", "phrase": " or whatever they are."}, {"speaker": "DARR", "phrase": " Yeah"}, {"speaker": "DARR", "phrase": " I don't know what..."}, {"speaker": "REED", "phrase": " they."}, {"speaker": "REED", "phrase": " They cross"}, {"speaker": "REED", "phrase": " and one."}, {"speaker": "REED", "phrase": " They cross because one's going forward and one's going backwards"}, {"speaker": "REED", "phrase": " and they keep you from going forwards and backwards"}, {"speaker": "REED", "phrase": " is basically what they do so."}, {"speaker": "DARR", "phrase": " Hunh."}, {"speaker": "REED", "phrase": " Pretty logical arrangement there."}, {"speaker": "DARR", "phrase": " Mhm."}, {"speaker": "REED", "phrase": "PAUSE"}, {"speaker": "REED", "phrase": " Yeah"}, {"speaker": "REED", "phrase": " it is."}, {"speaker": "REED", "phrase": " Your posterior's messed up little bit."}, {"speaker": "REED", "phrase": "PAUSE"}, {"speaker": "DARR", "phrase": " Well"}, {"speaker": "DARR", "phrase": " can that get better ?"}, {"speaker": "REED", "phrase": " Uh"}, {"speaker": "REED", "phrase": " mm"}, {"speaker": "REED", "phrase": " get little better maybe."}, {"speaker": "REED", "phrase": " It's not gonna get all the way right."}, {"speaker": "DARR", "phrase": " Mm."}, {"speaker": "REED", "phrase": " It'll be little bit of problem."}, {"speaker": "REED", "phrase": " I'm not sure you didn't maybe have some of that before"}, {"speaker": "REED", "phrase": " I don't really know"}, {"speaker": "REED", "phrase": " uh"}, {"speaker": "REED", "phrase": " let me see how much this hurts here."}, {"speaker": "DARR", "phrase": " Mm."}, {"speaker": "REED", "phrase": " None ?"}, {"speaker": "DARR", "phrase": " Mmmm."}, {"speaker": "REED", "phrase": " Good."}, {"speaker": "REED", "phrase": "PAUSE"}, {"speaker": "DARR", "phrase": " My main physical activity"}, {"speaker": "DARR", "phrase": " for the past year and half has been aikido."}, {"speaker": "ENV", "phrase": "PAUSE"}, {"speaker": "DARR", "phrase": " which is pretty gentle art."}, {"speaker": "REED", "phrase": " Mm."}, {"speaker": "REED", "phrase": " Mmkay."}, {"speaker": "DARR", "phrase": " Lot of rolling"}, {"speaker": "DARR", "phrase": " lot of."}, {"speaker": "DARR", "phrase": " The knees do take something from that"}, {"speaker": "DARR", "phrase": " I believe that they."}, {"speaker": "DARR", "phrase": " A lot of work on em."}, {"speaker": "REED", "phrase": " Oh yeah."}, {"speaker": "REED", "phrase": " Sure."}, {"speaker": "REED", "phrase": " Any of those things gotta put some kinda stress on your leg"}, {"speaker": "REED", "phrase": " you know ?"}, {"speaker": "DARR", "phrase": " I definitely want to get back to it though."}, {"speaker": "DARR", "phrase": " I had to lay off it for while."}, {"speaker": "DARR", "phrase": " That hurts right over here."}, {"speaker": "SALL", "phrase": " Okay."}, {"speaker": "REED", "phrase": " Mmkay."}, {"speaker": "REED", "phrase": " It's not too bad though."}, {"speaker": "SALL", "phrase": "PAUSE"}, {"speaker": "REED", "phrase": " It's just very mild"}, {"speaker": "REED", "phrase": " uh"}, {"speaker": "REED", "phrase": " that."}, {"speaker": "REED", "phrase": " That one could probably."}, {"speaker": "REED", "phrase": " See look at the difference on here now."}, {"speaker": "REED", "phrase": " see."}, {"speaker": "REED", "phrase": " See how much of jiggle you got there"}, {"speaker": "REED", "phrase": " you got just little laxity there."}, {"speaker": "REED", "phrase": " right ?"}, {"speaker": "DARR", "phrase": " Mhm."}, {"speaker": "REED", "phrase": " And this one's just hair different."}, {"speaker": "REED", "phrase": " I mean it."}, {"speaker": "REED", "phrase": " But it hurts."}, {"speaker": "DARR", "phrase": " A bit."}, {"speaker": "REED", "phrase": " Uh"}, {"speaker": "REED", "phrase": " little bit."}, {"speaker": "DARR", "phrase": " It hurt lot at first."}, {"speaker": "REED", "phrase": " But it's just hair"}, {"speaker": "REED", "phrase": " and uh"}, {"speaker": "REED", "phrase": " so"}, {"speaker": "REED", "phrase": " if you just let that one kinda heal"}, {"speaker": "REED", "phrase": " you know"}, {"speaker": "REED", "phrase": " which I think it's gonna do"}, {"speaker": "REED", "phrase": " cause you don't even complain much of this over here."}, {"speaker": "REED", "phrase": " You know"}, {"speaker": "REED", "phrase": " when you're doing things"}, {"speaker": "REED", "phrase": " you're thinking more about this back one"}, {"speaker": "REED", "phrase": " and that's the posterior exband"}, {"speaker": "REED", "phrase": " if you want to put it like that"}, {"speaker": "REED", "phrase": " or posterior cruciate we call it."}, {"speaker": "DARR", "phrase": "PAUSE"}, {"speaker": "REED", "phrase": " Uh"}, {"speaker": "REED", "phrase": " seems to be the problem"}, {"speaker": "REED", "phrase": " but it's not uh"}, {"speaker": "REED", "phrase": " I'm not sure you didn't have little bit of that problem before."}, {"speaker": "DARR", "phrase": " It isn't."}, {"speaker": "DARR", "phrase": " All these years since the wreck"}, {"speaker": "DARR", "phrase": " the the leg's never felt"}, {"speaker": "DARR", "phrase": " you know"}, {"speaker": "DARR", "phrase": " like it"}, {"speaker": "DARR", "phrase": " it's never been totally norm al but."}, {"speaker": "REED", "phrase": " Mhm."}, {"speaker": "REED", "phrase": " Mhm."}, {"speaker": "DARR", "phrase": " I just got used to it."}, {"speaker": "REED", "phrase": " Did your knee"}, {"speaker": "REED", "phrase": " did your knee feel like it would..."}, {"speaker": "DARR", "phrase": "PAUSE"}, {"speaker": "DARR", "phrase": " that hurt a bit."}, {"speaker": "REED", "phrase": "PAUSE"}, {"speaker": "REED", "phrase": " Where did that get you"}, {"speaker": "REED", "phrase": " over here ?"}, {"speaker": "DARR", "phrase": " Again yeah."}, {"speaker": "REED", "phrase": " Right."}, {"speaker": "REED", "phrase": " Yeah okay."}, {"speaker": "REED", "phrase": " That's okay."}, {"speaker": "REED", "phrase": " Did your knee feel like it had some play in it"}, {"speaker": "REED", "phrase": " you know"}, {"speaker": "REED", "phrase": " it wasn't real steady."}, {"speaker": "DARR", "phrase": " I don't remember."}, {"speaker": "DARR", "phrase": " That being..."}, {"speaker": "REED", "phrase": " Being complaint while you were doing your martial arts stuff ?"}, {"speaker": "SALL", "phrase": "PAUSE"}, {"speaker": "REED", "phrase": " Still hurt little bit too."}, {"speaker": "DARR", "phrase": " I injured the front of the knees when I was dancing for while"}, {"speaker": "DARR", "phrase": " I was dancing with Kristy Hannah here"}, {"speaker": "DARR", "phrase": " few years ago and."}, {"speaker": "REED", "phrase": " Mhm."}, {"speaker": "DARR", "phrase": " there were some times I came down on it"}, {"speaker": "DARR", "phrase": " and it did some..."}, {"speaker": "REED", "phrase": " ?"}, {"speaker": "DARR", "phrase": " But that was impact injury."}, {"speaker": "REED", "phrase": " Yeah."}, {"speaker": "REED", "phrase": " Right."}, {"speaker": "REED", "phrase": " Let's see how rough that is."}, {"speaker": "REED", "phrase": " Let your knee down."}, {"speaker": "REED", "phrase": " Alright now straighten your knee out."}, {"speaker": "REED", "phrase": " Yeah"}, {"speaker": "REED", "phrase": " you've got little."}, {"speaker": "REED", "phrase": " Put your..."}, {"speaker": "DARR", "phrase": " Yeah."}, {"speaker": "REED", "phrase": " Put your hand."}, {"speaker": "REED", "phrase": " You feel it ?"}, {"speaker": "DARR", "phrase": " Yeah"}, {"speaker": "DARR", "phrase": " it's."}, {"speaker": "REED", "phrase": " But that's pretty typical."}, {"speaker": "REED", "phrase": " How about this one."}, {"speaker": "REED", "phrase": " You got anything over here."}, {"speaker": "DARR", "phrase": " I've got."}, {"speaker": "REED", "phrase": " no that's pretty slick."}, {"speaker": "REED", "phrase": " Just little click over there."}, {"speaker": "DARR", "phrase": " Yeah."}, {"speaker": "REED", "phrase": " Alright ?"}, {"speaker": "REED", "phrase": " Uh"}, {"speaker": "REED", "phrase": " hold your leg real strong there"}, {"speaker": "REED", "phrase": " let me pull on it."}, {"speaker": "REED", "phrase": " And let's see if we got"}, {"speaker": "REED", "phrase": " pretty good muscle there ?"}, {"speaker": "REED", "phrase": " Is that hurting anything ?"}, {"speaker": "DARR", "phrase": " mm."}, {"speaker": "REED", "phrase": " Kay."}, {"speaker": "REED", "phrase": " Alright"}, {"speaker": "REED", "phrase": " well."}, {"speaker": "REED", "phrase": " I think uhm"}, {"speaker": "REED", "phrase": " You know I."}, {"speaker": "REED", "phrase": " I think"}, {"speaker": "REED", "phrase": " probably"}, {"speaker": "REED", "phrase": " it's mostly posterior cruciate"}, {"speaker": "REED", "phrase": " not so much anterior cruciate"}, {"speaker": "REED", "phrase": " which is good"}, {"speaker": "REED", "phrase": " um"}, {"speaker": "REED", "phrase": " the medial collateral ligament"}, {"speaker": "REED", "phrase": " that ligament here is just minimally hurt"}, {"speaker": "REED", "phrase": " uh"}, {"speaker": "REED", "phrase": " I think some of that posterior cruciate was probably already there"}, {"speaker": "REED", "phrase": " and the reason I'm saying that is"}, {"speaker": "REED", "phrase": " because it really doesn't hurt that much when I pull on it."}, {"speaker": "REED", "phrase": " See the."}, {"speaker": "REED", "phrase": " This is the one that pulls on that..."}, {"speaker": "DARR", "phrase": " It feels tight though bit."}, {"speaker": "REED", "phrase": " Mhm."}, {"speaker": "REED", "phrase": " When I push back"}, {"speaker": "REED", "phrase": " I'm pushing on it."}, {"speaker": "REED", "phrase": " That's."}, {"speaker": "REED", "phrase": " And"}, {"speaker": "REED", "phrase": " and that's not bothering you very much."}, {"speaker": "REED", "phrase": " But see this one"}, {"speaker": "REED", "phrase": " has been hurt"}, {"speaker": "REED", "phrase": " and when I pull on this one."}, {"speaker": "DARR", "phrase": " That does hurt."}, {"speaker": "REED", "phrase": " it it hurts."}, {"speaker": "REED", "phrase": " So"}, {"speaker": "REED", "phrase": " I mean"}, {"speaker": "REED", "phrase": " you know"}, {"speaker": "REED", "phrase": " I mean"}, {"speaker": "REED", "phrase": " pretty simple"}, {"speaker": "REED", "phrase": " you know"}, {"speaker": "REED", "phrase": " if if they've been hurt"}, {"speaker": "REED", "phrase": " they gonna hurt when you stretch em."}, {"speaker": "REED", "phrase": " you know"}, {"speaker": "REED", "phrase": " so"}, {"speaker": "REED", "phrase": " that's why I'm thinking that posterior is probably"}, {"speaker": "REED", "phrase": " lot of that's been there"}, {"speaker": "REED", "phrase": " you may have hurt it little bit more"}, {"speaker": "REED", "phrase": " you know"}, {"speaker": "REED", "phrase": " and."}, {"speaker": "REED", "phrase": " So you got this one little bit"}, {"speaker": "REED", "phrase": " and this one little bit"}, {"speaker": "REED", "phrase": " Both ofthemare little"}, {"speaker": "REED", "phrase": " both ofthemcan probably heal up if you letthem"}, {"speaker": "REED", "phrase": " and."}, {"speaker": "DARR", "phrase": " No need for surgery to make it better ?"}, {"speaker": "REED", "phrase": " No."}, {"speaker": "REED", "phrase": " Unhunh."}, {"speaker": "REED", "phrase": " And uh"}, {"speaker": "REED", "phrase": " the"}, {"speaker": "REED", "phrase": " the outcome will probably be"}, {"speaker": "REED", "phrase": " pretty close to what you had before."}, {"speaker": "REED", "phrase": " In other words"}, {"speaker": "REED", "phrase": " I..."}, {"speaker": "DARR", "phrase": " I may have lost bit"}, {"speaker": "DARR", "phrase": " but it's not..."}, {"speaker": "REED", "phrase": " Yeah."}, {"speaker": "REED", "phrase": " I mean"}, {"speaker": "REED", "phrase": " you know"}, {"speaker": "REED", "phrase": " five percent or"}, {"speaker": "REED", "phrase": " something."}, {"speaker": "REED", "phrase": " You know what I mean"}, {"speaker": "REED", "phrase": " you know"}, {"speaker": "REED", "phrase": " I don't know."}, {"speaker": "REED", "phrase": " You know"}, {"speaker": "REED", "phrase": " you'll just have to."}, {"speaker": "REED", "phrase": " Try to have to see how it plays out."}, {"speaker": "REED", "phrase": " But it it's gonna be minimal."}, {"speaker": "REED", "phrase": " And you can."}, {"speaker": "REED", "phrase": " You can overcome that little bit"}, {"speaker": "REED", "phrase": " by getting your muscle in better shape."}, {"speaker": "REED", "phrase": " There are two things that stabilize your knee."}, {"speaker": "REED", "phrase": " This is your knee brace"}, {"speaker": "REED", "phrase": " the big muscle above your knee is the brace for your knee"}, {"speaker": "REED", "phrase": " that's what holds it together when you're doing things."}, {"speaker": "REED", "phrase": " In fact"}, {"speaker": "REED", "phrase": " you know"}, {"speaker": "REED", "phrase": " all the sports players they."}, {"speaker": "REED", "phrase": " Their ligaments have been stretched so much and"}, {"speaker": "REED", "phrase": " repaired"}, {"speaker": "REED", "phrase": " and stretched"}, {"speaker": "REED", "phrase": " and repaired"}, {"speaker": "REED", "phrase": " that they."}, {"speaker": "REED", "phrase": " They're just not much good"}, {"speaker": "REED", "phrase": " and they really have to compensate with their muscle power"}, {"speaker": "REED", "phrase": " is what they do."}, {"speaker": "DARR", "phrase": " They do lot of leg lifts ?"}, {"speaker": "REED", "phrase": " So right."}, {"speaker": "REED", "phrase": " Uh"}, {"speaker": "REED", "phrase": " you know just"}, {"speaker": "REED", "phrase": " just"}, {"speaker": "REED", "phrase": " uh"}, {"speaker": "REED", "phrase": " you can do straight leg lifts"}, {"speaker": "REED", "phrase": " or what we call just those little short extensions"}, {"speaker": "REED", "phrase": " just put bolster under behind your leg right here"}, {"speaker": "REED", "phrase": " extend the last twenty to thirty degrees with weight on your leg"}, {"speaker": "REED", "phrase": " like this"}, {"speaker": "REED", "phrase": " do little short extensions with weight."}, {"speaker": "DARR", "phrase": " Mhm ?"}, {"speaker": "REED", "phrase": " and keep working up on the weight."}, {"speaker": "DARR", "phrase": " Mhm ?"}, {"speaker": "REED", "phrase": " you wanna."}, {"speaker": "REED", "phrase": " You."}, {"speaker": "REED", "phrase": " What you wanna do"}, {"speaker": "REED", "phrase": " and you can just do isometrics"}, {"speaker": "REED", "phrase": " you can just lock your knee real stiff"}, {"speaker": "REED", "phrase": " and just tighten your muscle"}, {"speaker": "REED", "phrase": " hold it tight as you can for three seconds"}, {"speaker": "REED", "phrase": " and then let it rest for three seconds"}, {"speaker": "REED", "phrase": " and then tight for three seconds"}, {"speaker": "REED", "phrase": " and then rest."}, {"speaker": "REED", "phrase": " And you don't have to move it when you do that."}, {"speaker": "REED", "phrase": " Uh"}, {"speaker": "REED", "phrase": " \u0294uh all kinda ways."}, {"speaker": "REED", "phrase": " So just whatever the day will permit"}, {"speaker": "REED", "phrase": " I mean"}, {"speaker": "REED", "phrase": " if you're sitting around"}, {"speaker": "REED", "phrase": " and you got some time to do some isometrics"}, {"speaker": "REED", "phrase": " you can do that"}, {"speaker": "REED", "phrase": " and then when you have other time you can do the weights."}, {"speaker": "REED", "phrase": " But keeping this strong will compensate for your ligaments is the plan."}, {"speaker": "REED", "phrase": " You know so uh"}, {"speaker": "REED", "phrase": " you know"}, {"speaker": "REED", "phrase": " I think"}, {"speaker": "REED", "phrase": " I think you'll find you"}, {"speaker": "REED", "phrase": " you do pretty well."}, {"speaker": "DARR", "phrase": " Do you think I can go back to aikido and stuff ?"}, {"speaker": "REED", "phrase": " Probably"}, {"speaker": "REED", "phrase": " as long as it's not too too violent."}, {"speaker": "REED", "phrase": " You know it's more form and"}, {"speaker": "REED", "phrase": " shape and"}, {"speaker": "REED", "phrase": " stuff or it's"}, {"speaker": "REED", "phrase": " it's not too much contact."}, {"speaker": "DARR", "phrase": " It's about..."}, {"speaker": "REED", "phrase": "PAUSE"}, {"speaker": "DARR", "phrase": " But no it's"}, {"speaker": "DARR", "phrase": " ideally it's about blending."}, {"speaker": "DARR", "phrase": " It's about blending with the attack"}, {"speaker": "DARR", "phrase": " it's not about meeting the force with force so."}, {"speaker": "REED", "phrase": " Okay."}, {"speaker": "DARR", "phrase": " There's lot of rolls."}, {"speaker": "REED", "phrase": " Okay"}, {"speaker": "REED", "phrase": " mm"}, {"speaker": "REED", "phrase": " well"}, {"speaker": "REED", "phrase": " I guess if you got good at at doing it"}, {"speaker": "REED", "phrase": " you know"}, {"speaker": "REED", "phrase": " where you didn't."}, {"speaker": "REED", "phrase": " Wasn't getting yourself in awkward positions"}, {"speaker": "REED", "phrase": " \u0294and you know"}, {"speaker": "REED", "phrase": " getting your knee all twisted up underneath you or something"}, {"speaker": "REED", "phrase": " you know"}, {"speaker": "REED", "phrase": " you could probably handle it okay."}, {"speaker": "REED", "phrase": " I think"}, {"speaker": "REED", "phrase": " I think you'll you'll be able to see for yourself."}, {"speaker": "REED", "phrase": " Because once you get your muscles strong"}, {"speaker": "REED", "phrase": " you get this thing controlling your knee well"}, {"speaker": "REED", "phrase": " you'll see what kind of knee control you have"}, {"speaker": "REED", "phrase": " it'll be pretty obvious to you whether you you have the type of control to do that."}, {"speaker": "DARR", "phrase": " What do you think the lesson should be from this."}, {"speaker": "DARR", "phrase": " I mean"}, {"speaker": "DARR", "phrase": " \u0294uh."}, {"speaker": "DARR", "phrase": " This is the first time I've ever been on skis."}, {"speaker": "DARR", "phrase": " I never did it before my wreck"}, {"speaker": "DARR", "phrase": " so"}, {"speaker": "DARR", "phrase": " I guess the less."}, {"speaker": "DARR", "phrase": " one lesson is I'll probably shouldn't try skiing anymore."}, {"speaker": "REED", "phrase": "PAUSE"}, {"speaker": "DARR", "phrase": " \u0294I \u0294uh..."}, {"speaker": "REED", "phrase": "PAUSE"}, {"speaker": "REED", "phrase": " \u0294uh."}, {"speaker": "REED", "phrase": " You know"}, {"speaker": "REED", "phrase": " if it were me personally"}, {"speaker": "REED", "phrase": " that would probably be the lesson I'd learn from it."}, {"speaker": "DARR", "phrase": " Cause I'm lucky it wasn't worse."}, {"speaker": "DARR", "phrase": " When I..."}, {"speaker": "REED", "phrase": " Right."}, {"speaker": "DARR", "phrase": " It was pretty bad fall."}, {"speaker": "REED", "phrase": " Right."}, {"speaker": "DARR", "phrase": " the."}, {"speaker": "DARR", "phrase": " The incline was about"}, {"speaker": "DARR", "phrase": " I don't know what grade but"}, {"speaker": "DARR", "phrase": " there was turn in the."}, {"speaker": "DARR", "phrase": " It was this was in the woods."}, {"speaker": "REED", "phrase": " Yeah right."}, {"speaker": "DARR", "phrase": " And it was cross country"}, {"speaker": "DARR", "phrase": "PAUSE"}, {"speaker": "REED", "phrase": " Yeah."}, {"speaker": "DARR", "phrase": " So I didn't know what I was doing"}, {"speaker": "DARR", "phrase": " my girlfriend had taught me"}, {"speaker": "DARR", "phrase": " I had been skiing for two and half hours"}, {"speaker": "DARR", "phrase": " I was tired."}, {"speaker": "REED", "phrase": "PAUSE"}, {"speaker": "DARR", "phrase": " and we were getting close to getting back"}, {"speaker": "DARR", "phrase": " and I got \u0294uh carried away."}, {"speaker": "DARR", "phrase": " She showed me how when you're."}, {"speaker": "DARR", "phrase": " In cross country"}, {"speaker": "DARR", "phrase": " when you're about to fall"}, {"speaker": "DARR", "phrase": " you just sit down."}, {"speaker": "REED", "phrase": " Oh."}, {"speaker": "REED", "phrase": " Okay."}, {"speaker": "DARR", "phrase": " But I didn't do it right."}, {"speaker": "DARR", "phrase": " So"}, {"speaker": "DARR", "phrase": " there was turn and then"}, {"speaker": "DARR", "phrase": " I."}, {"speaker": "DARR", "phrase": " And the skis don't snap off of course."}, {"speaker": "REED", "phrase": " Oh."}, {"speaker": "REED", "phrase": " I know."}, {"speaker": "DARR", "phrase": " And so"}, {"speaker": "DARR", "phrase": " it stuck"}, {"speaker": "DARR", "phrase": " and I kept twisting."}, {"speaker": "REED", "phrase": " You..."}, {"speaker": "DARR", "phrase": " and the knee took all the torque."}, {"speaker": "REED", "phrase": " \u0294Oh."}, {"speaker": "DARR", "phrase": " And I didn't know what I'd done."}, {"speaker": "DARR", "phrase": " I screamed and"}, {"speaker": "DARR", "phrase": " she helped me"}, {"speaker": "DARR", "phrase": " and I manage to somehow"}, {"speaker": "DARR", "phrase": " I don't know \u0294uh."}, {"speaker": "DARR", "phrase": " somehow managed to get up and"}, {"speaker": "DARR", "phrase": " hobble on the ski pole"}, {"speaker": "DARR", "phrase": " all the way back to the cabin."}, {"speaker": "REED", "phrase": " Oh my God."}, {"speaker": "DARR", "phrase": " and then we had to call the uh"}, {"speaker": "DARR", "phrase": " the ambulance to take us sixty kilometers to Oreille"}, {"speaker": "DARR", "phrase": " which is ski resort."}, {"speaker": "REED", "phrase": " Geez."}, {"speaker": "DARR", "phrase": " We were in the middle of nowhere."}, {"speaker": "DARR", "phrase": "PAUSE"}, {"speaker": "REED", "phrase": " Hunh."}, {"speaker": "DARR", "phrase": " I'm little."}, {"speaker": "DARR", "phrase": " \u0294I I think it's been three weeks now"}, {"speaker": "DARR", "phrase": " I."}, {"speaker": "DARR", "phrase": " I was hoping that"}, {"speaker": "DARR", "phrase": " you know"}, {"speaker": "DARR", "phrase": " you told me or"}, {"speaker": "DARR", "phrase": " doctor Smith told me that you know"}, {"speaker": "DARR", "phrase": " with chronic osteo it could come back from impact"}, {"speaker": "DARR", "phrase": " and I was."}, {"speaker": "DARR", "phrase": " And I really hope this is not the time"}, {"speaker": "DARR", "phrase": " you know"}, {"speaker": "DARR", "phrase": " I've made it how many..."}, {"speaker": "REED", "phrase": " Ah that's unlikely."}, {"speaker": "DARR", "phrase": " I've."}, {"speaker": "DARR", "phrase": " I have not spiked any fever or"}, {"speaker": "DARR", "phrase": " or seen any signs of."}, {"speaker": "REED", "phrase": " Yeah."}, {"speaker": "REED", "phrase": " No it's"}, {"speaker": "REED", "phrase": " it looks pretty good."}, {"speaker": "DARR", "phrase": " I think I may have gotten lucky."}, {"speaker": "REED", "phrase": " Yeah"}, {"speaker": "REED", "phrase": " if it's not hurting up there"}, {"speaker": "REED", "phrase": " the pain would be probably your first warning sign."}, {"speaker": "REED", "phrase": " And you know."}, {"speaker": "DARR", "phrase": " If that ever happened."}, {"speaker": "REED", "phrase": " Right."}, {"speaker": "REED", "phrase": " You could start feeling some change in the the status quo"}, {"speaker": "REED", "phrase": " you know ?"}, {"speaker": "REED", "phrase": " Changes."}, {"speaker": "DARR", "phrase": " I still feel..."}, {"speaker": "REED", "phrase": " Yeah."}, {"speaker": "DARR", "phrase": " It feels b pretty much like the other leg."}, {"speaker": "DARR", "phrase": " I mean."}, {"speaker": "REED", "phrase": " Good."}, {"speaker": "REED", "phrase": " That's great."}, {"speaker": "REED", "phrase": " Wonderful."}, {"speaker": "DARR", "phrase": " Solid."}, {"speaker": "REED", "phrase": " Great."}, {"speaker": "DARR", "phrase": " Well."}, {"speaker": "REED", "phrase": " Love it."}, {"speaker": "REED", "phrase": " Well I'm glad you didn't hurt yourself"}, {"speaker": "REED", "phrase": " it's cheap lesson."}, {"speaker": "REED", "phrase": " Right ?"}, {"speaker": "DARR", "phrase": " That's right laugh."}, {"speaker": "REED", "phrase": "PAUSE"}, {"speaker": "SALL", "phrase": "PAUSE"}, {"speaker": "DARR", "phrase": "PAUSE"}, {"speaker": "DARR", "phrase": " I'd say so."}, {"speaker": "REED", "phrase": " Yeah"}, {"speaker": "REED", "phrase": " I."}, {"speaker": "REED", "phrase": " I was out."}, {"speaker": "REED", "phrase": " We were out"}, {"speaker": "REED", "phrase": " and the kids were skiing"}, {"speaker": "REED", "phrase": " you know"}, {"speaker": "REED", "phrase": " and I was watchingthemgo down"}, {"speaker": "REED", "phrase": " and I was thinking"}, {"speaker": "REED", "phrase": " God that would sure be fun."}, {"speaker": "REED", "phrase": " You know ?"}, {"speaker": "REED", "phrase": " And then"}, {"speaker": "REED", "phrase": " just barely my common sense won out"}, {"speaker": "REED", "phrase": " and I decided not to do it"}, {"speaker": "REED", "phrase": " but you know I've had two discs taken out of my back"}, {"speaker": "REED", "phrase": " my neck fused for bad disc"}, {"speaker": "REED", "phrase": " I don't need to go flumpitybump down the hill."}, {"speaker": "REED", "phrase": " You know"}, {"speaker": "REED", "phrase": " I don't need any of that"}, {"speaker": "REED", "phrase": " so"}, {"speaker": "REED", "phrase": " you just have to"}, {"speaker": "REED", "phrase": "PAUSE"}, {"speaker": "REED", "phrase": " have to kind of draw few lines."}, {"speaker": "DARR", "phrase": " Mm."}, {"speaker": "REED", "phrase": " but I came close to."}, {"speaker": "DARR", "phrase": " It's tempting."}, {"speaker": "REED", "phrase": " to trying it"}, {"speaker": "REED", "phrase": " it's tempting."}, {"speaker": "REED", "phrase": " It's very tempting."}, {"speaker": "DARR", "phrase": " It was fun"}, {"speaker": "DARR", "phrase": " I can tell you"}, {"speaker": "DARR", "phrase": " till I fell..."}, {"speaker": "REED", "phrase": " Oh God."}, {"speaker": "REED", "phrase": " It's."}, {"speaker": "REED", "phrase": " It's just great."}, {"speaker": "REED", "phrase": " You know"}, {"speaker": "REED", "phrase": " but"}, {"speaker": "REED", "phrase": " then I'd have to pay for it for the rest of my life"}, {"speaker": "REED", "phrase": " but I didn't know whether I wanted to do that."}, {"speaker": "DARR", "phrase": " Not fair trade."}, {"speaker": "REED", "phrase": "PAUSE"}, {"speaker": "REED", "phrase": " Not fair tr ade."}, {"speaker": "SALL", "phrase": " No laugh."}, {"speaker": "DARR", "phrase": " I wouldn't do it."}, {"speaker": "REED", "phrase": " Ch."}, {"speaker": "DARR", "phrase": " that's bad odds."}, {"speaker": "REED", "phrase": " Good to see you."}, {"speaker": "REED", "phrase": " Come see me."}, {"speaker": "REED", "phrase": " You know whenever you're in town ?"}, {"speaker": "DARR", "phrase": " I will."}, {"speaker": "REED", "phrase": " And uh"}, {"speaker": "REED", "phrase": " let me know what you get into"}, {"speaker": "REED", "phrase": " I'm sure it'll be something fun."}, {"speaker": "DARR", "phrase": " I hope so."}, {"speaker": "REED", "phrase": " I think it will."}, {"speaker": "REED", "phrase": " See you."}, {"speaker": "DARR", "phrase": "Bye-bye."}, {"speaker": "REED", "phrase": " Okay."}, {"speaker": "SALL", "phrase": " Okay ?"}, {"speaker": "SALL", "phrase": " Just let us know"}, {"speaker": "SALL", "phrase": " if you need anything."}, {"speaker": "DARR", "phrase": " Okay."}, {"speaker": "SALL", "phrase": " Okay ?"}]}